source_center,destination_center,source_name,destination_name,median_factor,total_trips,median_osrm_dist_km,pct_delayed,is_sparse,is_chronically_delayed
IND271001AAA,IND271210AAA,Gonda_KotwaliN_D (Uttar Pradesh),Tulsipur_Central_DPP_1 (Uttar Pradesh),50.72,1,70.69439999999999,1.0,True,True
IND631501AAA,IND600056AAB,Kanchipuram_DC (Tamil Nadu),MAA_Poonamallee_HB (Tamil Nadu),48.5,1,44.9726,1.0,True,True
IND208012AAA,IND209304AAA,Kanpur_Central_D_7 (Uttar Pradesh),Kanpur_Central_H_6 (Uttar Pradesh),41.5,13,18.1243,1.0,False,True
IND785634AAA,IND785001AAA,Mariani_Mainroad_D (Assam),Jorhat_RicMilRd_D (Assam),31.2,3,19.7611,1.0,True,True
IND212402AAA,IND211002AAB,Phulpur_Shekhpur_D (Uttar Pradesh),Allahabad_Central_H_1 (Uttar Pradesh),29.13888888888889,13,48.8429,1.0,False,True
IND792121AAB,IND786181AAC,Jairampur_Mdiclcly_D (Arunachal Pradesh),Margherita_CivilHPL_D (Assam),28.90322580645161,11,42.0052,1.0,False,True
IND221313AAA,IND232101AAB,Varanasi_Central_H_4 (Uttar Pradesh),MughalSarai_Central_D_2 (Uttar Pradesh),28.72727272727273,3,29.6438,1.0,True,True
IND221010AAB,IND232101AAB,Varanasi_MahmurGj_IP (Uttar Pradesh),MughalSarai_Central_D_2 (Uttar Pradesh),27.0,1,25.0859,1.0,True,True
IND416606AAA,IND416510AAA,Malvan_BllvMarg_D (Maharashtra),Sawantwadi_LaxmiNgr_D (Maharashtra),26.88091787439613,10,47.279250000000005,1.0,False,True
IND802212AAA,IND821115AAB,Bikramgang_Dehrird_D (Bihar),Sasaram_Central_I_2 (Bihar),23.73809523809524,7,44.7679,1.0,False,True
IND842003AAB,IND482002AAA,Jabalpur_Adhartal_IP (Madhya Pradesh),Jabalpur (Madhya Pradesh),23.1875,4,10.4497,1.0,True,True
IND518002AAA,IND518206AAA,Kurnool_AbbasNgr_I (Andhra Pradesh),Betamcherla_CmtNgRod_D (Andhra Pradesh),22.56,1,57.683800000000005,1.0,True,True
IND424304AAC,IND424006AAA,Sakri_DhuleRoad_D (Maharashtra),Dhule_MIDCAvdn_I (Maharashtra),22.313662790697673,2,56.7526,1.0,True,True
IND425405AAA,IND424006AAA,Shirpur_KrantiNgr_D (Maharashtra),Dhule_MIDCAvdn_I (Maharashtra),21.232475598935224,14,64.5275,1.0,False,True
IND209801AAA,IND209304AAA,Unnao_VikasRam_D (Uttar Pradesh),Kanpur_Central_H_6 (Uttar Pradesh),20.75757575757576,5,46.0073,1.0,False,True
IND722140AAA,IND723130AAA,Khatra_KoralDPP_D (West Bengal),Hura_Central_D_1 (West Bengal),19.130434782608692,1,77.2476,1.0,True,True
IND121002AAA,IND121004AAB,Faridabad_Old (Haryana),FBD_Balabhgarh_DPC (Haryana),19.08333333333333,1,11.2338,1.0,True,True
IND221313AAA,IND222136AAA,Varanasi_Central_H_4 (Uttar Pradesh),Jalalpur_Mhimapur_D (Uttar Pradesh),18.35,1,56.2867,1.0,True,True
IND208017AAA,IND209304AAA,Kanpur_Central_D_5 (Uttar Pradesh),Kanpur_Central_H_6 (Uttar Pradesh),16.947916666666664,6,13.82065,1.0,False,True
IND221313AAA,IND221401AAA,Varanasi_Central_H_4 (Uttar Pradesh),Bhadohi_Rajpura_D (Uttar Pradesh),16.714285714285715,1,47.8665,1.0,True,True
IND283122AAB,IND282005AAA,Kirauli_AchneraRD_D (Uttar Pradesh),Agra (Uttar Pradesh),16.708333333333332,3,27.7435,1.0,True,True
IND482002AAA,IND842003AAB,Jabalpur (Madhya Pradesh),Jabalpur_Adhartal_IP (Madhya Pradesh),15.75,1,10.4909,1.0,True,True
IND151103AAA,IND151001AAA,RampuraPhul_DC (Punjab),Bhatinda_DPC (Punjab),15.672364672364672,2,28.80985,1.0,True,True
IND743270AAA,IND712311AAA,Helencha_ColnyDPP_D (West Bengal),Kolkata_Dankuni_HB (West Bengal),15.35135135135135,5,98.5604,1.0,False,True
IND741201AAC,IND712311AAA,Ranaghat_ArickDPP_D (West Bengal),Kolkata_Dankuni_HB (West Bengal),15.271929824561402,4,80.20495,1.0,True,True
IND785112AAC,IND785001AAA,Teok_Wardno3_D (Assam),Jorhat_RicMilRd_D (Assam),15.085526315789474,2,28.3002,1.0,True,True
IND722151AAA,IND723130AAA,Simlapal_Central_D_1 (West Bengal),Hura_Central_D_1 (West Bengal),15.060049019607842,8,89.35215,1.0,False,True
IND493445AAB,IND490023AAA,Mahasamund_RajpurRD_D (Chhattisgarh),Durg_Bhilai_DC (Chhattisgarh),14.40983606557377,1,86.438,1.0,True,True
IND485001AAC,IND486001AAA,Satna_Central_I_2 (Madhya Pradesh),Rewa_Dc (Madhya Pradesh),14.061764705882354,2,46.0454,1.0,True,True
IND425412AAA,IND424006AAA,Nandurbar_DhuleRd_D (Maharashtra),Dhule_MIDCAvdn_I (Maharashtra),13.835443037974684,1,109.1615,1.0,True,True
IND403401AAA,IND403726AAB,Goa_Ponda_Dc (Goa),Goa_ZuariNgr_IP (Goa),13.370370370370372,3,24.8751,1.0,True,True
IND134109AAA,IND160002AAC,Chandigarh_Panchkula (Chandigarh),Chandigarh_Mehmdpur_H (Punjab),12.83783783783784,15,43.66,1.0,False,True
IND425409AAA,IND424006AAA,Shahada_Nandrbar_D (Maharashtra),Dhule_MIDCAvdn_I (Maharashtra),12.08108108108108,1,94.5602,1.0,True,True
IND788713AAA,IND788026AAC,Karimganj_Alngjuri_D (Assam),Silchar_Sirikona_H (Assam),12.033333333333331,1,43.217,1.0,True,True
IND844505AAB,IND842001AAA,HazratJandaha_HajiprRD_D (Bihar),Muzaffrpur_Bbganj_I (Bihar),11.778846153846152,14,73.67435,1.0,False,True
IND201306AAA,IND201304AAA,Noida_Surajpur_DC (Uttar Pradesh),Noida_Sec-83_DC (Uttar Pradesh),11.6,1,13.3995,1.0,True,True
IND302026AAA,IND302014AAB,Jaipur_Bhankrot_DC (Rajasthan),Jaipur_Central_I_7 (Rajasthan),11.5,3,22.1193,1.0,True,True
IND208019AAA,IND209304AAA,Kanpur_Rawatpur_D (Uttar Pradesh),Kanpur_Central_H_6 (Uttar Pradesh),11.284926470588237,6,16.37985,1.0,False,True
IND221010AAB,IND233001AAA,Varanasi_MahmurGj_IP (Uttar Pradesh),Ghazipur_Kaithwal_D (Uttar Pradesh),11.214285714285714,3,78.42460000000001,1.0,True,True
IND695101AAB,IND695012AAA,Attingal_Central_D_2 (Kerala),Trivandrum_Mnanthla_H (Kerala),10.73076923076923,1,28.1568,1.0,True,True
IND424201AAA,IND424006AAA,Pachora_PcrrdDPP_D (Maharashtra),Dhule_MIDCAvdn_I (Maharashtra),10.552238805970148,1,85.721,1.0,True,True
IND847223AAA,IND842001AAA,Benipatti_WardNo1_D (Bihar),Muzaffrpur_Bbganj_I (Bihar),10.296875,15,85.8712,1.0,False,True
IND742102AAB,IND742121AAB,Berhampore_Central_I_2 (West Bengal),Nowda_ArhamDPP_D (West Bengal),10.243243243243244,1,41.0415,1.0,True,True
IND395001AAA,IND395023AAD,Surat_Central_D_9 (Gujarat),Surat_Central_I_4 (Gujarat),10.142857142857142,14,14.47755,1.0,False,True
IND751002AAB,IND754103AAA,Bhubaneshwar_Hub (Orissa),Jagatsghpr_Markndpr_D (Orissa),10.121951219512194,7,58.5252,1.0,False,True
IND221313AAA,IND276128AAA,Varanasi_Central_H_4 (Uttar Pradesh),Azamgarh_ChtwrDPP_D (Uttar Pradesh),10.120923306031273,2,109.2236,1.0,True,True
IND395006AAA,IND395023AAD,Surat_Varachha_DC (Gujarat),Surat_Central_I_4 (Gujarat),9.733333333333333,3,14.9404,1.0,True,True
IND395009AAA,IND395023AAD,Surat_Central_D_12 (Gujarat),Surat_Central_I_4 (Gujarat),9.583333333333332,16,17.523899999999998,1.0,False,True
IND211008AAA,IND211002AAB,Allahabad_Central_D_3 (Uttar Pradesh),Allahabad_Central_H_1 (Uttar Pradesh),9.28125,6,22.83415,1.0,False,True
IND828111AAA,IND826004AAA,Dhanbad_Jharia_DC (Jharkhand),Dhanbad_Kalynpur_I (Jharkhand),9.25,9,13.8589,1.0,False,True
IND400072AAJ,IND400037AAA,Mumbai_Tejpal_I (Maharashtra),Mumbai Antop Hill (Maharashtra),9.0,2,13.96195,1.0,True,True
IND847226AAA,IND842001AAA,Jaynagar_Wardno6_D (Bihar),Muzaffrpur_Bbganj_I (Bihar),8.976190476190476,21,118.7312,1.0,False,True
IND305901AAA,IND305624AAA,Beawar_DC (Rajasthan),Bijainagar_Central_DPP_1 (Rajasthan),8.933333333333334,1,49.6392,1.0,True,True
IND501401AAC,IND500010AAA,Medchal_MROoffce_D (Telangana),Hyderabad_Alwal_I (Telangana),8.904166666666667,14,14.09615,1.0,False,True
IND110037AAM,IND250002AAC,Delhi_Airport_H (Delhi),,8.724184782608695,2,90.25325000000001,0.5,True,True
IND531001AAA,IND530012AAA,Anakapalle_Kothuru_D (Andhra Pradesh),Visakhapatnam_Gajuwaka_IP (Andhra Pradesh),8.636363636363637,1,24.7421,1.0,True,True
IND521165AAA,IND521225AAB,Vuyyuru_BhogdDPP_D (Andhra Pradesh),Vijayawada_Rynapadu_H (Andhra Pradesh),8.615384615384615,3,34.3613,1.0,True,True
IND571213AAA,IND570020AAA,Gonikoppal_Thomas_D (Karnataka),Mysore_Yadvgiri_IP (Karnataka),8.47887323943662,1,85.0601,1.0,True,True
IND847404AAB,IND842001AAA,Jhanjharpur_Nagar_D (Bihar),Muzaffrpur_Bbganj_I (Bihar),8.433677098150781,18,107.82525,1.0,False,True
IND147105AAA,IND160002AAC,Patran_MheshNGR_D (Punjab),Chandigarh_Mehmdpur_H (Punjab),8.411764705882353,7,105.6492,1.0,False,True
IND411014AAA,IND411048AAA,PNQ Vadgaon Sheri DPC (Maharashtra),Pune_East_D_8 (Maharashtra),8.242857142857144,6,14.0083,1.0,False,True
IND571105AAA,IND571114AAA,Hunsur_RatnaDPP_D (Karnataka),HDKote_BegurRD_D (Karnataka),8.208333333333334,1,26.2458,1.0,True,True
IND401209AAB,IND401104AAA,Mumbai_Vasai_CP (Maharashtra),Mumbai_MiraRd_IP (Maharashtra),8.142857142857142,12,25.748649999999998,1.0,False,True
IND431131AAB,IND431603AAA,Majalgaon_SmbjiCwk_D (Maharashtra),Nanded_Aswningr_I (Maharashtra),8.135135135135135,1,156.47979999999998,1.0,True,True
IND207123AAA,IND202001AAB,Kasganj_BnkrGate_D (Uttar Pradesh),Aligarh_KhirByps_I (Uttar Pradesh),8.098039215686274,1,70.0116,1.0,True,True
IND673027AAB,IND673305AAA,Kozhikode_Feroke_H (Kerala),Koyilandy_Pshrikvu_D (Kerala),8.04849688031764,2,40.3536,1.0,True,True
IND671315AAA,IND575004AAB,Kanhangad_Arangadi_D (Kerala),Mangalore_Kuntikna_H (Karnataka),8.01923076923077,2,80.5539,1.0,True,True
IND431717AAA,IND431603AAA,Degloor_Busstand_D (Maharashtra),Nanded_Aswningr_I (Maharashtra),7.953918722786647,2,75.12604999999999,1.0,True,True
IND125001AAA,IND335501AAA,Hisar_ModelTwn_P (Haryana),Bhadra_GMndiDPP_D (Rajasthan),7.949367088607595,1,83.99119999999999,1.0,True,True
IND208006AAA,IND209304AAA,Kanpur_GovndNgr_DC (Uttar Pradesh),Kanpur_Central_H_6 (Uttar Pradesh),7.916666666666667,3,30.0545,1.0,True,True
IND721102AAA,IND712311AAA,Midnapore_Talkui_D (West Bengal),Kolkata_Dankuni_HB (West Bengal),7.9,13,125.3268,1.0,False,True
IND204101AAA,IND282002AAD,Hathras (Uttar Pradesh),,7.888719512195122,2,47.82815000000001,1.0,True,True
IND249201AAA,IND249407AAA,Rishikesh_DC (Uttarakhand),Haridwar (Uttarakhand),7.880000000000001,17,21.7934,1.0,False,True
IND521225AAB,IND521165AAA,Vijayawada_Rynapadu_H (Andhra Pradesh),Vuyyuru_BhogdDPP_D (Andhra Pradesh),7.551724137931035,1,38.4822,1.0,True,True
IND700053AAA,IND712311AAA,CCU_New Alipore_DPC (West Bengal),Kolkata_Dankuni_HB (West Bengal),7.5264367816091955,6,29.081049999999998,1.0,False,True
IND713205AAB,IND712311AAA,Durgapur_Central_I_1 (West Bengal),Kolkata_Dankuni_HB (West Bengal),7.5160826594788865,12,148.60935,1.0,False,True
IND262405AAA,IND263153AAB,Sitarganj_SidculRd_D (Uttarakhand),Rudrapur_UdhamNgr_H (Uttarakhand),7.487804878048781,2,41.5601,1.0,True,True
IND764071AAB,IND530012AAA,Pappadahandi_Central_DPP_2 (Orissa),Visakhapatnam_Gajuwaka_IP (Andhra Pradesh),7.483768328772001,2,293.55954999999994,1.0,True,True
IND401602AAA,IND401501AAA,Dahanu_KetyDPP_D (Maharashtra),Boisar_OstwlEmp_D (Maharashtra),7.3076923076923075,17,28.2964,1.0,False,True
IND321606AAA,IND301001AAB,Kherli_GodamDPP_D (Rajasthan),Alwar_Central_I_1 (Rajasthan),7.297101449275362,6,77.83895000000001,1.0,False,True
IND175015AAA,IND174001AAA,JognderNgr_Dhelu_D (Himachal Pradesh),BilaspurHP_Indsarea_D (Himachal Pradesh),7.263157894736842,13,121.195,1.0,False,True
IND485001AAC,IND486771AAA,Satna_Central_I_2 (Madhya Pradesh),Churhat_Central_DPP_1 (Madhya Pradesh),7.209876543209876,5,104.8851,1.0,False,True
IND829121AAA,IND834002AAB,Peterbar_GagiDPP_D (Jharkhand),Ranchi_Hub (Jharkhand),7.175265535921273,11,84.9905,1.0,False,True
IND784001AAA,IND784101AAA,Tezpur_Mhbhirab_D (Assam),Balipara_EragnDPP_D (Assam),7.125,1,21.655,1.0,True,True
IND562125AAA,IND000000ACS,Bengaluru_Sarjapur_D (Karnataka),BLR_HSR_Layout_PC (Karnataka),7.125,1,16.7946,1.0,True,True
IND518002AAA,IND509103AAB,Kurnool_AbbasNgr_I (Andhra Pradesh),Wanaparthy_VallaDPP_D (Telangana),7.120689655172414,2,76.32075,1.0,True,True
IND147001AAB,IND160002AAC,Patiala (Punjab),Chandigarh_Mehmdpur_H (Punjab),7.090909090909091,7,45.262800000000006,1.0,False,True
IND311302AAA,IND305624AAA,Badnaur_BhmrdDPP_D (Rajasthan),Bijainagar_Central_DPP_1 (Rajasthan),7.090909090909091,3,46.4767,1.0,True,True
IND790001AAB,IND784001AAA,Bomdila_CTRoad_D (Arunachal Pradesh),Tezpur_Mhbhirab_D (Assam),7.05,1,153.8969,1.0,True,True
IND147101AAA,IND160002AAC,Samana_PODPP_D (Punjab),Chandigarh_Mehmdpur_H (Punjab),7.017241379310345,1,76.0523,1.0,True,True
IND000000ABG,IND501359AAF,Hyderabad_Bownplly_C (Telangana),Hyderabad_Shamshbd_P (Telangana),7.0,11,32.6832,1.0,False,True
IND395004AAB,IND395023AAD,Surat_Central_D_3 (Gujarat),Surat_Central_I_4 (Gujarat),6.764705882352941,4,17.34105,1.0,True,True
IND401209AAA,IND401104AAA,Mumbai_Virar_DC (Maharashtra),Mumbai_MiraRd_IP (Maharashtra),6.727272727272728,23,26.6274,1.0,False,True
IND462021AAA,IND462001AAA,Bhopal_Indrapri_DC (Madhya Pradesh),Bhopal_Old City (Madhya Pradesh),6.727272727272728,1,11.7024,1.0,True,True
IND842001AAA,IND843320AAA,Muzaffrpur_Bbganj_I (Bihar),Pupri_SngihiRD_D (Bihar),6.521739130434782,1,65.86930000000001,1.0,True,True
IND370001AAA,IND370201AAA,Bhuj_DC (Gujarat),Gandhidham_Sector1A_IP (Gujarat),6.477272727272728,1,53.6104,1.0,True,True
IND621112AAA,IND620012AAA,Tiruchi_Samyaprm_D (Tamil Nadu),Tiruchi_Manikndm_H (Tamil Nadu),6.458333333333333,1,22.6467,1.0,True,True
IND221313AAA,IND221010AAA,Varanasi_Central_H_4 (Uttar Pradesh),Varanasi (Uttar Pradesh),6.375,1,11.7824,1.0,True,True
IND854311AAA,IND854326AAB,Araria_Wardn13_D (Bihar),Purnia_Central_H_2 (Bihar),6.34375,1,45.026,1.0,True,True
IND251201AAA,IND131028AAB,Khatauli_TilakNgr_D (Uttar Pradesh),Sonipat_Kundli_H (Haryana),6.303030303030303,1,119.8797,1.0,True,True
IND443201AAA,IND000000AAZ,Chikhli_KKndrDPP_D (Maharashtra),Buldhana_Thsil3PL_D (Maharashtra),6.25,1,23.79,1.0,True,True
IND523201AAA,IND523002AAA,Addanki_Oilmilrd_D (Andhra Pradesh),Ongole_SubhVRTL_I (Andhra Pradesh),6.242456896551724,2,37.216300000000004,1.0,True,True
IND242001AAA,IND242307AAB,Shahjhnpur_NavdaCln_D (Uttar Pradesh),Tilhar_SingCLNY_D (Uttar Pradesh),6.230769230769231,1,19.7927,1.0,True,True
IND321001AAA,IND301001AAB,Bharatpur_DC (Rajasthan),Alwar_Central_I_1 (Rajasthan),6.206185567010309,3,103.8328,1.0,True,True
IND000000AFT,IND410206AAA,Mumbai_Sanpada_I (Maharashtra),Jasai_JNPT_D (Maharashtra),6.187179487179487,2,18.41255,1.0,True,True
IND176310AAA,IND145001AAA,Chamba_Bangotu_D (Himachal Pradesh),Pathankot_DC (Punjab),6.177514792899408,13,124.2269,1.0,False,True
IND563101AAB,IND560300AAB,Kolar_Ambedkar_D (Karnataka),Bangalore_East_I_20 (Karnataka),6.163636363636364,1,63.8641,1.0,True,True
IND686028AAB,IND686632AAA,Kottayam_Central_H_1 (Kerala),Kothanalloor_Majoor_D (Kerala),6.095238095238095,1,21.2599,1.0,True,True
IND000000AAQ,IND700028AAB,Barasat_KrshnNgr_D (West Bengal),CCU_DumDum_DPC (West Bengal),6.071428571428571,2,13.90065,1.0,True,True
IND370615AAB,IND370001AAA,Nakhatrana_ClgRDDPP_D (Gujarat),Bhuj_DC (Gujarat),6.0625,3,50.003800000000005,1.0,True,True
IND000000AAZ,IND444203AAA,Buldhana_Thsil3PL_D (Maharashtra),Shegaon_SChwkDPP_D (Maharashtra),6.020833333333333,1,67.4982,1.0,True,True
IND600032AAB,IND600008AAC,Chennai_Hub (Tamil Nadu),Chennai_Egmore_DPC (Tamil Nadu),6.0,1,10.0476,1.0,True,True
IND530043AAA,IND530012AAA,Visakhapatnam_VislkNgr_DC (Andhra Pradesh),Visakhapatnam_Gajuwaka_IP (Andhra Pradesh),5.9523809523809526,1,24.6676,1.0,True,True
IND342301AAA,IND342005AAD,Phalodi_PalikDPP_D (Rajasthan),Jodhpur_Basni_I (Rajasthan),5.859375,14,163.3495,1.0,False,True
IND370001AAA,IND370110AAA,Bhuj_DC (Gujarat),Anjar_DC (Gujarat),5.838709677419355,4,40.4539,1.0,True,True
IND845305AAA,IND842001AAA,Raxaul_KairiyaT_D (Bihar),Muzaffrpur_Bbganj_I (Bihar),5.838541666666666,20,136.0401,1.0,False,True
IND144001AAB,IND160002AAC,Jalandhar_DPC (Punjab),Chandigarh_Mehmdpur_H (Punjab),5.810344827586207,1,162.17829999999998,1.0,True,True
IND321408AAB,IND301001AAB,Weir_BsstdDPP_D (Rajasthan),Alwar_Central_I_1 (Rajasthan),5.758241758241758,1,114.2395,1.0,True,True
IND302020AAA,IND302014AAB,Jaipur_VarunCly_DC (Rajasthan),Jaipur_Central_I_7 (Rajasthan),5.75,19,12.4656,1.0,False,True
IND274001AAA,IND273014AAB,Deoria_CCRoad_D (Uttar Pradesh),Gorakhpur_Matriprm_IP (Uttar Pradesh),5.642857142857143,1,58.3432,1.0,True,True
IND131028AAB,IND250002AAC,Sonipat_Kundli_H (Haryana),,5.625,1,89.7878,1.0,True,True
IND713205AAB,IND722101AAB,Durgapur_Central_I_1 (West Bengal),Bankura_NapitDPP_D (West Bengal),5.62,1,52.231300000000005,1.0,True,True
IND852201AAA,IND854326AAB,Saharsa_Gangjala_D (Bihar),Purnia_Central_H_2 (Bihar),5.6125,1,109.2664,1.0,True,True
IND573116AAA,IND571426AAA,Channaraya_patna_D (Karnataka),Krishnarajpet_MuruPost_D (Karnataka),5.586206896551724,1,32.2457,1.0,True,True
IND500050AAA,IND501218AAC,Patancheru_Ameenpur_I (Telangana),Shamshabad_Lngrguda_D (Telangana),5.566666666666666,5,33.2229,1.0,False,True
IND700136AAB,IND712311AAA,CCU_Hub (West Bengal),Kolkata_Dankuni_HB (West Bengal),5.535714285714286,1,29.8727,1.0,True,True
IND673027AAB,IND673104AAA,Kozhikode_Feroke_H (Kerala),Vadakara_Mandodi_D (Kerala),5.523076923076923,1,61.9803,1.0,True,True
IND331701AAA,IND125001AAA,Sidhmukh_MnbzrDPP_D (Rajasthan),Hisar_ModelTwn_P (Haryana),5.484375,2,69.5001,1.0,True,True
IND700065AAB,IND712310AAA,CCU_Beleghta_CP (West Bengal),Kolkata_Dankuni_P (West Bengal),5.416666666666667,15,22.3084,1.0,False,True
IND390020AAA,IND390022AAA,Vadodara (Gujarat),Vadodara_Karelibaug_DPC (Gujarat),5.4071428571428575,2,12.5421,1.0,True,True
IND110037AAM,IND110064AAA,Delhi_Airport_H (Delhi),Delhi_Mayapuri_PC (Delhi),5.39375,2,14.17905,1.0,True,True
IND410501AAF,IND411033AAA,Talegaon_Central_DPP_4 (Maharashtra),Pune_Tathawde_H (Maharashtra),5.390476190476191,4,16.92465,1.0,True,True
IND201007AAA,IND201007AAB,GZB_Mohan_Nagar_DPC (Uttar Pradesh),Ghaziabad_MohanNgr_C (Uttar Pradesh),5.368421052631579,1,13.7023,1.0,True,True
IND732139AAA,IND732103AAB,Samsi_RatuaDPP_D (West Bengal),Malda_Central_I_3 (West Bengal),5.346938775510204,1,48.7287,1.0,True,True
IND700026AAC,IND712311AAA,CCU_Lake Avenue_DPC (West Bengal),Kolkata_Dankuni_HB (West Bengal),5.344771241830065,4,33.95815,1.0,True,True
IND131028AAB,IND132103AAA,Sonipat_Kundli_H (Haryana),Panipat (Haryana),5.326923076923077,2,59.6565,1.0,True,True
IND244901AAB,IND243503AAB,Rampur_RoshnBgh_I (Uttar Pradesh),Faridpur_ShjnprRD_D (Uttar Pradesh),5.307692307692308,1,93.314,1.0,True,True
IND485771AAA,IND486771AAA,Maihar_MngalDPP_D (Madhya Pradesh),Churhat_Central_DPP_1 (Madhya Pradesh),5.285714285714286,1,124.0555,1.0,True,True
IND411033AAB,IND411057AAF,Pune_Chinchwad DC (Maharashtra),Pune_East_D_7 (Maharashtra),5.266666666666667,1,13.4217,1.0,True,True
IND201301AAD,IND110037AAM,NOI_RPC (Delhi),Delhi_Airport_H (Delhi),5.252123552123551,2,35.39905,1.0,True,True
IND712311AAA,IND712410AAC,Kolkata_Dankuni_HB (West Bengal),Tarkeshwar_Naraynpr_D (West Bengal),5.25,9,44.0195,1.0,False,True
IND486661AAA,IND211002AAB,Sidhi_Padra_D (Madhya Pradesh),Allahabad_Central_H_1 (Uttar Pradesh),5.236024844720497,5,195.6941,1.0,False,True
IND000000AFT,IND400706AAA,Mumbai_Sanpada_I (Maharashtra),Mumbai_Nerul_D (Maharashtra),5.222222222222222,1,18.1351,1.0,True,True
IND712602AAA,IND712311AAA,Arambag_BalibDPP_D (West Bengal),Kolkata_Dankuni_HB (West Bengal),5.206896551724138,1,61.4109,1.0,True,True
IND444005AAB,IND000000AAZ,Akola_Gaurkshn_I (Maharashtra),Buldhana_Thsil3PL_D (Maharashtra),5.2,1,103.1567,1.0,True,True
IND722154AAA,IND712311AAA,MirzapurWB_VidyaDPP_D (West Bengal),Kolkata_Dankuni_HB (West Bengal),5.162790697674419,1,93.142,1.0,True,True
IND821109AAA,IND802213AAB,Mohania_Bhabua_D (Bihar),Dinara_Wardno7_D (Bihar),5.125,11,45.2398,1.0,False,True
IND411014AAA,IND411043AAA,PNQ Vadgaon Sheri DPC (Maharashtra),Pune Balaji Nagar (Maharashtra),5.125,7,15.8151,1.0,False,True
IND181201AAB,IND181152AAB,Akhnoor_ThthiCwk_D (Jammu & Kashmir),Jammu_Central_I_1 (Jammu & Kashmir),5.08307453416149,8,31.752499999999998,1.0,False,True
IND211002AAB,IND211013AAA,Allahabad_Central_H_1 (Uttar Pradesh),Allahabad_Phaphamu_DC (Uttar Pradesh),5.071428571428571,7,20.5758,1.0,False,True
IND786181AAC,IND792120AAB,Margherita_CivilHPL_D (Assam),Changlang_Central_D_1 (Arunachal Pradesh),5.0625,9,48.081900000000005,1.0,False,True
IND201007AAA,IND201005AAA,GZB_Mohan_Nagar_DPC (Uttar Pradesh),Ghaziabad_RjndrNgr_DC (Uttar Pradesh),5.0625,1,12.7747,1.0,True,True
IND110043AAA,IND000000ACB,Delhi_Nangli_IP (Delhi),Gurgaon_Bilaspur_HB (Haryana),5.05,5,39.2406,1.0,False,True
IND274304AAA,IND274304AAB,Kushinagar_KasyaDPP_D (Uttar Pradesh),Padrauna_BawliDPPP_D (Uttar Pradesh),5.038461538461538,6,19.2075,1.0,False,True
IND207302AAA,IND202001AAB,Jalesar_ChngiDPP_D (Uttar Pradesh),Aligarh_KhirByps_I (Uttar Pradesh),5.019807923169267,6,68.3236,1.0,False,True
IND400016AAB,IND400072AAB,Mumbai_MhimWest_C (Maharashtra),Mumbai Hub (Maharashtra),5.0,1,11.184,1.0,True,True
IND580002AAA,IND580028AAA,Dharwad_Dc (Karnataka),Hubli_Adargchi_IP (Karnataka),4.979166666666666,2,23.8393,1.0,True,True
IND530012AAA,IND535001AAA,Visakhapatnam_Gajuwaka_IP (Andhra Pradesh),Vizianagaram_NcsRd_DC (Andhra Pradesh),4.96412037037037,2,67.01495,1.0,True,True
IND796009AAA,IND796321AAB,Aizawl_HunthrVg_I (Mizoram),Champhai_AwmpiVng_D (Mizoram),4.950381679389313,4,186.14965,1.0,True,True
IND462042AAA,IND462022AAA,Bhopal_Kolar Mandakni (Madhya Pradesh),Bhopal_Trnsport_H (Madhya Pradesh),4.9,17,19.1454,1.0,False,True
IND122001AAA,IND122050AAA,GGN_DPC (Haryana),Gurgaon_Manesar (Haryana),4.892857142857143,1,24.9983,1.0,True,True
IND854326AAB,IND854105AAA,Purnia_Central_H_2 (Bihar),Katihar_Shyndco_D (Bihar),4.854166666666666,2,24.7521,1.0,True,True
IND000000AFF,IND734203AAA,Darjeeling_Hillcard_DC (West Bengal),Kurseong_ABPath_D (West Bengal),4.842105263157895,3,27.8663,1.0,True,True
IND712124AAA,IND712310AAE,Hooghly_DC (West Bengal),Kolkata_North_I_4 (West Bengal),4.818181818181818,3,19.0162,1.0,True,True
IND411048AAA,IND411014AAA,Pune_East_D_8 (Maharashtra),PNQ Vadgaon Sheri DPC (Maharashtra),4.8125,2,15.60725,1.0,True,True
IND477001AAB,IND474003AAA,Bhind_EtwahDPP_D (Madhya Pradesh),Gwalior_HrihrNgr_I (Madhya Pradesh),4.811320754716981,11,76.7885,1.0,False,True
IND416404AAA,IND416012AAA,Jath_Shivprsad_D (Maharashtra),Kolhapur_Shivaji_I (Maharashtra),4.81,6,138.3589,1.0,False,True
IND209304AAA,IND208019AAA,Kanpur_Central_H_6 (Uttar Pradesh),Kanpur_Rawatpur_D (Uttar Pradesh),4.80625,18,16.2845,1.0,False,True
IND523002AAA,IND523105AAA,Ongole_SubhVRTL_I (Andhra Pradesh),Kandukur_LICOffce_D (Andhra Pradesh),4.785714285714286,1,54.0026,1.0,True,True
IND461001AAA,IND461111AAA,Hoshangabad_MnRDDPP_D (Madhya Pradesh),Itarsi_DivrsnRd_D (Madhya Pradesh),4.785714285714286,1,21.1863,1.0,True,True
IND781124AAA,IND781018AAB,Chhaygaon_GwhRDDPP_D (Assam),Guwahati_Hub (Assam),4.77671370967742,6,32.38275,1.0,False,True
IND585314AAA,IND585104AAA,Aland_RazaviRd_D (Karnataka),Gulbarga_Nehrugnj_I (Karnataka),4.757309941520468,16,40.924150000000004,1.0,False,True
IND742202AAA,IND732103AAA,Dhulian_RatanDPP_D (West Bengal),Malda_krshnPly_DC (West Bengal),4.722222222222222,1,51.1885,1.0,True,True
IND400706AAA,IND000000AFT,Mumbai_Nerul_D (Maharashtra),Mumbai_Sanpada_I (Maharashtra),4.712121212121212,2,10.32765,1.0,True,True
IND274301AAB,IND273014AAB,Kaptanganj_Subshngr_D (Uttar Pradesh),Gorakhpur_Matriprm_IP (Uttar Pradesh),4.711711711711712,16,52.06915000000001,1.0,False,True
IND302014AAB,IND302026AAA,Jaipur_Central_I_7 (Rajasthan),Jaipur_Bhankrot_DC (Rajasthan),4.705882352941177,19,19.2342,1.0,False,True
IND205001AAB,IND283203AAA,Mainpuri_Agraroad_I (Uttar Pradesh),Firozabad_Sudmpuri_D (Uttar Pradesh),4.689655172413793,1,66.034,1.0,True,True
IND560099AAB,IND560077AAA,Bengaluru_Bomsndra_HB (Karnataka),Bengaluru_ Kothanur_L (Karnataka),4.65,1,34.6252,1.0,True,True
IND632301AAA,IND632006AAA,Arani_KrthiKyn_D (Tamil Nadu),Vellore_GndhiNgr_IP (Tamil Nadu),4.636363636363637,1,41.1081,1.0,True,True
IND211002AAB,IND211011AAA,Allahabad_Central_H_1 (Uttar Pradesh),Allahabad_Central_D_5 (Uttar Pradesh),4.625,13,10.3753,1.0,False,True
IND403507AAB,IND403726AAB,Goa_Mapusa (Goa),Goa_ZuariNgr_IP (Goa),4.613636363636363,1,36.4867,1.0,True,True
IND742225AAA,IND742223AAA,Ragunthgnj_GopalDPP_D (West Bengal),Jangipur_Central_D_1 (West Bengal),4.611111111111111,16,13.9083,1.0,False,True
IND793001AAA,IND781018AAB,Shillong (Meghalaya),Guwahati_Hub (Assam),4.610526315789474,1,123.7875,1.0,True,True
IND122503AAA,IND122001AAA,Pataudi_DC (Haryana),GGN_DPC (Haryana),4.5997150997151,2,34.04905,1.0,True,True
IND110037AAM,IND201301AAD,Delhi_Airport_H (Delhi),NOI_RPC (Delhi),4.567567567567568,3,32.6532,1.0,True,True
IND152026AAA,IND000000ACA,Muktsar_DPC (Punjab),Ludhiana_MilrGanj_HB (Punjab),4.533333333333333,19,159.7357,1.0,False,True
IND382421AAA,IND382430AAB,Gandhinagar_DC (Gujarat),Ahmedabad_East_H_1 (Gujarat),4.53125,15,36.7879,1.0,False,True
IND641006AAD,IND641062AAD,Coimbatore_ElngoNgr_C (Tamil Nadu),Coimbatore_Karayam_H (Tamil Nadu),4.521739130434782,5,26.5995,1.0,False,True
IND500018AAA,IND500080AAB,Hyderabad_PndrgNgr_DC (Telangana),Hyderabad_Chikdply_I (Telangana),4.5125,2,14.4774,1.0,True,True
IND152026AAA,IND160002AAC,Muktsar_DPC (Punjab),Chandigarh_Mehmdpur_H (Punjab),4.505555555555556,1,243.8385,1.0,True,True
IND400015AAB,IND400072AAB,Mumbai_CotnGren_M (Maharashtra),Mumbai Hub (Maharashtra),4.5,6,18.3151,1.0,False,True
IND000000ACB,IND474003AAA,Gurgaon_Bilaspur_HB (Haryana),Gwalior_HrihrNgr_I (Madhya Pradesh),4.475174978127734,2,304.9602,1.0,True,True
IND700028AAB,IND712311AAA,CCU_DumDum_DPC (West Bengal),Kolkata_Dankuni_HB (West Bengal),4.473684210526316,11,22.7463,1.0,False,True
IND846004AAA,IND847404AAB,Darbhanga (Bihar),Jhanjharpur_Nagar_D (Bihar),4.466666666666667,1,37.7671,1.0,True,True
IND811201AAB,IND813213AAA,Munger_Kaura_D (Bihar),Sultanganj_Wardno3_D (Bihar),4.46,2,33.0285,1.0,True,True
IND713205AAB,IND713148AAA,Durgapur_Central_I_1 (West Bengal),Panagarh_Central_D_1 (West Bengal),4.444444444444445,3,22.3882,1.0,True,True
IND400072AAB,IND421302AAS,Mumbai Hub (Maharashtra),Mumbai_East_L_23 (Maharashtra),4.4375,2,28.30865,1.0,True,True
IND585307AAB,IND585104AAA,Chincholi_Mainroad_D (Karnataka),Gulbarga_Nehrugnj_I (Karnataka),4.432835820895522,17,72.75760000000001,1.0,False,True
IND713364AAB,IND712311AAA,Rupnarayanpur_Salanpur_D (West Bengal),Kolkata_Dankuni_HB (West Bengal),4.424325434871935,12,207.47935,1.0,False,True
IND000000AEM,IND110037AAB,Gurgaon_Bilaspur_RP (Haryana),Del_B_RPC (Delhi),4.421052631578948,11,39.8704,1.0,False,True
IND390022AAA,IND390020AAA,Vadodara_Karelibaug_DPC (Gujarat),Vadodara (Gujarat),4.416666666666667,3,11.9891,1.0,True,True
IND600044AAD,IND600048AAA,Chennai_Chrompet_DPC (Tamil Nadu),Chennai_Vandalur_Dc (Tamil Nadu),4.4,9,13.1436,1.0,False,True
IND505326AAB,IND505001AAB,,Karimnagar_KamnHbRD_I (Telangana),4.389830508474576,1,63.4686,1.0,True,True
IND624601AAA,IND624001AAA,Palani_RjndraRd_D (Tamil Nadu),Dindigul_Central_D_1 (Tamil Nadu),4.385077186963979,2,56.6268,1.0,True,True
IND742101AAC,IND741123AAB,Baharampur_Chuanpur_I (West Bengal),Chapra_NagarDPP_D (West Bengal),4.375,1,109.6979,1.0,True,True
IND635601AAB,IND635802AAB,Tiruppattur_KoilStrt_D (Tamil Nadu),Ambur_Central_D_2 (Tamil Nadu),4.367647058823529,10,41.46655,1.0,False,True
IND415408AAC,IND416012AAA,Shirala_Central_DPP_3 (Maharashtra),Kolhapur_Shivaji_I (Maharashtra),4.36734693877551,9,54.2421,1.0,False,True
IND311301AAA,IND305624AAA,Asind_BsStdDPP_D (Rajasthan),Bijainagar_Central_DPP_1 (Rajasthan),4.365546218487395,6,46.2675,1.0,False,True
IND563125AAB,IND560300AAB,Chintamani_Central_D_2 (Karnataka),Bangalore_East_I_20 (Karnataka),4.358320251177394,12,54.20675,1.0,False,True
IND781102AAA,IND781018AAB,Hajo_Sardala_D (Assam),Guwahati_Hub (Assam),4.345588235294118,2,38.87455,1.0,True,True
IND834002AAB,IND827013AAA,Ranchi_Hub (Jharkhand),Bokaro_KSClny_DC (Jharkhand),4.333333333333333,17,123.3016,1.0,False,True
IND768201AAA,IND770001AAA,Jharsuguda_MbRoad_D (Orissa),Sundargarh_DiyoDPP_D (Orissa),4.333333333333333,1,32.3288,1.0,True,True
IND851127AAA,IND842001AAA,Manjhaul_Purbari_D (Bihar),Muzaffrpur_Bbganj_I (Bihar),4.333333333333333,16,130.74255,1.0,False,True
IND641001AAA,IND641062AAD,Coimbatore_Ukkadam_D (Tamil Nadu),Coimbatore_Karayam_H (Tamil Nadu),4.333333333333333,3,34.2831,1.0,True,True
IND275503AAA,IND275303AAA,Ghosi_Jamalpur_D (Uttar Pradesh),Dohrighat_AzmrdDPP_D (Uttar Pradesh),4.26923076923077,4,18.88785,1.0,True,True
IND700136AAG,IND712310AAA,Kolkata_Narynpur_C (West Bengal),Kolkata_Dankuni_P (West Bengal),4.2631578947368425,23,23.5903,1.0,False,True
IND530012AAA,IND764020AAC,Visakhapatnam_Gajuwaka_IP (Andhra Pradesh),Koraput_GhtimDPP_D (Orissa),4.2631578947368425,1,211.1522,1.0,True,True
IND388320AAA,IND388121AAA,Anand_Vaghasi_IP (Gujarat),Anand_VUNagar_DC (Gujarat),4.25,1,10.2572,1.0,True,True
IND411043AAA,IND411014AAA,Pune Balaji Nagar (Maharashtra),PNQ Vadgaon Sheri DPC (Maharashtra),4.25,3,15.5423,1.0,True,True
IND421302AAR,IND421302AAF,Mumbai_East_I_21 (Maharashtra),Mumbai_Kalyan (Maharashtra),4.235294117647059,1,20.5132,1.0,True,True
IND583119AAA,IND583101AAA,Sandur_WrdN1DPP_D (Karnataka),Bellary_Dc (Karnataka),4.232558139534884,9,53.5761,1.0,False,True
IND500039AAC,IND500035AAA,Hyderabad_Uppal_I (Telangana),Hyd_LB-Nagar_Dc (Telangana),4.230769230769231,1,16.3709,1.0,True,True
IND788806AAA,IND788713AAA,Badarpur_Konapara_D (Assam),Karimganj_Alngjuri_D (Assam),4.230769230769231,1,19.7019,1.0,True,True
IND509124AAA,IND518002AAA,JoguGadwal_ColctrOf_D (Telangana),Kurnool_AbbasNgr_I (Andhra Pradesh),4.222222222222222,1,59.5891,1.0,True,True
IND445101AAA,IND440014AAA,Nagpur_Gondkhry_H (Maharashtra),Nagpur_Jaripatk_DC (Maharashtra),4.2105263157894735,1,22.4185,1.0,True,True
IND226004AAA,IND226016AAA,Lucknow_Hub (Uttar Pradesh),Lucknow_Indira Nagar (Uttar Pradesh),4.207608695652174,6,20.3084,1.0,False,True
IND424006AAA,IND423105AAA,Dhule_MIDCAvdn_I (Maharashtra),Malegaon_Rawlgaon_D (Maharashtra),4.205882352941177,1,47.7911,1.0,True,True
IND788026AAC,IND799250AAA,Silchar_Sirikona_H (Assam),Dharmanagr_Ranakant_D (Tripura),4.2,1,112.4945,1.0,True,True
IND147001AAD,IND160002AAC,Patiala_GainMrkt_L (Punjab),Chandigarh_Mehmdpur_H (Punjab),4.193548387096774,5,45.5683,1.0,False,True
IND785690AAB,IND785682AAA,Sonari_Central_DPP_1 (Assam),Sivasagar_Babupaty_D (Assam),4.188235294117647,16,46.062200000000004,1.0,False,True
IND733129AAA,IND732103AAB,Kaliyaganj_FatprDPP_D (West Bengal),Malda_Central_I_3 (West Bengal),4.174418604651163,4,60.44715000000001,1.0,True,True
IND152107AAA,IND152026AAA,Malout_DC (Punjab),Muktsar_DPC (Punjab),4.173913043478261,1,33.243,1.0,True,True
IND713303AAA,IND713364AAB,Asansol_DC (West Bengal),Rupnarayanpur_Salanpur_D (West Bengal),4.166666666666666,6,23.33255,1.0,False,True
IND533106AAA,IND533003AAA,Rajamundry_AtoNgrRd_I (Andhra Pradesh),Kakinada_DC (Andhra Pradesh),4.160377358490566,2,60.48480000000001,1.0,True,True
IND273304AAA,IND273014AAB,Nichlaul_Wardno13_D (Uttar Pradesh),Gorakhpur_Matriprm_IP (Uttar Pradesh),4.147540983606557,14,86.24709999999999,1.0,False,True
IND571124AAA,IND570020AAA,Tirumakudalu_Narasipr_D (Karnataka),Mysore_Yadvgiri_IP (Karnataka),4.137931034482759,11,38.6996,1.0,False,True
IND275101AAA,IND275503AAA,Mau_BaliaMod_D (Uttar Pradesh),Ghosi_Jamalpur_D (Uttar Pradesh),4.136363636363637,2,15.9229,1.0,True,True
IND785001AAA,IND798601AAA,Jorhat_RicMilRd_D (Assam),Mokokchung_Central_D_1 (Nagaland),4.135135135135135,1,103.5959,1.0,True,True
IND571114AAA,IND570020AAA,HDKote_BegurRD_D (Karnataka),Mysore_Yadvgiri_IP (Karnataka),4.13499245852187,8,56.6674,1.0,False,True
IND732103AAB,IND732202AAA,Malda_Central_I_3 (West Bengal),Manikchak_Enayetpr_D (West Bengal),4.111111111111111,8,23.783250000000002,1.0,False,True
IND410503AAA,IND410505AAB,Ambegaon_Manchar_D (Maharashtra),Rajgurunagar_Chakan_D (Maharashtra),4.108695652173913,2,33.13135,1.0,True,True
IND641011AAA,IND641062AAD,Cjb_West_Dc (Tamil Nadu),Coimbatore_Karayam_H (Tamil Nadu),4.105263157894737,9,35.4555,1.0,False,True
IND331304AAA,IND332001AAB,Taranagar_RajRdDPP_D (Rajasthan),Sikar_FatehpRd_I (Rajasthan),4.10402097902098,4,131.8667,1.0,True,True
IND742149AAA,IND742225AAA,Murshidabad_Sirjudol_D (West Bengal),Ragunthgnj_GopalDPP_D (West Bengal),4.1,1,54.9441,1.0,True,True
IND410505AAB,IND410501AAF,Rajgurunagar_Chakan_D (Maharashtra),Talegaon_Central_DPP_4 (Maharashtra),4.1,5,15.5234,1.0,False,True
IND121004AAC,IND121004AAB,Faridabad_MohnVRTL_D (Haryana),FBD_Balabhgarh_DPC (Haryana),4.095588235294118,6,16.565800000000003,1.0,False,True
IND848210AAA,IND842001AAA,Rusera_Wardno4_D (Bihar),Muzaffrpur_Bbganj_I (Bihar),4.088235294117647,3,83.91839999999999,1.0,True,True
IND852111AAA,IND854326AAB,Simrahi_Bazar_D (Bihar),Purnia_Central_H_2 (Bihar),4.084337349397591,17,117.4359,1.0,False,True
IND221706AAA,IND273014AAB,Ratanpura_MubarDPP_D (Uttar Pradesh),Gorakhpur_Matriprm_IP (Uttar Pradesh),4.083333333333333,11,116.7072,1.0,False,True
IND132001AAA,IND132103AAB,Karnal (Haryana),Panipat_PC (Haryana),4.0588235294117645,3,37.5003,1.0,True,True
IND221313AAA,IND211002AAB,Varanasi_Central_H_4 (Uttar Pradesh),Allahabad_Central_H_1 (Uttar Pradesh),4.054172510518934,6,130.92185,1.0,False,True
IND796321AAB,IND796009AAA,Champhai_AwmpiVng_D (Mizoram),Aizawl_HunthrVg_I (Mizoram),4.046875,3,185.792,1.0,True,True
IND273303AAA,IND273304AAA,Maharajganj_PakriDPP_D (Uttar Pradesh),Nichlaul_Wardno13_D (Uttar Pradesh),4.041666666666667,1,33.892199999999995,1.0,True,True
IND500039AAC,IND501359AAE,Hyderabad_Uppal_I (Telangana),Hyderabad_Shamshbd_H (Telangana),4.037037037037037,15,34.745,1.0,False,True
IND201007AAB,IND201007AAA,Ghaziabad_MohanNgr_C (Uttar Pradesh),GZB_Mohan_Nagar_DPC (Uttar Pradesh),4.035714285714286,2,11.77685,1.0,True,True
IND713128AAB,IND731301AAA,Guskhara_Itachnda_D (West Bengal),Nanoor_Central_DPP_1 (West Bengal),4.0285714285714285,3,40.8526,1.0,True,True
IND788026AAC,IND788121AAA,Silchar_Sirikona_H (Assam),Kabuganj_Jantaclg_D (Assam),4.023809523809524,2,29.318,1.0,True,True
IND732103AAB,IND732123AAC,Malda_Central_I_3 (West Bengal),Chanchal_BargaDPP_D (West Bengal),4.015384615384615,1,59.7155,1.0,True,True
IND110037AAM,IND125001AAA,Delhi_Airport_H (Delhi),Hisar_ModelTwn_P (Haryana),4.015037593984962,1,164.5073,1.0,True,True
IND110085AAB,IND110083AAA,Delhi_Rohini_DPC (Delhi),Delhi_Mangol_DC (Delhi),4.0,3,11.9201,1.0,True,True
IND000000AAZ,IND444303AAA,Buldhana_Thsil3PL_D (Maharashtra),Khamgaon_WamanDPP_D (Maharashtra),4.0,1,53.7322,1.0,True,True
IND691305AAA,IND691551AAA,Punalur_PostofJN_D (Kerala),Adoor_Town_D (Kerala),4.0,1,28.8962,1.0,True,True
IND421302AAR,IND421301AAA,Mumbai_East_I_21 (Maharashtra),Mumbai_Kalyan West _Dc (Maharashtra),4.0,17,12.8431,1.0,False,True
IND400072AAA,IND421302AAG,Mumbai_Tejpal_M (Maharashtra),Bhiwandi_Mankoli_HB (Maharashtra),4.0,1,26.4331,1.0,True,True
IND121102AAA,IND121004AAB,Palwal (Haryana),FBD_Balabhgarh_DPC (Haryana),3.9928571428571424,12,40.2281,1.0,False,True
IND854326AAB,IND852201AAA,Purnia_Central_H_2 (Bihar),Saharsa_Gangjala_D (Bihar),3.987804878048781,6,113.86779999999999,1.0,False,True
IND431136AAC,IND431112AAB,Aurangabad_Central_H_1 (Maharashtra),Sillod_ZebaTWR_D (Maharashtra),3.9649122807017534,1,77.4368,1.0,True,True
IND211011AAA,IND212501AAA,Allahabad_Central_D_5 (Uttar Pradesh),Soraon_BypassRD_D (Uttar Pradesh),3.952380952380953,13,30.4269,1.0,False,True
IND852113AAA,IND852201AAA,Madhepura_Krishnpr_D (Bihar),Saharsa_Gangjala_D (Bihar),3.941176470588236,1,22.5405,1.0,True,True
IND110020AAB,IND110037AAM,OK_RPC (Delhi),Delhi_Airport_H (Delhi),3.937747035573123,4,26.3062,1.0,True,True
IND798601AAA,IND785001AAA,Mokokchung_Central_D_1 (Nagaland),Jorhat_RicMilRd_D (Assam),3.9210526315789473,5,105.1853,1.0,False,True
IND462001AAA,IND462022AAA,Bhopal_Old City (Madhya Pradesh),Bhopal_Trnsport_H (Madhya Pradesh),3.916666666666667,28,14.26375,1.0,False,True
IND396191AAC,IND396210AAA,Vapi_IndEstat_I (Gujarat),Daman_DC (Daman & Diu),3.909090909090909,1,10.2921,1.0,True,True
IND580028AAA,IND580002AAA,Hubli_Adargchi_IP (Karnataka),Dharwad_Dc (Karnataka),3.9000000000000004,9,26.2889,1.0,False,True
IND125121AAA,IND125001AAA,Barwala_Central_DPP_1 (Haryana),Hisar_ModelTwn_P (Haryana),3.9,3,36.9483,1.0,True,True
IND842001AAA,IND848101AAA,Muzaffrpur_Bbganj_I (Bihar),Samastipur_Haripur_D (Bihar),3.891891891891892,1,52.4093,1.0,True,True
IND812002AAA,IND813203AAA,Bhagalpur_Pbroad_DC (Bihar),Kahalgaon_NdiaTola_D (Bihar),3.890316205533597,18,32.054950000000005,1.0,False,True
IND641062AAD,IND641001AAA,Coimbatore_Karayam_H (Tamil Nadu),Coimbatore_Ukkadam_D (Tamil Nadu),3.888888888888889,3,32.0921,1.0,True,True
IND391110AAD,IND390022AAA,Dabhoi_Central_DPP_3 (Gujarat),Vadodara_Karelibaug_DPC (Gujarat),3.882352941176471,1,34.9421,1.0,True,True
IND563125AAB,IND560300AAA,Chintamani_Central_D_2 (Karnataka),Bengaluru_KGAirprt_HB (Karnataka),3.849056603773585,3,59.1122,1.0,True,True
IND173212AAA,IND134102AAA,Solan_MohanPrk_D (Himachal Pradesh),Kalka_Pinjore_DC (Haryana),3.8484848484848486,2,43.25705000000001,1.0,True,True
IND742121AAA,IND742102AAB,Nowda_AmtlaDPP_D (West Bengal),Berhampore_Central_I_2 (West Bengal),3.8409090909090913,12,25.36215,1.0,False,True
IND210001AAA,IND210427AAA,Banda_GayatriN_D (Uttar Pradesh),Mahoba_Mlkpura_D (Uttar Pradesh),3.822528883183569,10,54.8667,1.0,False,True
IND400102AAC,IND400052AAA,Mumbai_Jogshwri_I (Maharashtra),Mumbai_Khar West _Dc (Maharashtra),3.821428571428571,4,11.1734,1.0,True,True
IND421601AAB,IND421302AAG,Asangaon_Shahapur_D (Maharashtra),Bhiwandi_Mankoli_HB (Maharashtra),3.8142717497556213,14,42.629900000000006,1.0,False,True
IND636016AAA,IND636402AAA,Salem (Tamil Nadu),Mettur_RTOroad_D (Tamil Nadu),3.813953488372093,1,46.469,1.0,True,True
IND635207AAA,IND635802AAB,Uthangarai_RgstrOFC_D (Tamil Nadu),Ambur_Central_D_2 (Tamil Nadu),3.803921568627451,1,65.70439999999999,1.0,True,True
IND584101AAA,IND518002AAA,Raichur_LSRoad_DC (Karnataka),Kurnool_AbbasNgr_I (Andhra Pradesh),3.802197802197802,1,100.1564,1.0,True,True
IND500010AAA,IND501401AAC,Hyderabad_Alwal_I (Telangana),Medchal_MROoffce_D (Telangana),3.8,1,20.0311,1.0,True,True
IND400102AAC,IND421302AAG,Mumbai_Jogshwri_I (Maharashtra),Bhiwandi_Mankoli_HB (Maharashtra),3.7592592592592595,28,32.823800000000006,1.0,False,True
IND400015AAA,IND421302AAG,Mumbai_CottonGreen_DPC (Maharashtra),Bhiwandi_Mankoli_HB (Maharashtra),3.7586206896551726,1,40.5514,1.0,True,True
IND335523AAB,IND125001AAA,Nohar_Central_DPP_2 (Rajasthan),Hisar_ModelTwn_P (Haryana),3.7542372881355934,1,126.4042,1.0,True,True
IND000000ACB,IND301705AAA,Gurgaon_Bilaspur_HB (Haryana),Neemrana_Rcocmplx_D (Rajasthan),3.75,1,62.9226,1.0,True,True
IND421301AAA,IND421302AAR,Mumbai_Kalyan West _Dc (Maharashtra),Mumbai_East_I_21 (Maharashtra),3.75,15,12.5025,1.0,False,True
IND852201AAA,IND852113AAA,Saharsa_Gangjala_D (Bihar),Madhepura_Krishnpr_D (Bihar),3.75,17,22.6556,1.0,False,True
IND788806AAA,IND788026AAC,Badarpur_Konapara_D (Assam),Silchar_Sirikona_H (Assam),3.75,9,23.4921,1.0,False,True
IND813102AAA,IND813203AAA,Banka_Wardno6_D (Bihar),Kahalgaon_NdiaTola_D (Bihar),3.741935483870968,1,74.7621,1.0,True,True
IND700065AAA,IND712311AAA,CCU_Beliaghata_DPC (West Bengal),Kolkata_Dankuni_HB (West Bengal),3.7386363636363633,24,21.899250000000002,1.0,False,True
IND263153AAB,IND244713AAA,Rudrapur_UdhamNgr_H (Uttarakhand),Kashipur_Vaishali_D (Uttarakhand),3.7358490566037736,1,55.5122,1.0,True,True
IND302006AAA,IND302014AAB,Jaipur (Rajasthan),Jaipur_Central_I_7 (Rajasthan),3.7333333333333334,13,13.7652,1.0,False,True
IND110039AAA,IND110085AAB,Delhi_Barwala (Delhi),Delhi_Rohini_DPC (Delhi),3.733333333333333,3,13.4506,1.0,True,True
IND712310AAE,IND712124AAA,Kolkata_North_I_4 (West Bengal),Hooghly_DC (West Bengal),3.730994152046783,30,19.128600000000002,1.0,False,True
IND713205AAB,IND722143AAB,Durgapur_Central_I_1 (West Bengal),Mejia_Central_D_1 (West Bengal),3.7200000000000006,9,32.4446,1.0,False,True
IND842001AAA,IND843301AAA,Muzaffrpur_Bbganj_I (Bihar),Sitamari_Durma_D (Bihar),3.7178538390379283,6,63.251599999999996,1.0,False,True
IND442001AAA,IND442101AAB,Wardha_RamaNgr_D (Maharashtra),Deoli_Central_DPP_2 (Maharashtra),3.714285714285714,5,18.009900000000002,1.0,False,True
IND276129AAA,IND221010AAB,Chiraiyakot_KamalDPP_D (Uttar Pradesh),Varanasi_MahmurGj_IP (Uttar Pradesh),3.7066666666666666,1,79.65169999999999,1.0,True,True
IND400072AAB,IND400011AAA,Mumbai Hub (Maharashtra),LowerParel_CP (Maharashtra),3.7058823529411766,2,19.04925,1.0,True,True
IND852118AAA,IND852111AAA,Forbesganj_JhumanCk_D (Bihar),Simrahi_Bazar_D (Bihar),3.7,1,42.0784,1.0,True,True
IND144001AAB,IND144601AAA,Jalandhar_DPC (Punjab),Kapurthala_DC (Punjab),3.6875,3,19.5231,1.0,True,True
IND742121AAA,IND742101AAC,Nowda_AmtlaDPP_D (West Bengal),Baharampur_Chuanpur_I (West Bengal),3.6818181818181817,6,25.135550000000002,1.0,False,True
IND762001AAA,IND759122AAC,Phulbani_Krusphrma_D (Orissa),Angul_Central_I_2 (Orissa),3.6782608695652175,1,135.1682,1.0,True,True
IND688009AAA,IND686028AAB,Alappuzha_Pazhvedu_D (Kerala),Kottayam_Central_H_1 (Kerala),3.6755050505050506,16,45.36175,1.0,False,True
IND600044AAD,IND603203AAA,Chennai_Chrompet_DPC (Tamil Nadu),Chennai_Potheri (Tamil Nadu),3.670955882352941,2,19.01395,1.0,True,True
IND713130AAA,IND741126AAB,Katwa_BSarani_D (West Bengal),Nakashipara_MaxDPP_D (West Bengal),3.6666666666666665,1,81.7059,1.0,True,True
IND602001AAA,IND600116AAB,Chennai_Thiruvlr_DC (Tamil Nadu),Chennai_Porur_DPC (Tamil Nadu),3.6666666666666665,3,37.2719,1.0,True,True
IND132001AAA,IND131028AAB,Karnal (Haryana),Sonipat_Kundli_H (Haryana),3.664473684210526,2,95.79400000000001,1.0,True,True
IND743347AAA,IND700053AAA,Kakdwip_KlngrDPP_D (West Bengal),CCU_New Alipore_DPC (West Bengal),3.6583638583638582,6,83.87065,1.0,False,True
IND712103AAA,IND712310AAE,Hoogly_Bandel_D (West Bengal),Kolkata_North_I_4 (West Bengal),3.655172413793104,23,31.2275,1.0,False,True
IND125001AAA,IND110037AAM,Hisar_ModelTwn_P (Haryana),Delhi_Airport_H (Delhi),3.6417910447761197,11,172.4913,1.0,False,True
IND507159AAA,IND507002AAA,Kusumnchi_SKRoad_D (Telangana),Khammam_NSTRoad_I (Telangana),3.6388888888888893,10,24.433500000000002,1.0,False,True
IND533106AAA,IND533308AAB,Rajamundry_AtoNgrRd_I (Andhra Pradesh),Mandapeta_Mainrd_D (Andhra Pradesh),3.636904761904762,14,33.004149999999996,1.0,False,True
IND562114AAA,IND560067AAC,Hoskote_DC (Karnataka),Bengaluru_Kadugodi_D (Karnataka),3.6222222222222222,8,11.4293,1.0,False,True
IND422605AAA,IND423109AAA,Sangamner_JawanChk_D (Maharashtra),Shirdi_SaiBansi_D (Maharashtra),3.6222222222222222,1,53.5613,1.0,True,True
IND203001AAA,IND203131AAA,Bulndshahr_Ymunpurm_D (Uttar Pradesh),Khurja_Pnjbiyon_D (Uttar Pradesh),3.615384615384616,5,17.2807,1.0,False,True
IND712311AAA,IND700088AAA,Kolkata_Dankuni_HB (West Bengal),Kolkata_TrtllaRD_L (West Bengal),3.586206896551724,30,29.3119,1.0,False,True
IND380006AAB,IND382430AAB,Ahmedabad_Mithakal_D (Gujarat),Ahmedabad_East_H_1 (Gujarat),3.5833333333333326,27,15.0139,1.0,False,True
IND791109AAA,IND787001AAA,Nirjuli_BageDPP_D (Arunachal Pradesh),LakhimpurN_SashPhkn_D (Assam),3.575757575757576,1,46.8909,1.0,True,True
IND841424AAA,IND841428AAA,Chhapra_Prbhunth_D (Bihar),Gopalganj_GopalDPP_D (Bihar),3.5727882327492977,6,97.31190000000001,1.0,False,True
IND462022AAA,IND462042AAA,Bhopal_Trnsport_H (Madhya Pradesh),Bhopal_Kolar Mandakni (Madhya Pradesh),3.5666666666666664,2,20.4617,1.0,True,True
IND854326AAB,IND854334AAA,Purnia_Central_H_2 (Bihar),Raniganj_Central_DPP_1 (Bihar),3.5625,1,67.3785,1.0,True,True
IND506314AAA,IND506002AAA,Rayaparthi_Perkadrd_D (Telangana),Warangal_HunterRd_I (Telangana),3.5525,16,34.20485,1.0,False,True
IND560078AAC,IND560099AAB,BLR_JPNagar_Pc (Karnataka),Bengaluru_Bomsndra_HB (Karnataka),3.54,20,21.52265,1.0,False,True
IND712310AAE,IND712103AAA,Kolkata_North_I_4 (West Bengal),Hoogly_Bandel_D (West Bengal),3.533333333333333,1,31.1943,1.0,True,True
IND501301AAC,IND500039AAC,Ghatkesar_Central_D_1 (Telangana),Hyderabad_Uppal_I (Telangana),3.5314685314685317,2,14.8667,1.0,True,True
IND173220AAA,IND173212AAA,Parwanoo_Central_D_1 (Himachal Pradesh),Solan_MohanPrk_D (Himachal Pradesh),3.53125,1,41.0419,1.0,True,True
IND791110AAA,IND787001AAA,Naharlagun_JmpuCntr_D (Arunachal Pradesh),LakhimpurN_SashPhkn_D (Assam),3.5294117647058822,1,48.9821,1.0,True,True
IND712311AAA,IND700028AAB,Kolkata_Dankuni_HB (West Bengal),CCU_DumDum_DPC (West Bengal),3.5263157894736845,23,18.9277,1.0,False,True
IND431603AAA,IND431401AAA,Nanded_Aswningr_I (Maharashtra),Parbhani_Rjndrngr_D (Maharashtra),3.5254237288135597,1,74.0993,1.0,True,True
IND700088AAA,IND712311AAA,Kolkata_TrtllaRD_L (West Bengal),Kolkata_Dankuni_HB (West Bengal),3.5172413793103448,9,29.6182,1.0,False,True
IND535001AAA,IND530012AAA,Vizianagaram_NcsRd_DC (Andhra Pradesh),Visakhapatnam_Gajuwaka_IP (Andhra Pradesh),3.5102915951972555,10,71.7734,1.0,False,True
IND396232AAA,IND396191AAC,Silvassa_Samrvrni_D (Dadra and Nagar Haveli),Vapi_IndEstat_I (Gujarat),3.5,15,15.6616,1.0,False,True
IND712602AAA,IND722154AAA,Arambag_BalibDPP_D (West Bengal),MirzapurWB_VidyaDPP_D (West Bengal),3.5,2,26.46225,1.0,True,True
IND673592AAA,IND670645AAB,SultnBthry_Kollgpra_D (Kerala),Mananthavady_Central_D_1 (Kerala),3.5,1,38.0694,1.0,True,True
IND481661AAA,IND842003AAB,Mandla_Mharajpr_D (Madhya Pradesh),Jabalpur_Adhartal_IP (Madhya Pradesh),3.5,9,104.296,1.0,False,True
IND271001AAA,IND271201AAA,Gonda_KotwaliN_D (Uttar Pradesh),Balrampur_PBRDDPP_D (Uttar Pradesh),3.5,5,43.4184,1.0,False,True
IND788121AAA,IND796081AAA,Kabuganj_Jantaclg_D (Assam),Kolasib_Diakkawn_D (Mizoram),3.5,3,71.14580000000001,1.0,True,True
IND302006AAC,IND302014AAB,Jaipur_Central_D_10 (Rajasthan),Jaipur_Central_I_7 (Rajasthan),3.5,1,18.8164,1.0,True,True
IND802213AAB,IND802212AAA,Dinara_Wardno7_D (Bihar),Bikramgang_Dehrird_D (Bihar),3.5,5,19.7494,1.0,False,True
IND742148AAA,IND742225AAA,Lalgola_KrsprDPP_D (West Bengal),Ragunthgnj_GopalDPP_D (West Bengal),3.5,16,20.6788,1.0,False,True
IND785682AAA,IND785690AAB,Sivasagar_Babupaty_D (Assam),Sonari_Central_DPP_1 (Assam),3.494652406417112,2,46.04545,1.0,True,True
IND400072AAB,IND401104AAB,Mumbai Hub (Maharashtra),Mumbai_MiraRoad_M (Maharashtra),3.466666666666667,1,19.5201,1.0,True,True
IND110037AAM,IND110020AAB,Delhi_Airport_H (Delhi),OK_RPC (Delhi),3.4615384615384617,9,26.3706,1.0,False,True
IND570020AAA,IND571430AAA,Mysore_Yadvgiri_IP (Karnataka),Malavalli_SulthnRd_D (Karnataka),3.46,1,52.2919,1.0,True,True
IND560077AAA,IND560099AAB,Bengaluru_ Kothanur_L (Karnataka),Bengaluru_Bomsndra_HB (Karnataka),3.4545454545454546,1,40.1245,1.0,True,True
IND743395AAA,IND700053AAA,Jaynagar_MjlprDPP_D (West Bengal),CCU_New Alipore_DPC (West Bengal),3.4545454545454546,4,55.600300000000004,1.0,True,True
IND421302AAR,IND421004AAA,Mumbai_East_I_21 (Maharashtra),Mumbai_Ulhasngr_DC (Maharashtra),3.454545454545454,26,14.1286,1.0,False,True
IND233001AAA,IND275503AAA,Ghazipur_Kaithwal_D (Uttar Pradesh),Ghosi_Jamalpur_D (Uttar Pradesh),3.452380952380953,1,59.8164,1.0,True,True
IND233001AAA,IND275101AAA,Ghazipur_Kaithwal_D (Uttar Pradesh),Mau_BaliaMod_D (Uttar Pradesh),3.4482758620689657,3,41.6421,1.0,True,True
IND110014AAA,IND110024AAA,Delhi_Bhogal (Delhi),Delhi_Lajpat_IP (Delhi),3.441558441558441,10,11.13665,1.0,False,True
IND784168AAB,IND791111AAC,Gohpur_Central_D_1 (Assam),Itanagar_WageDPP_D (Arunachal Pradesh),3.4400000000000004,2,36.046549999999996,1.0,True,True
IND533106AAA,IND534260AAC,Rajamundry_AtoNgrRd_I (Andhra Pradesh),Palakollu_CroadDPP_D (Andhra Pradesh),3.4333333333333327,5,72.3474,1.0,False,True
IND505425AAA,IND504215AAA,DhrmpuriTS_HanumDPP_D (Telangana),Luxettipet_ShivaDPP_D (Telangana),3.4166666666666665,1,18.1203,1.0,True,True
IND854311AAA,IND852118A1B,Araria_Wardn13_D (Bihar),,3.4166666666666665,3,30.7923,1.0,True,True
IND842001AAA,IND843109AAB,Muzaffrpur_Bbganj_I (Bihar),Kanti_Central_DPP_2 (Bihar),3.4,15,14.6382,1.0,False,True
IND500008AAC,IND501359AAE,Hyderabad_Tolichwk_I (Telangana),Hyderabad_Shamshbd_H (Telangana),3.391304347826087,13,24.5092,1.0,False,True
IND742121AAB,IND742101AAC,Nowda_ArhamDPP_D (West Bengal),Baharampur_Chuanpur_I (West Bengal),3.388888888888889,1,40.9957,1.0,True,True
IND826004AAA,IND815351AAA,Dhanbad_Kalynpur_I (Jharkhand),Jamtara_D (Jharkhand),3.388888888888889,11,53.6747,1.0,False,True
IND344022AAB,IND342301AAA,Balotra_BsnoiHPL_D (Rajasthan),Phalodi_PalikDPP_D (Rajasthan),3.380952380952381,1,168.47979999999998,1.0,True,True
IND852131AAA,IND852139AAB,Supaul_SadrHsptl_D (Bihar),Triveninganj_Central_D_1 (Bihar),3.380952380952381,1,29.7371,1.0,True,True
IND500010AAB,IND501359AAE,Hyderabad_Alwal_L (Telangana),Hyderabad_Shamshbd_H (Telangana),3.378378378378379,39,44.7502,1.0,False,True
IND173212AAA,IND174103AAA,Solan_MohanPrk_D (Himachal Pradesh),Baddi_ByePass_D (Himachal Pradesh),3.375,1,58.7798,1.0,True,True
IND625218AAA,IND624703AAA,Vadipatti_lalaNGR_D (Tamil Nadu),Gujiliam_Parai_D (Tamil Nadu),3.365079365079365,1,75.782,1.0,True,True
IND477001AAA,IND474003AAA,Bhind_BhrolDPP_D (Madhya Pradesh),Gwalior_HrihrNgr_I (Madhya Pradesh),3.363636363636364,1,76.084,1.0,True,True
IND712311AAA,IND700065AAA,Kolkata_Dankuni_HB (West Bengal),CCU_Beliaghata_DPC (West Bengal),3.363636363636364,29,21.2211,1.0,False,True
IND390020AAA,IND390018AAB,Vadodara (Gujarat),Vadodara_Karelibaug_DC (Gujarat),3.363636363636364,1,11.3636,1.0,True,True
IND603203AAA,IND600044AAD,Chennai_Potheri (Tamil Nadu),Chennai_Chrompet_DPC (Tamil Nadu),3.357142857142857,13,17.382099999999998,1.0,False,True
IND562114AAA,IND560048AAB,Hoskote_DC (Karnataka),Bengaluru_Hoodi_IP (Karnataka),3.357142857142857,9,16.8508,1.0,False,True
IND500008AAF,IND500039AAC,Hyderabad_South_D_4 (Telangana),Hyderabad_Uppal_I (Telangana),3.357142857142857,19,19.0913,1.0,False,True
IND400072AAC,IND400011AAA,BOM_Sakinaka_RP (Maharashtra),LowerParel_CP (Maharashtra),3.35,17,18.637,1.0,False,True
IND125001AAA,IND125051AAA,Hisar_ModelTwn_P (Haryana),Ratia_SchdvDPP_D (Haryana),3.3492063492063493,1,78.5245,1.0,True,True
IND741156AAA,IND742102AAB,Plassey_BtaiRoad_D (West Bengal),Berhampore_Central_I_2 (West Bengal),3.333333333333333,13,45.213800000000006,1.0,False,True
IND274402AAA,IND274301AAB,Kushinagar_JiswlDPP_D (Uttar Pradesh),Kaptanganj_Subshngr_D (Uttar Pradesh),3.333333333333333,1,43.1058,1.0,True,True
IND786181AAC,IND792121AAB,Margherita_CivilHPL_D (Assam),Jairampur_Mdiclcly_D (Arunachal Pradesh),3.333333333333333,11,42.2057,1.0,False,True
IND484661AAE,IND484551AAA,Umaria_Central_DPP_3 (Madhya Pradesh),PaliBirsighpr_CtyLgDPP_D (Madhya Pradesh),3.333333333333333,1,30.4302,1.0,True,True
IND134203AAA,IND160002AAC,Naraingarh_Ward2DPP_D (Haryana),Chandigarh_Mehmdpur_H (Punjab),3.324324324324324,1,45.1598,1.0,True,True
IND205001AAB,IND110037AAM,Mainpuri_Agraroad_I (Uttar Pradesh),Delhi_Airport_H (Delhi),3.3189655172413794,1,285.3218,1.0,True,True
IND784110AAA,IND781018AAB,Dhekiajuli_Wardno5_D (Assam),Guwahati_Hub (Assam),3.31858407079646,1,141.71679999999998,1.0,True,True
IND713205AAB,IND723130AAA,Durgapur_Central_I_1 (West Bengal),Hura_Central_D_1 (West Bengal),3.316391275611368,2,101.91385,1.0,True,True
IND131028AAB,IND250611AAA,Sonipat_Kundli_H (Haryana),Baraut_SrnprHwy_D (Uttar Pradesh),3.3142857142857145,3,38.9892,1.0,True,True
IND173212AAA,IND173220AAA,Solan_MohanPrk_D (Himachal Pradesh),Parwanoo_Central_D_1 (Himachal Pradesh),3.3076923076923075,5,36.8201,1.0,False,True
IND400037AAA,IND400072AAJ,Mumbai Antop Hill (Maharashtra),Mumbai_Tejpal_I (Maharashtra),3.3076923076923075,13,12.7883,1.0,False,True
IND000000ADM,IND683511AAA,Cochin_Kdvantra_D (Kerala),Aluva_Peedika_H (Kerala),3.3076923076923075,1,24.4293,1.0,True,True
IND848101AAA,IND844505AAB,Samastipur_Haripur_D (Bihar),HazratJandaha_HajiprRD_D (Bihar),3.301169590643275,16,25.9874,1.0,False,True
IND231205AAA,IND231216AAA,Chopan_PreetDPP_D (Uttar Pradesh),Robertsganj_ArtoDPP_D (Uttar Pradesh),3.2999999999999994,3,22.9972,1.0,True,True
IND132103AAB,IND131028AAB,Panipat_PC (Haryana),Sonipat_Kundli_H (Haryana),3.298160173160172,6,58.072900000000004,1.0,False,True
IND125111AAA,IND125121AAA,Fatehabad_BhunaDPP_D (Haryana),Barwala_Central_DPP_1 (Haryana),3.295866935483871,2,37.91675,1.0,True,True
IND421502AAA,IND421302AAR,Mumbai_Ambernath_Dc (Maharashtra),Mumbai_East_I_21 (Maharashtra),3.294117647058824,17,19.28,1.0,False,True
IND201001AAA,IND201007AAA,Ghaziabad_Patel Nagar (Uttar Pradesh),GZB_Mohan_Nagar_DPC (Uttar Pradesh),3.2884615384615383,4,10.6157,1.0,True,True
IND643212AAA,IND641062AAD,Gudalur_kalmpuza_D (Tamil Nadu),Coimbatore_Karayam_H (Tamil Nadu),3.2882882882882885,3,138.55110000000002,1.0,True,True
IND201005AAA,IND201007AAA,Ghaziabad_RjndrNgr_DC (Uttar Pradesh),GZB_Mohan_Nagar_DPC (Uttar Pradesh),3.2857142857142856,1,10.9884,1.0,True,True
IND301019AAA,IND301705AAA,Bhiwadi DC (Rajasthan),Neemrana_Rcocmplx_D (Rajasthan),3.276595744680851,6,55.1292,1.0,False,True
IND000000ACK,IND501359AAF,Hyderabad_Chikdply_C (Telangana),Hyderabad_Shamshbd_P (Telangana),3.2739130434782613,32,25.954900000000002,1.0,False,True
IND431112AAB,IND431136AAC,Sillod_ZebaTWR_D (Maharashtra),Aurangabad_Central_H_1 (Maharashtra),3.272727272727273,11,75.4698,1.0,False,True
IND854335AAA,IND854326AAB,Narpatganj_Central_DPP_1 (Bihar),Purnia_Central_H_2 (Bihar),3.262295081967213,1,87.43180000000001,1.0,True,True
IND431001AAB,IND431136AAC,Aurangabad_Pratpngr_D (Maharashtra),Aurangabad_Central_H_1 (Maharashtra),3.2613636363636367,18,14.47925,1.0,False,True
IND754202AAA,IND751002AAB,Cuttack_SliprDPP_DC (Orissa),Bhubaneshwar_Hub (Orissa),3.2580645161290325,1,38.6596,1.0,True,True
IND110092AAC,IND110093AAA,Delhi_Patparganj_DPC (Delhi),Delhi_Shahdara (Delhi),3.25,1,12.8317,1.0,True,True
IND583201AAA,IND583101AAA,Hospet (Karnataka),Bellary_Dc (Karnataka),3.2444444444444445,2,62.21465,1.0,True,True
IND321022AAA,IND121004AAB,Kaman_BsstdDPP_D (Rajasthan),FBD_Balabhgarh_DPC (Haryana),3.2439024390243905,9,106.9351,1.0,False,True
IND573201AAB,IND575004AAB,Hassan_Pandrnga_I (Karnataka),Mangalore_Kuntikna_H (Karnataka),3.2430173092053503,14,173.32319999999999,1.0,False,True
IND444303AAA,IND444203AAA,Khamgaon_WamanDPP_D (Maharashtra),Shegaon_SChwkDPP_D (Maharashtra),3.242424242424242,2,16.9471,1.0,True,True
IND721306AAA,IND721253AAC,Kharagpur_DC (West Bengal),ChandroknaRD_Central_DPP_3 (West Bengal),3.238095238095238,1,52.998,1.0,True,True
IND712311AAA,IND742102AAB,Kolkata_Dankuni_HB (West Bengal),Berhampore_Central_I_2 (West Bengal),3.2337662337662336,3,211.7647,1.0,True,True
IND786181AAC,IND786001AAB,Margherita_CivilHPL_D (Assam),Dibrugarh_Bokule_H (Assam),3.2333333333333334,14,84.9711,1.0,False,True
IND505122AAA,IND506002AAA,Jammikunta_ConduDPP_D (Telangana),Warangal_HunterRd_I (Telangana),3.2321428571428568,16,48.40615,1.0,False,True
IND232101AAB,IND232104AAB,MughalSarai_Central_D_2 (Uttar Pradesh),Chandauli_ShubsNGR_D (Uttar Pradesh),3.230769230769231,7,14.0639,1.0,False,True
IND110093AAA,IND110092AAC,Delhi_Shahdara (Delhi),Delhi_Patparganj_DPC (Delhi),3.2222222222222223,1,15.547,1.0,True,True
IND785112AAC,IND785634AAA,Teok_Wardno3_D (Assam),Mariani_Mainroad_D (Assam),3.2195402298850575,2,40.69029999999999,1.0,True,True
IND181152AAB,IND181201AAB,Jammu_Central_I_1 (Jammu & Kashmir),Akhnoor_ThthiCwk_D (Jammu & Kashmir),3.2173913043478257,7,32.1035,1.0,False,True
IND500008AAD,IND501359AAE,Hyderabad_Tolichwk_L (Telangana),Hyderabad_Shamshbd_H (Telangana),3.2164502164502173,6,25.73285,1.0,False,True
IND786001AAB,IND785675AAA,Dibrugarh_Bokule_H (Assam),Moranhat_TiloiDPP_D (Assam),3.214285714285714,3,40.2528,1.0,True,True
IND122001AAA,IND122001AAD,GGN_DPC (Haryana),Gurgaon_Kadipur (Haryana),3.2000000000000006,3,12.6033,1.0,True,True
IND380005AAA,IND382721AAA,Amd_Chandkheda_Dc (Gujarat),Gandhinagar_Kalol_DC (Gujarat),3.2,2,18.5494,1.0,True,True
IND742303AAB,IND741165AAB,Domkal_Central_D_2 (West Bengal),Nazirpur_Central_D_1 (West Bengal),3.1870554765291605,18,53.0193,1.0,False,True
IND712311AAA,IND781018AAB,Kolkata_Dankuni_HB (West Bengal),Guwahati_Hub (Assam),3.186663403630482,8,953.4926499999999,1.0,False,True
IND734214AAB,IND000000AFF,Mirik_WardNo3_D (West Bengal),Darjeeling_Hillcard_DC (West Bengal),3.17948717948718,3,40.4697,1.0,True,True
IND834002AAB,IND825102AAA,Ranchi_Hub (Jharkhand),Phusro_RhmgjDPP_D (Jharkhand),3.174684574684575,3,120.85795,1.0,True,True
IND400015AAB,IND421302AAG,Mumbai_CotnGren_M (Maharashtra),Bhiwandi_Mankoli_HB (Maharashtra),3.1724137931034484,23,42.62,1.0,False,True
IND852139AAB,IND854326AAB,Triveninganj_Central_D_1 (Bihar),Purnia_Central_H_2 (Bihar),3.171052631578948,21,106.6365,1.0,False,True
IND380021AAA,IND382430AAB,AMD_Rakhial (Gujarat),Ahmedabad_East_H_1 (Gujarat),3.1666666666666665,32,16.892349999999997,1.0,False,True
IND786001AAB,IND786171AAA,Dibrugarh_Bokule_H (Assam),Digboi_JyotiNgr_D (Assam),3.1666666666666665,13,71.246,1.0,False,True
IND403002AAA,IND403726AAB,Central Goa (Goa),Goa_ZuariNgr_IP (Goa),3.1666666666666665,1,20.7813,1.0,True,True
IND532222AAA,IND532001AAB,Palasa_Central_DPP_1 (Andhra Pradesh),Srikakulam_Kuslpram_I (Andhra Pradesh),3.1587301587301586,1,88.9962,1.0,True,True
IND742121AAB,IND742121AAA,Nowda_ArhamDPP_D (West Bengal),Nowda_AmtlaDPP_D (West Bengal),3.1538461538461537,16,14.441849999999999,1.0,False,True
IND713205AAB,IND722202AAA,Durgapur_Central_I_1 (West Bengal),Barjora_Central_DPP_1 (West Bengal),3.1527777777777777,4,17.4869,1.0,True,True
IND125001AAA,IND335523AAB,Hisar_ModelTwn_P (Haryana),Nohar_Central_DPP_2 (Rajasthan),3.147557328015952,4,127.0227,1.0,True,True
IND132001AAA,IND132103AAA,Karnal (Haryana),Panipat (Haryana),3.147058823529412,1,38.0852,1.0,True,True
IND400072AAB,IND400015AAA,Mumbai Hub (Maharashtra),Mumbai_CottonGreen_DPC (Maharashtra),3.1470588235294112,60,18.6289,1.0,False,True
IND391110AAD,IND390020AAA,Dabhoi_Central_DPP_3 (Gujarat),Vadodara (Gujarat),3.142857142857143,4,35.69425,1.0,True,True
IND811399AAA,IND110044AAB,Noida_Sector02_C (Uttar Pradesh),Del_Okhla_PC (Delhi),3.138095238095238,40,13.8169,1.0,False,True
IND204215AAA,IND207001AAA,SikandraRao_JydevNGR_D (Uttar Pradesh),Etah_CivlLine_D (Uttar Pradesh),3.1363636363636367,6,32.1965,1.0,False,True
IND695541AAA,IND695012AAA,Nedumangad_Arsprmbu_D (Kerala),Trivandrum_Mnanthla_H (Kerala),3.1333333333333333,1,14.8704,1.0,True,True
IND781354AAA,IND781335AAA,Rangia_HosptlRd_D (Assam),Nalbari_Bhgtpura_D (Assam),3.133333333333333,2,19.553350000000002,1.0,True,True
IND413517AAA,IND431603AAA,Udgir_NlgaonRd_D (Maharashtra),Nanded_Aswningr_I (Maharashtra),3.1294117647058823,1,110.0454,1.0,True,True
IND380005AAA,IND382421AAA,Amd_Chandkheda_Dc (Gujarat),Gandhinagar_DC (Gujarat),3.127777777777778,6,10.66235,1.0,False,True
IND250221AAA,IND251201AAA,Daurala_Sardhnrd_D (Uttar Pradesh),Khatauli_TilakNgr_D (Uttar Pradesh),3.125,1,19.9858,1.0,True,True
IND635601AAB,IND635207AAA,Tiruppattur_KoilStrt_D (Tamil Nadu),Uthangarai_RgstrOFC_D (Tamil Nadu),3.125,1,23.8404,1.0,True,True
IND302014AAB,IND303901AAA,Jaipur_Central_I_7 (Rajasthan),Chaksu_TonkRoad_D (Rajasthan),3.1176470588235294,10,23.92825,1.0,False,True
IND000000AFT,IND410206AAB,Mumbai_Sanpada_I (Maharashtra),Mumbai_Panvel_D (Maharashtra),3.117647058823529,1,20.5299,1.0,True,True
IND431136AAC,IND431001AAA,Aurangabad_Central_H_1 (Maharashtra),Aurangabad (Maharashtra),3.111111111111111,20,13.41015,1.0,False,True
IND609602AAA,IND611001AAA,Karaikal_Thalthru_DC (Pondicherry),Nagapttinm_Sttyapar_D (Tamil Nadu),3.111111111111111,11,21.607,1.0,False,True
IND242221AAA,IND207247AAB,Jalalabad_farukngr_D (Uttar Pradesh),Aliganj_KaimgnjRD_D (Uttar Pradesh),3.10989010989011,5,89.5042,1.0,False,True
IND781003AAA,IND781018AAB,Guwahati_Chandmari (Assam),Guwahati_Hub (Assam),3.1081081081081074,3,28.2131,1.0,True,True
IND201306AAA,IND201301AAF,Noida_Surajpur_DC (Uttar Pradesh),Noida_Sec 02_DPC (Uttar Pradesh),3.1077694235588975,8,17.5018,1.0,False,True
IND400705AAA,IND421302AAH,Mumbai_Sanpada_CP (Maharashtra),Bhiwandi_Mankoli_GW (Maharashtra),3.1075,12,27.251800000000003,1.0,False,True
IND110030AAD,IND000000ACB,Delhi_Kishangarh_DPC (Delhi),Gurgaon_Bilaspur_HB (Haryana),3.106382978723404,7,45.9485,1.0,False,True
IND400072AAB,IND401104AAA,Mumbai Hub (Maharashtra),Mumbai_MiraRd_IP (Maharashtra),3.0921568627450977,72,20.53295,1.0,False,True
IND792120AAB,IND786181AAC,Changlang_Central_D_1 (Arunachal Pradesh),Margherita_CivilHPL_D (Assam),3.088235294117647,3,48.7453,1.0,True,True
IND400064AAB,IND400072AAB,Mumbai_MaladWest_CP (Maharashtra),Mumbai Hub (Maharashtra),3.083916083916084,4,12.6353,1.0,True,True
IND400064AAB,IND400072AAD,Mumbai_MaladWest_CP (Maharashtra),Mumbai_Chndivli_PC (Maharashtra),3.076923076923077,17,13.2933,1.0,False,True
IND733102AAA,IND732103AAB,Balurghat_AkhirDPP_D (West Bengal),Malda_Central_I_3 (West Bengal),3.075,1,108.6367,1.0,True,True
IND854326AAB,IND852113AAA,Purnia_Central_H_2 (Bihar),Madhepura_Krishnpr_D (Bihar),3.074626865671642,1,92.8987,1.0,True,True
IND271210AAA,IND271001AAA,Tulsipur_Central_DPP_1 (Uttar Pradesh),Gonda_KotwaliN_D (Uttar Pradesh),3.073369565217392,12,67.16925,1.0,False,True
IND742401AAA,IND742101AAC,Ghanashyampur_NditaDPP_D (West Bengal),Baharampur_Chuanpur_I (West Bengal),3.067796610169492,5,59.2229,1.0,False,True
IND786125AAA,IND786190AAA,Tinusukia_Chrwpaty_D (Assam),DoomDooma_Pthrgoan_D (Assam),3.0625,7,23.5942,1.0,False,True
IND485001AAC,IND485771AAA,Satna_Central_I_2 (Madhya Pradesh),Maihar_MngalDPP_D (Madhya Pradesh),3.060606060606061,3,43.3326,1.0,True,True
IND852118A1B,IND854326AAB,,Purnia_Central_H_2 (Bihar),3.0588235294117645,1,72.37660000000001,1.0,True,True
IND272207AAB,IND272153AAC,Naugarh_Central_D_1 (Uttar Pradesh),Bansi_GangDPP_D (Uttar Pradesh),3.0588235294117645,3,22.9428,1.0,True,True
IND533106AAA,IND533242AAA,Rajamundry_AtoNgrRd_I (Andhra Pradesh),Razole_Shanthi_D (Andhra Pradesh),3.056027306027306,4,94.4863,1.0,True,True
IND273014AAB,IND274001AAA,Gorakhpur_Matriprm_IP (Uttar Pradesh),Deoria_CCRoad_D (Uttar Pradesh),3.048780487804878,16,56.6973,1.0,False,True
IND700144AAA,IND743395AAA,Baruipur_Bnsibtla_D (West Bengal),Jaynagar_MjlprDPP_D (West Bengal),3.047619047619048,4,22.008850000000002,1.0,True,True
IND384265AAB,IND385340AAB,Patan_Central_D_2 (Gujarat),Radhanpur_Santalpr_D (Gujarat),3.0434782608695654,1,62.0344,1.0,True,True
IND244901AAB,IND244921AAB,Rampur_RoshnBgh_I (Uttar Pradesh),Bilaspur_GrmNgriya_D (Uttar Pradesh),3.0434782608695654,5,28.2658,1.0,False,True
IND586128AAA,IND585104AAA,Sindagi_KalyanNg_D (Karnataka),Gulbarga_Nehrugnj_I (Karnataka),3.0410958904109586,4,92.7846,1.0,True,True
IND131301AAA,IND131028AAB,Gohana_DvlalDPP_D (Haryana),Sonipat_Kundli_H (Haryana),3.0358974358974358,2,55.265699999999995,1.0,True,True
IND574117AAA,IND576201AAA,Uchila_Busstand_D (Karnataka),Kundapura_DC (Karnataka),3.023809523809524,1,53.204800000000006,1.0,True,True
IND854105AAB,IND853204AAA,Katihar_Central_D_2 (Bihar),Naugchia_Vijayght_D (Bihar),3.020408163265306,5,70.35510000000001,1.0,False,True
IND742401AAA,IND742102AAB,Ghanashyampur_NditaDPP_D (West Bengal),Berhampore_Central_I_2 (West Bengal),3.0151515151515156,12,58.929950000000005,1.0,False,True
IND176061AAA,IND160002AAC,Palampur_Cnsrvila_D (Himachal Pradesh),Chandigarh_Mehmdpur_H (Punjab),3.0144210933470865,2,288.7885,1.0,True,True
IND273014AAB,IND273304AAA,Gorakhpur_Matriprm_IP (Uttar Pradesh),Nichlaul_Wardno13_D (Uttar Pradesh),3.0081967213114753,2,86.18065,1.0,True,True
IND700053AAA,IND743513AAA,CCU_New Alipore_DPC (West Bengal),Fatepur_NH117_D (West Bengal),3.0,4,31.329950000000004,1.0,True,True
IND731237AAB,IND731224AAA,Morgram_Kntgorya_D (West Bengal),Rampurhat_SrifoDPP_D (West Bengal),3.0,15,28.0433,1.0,False,True
IND380005AAA,IND382430AAB,Amd_Chandkheda_Dc (Gujarat),Ahmedabad_East_H_1 (Gujarat),3.0,1,27.034,1.0,True,True
IND842001AAA,IND843105AAB,Muzaffrpur_Bbganj_I (Bihar),Dholi_WardNo4_D (Bihar),3.0,20,23.5191,1.0,False,True
IND842001AAA,IND843126AAA,Muzaffrpur_Bbganj_I (Bihar),Saraiya_Wardno4_D (Bihar),3.0,3,26.2572,1.0,True,True
IND532001AAB,IND532421AAA,Srikakulam_Kuslpram_I (Andhra Pradesh),Narasnpeta_HudcoDPP_D (Andhra Pradesh),3.0,19,27.0357,1.0,False,True
IND600056AAB,IND600008AAC,MAA_Poonamallee_HB (Tamil Nadu),Chennai_Egmore_DPC (Tamil Nadu),3.0,32,43.13395,1.0,False,True
IND110064AAA,IND110005AAA,Delhi_Mayapuri_PC (Delhi),Delhi_Todapur_DC (Delhi),3.0,1,10.6435,1.0,True,True
IND209304AAA,IND209101AAA,Kanpur_Central_H_6 (Uttar Pradesh),Akbarpur_NehruNGR_D (Uttar Pradesh),3.0,16,20.869100000000003,0.875,False,True
IND600056AAA,IND602105AAB,Chennai_Poonamallee (Tamil Nadu),Chennai_Sriperumbudur_Dc (Tamil Nadu),3.0,7,16.0988,1.0,False,True
IND508207AAB,IND507002AAA,Miryalguda_Ragvendr_D (Telangana),Khammam_NSTRoad_I (Telangana),3.0,5,88.86810000000001,1.0,False,True
IND302014AAB,IND303303AAA,Jaipur_Central_I_7 (Rajasthan),Dausa_IndraCln_D (Rajasthan),3.0,3,71.5093,1.0,True,True
IND160003AAA,IND160002AAC,Chandigarh (Chandigarh),Chandigarh_Mehmdpur_H (Punjab),3.0,1,44.446,1.0,True,True
IND210427AAA,IND209304AAA,Mahoba_Mlkpura_D (Uttar Pradesh),Kanpur_Central_H_6 (Uttar Pradesh),2.9915254237288136,9,164.1901,1.0,False,True
IND224001AAA,IND224141AAB,Faizabad_TrnspNgr_D (Uttar Pradesh),Gosainganj_Pakrela_D (Uttar Pradesh),2.9886039886039883,13,35.327875,1.0,False,True
IND201301AAM,IND000000ACB,Noida_Sector63_L (Uttar Pradesh),Gurgaon_Bilaspur_HB (Haryana),2.987012987012987,27,79.97489999999999,1.0,False,True
IND845418AAB,IND842001AAA,Dhaka_PchpkrRD_D (Bihar),Muzaffrpur_Bbganj_I (Bihar),2.9851778656126484,2,84.1148,1.0,True,True
IND834002AAB,IND781018AAB,Ranchi_Hub (Jharkhand),Guwahati_Hub (Assam),2.9806949806949805,1,1080.3713,1.0,True,True
IND424006AAA,IND452001AAC,Dhule_MIDCAvdn_I (Maharashtra),Jalgaon_DC (Maharashtra),2.9722222222222223,1,100.5391,1.0,True,True
IND530012AAA,IND531036AAA,Visakhapatnam_Gajuwaka_IP (Andhra Pradesh),Chodavaram_BaljiDPP_D (Andhra Pradesh),2.9722222222222223,1,38.9425,1.0,True,True
IND754142AAA,IND754211AAA,Paradip_Udyabata_D (Orissa),Kendrpara_Kapleswr_D (Orissa),2.9696296296296296,2,37.515950000000004,1.0,True,True
IND804452AAA,IND804420AAA,Masaurhi_Blockrd_D (Bihar),Jehanabad_Madarpur_D (Bihar),2.9621212121212124,6,16.881999999999998,1.0,False,True
IND204101AAA,IND202001AAB,Hathras (Uttar Pradesh),Aligarh_KhirByps_I (Uttar Pradesh),2.961337513061651,2,40.3863,1.0,True,True
IND781018AAB,IND712311AAA,Guwahati_Hub (Assam),Kolkata_Dankuni_HB (West Bengal),2.958766962394345,6,954.9990499999999,1.0,False,True
IND400072AAB,IND421302AAG,Mumbai Hub (Maharashtra),Bhiwandi_Mankoli_HB (Maharashtra),2.958333333333333,63,27.4335,1.0,False,True
IND131028AAB,IND250609AAA,Sonipat_Kundli_H (Haryana),Baghpat_Barout_D (Uttar Pradesh),2.9545454545454546,1,24.9115,1.0,True,True
IND632006AAA,IND632402AAA,Vellore_GndhiNgr_IP (Tamil Nadu),Ranipet_MBTRd_DC (Tamil Nadu),2.9523809523809526,8,23.6773,1.0,False,True
IND826004AAA,IND828205AAA,Dhanbad_Kalynpur_I (Jharkhand),Nirsa_ShantiDPP_D (Jharkhand),2.95,1,28.4319,1.0,True,True
IND570020AAA,IND571301AAA,Mysore_Yadvgiri_IP (Karnataka),Nanjangud_RPRoad_D (Karnataka),2.95,9,28.2456,1.0,False,True
IND224141AAB,IND224122AAA,Gosainganj_Pakrela_D (Uttar Pradesh),Akbarpur_Auliyapr_D (Uttar Pradesh),2.946749226006192,17,27.4807,1.0,False,True
IND712311AAA,IND742101AAC,Kolkata_Dankuni_HB (West Bengal),Baharampur_Chuanpur_I (West Bengal),2.9466398799010953,8,211.84115,1.0,False,True
IND110083AAA,IND110085AAB,Delhi_Mangol_DC (Delhi),Delhi_Rohini_DPC (Delhi),2.9411764705882355,1,14.7983,1.0,True,True
IND400072AAB,IND400015AAB,Mumbai Hub (Maharashtra),Mumbai_CotnGren_M (Maharashtra),2.9411764705882355,1,19.3415,1.0,True,True
IND244901AAB,IND243201AAA,Rampur_RoshnBgh_I (Uttar Pradesh),Baheri_HoliCDPP_D (Uttar Pradesh),2.9365079365079363,1,72.38080000000001,1.0,True,True
IND175018AAA,IND175001AAA,SundarNgr_Bhogpur_D (Himachal Pradesh),Mandi_PlaceCol_D (Himachal Pradesh),2.9333333333333336,16,22.1319,1.0,False,True
IND732202AAA,IND732204AAB,Manikchak_Enayetpr_D (West Bengal),Paranpur_Nijgan_D (West Bengal),2.933333333333333,11,20.4319,1.0,False,True
IND201007AAB,IND201301AAF,Ghaziabad_MohanNgr_C (Uttar Pradesh),Noida_Sec 02_DPC (Uttar Pradesh),2.933333333333333,5,13.0087,1.0,False,True
IND500055AAA,IND500010AAA,Hyd_Trimulgherry_Dc (Telangana),Hyderabad_Alwal_I (Telangana),2.933333333333333,1,12.4969,1.0,True,True
IND431515AAA,IND431517AAB,Parli_JirgeNgr_D (Maharashtra),Ambajogai_BnsllNgr_D (Maharashtra),2.933333333333333,14,21.55975,1.0,False,True
IND306401AAB,IND305001AAC,Pali_Nayagaon_I (Rajasthan),Ajmer_FoySGRRD_I (Rajasthan),2.9311565696302124,20,166.7295,1.0,False,True
IND562108AAA,IND572101AAA,Gauribidanur_Gurukrpa_D (Karnataka),Tumkur_Veersagr_I (Karnataka),2.928765880217786,2,68.21664999999999,1.0,True,True
IND788713AAA,IND788806AAA,Karimganj_Alngjuri_D (Assam),Badarpur_Konapara_D (Assam),2.9230769230769234,10,19.651049999999998,1.0,False,True
IND401104AAB,IND421302AAG,Mumbai_MiraRoad_M (Maharashtra),Bhiwandi_Mankoli_HB (Maharashtra),2.923076923076923,23,28.4647,1.0,False,True
IND742101AAC,IND712311AAA,Baharampur_Chuanpur_I (West Bengal),Kolkata_Dankuni_HB (West Bengal),2.919254658385093,7,218.2368,1.0,False,True
IND332713AAA,IND332709AAA,NeemKaThana_War5DPP_D (Rajasthan),Khandela_PlsrdDPP_D (Rajasthan),2.917067307692308,6,34.84695000000001,1.0,False,True
IND400016AAB,IND400072AAD,Mumbai_MhimWest_C (Maharashtra),Mumbai_Chndivli_PC (Maharashtra),2.9166666666666665,15,14.78,1.0,False,True
IND222001AAA,IND222136AAA,Jaunpur_Katghara_D (Uttar Pradesh),Jalalpur_Mhimapur_D (Uttar Pradesh),2.9166666666666665,1,17.665200000000002,1.0,True,True
IND721133AAA,IND721434AAB,Keshiary_MdnprDPP_D (West Bengal),Manglamaro_Bypassrd_D (West Bengal),2.9147633234028465,2,55.6613,1.0,True,True
IND132103AAA,IND131028AAB,Panipat (Haryana),Sonipat_Kundli_H (Haryana),2.913793103448276,3,59.3272,1.0,True,True
IND121004AAB,IND121002AAA,FBD_Balabhgarh_DPC (Haryana),Faridabad_Old (Haryana),2.909090909090909,1,10.3547,1.0,True,True
IND274304AAB,IND274304AAA,Padrauna_BawliDPPP_D (Uttar Pradesh),Kushinagar_KasyaDPP_D (Uttar Pradesh),2.909090909090909,1,15.9321,1.0,True,True
IND721134AAB,IND712310AAE,Kolaghat_Central_DPP_2 (West Bengal),Kolkata_North_I_4 (West Bengal),2.9074074074074074,1,68.92110000000001,1.0,True,True
IND641607AAA,IND641062AAD,Tirupur_Koliplm_I (Tamil Nadu),Coimbatore_Karayam_H (Tamil Nadu),2.9065628476084537,20,33.912850000000006,1.0,False,True
IND582101AAB,IND580028AAA,Gadag_Cdosclrd_D (Karnataka),Hubli_Adargchi_IP (Karnataka),2.9035615171137836,18,62.06345,1.0,False,True
IND742202AAA,IND712311AAA,Dhulian_RatanDPP_D (West Bengal),Kolkata_Dankuni_HB (West Bengal),2.9034383777277077,2,253.411,1.0,True,True
IND302004AAA,IND302033AAB,Jaipur_NgrNigam_DC (Rajasthan),Jaipur_Central_D_1 (Rajasthan),2.9,1,12.4162,1.0,True,True
IND413517AAA,IND431717AAA,Udgir_NlgaonRd_D (Maharashtra),Degloor_Busstand_D (Maharashtra),2.8998257839721253,2,59.78545,1.0,True,True
IND574211AAA,IND574216AAA,Bantwal_Trmltmpl_D (Karnataka),Dhrmsthala_Beltngdi_D (Karnataka),2.892857142857143,1,40.8913,1.0,True,True
IND530012AAA,IND530043AAA,Visakhapatnam_Gajuwaka_IP (Andhra Pradesh),Visakhapatnam_VislkNgr_DC (Andhra Pradesh),2.888888888888889,13,21.653,1.0,False,True
IND713128AAB,IND731204AAB,Guskhara_Itachnda_D (West Bengal),Bolpur_WebelDPP_D (West Bengal),2.888888888888889,13,24.96,1.0,False,True
IND177033AAA,IND160002AAC,Nadaun_Ward6_D (Himachal Pradesh),Chandigarh_Mehmdpur_H (Punjab),2.886503443374262,18,214.3071,1.0,False,True
IND792130AAB,IND786001AAB,Khonsa_Central_D_1 (Arunachal Pradesh),Dibrugarh_Bokule_H (Assam),2.882427401340283,10,105.39545000000001,1.0,False,True
IND395023AAD,IND395009AAA,Surat_Central_I_4 (Gujarat),Surat_Central_D_12 (Gujarat),2.877083333333333,4,15.74085,1.0,True,True
IND401104AAA,IND400072AAB,Mumbai_MiraRd_IP (Maharashtra),Mumbai Hub (Maharashtra),2.875,31,20.3115,1.0,False,True
IND000000AFT,IND410210AAA,Mumbai_Sanpada_I (Maharashtra),Mumbai_Kharghar_D (Maharashtra),2.875,13,17.6222,1.0,False,True
IND501359AAE,IND500010AAB,Hyderabad_Shamshbd_H (Telangana),Hyderabad_Alwal_L (Telangana),2.871794871794872,33,48.334,1.0,False,True
IND530026AAA,IND531036AAA,Vizag_Gajuwaka (Andhra Pradesh),Chodavaram_BaljiDPP_D (Andhra Pradesh),2.8699596774193545,4,38.5391,1.0,True,True
IND842003AAB,IND483225AAA,Jabalpur_Adhartal_IP (Madhya Pradesh),Sihora_KtnRdDPP_D (Madhya Pradesh),2.8636363636363646,3,34.909699999999994,1.0,True,True
IND784001AAA,IND790114AAA,Tezpur_Mhbhirab_D (Assam),Bhalukpong_Khenewa_D (Arunachal Pradesh),2.862745098039216,1,59.5592,1.0,True,True
IND416012AAA,IND415612AAA,Kolhapur_Shivaji_I (Maharashtra),Ratnagiri_MjgaonRd_D (Maharashtra),2.8608247422680413,10,134.23609999999996,1.0,False,True
IND784110AAA,IND784001AAA,Dhekiajuli_Wardno5_D (Assam),Tezpur_Mhbhirab_D (Assam),2.8600000000000003,2,35.439499999999995,1.0,True,True
IND721139AAC,IND721636AAB,Panskura_Central_D_3 (West Bengal),Tamluk_Central_DPP_2 (West Bengal),2.857142857142857,1,43.314800000000005,1.0,True,True
IND828401AAB,IND826004AAA,Gomoh_KhsmiDPP_D (Jharkhand),Dhanbad_Kalynpur_I (Jharkhand),2.857142857142857,7,29.7511,1.0,False,True
IND572201AAB,IND573103AAA,Tiptur_YTRd_D (Karnataka),Arsikere_HsnRdDPP_D (Karnataka),2.857142857142857,1,30.1455,1.0,True,True
IND733140AAA,IND732103AAA,Gangarampr_FulbaDPP_D (West Bengal),Malda_krshnPly_DC (West Bengal),2.8545454545454545,1,77.8815,1.0,True,True
IND411017AAA,IND412105AAC,PNQ Rahatani DPC (Maharashtra),Pune_North_D_3 (Maharashtra),2.852941176470588,2,17.191950000000002,1.0,True,True
IND732103AAA,IND732138AAA,Malda_krshnPly_DC (West Bengal),Bamangola_Central_D_1 (West Bengal),2.8513513513513518,2,40.13805000000001,1.0,True,True
IND573201AAB,IND573103AAA,Hassan_Pandrnga_I (Karnataka),Arsikere_HsnRdDPP_D (Karnataka),2.85,3,44.1091,1.0,True,True
IND462022AAA,IND466001AAA,Bhopal_Trnsport_H (Madhya Pradesh),Sehore_Mangalam_D (Madhya Pradesh),2.8488372093023253,14,49.6907,1.0,False,True
IND389151AAA,IND457661AAA,Dahod_DC (Gujarat),Jhabua_Ward11_D (Madhya Pradesh),2.8484848484848486,11,43.518800000000006,1.0,False,True
IND852111AAA,IND854311AAA,Simrahi_Bazar_D (Bihar),Araria_Wardn13_D (Bihar),2.8461538461538463,1,74.12110000000001,1.0,True,True
IND562132AAA,IND560002AAA,Bangalore_Nelmngla_H (Karnataka),Bengaluru_KHRoad_I (Karnataka),2.8461538461538463,25,24.5336,0.96,False,True
IND400015AAA,IND400072AAB,Mumbai_CottonGreen_DPC (Maharashtra),Mumbai Hub (Maharashtra),2.8455882352941178,36,17.990000000000002,1.0,False,True
IND804420AAA,IND803101AAA,Jehanabad_Madarpur_D (Bihar),BiharSarif_Soghra_D (Bihar),2.8421052631578947,11,55.2679,1.0,False,True
IND560300AAA,IND560078AAC,Bengaluru_KGAirprt_HB (Karnataka),BLR_JPNagar_Pc (Karnataka),2.841463414634146,16,39.900000000000006,1.0,False,True
IND742102AAB,IND731237AAB,Berhampore_Central_I_2 (West Bengal),Morgram_Kntgorya_D (West Bengal),2.838709677419355,11,42.2272,1.0,False,True
IND712124AAA,IND712103AAA,Hooghly_DC (West Bengal),Hoogly_Bandel_D (West Bengal),2.833333333333333,25,11.6433,1.0,False,True
IND274402AAA,IND274304AAB,Kushinagar_JiswlDPP_D (Uttar Pradesh),Padrauna_BawliDPPP_D (Uttar Pradesh),2.833333333333333,4,17.829,1.0,True,True
IND521225AAB,IND521001AAA,Vijayawada_Rynapadu_H (Andhra Pradesh),Machilipatnam_DC (Andhra Pradesh),2.830188679245283,1,72.8774,1.0,True,True
IND505326AAA,IND505425AAA,Koratla_BhemuDPP_D (Telangana),DhrmpuriTS_HanumDPP_D (Telangana),2.8285714285714287,1,49.0874,1.0,True,True
IND413307AAC,IND413002AAA,Sangola_Central_DPP_3 (Maharashtra),Solapur_Central_I_2 (Maharashtra),2.828125,1,88.20819999999999,1.0,True,True
IND721139AAC,IND721602AAB,Panskura_Central_D_3 (West Bengal),Haldia_Central_D_2 (West Bengal),2.827966101694915,2,70.58865,1.0,True,True
IND530012AAA,IND764001AAC,Visakhapatnam_Gajuwaka_IP (Andhra Pradesh),Jeypore_Kelasahi_D (Orissa),2.8263473053892216,3,231.3367,1.0,True,True
IND474003AAA,IND475661AAB,Gwalior_HrihrNgr_I (Madhya Pradesh),Datia_TownDPP_D (Madhya Pradesh),2.8253968253968256,1,81.44810000000001,1.0,True,True
IND360410AAA,IND360490AAA,Dhoraji_JmnvadRd_DC (Gujarat),Upleta_AdrshSt_DC (Gujarat),2.824175824175825,2,17.15215,1.0,True,True
IND452001AAC,IND425201AAA,Jalgaon_DC (Maharashtra),Bhusawal_Samarth_D (Maharashtra),2.823529411764706,9,23.2065,1.0,False,True
IND791102AAA,IND784168AAB,Pasighat_MissonRd_D (Arunachal Pradesh),Gohpur_Central_D_1 (Assam),2.8217821782178216,1,285.3696,1.0,True,True
IND742149AAA,IND742148AAA,Murshidabad_Sirjudol_D (West Bengal),Lalgola_KrsprDPP_D (West Bengal),2.8214285714285716,14,29.04705,1.0,False,True
IND431603AAA,IND413531AAA,Nanded_Aswningr_I (Maharashtra),Latur_Srnwsngr_D (Maharashtra),2.8210526315789473,4,134.177,1.0,True,True
IND126116AAA,IND131301AAA,,Gohana_DvlalDPP_D (Haryana),2.819672131147541,5,83.2686,1.0,False,True
IND600119AAA,IND600016AAC,Chennai_Sholinganallur_Dc (Tamil Nadu),Chennai_Perungudi_DPC (Tamil Nadu),2.818421052631579,10,21.92385,1.0,False,True
IND852131AAA,IND852201AAA,Supaul_SadrHsptl_D (Bihar),Saharsa_Gangjala_D (Bihar),2.8181818181818183,8,36.0287,1.0,False,True
IND124112AAA,IND125001AAA,Meham_GModDPP_D (Haryana),Hisar_ModelTwn_P (Haryana),2.816161616161616,2,55.8926,1.0,True,True
IND140401AAA,IND000000ACA,Rajpura_DC (Punjab),Ludhiana_MilrGanj_HB (Punjab),2.814814814814815,3,74.1838,1.0,True,True
IND768004AAD,IND768028AAA,Sambalpur_Central_H_2 (Orissa),Bargarh_JJCpxDPP_D (Orissa),2.813793103448276,2,43.97515,1.0,True,True
IND202001AAB,IND207123AAA,Aligarh_KhirByps_I (Uttar Pradesh),Kasganj_BnkrGate_D (Uttar Pradesh),2.8108974358974357,2,71.01745,1.0,True,True
IND160002AAC,IND134203AAA,Chandigarh_Mehmdpur_H (Punjab),Naraingarh_Ward2DPP_D (Haryana),2.810810810810811,1,44.8425,1.0,True,True
IND712311AAA,IND732103AAB,Kolkata_Dankuni_HB (West Bengal),Malda_Central_I_3 (West Bengal),2.800925925925926,3,304.3677,1.0,True,True
IND202001AAC,IND204215AAA,Aligarh_Central_D_2 (Uttar Pradesh),SikandraRao_JydevNGR_D (Uttar Pradesh),2.8001672240802673,4,34.220699999999994,1.0,True,True
IND333031AAA,IND331023AAA,Pilani (Rajasthan),Rajgarh_SadulDPP_D (Rajasthan),2.8,5,39.9622,1.0,False,True
IND712311AAA,IND700053AAA,Kolkata_Dankuni_HB (West Bengal),CCU_New Alipore_DPC (West Bengal),2.8,15,29.399,1.0,False,True
IND686513AAA,IND686507AAA,Mundakayam_Central_D_1 (Kerala),Parakkdavu_KeRoad_D (Kerala),2.8,1,14.0458,1.0,True,True
IND431603AAA,IND413517AAA,Nanded_Aswningr_I (Maharashtra),Udgir_NlgaonRd_D (Maharashtra),2.7976190476190474,1,107.4206,1.0,True,True
IND500080AAB,IND501359AAE,Hyderabad_Chikdply_I (Telangana),Hyderabad_Shamshbd_H (Telangana),2.795454545454545,20,26.205350000000003,1.0,False,True
IND852113AAA,IND852139AAB,Madhepura_Krishnpr_D (Bihar),Triveninganj_Central_D_1 (Bihar),2.7916666666666665,19,35.2712,1.0,False,True
IND802101AAA,IND802119AAA,Buxar_Sarswati_D (Bihar),Dumraon_Nishangr_D (Bihar),2.7916666666666665,14,18.3401,1.0,False,True
IND843329AAB,IND843301AAA,Sheohar_Ward9DPP_D (Bihar),Sitamari_Durma_D (Bihar),2.7894736842105265,13,26.5904,1.0,False,True
IND741121AAA,IND741201AAC,Badkulla_Central_DPP_1 (West Bengal),Ranaghat_ArickDPP_D (West Bengal),2.789473684210526,1,20.7476,1.0,True,True
IND757037AAA,IND756100AAC,Karanjia_Sarubali_D (Orissa),Bhadrak_Central_I_2 (Orissa),2.7831099381901523,12,167.1052,1.0,False,True
IND560067AAC,IND562114AAA,Bengaluru_Kadugodi_D (Karnataka),Hoskote_DC (Karnataka),2.7777777777777777,20,12.649049999999999,1.0,False,True
IND222125AAB,IND222001AAA,Badlapur_Bhaluahi_D (Uttar Pradesh),Jaunpur_Katghara_D (Uttar Pradesh),2.7777777777777777,1,26.3353,1.0,True,True
IND243503AAB,IND244901AAB,Faridpur_ShjnprRD_D (Uttar Pradesh),Rampur_RoshnBgh_I (Uttar Pradesh),2.772727272727273,11,93.7487,1.0,False,True
IND431517AAB,IND411033AAA,Ambajogai_BnsllNgr_D (Maharashtra),Pune_Tathawde_H (Maharashtra),2.768272113943029,12,318.56444999999997,1.0,False,True
IND581110AAE,IND577002AAA,Haveri_GuttalRD_D (Karnataka),Davangere_Central_I_1 (Karnataka),2.763157894736842,4,70.74504999999999,1.0,True,True
IND401104AAA,IND401209AAA,Mumbai_MiraRd_IP (Maharashtra),Mumbai_Virar_DC (Maharashtra),2.761904761904762,1,25.3485,1.0,True,True
IND760003AAB,IND754022AAA,Berhampur_Khajuria_I (Orissa),Tangi_SriDPP_D (Orissa),2.76,1,104.374,1.0,True,True
IND802101AAA,IND802158AAB,Buxar_Sarswati_D (Bihar),Jagdishpur_Wardno13_D (Bihar),2.76,1,70.8523,1.0,True,True
IND713205AAB,IND722101AAA,Durgapur_Central_I_1 (West Bengal),Bankura_KeranDPP_D (West Bengal),2.7594442032132003,2,49.192350000000005,1.0,True,True
IND302004AAA,IND302014AAB,Jaipur_NgrNigam_DC (Rajasthan),Jaipur_Central_I_7 (Rajasthan),2.758928571428571,8,17.668100000000003,1.0,False,True
IND301705AAA,IND123001AAA,Neemrana_Rcocmplx_D (Rajasthan),Narnaul_DC (Haryana),2.7586206896551726,1,41.584,1.0,True,True
IND421302AAG,IND401104AAA,Bhiwandi_Mankoli_HB (Maharashtra),Mumbai_MiraRd_IP (Maharashtra),2.755928853754941,78,28.87475,1.0,False,True
IND425508AAB,IND450331AAA,Raver_Truptingr_D (Maharashtra),Burhanpur_StRoad_D (Madhya Pradesh),2.7529411764705882,16,24.0006,1.0,False,True
IND142026AAA,IND000000ACA,Jagraon_DC (Punjab),Ludhiana_MilrGanj_HB (Punjab),2.75,1,54.4594,1.0,True,True
IND501359AAG,IND000000ACN,Hyderabad_South_R_11 (Telangana),Hyderabad_Mhdiptnm_C (Telangana),2.75,11,25.3848,1.0,False,True
IND500035AAA,IND500039AAC,Hyd_LB-Nagar_Dc (Telangana),Hyderabad_Uppal_I (Telangana),2.75,1,15.0909,1.0,True,True
IND134102AAA,IND174103AAA,Kalka_Pinjore_DC (Haryana),Baddi_ByePass_D (Himachal Pradesh),2.75,16,19.85415,1.0,False,True
IND273155AAA,IND273014AAB,Anandnagar_LohiaDPP_D (Uttar Pradesh),Gorakhpur_Matriprm_IP (Uttar Pradesh),2.75,1,45.4745,1.0,True,True
IND232104AAB,IND233221AAC,Chandauli_ShubsNGR_D (Uttar Pradesh),Aunrihar_Central_D_1 (Uttar Pradesh),2.747171945701357,2,70.1466,1.0,True,True
IND583101AAA,IND583201AAA,Bellary_Dc (Karnataka),Hospet (Karnataka),2.746376811594203,18,64.4048,1.0,False,True
IND441206AAB,IND441603AAA,Brahmapuri_DhnliRth_D (Maharashtra),Chamorshi_Central_DPP_1 (Maharashtra),2.746268656716418,1,88.601,1.0,True,True
IND515201AAA,IND515301AAA,Hindupur_Parigi_D (Andhra Pradesh),Madakasira_RTCStand_D (Andhra Pradesh),2.7456709956709955,14,31.1112,1.0,False,True
IND411033AAA,IND413501AAA,Pune_Tathawde_H (Maharashtra),Osmanabad_Kakdepot_D (Maharashtra),2.7452830188679247,1,276.3396,1.0,True,True
IND787001AAA,IND787057AAA,LakhimpurN_SashPhkn_D (Assam),Dhemaji_WardNo3_D (Assam),2.7429787234042555,8,66.50375,1.0,False,True
IND384205AAA,IND385001AAA,Mehsana_Panchot_IP (Gujarat),Palanpur_DC (Gujarat),2.7419354838709675,1,66.1726,1.0,True,True
IND313001AAB,IND327001AAB,Udaipur_Mangri_I (Rajasthan),Banswara_KhandDPP_D (Rajasthan),2.741721854304636,8,212.60215,1.0,False,True
IND518206AAA,IND518002AAA,Betamcherla_CmtNgRod_D (Andhra Pradesh),Kurnool_AbbasNgr_I (Andhra Pradesh),2.74,1,62.962900000000005,1.0,True,True
IND174103AAA,IND160002AAC,Baddi_ByePass_D (Himachal Pradesh),Chandigarh_Mehmdpur_H (Punjab),2.738461538461538,6,77.22575,1.0,False,True
IND302014AAB,IND302023AAA,Jaipur_Central_I_7 (Rajasthan),Ambabadi_DC (Rajasthan),2.736842105263158,19,25.4572,1.0,False,True
IND500008AAC,IND500084AAB,Hyderabad_Tolichwk_I (Telangana),Hyderabad_Kondapur_D (Telangana),2.736842105263158,1,12.0553,1.0,True,True
IND249407AAA,IND131028AAB,Haridwar (Uttarakhand),Sonipat_Kundli_H (Haryana),2.7338679304500664,18,194.81115,1.0,False,True
IND786184AAA,IND786125AAA,Chabua_CollgeRD_D (Assam),Tinusukia_Chrwpaty_D (Assam),2.7333333333333334,5,21.1488,1.0,False,True
IND441206AAB,IND442605AAA,Brahmapuri_DhnliRth_D (Maharashtra),Gadchiroli_Central_DPP_1 (Maharashtra),2.7333333333333334,7,58.0608,1.0,False,True
IND608001AAA,IND609110AAA,Chidambaram_ARBNorth_DC (Tamil Nadu),Sirkazhi_Pngktgudi_D (Tamil Nadu),2.7333333333333334,7,21.1767,1.0,False,True
IND110078AAA,IND110043AAA,Janakpuri (Delhi),Delhi_Nangli_IP (Delhi),2.732919254658385,14,19.388849999999998,1.0,False,True
IND382721AAA,IND382430AAB,Gandhinagar_Kalol_DC (Gujarat),Ahmedabad_East_H_1 (Gujarat),2.731707317073171,15,43.8054,1.0,False,True
IND221010AAB,IND222001AAA,Varanasi_MahmurGj_IP (Uttar Pradesh),Jaunpur_Katghara_D (Uttar Pradesh),2.731707317073171,1,57.9928,1.0,True,True
IND262122AAB,IND244901AAB,Puranpur_MdothdRD_D (Uttar Pradesh),Rampur_RoshnBgh_I (Uttar Pradesh),2.730702681918677,4,143.9487,1.0,True,True
IND400072AAD,IND421302AAG,Mumbai_Chndivli_PC (Maharashtra),Bhiwandi_Mankoli_HB (Maharashtra),2.727272727272727,99,25.67,1.0,False,True
IND507002AAA,IND507167AAA,Khammam_NSTRoad_I (Telangana),Tallada_PtrlBunk_D (Telangana),2.727272727272727,9,30.7754,1.0,False,True
IND501359AAE,IND500039AAD,Hyderabad_Shamshbd_H (Telangana),Hyderabad_Uppal_L (Telangana),2.727011494252873,6,36.22695,1.0,False,True
IND799250AAA,IND799008AAA,Dharmanagr_Ranakant_D (Tripura),Agartala_Chmpmura_I (Tripura),2.725806451612903,1,171.3245,1.0,True,True
IND110024AAA,IND110014AAA,Delhi_Lajpat_IP (Delhi),Delhi_Bhogal (Delhi),2.723214285714286,6,9.3819,1.0,False,True
IND400011AAA,IND400072AAD,LowerParel_CP (Maharashtra),Mumbai_Chndivli_PC (Maharashtra),2.7222222222222223,53,19.63,1.0,False,True
IND781018AAB,IND788026AAC,Guwahati_Hub (Assam),Silchar_Sirikona_H (Assam),2.7214859437751002,12,341.1541,1.0,False,True
IND245101AAA,IND201007AAA,Hapur_Swargash_D (Uttar Pradesh),GZB_Mohan_Nagar_DPC (Uttar Pradesh),2.719795918367347,2,46.364450000000005,1.0,True,True
IND221401AAA,IND221303AAA,Bhadohi_Rajpura_D (Uttar Pradesh),Gopiganj_Wardno13_D (Uttar Pradesh),2.71875,2,17.918,1.0,True,True
IND787059AAB,IND791102AAA,Silapathar_Hejunagr_D (Assam),Pasighat_MissonRd_D (Arunachal Pradesh),2.718309859154929,1,98.5959,1.0,True,True
IND500039AAD,IND501359AAE,Hyderabad_Uppal_L (Telangana),Hyderabad_Shamshbd_H (Telangana),2.717013888888889,8,36.640299999999996,1.0,False,True
IND125047AAB,IND125050AAA,Hisar_AgrohDPP_D (Haryana),Fatehabad_SirsaDPP_D (Haryana),2.7142857142857144,1,44.6977,1.0,True,True
IND811105AAA,IND803212AAB,Sheikhpura_Bgwtichk_D (Bihar),Bakhtiarpur_BypassRD_D (Bihar),2.7136479591836737,2,66.1587,1.0,True,True
IND631501AAA,IND631003AAA,Kanchipuram_DC (Tamil Nadu),Arakkonam_HousngBd_D (Tamil Nadu),2.7115384615384617,10,28.60865,1.0,False,True
IND505001AAB,IND505209AAA,Karimnagar_KamnHbRD_I (Telangana),Ramagundam_Pdmavati_D (Telangana),2.708333333333333,7,63.4972,1.0,False,True
IND577126AAA,IND577201AAA,Koppa_Sangetha_D (Karnataka),Shimoga_DC (Karnataka),2.707692307692308,1,68.85130000000001,1.0,True,True
IND504215AAA,IND505326AAB,Luxettipet_ShivaDPP_D (Telangana),,2.706896551724138,1,64.6296,1.0,True,True
IND401209AAB,IND421302AAH,Mumbai_Vasai_CP (Maharashtra),Bhiwandi_Mankoli_GW (Maharashtra),2.7058823529411766,19,35.5477,1.0,False,True
IND722202AAA,IND713205AAB,Barjora_Central_DPP_1 (West Bengal),Durgapur_Central_I_1 (West Bengal),2.7058823529411766,1,20.1729,1.0,True,True
IND411033AAA,IND000000AAL,Pune_Tathawde_H (Maharashtra),Pune_PC (Maharashtra),2.703703703703704,17,24.6205,1.0,False,True
IND441912AAA,IND441107AAB,Bhandara_KaremDPP_D (Maharashtra),Savner_Wagodha_D (Maharashtra),2.702702702702702,11,103.6758,1.0,False,True
IND533106AAA,IND533201AAA,Rajamundry_AtoNgrRd_I (Andhra Pradesh),Amalapuram_Vijdurg_D (Andhra Pradesh),2.7011494252873565,1,100.5016,1.0,True,True
IND680587AAA,IND683511AAA,Pazhayannur_AlathurRD_D (Kerala),Aluva_Peedika_H (Kerala),2.7,4,91.67695,1.0,True,True
IND533401AAA,IND533308AAB,Tuni_Eaglvari_D (Andhra Pradesh),Mandapeta_Mainrd_D (Andhra Pradesh),2.698795180722892,1,96.2851,1.0,True,True
IND110085AAB,IND000000ACB,Delhi_Rohini_DPC (Delhi),Gurgaon_Bilaspur_HB (Haryana),2.6984126984126986,7,67.5514,1.0,False,True
IND328001AAA,IND282002AAD,Dholpur_GtRoad_D (Rajasthan),,2.696969696969697,7,61.4633,1.0,False,True
IND000000AAL,IND411033AAA,Pune_PC (Maharashtra),Pune_Tathawde_H (Maharashtra),2.6950000000000003,18,24.50055,1.0,False,True
IND226004AAA,IND226024AAA,Lucknow_Hub (Uttar Pradesh),Lucknow_Aliganj (Uttar Pradesh),2.6923076923076925,1,19.077,1.0,True,True
IND396191AAC,IND396232AAA,Vapi_IndEstat_I (Gujarat),Silvassa_Samrvrni_D (Dadra and Nagar Haveli),2.6923076923076925,17,15.536,1.0,False,True
IND788151AAA,IND788713AAA,Hailakandi_kalibari_D (Assam),Karimganj_Alngjuri_D (Assam),2.6901270772238512,12,46.4666,1.0,False,True
IND246149AAA,IND249407AAA,Kotdwara_Nzbadrd_D (Uttarakhand),Haridwar (Uttarakhand),2.689655172413793,15,74.4466,1.0,False,True
IND395023AAA,IND411033AAA,Surat_HUB (Gujarat),Pune_Tathawde_H (Maharashtra),2.689655172413793,11,394.827,1.0,False,True
IND741156AAA,IND742101AAC,Plassey_BtaiRoad_D (West Bengal),Baharampur_Chuanpur_I (West Bengal),2.6875,8,44.245149999999995,1.0,False,True
IND602024AAA,IND600116AAB,Chennai_Vepmpttu_DC (Tamil Nadu),Chennai_Porur_DPC (Tamil Nadu),2.6842105263157894,4,20.368650000000002,1.0,True,True
IND209304AAA,IND209801AAA,Kanpur_Central_H_6 (Uttar Pradesh),Unnao_VikasRam_D (Uttar Pradesh),2.681818181818182,20,47.52345,0.85,False,True
IND443301AAA,IND443201AAA,Mehkar_SagarDPP_D (Maharashtra),Chikhli_KKndrDPP_D (Maharashtra),2.680947580645161,2,44.5664,1.0,True,True
IND411033AAA,IND410503AAA,Pune_Tathawde_H (Maharashtra),Ambegaon_Manchar_D (Maharashtra),2.6808510638297878,3,58.2686,1.0,True,True
IND110037AAM,IND110024AAA,Delhi_Airport_H (Delhi),Delhi_Lajpat_IP (Delhi),2.68,14,24.7372,1.0,False,True
IND205001AAB,IND209625AAA,Mainpuri_Agraroad_I (Uttar Pradesh),Farrukhbad_Pnchlght_D (Uttar Pradesh),2.6779661016949152,1,65.611,1.0,True,True
IND757024AAA,IND756019AAA,Sankerko_AmbkaDPP_D (Orissa),Balasore_Ganeshwr_D (Orissa),2.677419354838709,1,82.7979,1.0,True,True
IND533106AAA,IND533262AAA,Rajamundry_AtoNgrRd_I (Andhra Pradesh),Draksharamam_Anaipeta_D (Andhra Pradesh),2.6755319148936167,6,53.2187,1.0,False,True
IND301001AAB,IND302014AAA,Alwar_Central_I_1 (Rajasthan),Jaipur_Hub (Rajasthan),2.6730769230769234,2,145.25765,1.0,True,True
IND421302AAG,IND400102AAC,Bhiwandi_Mankoli_HB (Maharashtra),Mumbai_Jogshwri_I (Maharashtra),2.6685185185185185,62,32.98825,1.0,False,True
IND825301AAA,IND825409AAA,Hazaribag_BodomBzr_DC (Jharkhand),JhumriTlya_RadhaCpx_D (Jharkhand),2.6675824175824183,14,58.41405,1.0,False,True
IND174101AAB,IND134102AAA,Nalagarh_Central_DPP_2 (Himachal Pradesh),Kalka_Pinjore_DC (Haryana),2.6666666666666665,1,30.2666,1.0,True,True
IND741101AAB,IND741502AAB,Krishnanagar_AnadiDPP_D (West Bengal),Hanskhali_Central_D_1 (West Bengal),2.6666666666666665,1,16.773400000000002,1.0,True,True
IND421401AAC,IND421601AAB,Murbad_SnkunDPP_D (Maharashtra),Asangaon_Shahapur_D (Maharashtra),2.6666666666666665,11,26.2065,1.0,False,True
IND801103AAA,IND802301AAA,Bihta_ShivNgar_D (Bihar),Arrah_Katira_D (Bihar),2.6666666666666665,11,22.882900000000003,1.0,False,True
IND600044AAD,IND603001AAA,Chennai_Chrompet_DPC (Tamil Nadu),Chennai_Chnglptu_DC (Tamil Nadu),2.664408866995074,12,38.2886,1.0,False,True
IND486001AAA,IND486771AAA,Rewa_Dc (Madhya Pradesh),Churhat_Central_DPP_1 (Madhya Pradesh),2.6642619311875695,2,72.82249999999999,1.0,True,True
IND416510AAA,IND416602AAC,Sawantwadi_LaxmiNgr_D (Maharashtra),Kankavali_NrdawDPP_D (Maharashtra),2.6625,6,53.0293,1.0,False,True
IND783370AAC,IND783301AAA,Kokrajhar_PigonDPP_D (Assam),Dhubri_Tetultol_D (Assam),2.65625,8,67.64439999999999,1.0,False,True
IND713205AAB,IND713303AAA,Durgapur_Central_I_1 (West Bengal),Asansol_DC (West Bengal),2.6538461538461537,5,36.3498,1.0,False,True
IND142001AAB,IND151001AAA,Moga_DPC (Punjab),Bhatinda_DPC (Punjab),2.6515151515151514,1,85.58139999999999,1.0,True,True
IND854326AAB,IND854105AAB,Purnia_Central_H_2 (Bihar),Katihar_Central_D_2 (Bihar),2.65,11,29.4944,1.0,False,True
IND843109AAB,IND842001AAA,Kanti_Central_DPP_2 (Bihar),Muzaffrpur_Bbganj_I (Bihar),2.65,2,14.592749999999999,1.0,True,True
IND273014AAB,IND274301AAB,Gorakhpur_Matriprm_IP (Uttar Pradesh),Kaptanganj_Subshngr_D (Uttar Pradesh),2.6486486486486487,1,52.5431,1.0,True,True
IND245304AAA,IND201007AAA,Pilkhuwa_HapurRD_D (Uttar Pradesh),GZB_Mohan_Nagar_DPC (Uttar Pradesh),2.647058823529412,13,31.869,1.0,False,True
IND313001AAB,IND311001AAA,Udaipur_Mangri_I (Rajasthan),Bhilwara_DC (Rajasthan),2.645454545454545,1,152.546,1.0,True,True
IND261201AAB,IND261001AAA,Biswan_PatelNGR_D (Uttar Pradesh),Sitapur_Chowk_D (Uttar Pradesh),2.6451612903225805,19,37.2152,1.0,False,True
IND751014AAA,IND751002AAB,Bhubaneswar_BjbNgr_DC (Orissa),Bhubaneshwar_Hub (Orissa),2.642857142857143,4,10.69915,1.0,True,True
IND713148AAA,IND713128AAB,Panagarh_Central_D_1 (West Bengal),Guskhara_Itachnda_D (West Bengal),2.638888888888889,17,41.0168,1.0,False,True
IND796081AAA,IND788026AAC,Kolasib_Diakkawn_D (Mizoram),Silchar_Sirikona_H (Assam),2.638888888888889,1,102.1034,1.0,True,True
IND842003AAB,IND483501AAA,Jabalpur_Adhartal_IP (Madhya Pradesh),Katni_Bargawan_DC (Madhya Pradesh),2.6379310344827585,11,80.4201,1.0,False,True
IND570020AAA,IND571602AAA,Mysore_Yadvgiri_IP (Karnataka),Krishnarajngr_JublieRD_D (Karnataka),2.6372549019607843,14,40.865700000000004,1.0,False,True
IND500039AAC,IND500035AAD,Hyderabad_Uppal_I (Telangana),Hyderabad_South_D_12 (Telangana),2.636363636363636,7,13.4239,1.0,False,True
IND742101AAC,IND731237AAB,Baharampur_Chuanpur_I (West Bengal),Morgram_Kntgorya_D (West Bengal),2.6333333333333333,7,42.0135,1.0,False,True
IND600116AAB,IND602024AAA,Chennai_Porur_DPC (Tamil Nadu),Chennai_Vepmpttu_DC (Tamil Nadu),2.6315789473684212,10,21.980150000000002,1.0,False,True
IND508207AAB,IND508206AAA,Miryalguda_Ragvendr_D (Telangana),Kodad_VidyaNgr_D (Telangana),2.628571428571429,1,49.8549,1.0,True,True
IND173220AAA,IND174103AAA,Parwanoo_Central_D_1 (Himachal Pradesh),Baddi_ByePass_D (Himachal Pradesh),2.628571428571429,2,21.279449999999997,1.0,True,True
IND274509AAB,IND274402AAA,Salempur_Banjaria_D (Uttar Pradesh),Kushinagar_JiswlDPP_D (Uttar Pradesh),2.625170068027211,2,57.84385,1.0,True,True
IND411033AAA,IND411014AAA,Pune_Tathawde_H (Maharashtra),PNQ Vadgaon Sheri DPC (Maharashtra),2.625,43,25.9345,1.0,False,True
IND560002AAA,IND560099AAB,Bengaluru_KHRoad_I (Karnataka),Bengaluru_Bomsndra_HB (Karnataka),2.625,18,18.1468,1.0,False,True
IND591307AAC,IND580028AAA,Gokak_Bsavangr_D (Karnataka),Hubli_Adargchi_IP (Karnataka),2.624854045037531,4,125.1754,1.0,True,True
IND000000ACB,IND201301AAM,Gurgaon_Bilaspur_HB (Haryana),Noida_Sector63_L (Uttar Pradesh),2.6202531645569622,39,79.85239999999999,1.0,False,True
IND247667AAB,IND249407AAA,Roorkee_IOTCEncl_L (Uttarakhand),Haridwar (Uttarakhand),2.6189939939939944,2,30.3938,1.0,True,True
IND423109AAA,IND423701AAB,Shirdi_SaiBansi_D (Maharashtra),Vaijiapur_YeolaRD_D (Maharashtra),2.6153846153846154,1,37.5551,1.0,True,True
IND331022A1B,IND331001A1C,,,2.6122448979591835,1,60.9205,1.0,True,True
IND415612AAA,IND415408AAC,Ratnagiri_MjgaonRd_D (Maharashtra),Shirala_Central_DPP_3 (Maharashtra),2.611742424242424,8,117.19865,1.0,False,True
IND841101AAA,IND841207AAB,Sonepur_Sabalpur_D (Bihar),Dighwara_SadarHPL_D (Bihar),2.611111111111111,3,22.268,1.0,True,True
IND788151AAA,IND788806AAA,Hailakandi_kalibari_D (Assam),Badarpur_Konapara_D (Assam),2.611111111111111,1,25.9829,1.0,True,True
IND844101AAB,IND841207AAB,Hajipur_ThaneDPP_D (Bihar),Dighwara_SadarHPL_D (Bihar),2.611111111111111,1,23.8946,1.0,True,True
IND396191AAC,IND421302AAG,Vapi_IndEstat_I (Gujarat),Bhiwandi_Mankoli_HB (Maharashtra),2.609936507936508,8,163.11380000000003,1.0,False,True
IND756019AAA,IND757001AAA,Balasore_Ganeshwr_D (Orissa),Baripada_KalikDPP_D (Orissa),2.608695652173913,1,65.5301,1.0,True,True
IND713205AAB,IND722101AAC,Durgapur_Central_I_1 (West Bengal),Bankura_BhowmDPP_D (West Bengal),2.607843137254902,5,53.2499,1.0,False,True
IND451666AAA,IND424006AAA,Sendhwa_VishnuVhr_D (Madhya Pradesh),Dhule_MIDCAvdn_I (Maharashtra),2.6073471845829572,8,111.6546,1.0,False,True
IND754211AAA,IND754202AAA,Kendrpara_Kapleswr_D (Orissa),Cuttack_SliprDPP_DC (Orissa),2.606060606060606,1,36.1261,1.0,True,True
IND125005AAA,IND335523AAB,Hisar_IndstlAr_I (Haryana),Nohar_Central_DPP_2 (Rajasthan),2.6050420168067228,1,127.9463,1.0,True,True
IND641062AAD,IND643217AAA,Coimbatore_Karayam_H (Tamil Nadu),Kotagiri_CroslySRT_D (Tamil Nadu),2.602311643835616,2,70.01915,1.0,True,True
IND843301AAA,IND843320AAA,Sitamari_Durma_D (Bihar),Pupri_SngihiRD_D (Bihar),2.6,20,28.1768,1.0,False,True
IND515671AAA,IND515591AAA,Dharmavram_SaiNgr_D (Andhra Pradesh),Kadiri_GVManu_D (Andhra Pradesh),2.6,1,79.4562,1.0,True,True
IND670645AAB,IND673592AAA,Mananthavady_Central_D_1 (Kerala),SultnBthry_Kollgpra_D (Kerala),2.598752598752599,6,36.1424,1.0,False,True
IND203390AAA,IND201301AAF,Anupshahar_DcntCLY_D (Uttar Pradesh),Noida_Sec 02_DPC (Uttar Pradesh),2.5958440721649483,20,103.09845,1.0,False,True
IND421302AAG,IND400072AAJ,Bhiwandi_Mankoli_HB (Maharashtra),Mumbai_Tejpal_I (Maharashtra),2.5954545454545457,38,27.46155,1.0,False,True
IND600056AAB,IND600110AAA,MAA_Poonamallee_HB (Tamil Nadu),Chennai_Madhavaram_L (Tamil Nadu),2.5945945945945943,28,45.477850000000004,1.0,False,True
IND742102AAB,IND712311AAA,Berhampore_Central_I_2 (West Bengal),Kolkata_Dankuni_HB (West Bengal),2.59375,4,218.87335000000002,1.0,True,True
IND486889AAA,IND231216AAA,Singrauli_Ward8DPP_D (Madhya Pradesh),Robertsganj_ArtoDPP_D (Uttar Pradesh),2.593406593406593,3,110.3874,1.0,True,True
IND713205AAB,IND723133AAA,Durgapur_Central_I_1 (West Bengal),Rghunthpur_barkarRd_D (West Bengal),2.591549295774648,1,82.39,1.0,True,True
IND574221AAA,IND562132AAA,Kadaba_AnugrDPP_D (Karnataka),Bangalore_Nelmngla_H (Karnataka),2.5903247038174637,6,275.259,1.0,False,True
IND125104AAA,IND125005AAA,Sirsa_AnprnDPP_D (Haryana),Hisar_IndstlAr_I (Haryana),2.5871559633027523,1,152.1319,1.0,True,True
IND712311AAA,IND743235AAA,Kolkata_Dankuni_HB (West Bengal),Bongaon_SukntDPP_D (West Bengal),2.586206896551724,5,79.817,1.0,False,True
IND641062AAD,IND641008AAA,Coimbatore_Karayam_H (Tamil Nadu),Cjb_Kovaipudur_Dc (Tamil Nadu),2.585714285714286,2,37.6824,1.0,True,True
IND121004AAB,IND110037AAM,FBD_Balabhgarh_DPC (Haryana),Delhi_Airport_H (Delhi),2.583333333333333,37,28.2936,1.0,False,True
IND784125AAA,IND784110AAA,Mangaldoi_LNBRoad_D (Assam),Dhekiajuli_Wardno5_D (Assam),2.583333333333333,3,62.4792,1.0,True,True
IND600044AAD,IND600032AAB,Chennai_Chrompet_DPC (Tamil Nadu),Chennai_Hub (Tamil Nadu),2.583333333333333,7,10.5967,1.0,False,True
IND515004AAA,IND515801AAA,Anantapur_KamaStrt_I (Andhra Pradesh),Guntakal_Verpatem_D (Andhra Pradesh),2.581818181818182,2,77.024,1.0,True,True
IND534260AAC,IND533106AAA,Palakollu_CroadDPP_D (Andhra Pradesh),Rajamundry_AtoNgrRd_I (Andhra Pradesh),2.5815312682641727,4,71.5,1.0,True,True
IND413531AAA,IND413517AAA,Latur_Srnwsngr_D (Maharashtra),Udgir_NlgaonRd_D (Maharashtra),2.578557312252965,4,65.23055,1.0,True,True
IND712406AAA,IND712612AAA,Khanakul_Ramnagar_D (West Bengal),Kamarpukur_ChatiDPP_D (West Bengal),2.577777777777778,1,43.541,1.0,True,True
IND505001AAB,IND505184AAC,Karimnagar_KamnHbRD_I (Telangana),Manthani_Chaitnya_D (Telangana),2.571428571428572,3,69.744,1.0,True,True
IND232104AAB,IND232327AAA,Chandauli_ShubsNGR_D (Uttar Pradesh),Gahmar_Wardnor4_D (Uttar Pradesh),2.571428571428572,1,67.4706,1.0,True,True
IND421302AAG,IND421401AAC,Bhiwandi_Mankoli_HB (Maharashtra),Murbad_SnkunDPP_D (Maharashtra),2.5710685483870965,10,42.894499999999994,1.0,False,True
IND742101AAC,IND742202AAA,Baharampur_Chuanpur_I (West Bengal),Dhulian_RatanDPP_D (West Bengal),2.566666666666667,1,83.81660000000001,1.0,True,True
IND679303AAA,IND679531AAA,Sankaramangalam_Central_D_1 (Kerala),Shoranur_KdrShrRd_D (Kerala),2.5647058823529414,14,16.738100000000003,1.0,False,True
IND845401AAA,IND845305AAA,Motihari_RajaBzr_D (Bihar),Raxaul_KairiyaT_D (Bihar),2.563492063492064,22,48.71155,1.0,False,True
IND532001AAB,IND532201AAA,Srikakulam_Kuslpram_I (Andhra Pradesh),Tekkali_AmvdiDPP_D (Andhra Pradesh),2.5609756097560976,1,57.6639,1.0,True,True
IND741126AAB,IND741156AAA,Nakashipara_MaxDPP_D (West Bengal),Plassey_BtaiRoad_D (West Bengal),2.5588235294117645,20,23.83095,1.0,False,True
IND495004AAA,IND495671AAA,Bilaspur_Torwa_DC (Chhattisgarh),Champa_Brplicwk_D (Chhattisgarh),2.558139534883721,1,61.5664,1.0,True,True
IND713205AAB,IND722122AAA,Durgapur_Central_I_1 (West Bengal),Bishnupur_StnRdDPP_D (West Bengal),2.557142857142857,1,80.4067,1.0,True,True
IND781018AAB,IND785612AAB,Guwahati_Hub (Assam),Bokakhat_MlnprDPP_D (Assam),2.5566878139043085,2,263.75815,1.0,True,True
IND401104AAA,IND401208AAA,Mumbai_MiraRd_IP (Maharashtra),Nalasopara (Maharashtra),2.555555555555556,37,23.5,1.0,False,True
IND621802AAA,IND608301AAA,Jayamkondan_Chithbrm_D (Tamil Nadu),Lalpet_PriyrNGR_D (Tamil Nadu),2.555555555555556,10,24.29,1.0,False,True
IND464668AAA,IND462022AAA,Bareli_SourvDPP_D (Madhya Pradesh),Bhopal_Trnsport_H (Madhya Pradesh),2.553571428571429,2,119.1635,1.0,True,True
IND841226AAB,IND841428AAA,Siwan_HnmntNgr_D (Bihar),Gopalganj_GopalDPP_D (Bihar),2.5530303030303028,2,32.21025,1.0,True,True
IND403726AAA,IND416510AAA,Goa_Hub (Goa),Sawantwadi_LaxmiNgr_D (Maharashtra),2.552631578947369,4,76.8261,1.0,True,True
IND736135AAA,IND736165AAA,Dinhata_WrdN4DPP_D (West Bengal),Pundibari_StatonRD_D (West Bengal),2.5526315789473686,5,38.8109,1.0,False,True
IND484661AAE,IND484001AAA,Umaria_Central_DPP_3 (Madhya Pradesh),Shahdol_Sohagpur_D (Madhya Pradesh),2.5488394584139265,2,65.60575,1.0,True,True
IND788026AAC,IND788151AAA,Silchar_Sirikona_H (Assam),Hailakandi_kalibari_D (Assam),2.545454545454546,13,29.7473,1.0,False,True
IND421302AAN,IND400072AAB,GreaterThane_Anjur_C (Maharashtra),Mumbai Hub (Maharashtra),2.5454545454545454,16,27.908,1.0,False,True
IND421302AAG,IND400072AAB,Bhiwandi_Mankoli_HB (Maharashtra),Mumbai Hub (Maharashtra),2.5454545454545454,105,27.3149,1.0,False,True
IND572101AAA,IND562101AAA,Tumkur_Veersagr_I (Karnataka),Chikblapur_ShntiSgr_D (Karnataka),2.5454545454545454,1,84.3502,1.0,True,True
IND144001AAC,IND160002AAC,Jalandhar_Sodal Road (Punjab),Chandigarh_Mehmdpur_H (Punjab),2.544642857142857,15,159.83229999999998,1.0,False,True
IND202001AAB,IND205001AAB,Aligarh_KhirByps_I (Uttar Pradesh),Mainpuri_Agraroad_I (Uttar Pradesh),2.543269230769231,8,136.7223,1.0,False,True
IND600076AAB,IND600032AAB,Chennai_Madhavaram_DPC (Tamil Nadu),Chennai_Hub (Tamil Nadu),2.54093567251462,16,19.4148,1.0,False,True
IND263153AAB,IND263401AAA,Rudrapur_UdhamNgr_H (Uttarakhand),Kashipur_BajprDPP_D (Uttarakhand),2.5384615384615383,1,40.8,1.0,True,True
IND500055AAC,IND501401AAC,Hyderabad_North_D_2 (Telangana),Medchal_MROoffce_D (Telangana),2.5384615384615383,17,15.4876,1.0,False,True
IND262802AAA,IND262723AAB,Gola_BkgnRoad_D (Uttar Pradesh),Dhaurahara_TahsilRD_D (Uttar Pradesh),2.536231884057971,21,92.4517,1.0,False,True
IND160002AAC,IND421302AAG,Chandigarh_Mehmdpur_H (Punjab),Bhiwandi_Mankoli_HB (Maharashtra),2.535964912280701,1,1584.1409,1.0,True,True
IND764001AAC,IND764059AAA,Jeypore_Kelasahi_D (Orissa),Nabarangpr_PhdofDPP_D (Orissa),2.5333333333333337,7,44.0106,1.0,False,True
IND768004AAD,IND768028AAB,Sambalpur_Central_H_2 (Orissa),Bargarh_GurpdDPP_D (Orissa),2.53125,1,44.0923,1.0,True,True
IND209304AAA,IND282001AAA,Kanpur_Central_H_6 (Uttar Pradesh),Agra_Idgah_P (Uttar Pradesh),2.530054644808743,9,259.3381,1.0,False,True
IND781018AAB,IND110037AAM,Guwahati_Hub (Assam),Delhi_Airport_H (Delhi),2.5298563869992443,17,1807.9374,1.0,False,True
IND784168AAB,IND784176AAA,Gohpur_Central_D_1 (Assam),Bishwanath_ChrliDPP_D (Assam),2.5272938443670148,6,58.5142,1.0,False,True
IND400072AAB,IND000000AFT,Mumbai Hub (Maharashtra),Mumbai_Sanpada_I (Maharashtra),2.526315789473684,67,22.367,1.0,False,True
IND451666AAA,IND421302AAG,Sendhwa_VishnuVhr_D (Madhya Pradesh),Bhiwandi_Mankoli_HB (Maharashtra),2.525,2,395.46655,1.0,True,True
IND000000AFT,IND421302AAG,Mumbai_Sanpada_I (Maharashtra),Bhiwandi_Mankoli_HB (Maharashtra),2.523809523809524,15,23.4977,1.0,False,True
IND277211AAA,IND277201AAA,Sahatwar_PnchmDPP_D (Uttar Pradesh),Bariya_BgnprDPP_D (Uttar Pradesh),2.523809523809524,5,23.5575,1.0,False,True
IND591307AAC,IND580002AAA,Gokak_Bsavangr_D (Karnataka),Dharwad_Dc (Karnataka),2.52247191011236,2,95.9118,1.0,True,True
IND521333AAA,IND521225AAB,Kaikaluru_Atapaka_D (Andhra Pradesh),Vijayawada_Rynapadu_H (Andhra Pradesh),2.522388059701492,14,94.2752,1.0,False,True
IND110044AAB,IND201007AAA,Del_Okhla_PC (Delhi),GZB_Mohan_Nagar_DPC (Uttar Pradesh),2.5217391304347827,11,19.7873,1.0,False,True
IND124001AAB,IND126102AAA,Rohtak (Haryana),Jind_DC (Haryana),2.520348837209302,4,60.50635,1.0,True,True
IND174001AAA,IND175018AAA,BilaspurHP_Indsarea_D (Himachal Pradesh),SundarNgr_Bhogpur_D (Himachal Pradesh),2.5185185185185186,15,37.6677,1.0,False,True
IND575004AAB,IND575014AAA,Mangalore_Kuntikna_H (Karnataka),Surathkal_DC (Karnataka),2.5175438596491224,2,19.896349999999998,1.0,True,True
IND246763AAA,IND246761AAA,Najibabad_KotdwrRD_D (Uttar Pradesh),Dhampur_NaginaRD_D (Uttar Pradesh),2.5161290322580645,11,43.7156,1.0,False,True
IND600056AAB,IND600016AAC,MAA_Poonamallee_HB (Tamil Nadu),Chennai_Perungudi_DPC (Tamil Nadu),2.5161290322580645,13,36.7301,1.0,False,True
IND721253AAC,IND721306AAA,ChandroknaRD_Central_DPP_3 (West Bengal),Kharagpur_DC (West Bengal),2.515151515151515,11,52.5072,1.0,False,True
IND140501AAA,IND160002AAC,Lalru_OnkarDPP_D (Punjab),Chandigarh_Mehmdpur_H (Punjab),2.514705882352941,14,19.6787,1.0,False,True
IND470113AAA,IND470117AAA,Bina_Srvdycwk_D (Madhya Pradesh),Khurai_Talaiya_D (Madhya Pradesh),2.5142857142857142,2,20.7331,1.0,True,True
IND302014AAA,IND305001AAC,Jaipur_Hub (Rajasthan),Ajmer_FoySGRRD_I (Rajasthan),2.514150943396227,14,144.8116,1.0,False,True
IND124507AAA,IND131028AAE,Bahadurgarh_DC (Haryana),Sonipat_Central_D_2 (Haryana),2.511627906976744,3,42.099,1.0,True,True
IND303603AAB,IND302014AAB,Renwal_ChomuRD_D (Rajasthan),Jaipur_Central_I_7 (Rajasthan),2.510459089226212,6,87.6323,1.0,False,True
IND110037AAM,IND781018AAB,Delhi_Airport_H (Delhi),Guwahati_Hub (Assam),2.5083459787556905,1,1809.2888,1.0,True,True
IND174101AAB,IND160002AAC,Nalagarh_Central_DPP_2 (Himachal Pradesh),Chandigarh_Mehmdpur_H (Punjab),2.5064935064935066,11,93.2949,1.0,False,True
IND832109AAB,IND834002AAB,Jamshedpur_Central_I_3 (Jharkhand),Ranchi_Hub (Jharkhand),2.505813953488372,22,120.09115,1.0,False,True
IND792110AAA,IND786001AAB,Roing_DibngVly_D (Arunachal Pradesh),Dibrugarh_Bokule_H (Assam),2.505098039215686,2,143.4434,1.0,True,True
IND284403AAA,IND474003AAA,Lalitpur_RjghatRd_D (Uttar Pradesh),Gwalior_HrihrNgr_I (Madhya Pradesh),2.5048076923076925,1,223.2655,1.0,True,True
IND732138AAA,IND733140AAA,Bamangola_Central_D_1 (West Bengal),Gangarampr_FulbaDPP_D (West Bengal),2.500598086124402,2,48.24595,1.0,True,True
IND421302AAG,IND000000AFT,Bhiwandi_Mankoli_HB (Maharashtra),Mumbai_Sanpada_I (Maharashtra),2.5,54,22.6321,1.0,False,True
IND686632AAA,IND686141AAA,Kothanalloor_Majoor_D (Kerala),Vaikom_KotyamRD_D (Kerala),2.5,1,21.8507,1.0,True,True
IND600048AAA,IND600044AAD,Chennai_Vandalur_Dc (Tamil Nadu),Chennai_Chrompet_DPC (Tamil Nadu),2.5,1,11.5396,1.0,True,True
IND462022AAA,IND461001AAA,Bhopal_Trnsport_H (Madhya Pradesh),Hoshangabad_MnRDDPP_D (Madhya Pradesh),2.5,5,72.5534,1.0,False,True
IND760003AAB,IND761020AAA,Berhampur_Khajuria_I (Orissa),Berhampur_Chatrpr_DC (Orissa),2.5,1,20.2236,1.0,True,True
IND712311AAA,IND700026AAC,Kolkata_Dankuni_HB (West Bengal),CCU_Lake Avenue_DPC (West Bengal),2.5,29,33.6401,1.0,False,True
IND742101AAC,IND742303AAB,Baharampur_Chuanpur_I (West Bengal),Domkal_Central_D_2 (West Bengal),2.5,7,38.274,1.0,False,True
IND602024AAA,IND602001AAA,Chennai_Vepmpttu_DC (Tamil Nadu),Chennai_Thiruvlr_DC (Tamil Nadu),2.5,9,16.4017,1.0,False,True
IND444203AAA,IND444005AAB,Shegaon_SChwkDPP_D (Maharashtra),Akola_Gaurkshn_I (Maharashtra),2.5,5,50.5628,1.0,False,True
IND843126AAA,IND842001AAA,Saraiya_Wardno4_D (Bihar),Muzaffrpur_Bbganj_I (Bihar),2.5,11,24.9355,1.0,False,True
IND811213AAA,IND811201AAB,KharagpurBR_Central_DPP_1 (Bihar),Munger_Kaura_D (Bihar),2.5,1,34.1936,1.0,True,True
IND643001AAA,IND643212AAA,Ooty_Davisdle_D (Tamil Nadu),Gudalur_kalmpuza_D (Tamil Nadu),2.5,6,49.01245,1.0,False,True
IND415709AAA,IND416012AAA,Khed_Mahad_D (Maharashtra),Kolhapur_Shivaji_I (Maharashtra),2.496969696969697,5,198.082,1.0,False,True
IND110037AAM,IND201007AAA,Delhi_Airport_H (Delhi),GZB_Mohan_Nagar_DPC (Uttar Pradesh),2.492016806722689,6,30.137050000000002,1.0,False,True
IND277201AAA,IND221706AAA,Bariya_BgnprDPP_D (Uttar Pradesh),Ratanpura_MubarDPP_D (Uttar Pradesh),2.4909090909090907,7,82.2199,1.0,False,True
IND854105AAA,IND853204AAA,Katihar_Shyndco_D (Bihar),Naugchia_Vijayght_D (Bihar),2.4876923076923076,2,72.029,1.0,True,True
IND500010AAA,IND501359AAE,Hyderabad_Alwal_I (Telangana),Hyderabad_Shamshbd_H (Telangana),2.4864864864864864,9,45.2804,1.0,False,True
IND472001AAA,IND474003AAA,Tikamgarh_MndiRoad_D (Madhya Pradesh),Gwalior_HrihrNgr_I (Madhya Pradesh),2.485294117647059,3,225.7194,1.0,True,True
IND483770AAA,IND842003AAB,Barhi_Central_DPP_1 (Madhya Pradesh),Jabalpur_Adhartal_IP (Madhya Pradesh),2.485253709470599,2,131.93885,1.0,True,True
IND583227AAA,IND583201AAA,Gangavathi_PhrmPlza_D (Karnataka),Hospet (Karnataka),2.4838709677419355,1,28.583,1.0,True,True
IND462022AAA,IND842003AAB,Bhopal_Trnsport_H (Madhya Pradesh),Jabalpur_Adhartal_IP (Madhya Pradesh),2.4838709677419355,8,289.2151,1.0,False,True
IND302014AAB,IND304001AAA,Jaipur_Central_I_7 (Rajasthan),Tonk_DC (Rajasthan),2.4833333333333334,1,84.7665,1.0,True,True
IND365560AAB,IND364290AAA,Amreli_Rajula_DC (Gujarat),Bhavnagar_Mahuva_DC (Gujarat),2.4827586206896552,11,39.9877,1.0,False,True
IND401104AAA,IND421302AAG,Mumbai_MiraRd_IP (Maharashtra),Bhiwandi_Mankoli_HB (Maharashtra),2.4823717948717947,14,28.064700000000002,1.0,False,True
IND152123AAA,IND152026AAA,Fazilka_GndhiChk_D (Punjab),Muktsar_DPC (Punjab),2.480769230769231,1,62.9841,1.0,True,True
IND414001AAA,IND411033AAA,AhmedNagar_DC (Maharashtra),Pune_Tathawde_H (Maharashtra),2.480769230769231,1,140.2953,1.0,True,True
IND733128AAA,IND733129AAB,Itahar_NatunDPP_D (West Bengal),Kaliyaganj_Central_DPP_1 (West Bengal),2.479432624113475,2,53.3454,1.0,True,True
IND516101AAA,IND516115AAA,Koduru_MGRoad_D (Andhra Pradesh),Rajampet_RSRoad_D (Andhra Pradesh),2.4791666666666665,18,36.104200000000006,1.0,False,True
IND842001AAA,IND845438AAA,Muzaffrpur_Bbganj_I (Bihar),Bettiah_BypassRd_D (Bihar),2.4782608695652173,5,130.1843,1.0,False,True
IND410401AAA,IND421302AAG,Lonavala_NngrgnRd_D (Maharashtra),Bhiwandi_Mankoli_HB (Maharashtra),2.4776119402985075,9,84.9857,1.0,False,True
IND412210AAC,IND411033AAA,Shirur_Central_DPP_3 (Maharashtra),Pune_Tathawde_H (Maharashtra),2.4761904761904763,2,82.65045,1.0,True,True
IND400701AAB,IND421302AAG,Mumbai_Pawane_L (Maharashtra),Bhiwandi_Mankoli_HB (Maharashtra),2.4750000000000005,26,22.8732,1.0,False,True
IND574211AAA,IND574202AAA,Bantwal_Trmltmpl_D (Karnataka),Puttur_Darbe_DC (Karnataka),2.473684210526316,5,26.3832,1.0,False,True
IND641062AAD,IND643231AAA,Coimbatore_Karayam_H (Tamil Nadu),Coonoor_Fairybnk_D (Tamil Nadu),2.473684210526316,15,70.3282,1.0,False,True
IND211002AAB,IND485001AAC,Allahabad_Central_H_1 (Uttar Pradesh),Satna_Central_I_2 (Madhya Pradesh),2.473684210526316,13,185.3955,1.0,False,True
IND201001AAC,IND000000ACB,Ghaziabad_Central_L_8 (Uttar Pradesh),Gurgaon_Bilaspur_HB (Haryana),2.4705882352941178,1,85.1514,1.0,True,True
IND852118AAA,IND854326AAB,Forbesganj_JhumanCk_D (Bihar),Purnia_Central_H_2 (Bihar),2.4705882352941178,1,72.32,1.0,True,True
IND721434AAB,IND721401AAA,Manglamaro_Bypassrd_D (West Bengal),Contai_Kanakpur_D (West Bengal),2.4699999999999998,2,49.69545,1.0,True,True
IND507002AAA,IND508001AAA,Khammam_NSTRoad_I (Telangana),Nalgonda_HydRoad_DC (Telangana),2.469879518072289,1,115.3405,1.0,True,True
IND507303AAA,IND507002AAA,Sathupally_VidyaNGR_D (Telangana),Khammam_NSTRoad_I (Telangana),2.4685185185185183,18,77.75925000000001,1.0,False,True
IND560064AAD,IND560043AAC,Bengaluru_Bagaluru_D (Karnataka),HBR Layout PC (Karnataka),2.466666666666667,41,13.9561,1.0,False,True
IND458664AAA,IND312403AAA,Neemuch_KarjuDPP_D (Madhya Pradesh),BariSadri_BhmprDPP_D (Rajasthan),2.4666666666666663,7,53.049800000000005,1.0,False,True
IND000000AET,IND000000AAS,Barpeta_ShivBari_D (Assam),Bongaigaon_Chpaguri_D (Assam),2.4646938775510203,8,68.7217,1.0,False,True
IND421302AAG,IND410401AAA,Bhiwandi_Mankoli_HB (Maharashtra),Lonavala_NngrgnRd_D (Maharashtra),2.462686567164179,11,88.8,1.0,False,True
IND210501AAB,IND209304AAA,Bewar_BndhuTRH_D (Uttar Pradesh),Kanpur_Central_H_6 (Uttar Pradesh),2.4615384615384617,16,115.4576,1.0,False,True
IND421302AAG,IND400078AAB,Bhiwandi_Mankoli_HB (Maharashtra),Mumbai_Bhandup West_Dc (Maharashtra),2.4615384615384617,1,16.2015,1.0,True,True
IND360370AAA,IND360410AAA,Jetpur_DC (Gujarat),Dhoraji_JmnvadRd_DC (Gujarat),2.4615384615384617,1,16.2596,1.0,True,True
IND249407AAA,IND246149AAA,Haridwar (Uttarakhand),Kotdwara_Nzbadrd_D (Uttarakhand),2.4596491228070176,18,74.87025,1.0,False,True
IND841405AAA,IND841301AAC,Barauli_SiwanRd_D (Bihar),,2.45945945945946,1,101.5664,1.0,True,True
IND395023AAA,IND421302AAG,Surat_HUB (Gujarat),Bhiwandi_Mankoli_HB (Maharashtra),2.45771144278607,3,266.27840000000003,1.0,True,True
IND401209AAB,IND421302AAG,Mumbai_Vasai_CP (Maharashtra),Bhiwandi_Mankoli_HB (Maharashtra),2.4571428571428573,1,36.4639,1.0,True,True
IND301019AAA,IND123001AAA,Bhiwadi DC (Rajasthan),Narnaul_DC (Haryana),2.4550671550671552,2,77.6375,1.0,True,True
IND421302AAG,IND400015AAA,Bhiwandi_Mankoli_HB (Maharashtra),Mumbai_CottonGreen_DPC (Maharashtra),2.4545454545454546,49,42.771800000000006,1.0,False,True
IND560300AAA,IND560099AAB,Bengaluru_KGAirprt_HB (Karnataka),Bengaluru_Bomsndra_HB (Karnataka),2.4543650793650795,86,52.9165,0.8953488372093024,False,True
IND580028AAA,IND403726AAA,Hubli_Adargchi_IP (Karnataka),Goa_Hub (Goa),2.4532374100719423,13,183.2936,1.0,False,True
IND786190AAA,IND786001AAB,DoomDooma_Pthrgoan_D (Assam),Dibrugarh_Bokule_H (Assam),2.452380952380953,1,59.6186,1.0,True,True
IND124112AAA,IND125005AAA,Meham_GModDPP_D (Haryana),Hisar_IndstlAr_I (Haryana),2.4507246376811596,2,56.3482,1.0,True,True
IND756100AAC,IND758001AAA,Bhadrak_Central_I_2 (Orissa),Kendujhar_Sirjudin_D (Orissa),2.4504270186335404,4,157.98575,1.0,True,True
IND421302AAG,IND400701AAB,Bhiwandi_Mankoli_HB (Maharashtra),Mumbai_Pawane_L (Maharashtra),2.448621553884712,22,22.88125,1.0,False,True
IND517501AAB,IND517644AAA,Tirupati_Balajicly_I (Andhra Pradesh),Sriklahsti_SDKNgr_D (Andhra Pradesh),2.447619047619048,16,39.90905,1.0,False,True
IND792001AAA,IND786001AAB,Tezu_Farmnala_D (Arunachal Pradesh),Dibrugarh_Bokule_H (Assam),2.4473684210526314,1,152.7519,1.0,True,True
IND000000ACB,IND122015AAC,Gurgaon_Bilaspur_HB (Haryana),,2.4449579831932775,2,35.485749999999996,1.0,True,True
IND531116AAA,IND530012AAA,Narsiptnm_Wardno8_D (Andhra Pradesh),Visakhapatnam_Gajuwaka_IP (Andhra Pradesh),2.4444915254237287,4,67.6685,1.0,True,True
IND826001AAC,IND828111AAA,Dhanbad_Central_D_4 (Jharkhand),Dhanbad_Jharia_DC (Jharkhand),2.4444444444444446,1,10.2659,1.0,True,True
IND786171AAA,IND786181AAC,Digboi_JyotiNgr_D (Assam),Margherita_CivilHPL_D (Assam),2.4444444444444446,11,13.3468,1.0,False,True
IND413002AAA,IND421302AAG,Solapur_Central_I_2 (Maharashtra),Bhiwandi_Mankoli_HB (Maharashtra),2.442953020134228,9,397.4751,1.0,False,True
IND474003AAA,IND476111AAA,Gwalior_HrihrNgr_I (Madhya Pradesh),Ambah_MrenTirh_D (Madhya Pradesh),2.4407242063492065,8,70.56045,1.0,False,True
IND302014AAB,IND302004AAA,Jaipur_Central_I_7 (Rajasthan),Jaipur_NgrNigam_DC (Rajasthan),2.4375,25,18.7968,0.96,False,True
IND814133AAA,IND816109AAA,Godda_PushPlza_D (Jharkhand),Sahebganj_BaraLoha_D (Jharkhand),2.4375,1,89.8315,1.0,True,True
IND127201AAA,IND124141AAA,Loharu_BstndDPP_D (Haryana),ChrkhiDdri_PuranDPP_D (Haryana),2.4375,3,48.4122,1.0,True,True
IND814133AAB,IND816109AAA,Godda_Central_D_2 (Jharkhand),Sahebganj_BaraLoha_D (Jharkhand),2.4375,13,90.0153,1.0,False,True
IND395023AAD,IND395001AAA,Surat_Central_I_4 (Gujarat),Surat_Central_D_9 (Gujarat),2.4358974358974357,8,13.718350000000001,1.0,False,True
IND515401AAB,IND515801AAA,Gooty_StatonRd_D (Andhra Pradesh),Guntakal_Verpatem_D (Andhra Pradesh),2.4347826086956523,18,30.4481,1.0,False,True
IND421302AAG,IND400072AAA,Bhiwandi_Mankoli_HB (Maharashtra),Mumbai_Tejpal_M (Maharashtra),2.4347826086956523,29,27.3854,1.0,False,True
IND591307AAC,IND580030AAA,Gokak_Bsavangr_D (Karnataka),Hubli_Dc (Karnataka),2.4343434343434343,1,112.3366,1.0,True,True
IND560300AAA,IND000000ACS,Bengaluru_KGAirprt_HB (Karnataka),BLR_HSR_Layout_PC (Karnataka),2.4318181818181817,1,41.2743,1.0,True,True
IND691551AAA,IND691001AAB,Adoor_Town_D (Kerala),Kollam_Central_H_1 (Kerala),2.431578947368421,20,41.65145,1.0,False,True
IND487551AAA,IND464668AAA,Gadarwara_MPward_D (Madhya Pradesh),Bareli_SourvDPP_D (Madhya Pradesh),2.4285714285714284,7,75.0227,1.0,False,True
IND731204AAB,IND731301AAA,Bolpur_WebelDPP_D (West Bengal),Nanoor_Central_DPP_1 (West Bengal),2.4285714285714284,13,19.0581,1.0,False,True
IND395023AAD,IND395004AAB,Surat_Central_I_4 (Gujarat),Surat_Central_D_3 (Gujarat),2.4285714285714284,17,15.7924,1.0,False,True
IND767017AAA,IND767001AAA,Sonepur_BrezeDPP_D (Orissa),Balangir_Rjndpara_D (Orissa),2.4285714285714284,1,49.4966,1.0,True,True
IND396001AAA,IND395023AAD,Valsad_DC (Gujarat),Surat_Central_I_4 (Gujarat),2.4262295081967213,5,78.87710000000001,1.0,False,True
IND843320AAA,IND847223AAA,Pupri_SngihiRD_D (Bihar),Benipatti_WardNo1_D (Bihar),2.425,8,23.4075,1.0,False,True
IND695012AAA,IND695101AAB,Trivandrum_Mnanthla_H (Kerala),Attingal_Central_D_2 (Kerala),2.4230769230769234,2,28.2589,1.0,True,True
IND577002AAA,IND581110AAE,Davangere_Central_I_1 (Karnataka),Haveri_GuttalRD_D (Karnataka),2.423076923076923,1,72.43780000000001,1.0,True,True
IND362265AAA,IND362720AAA,Veraval_DC (Gujarat),Kodinar_NCplxDPP_D (Gujarat),2.4222222222222225,16,47.8387,1.0,False,True
IND400072AAB,IND400701AAB,Mumbai Hub (Maharashtra),Mumbai_Pawane_L (Maharashtra),2.421052631578948,3,22.2049,1.0,True,True
IND834002AAB,IND826004AAA,Ranchi_Hub (Jharkhand),Dhanbad_Kalynpur_I (Jharkhand),2.4206349206349205,21,168.6713,1.0,False,True
IND781001AAA,IND781018AAB,Guwahati_UzanBazr_DC (Assam),Guwahati_Hub (Assam),2.4204204204204203,10,28.35435,0.8,False,True
IND415605AAA,IND415709AAA,Chiplun_LxmiNiws_D (Maharashtra),Khed_Mahad_D (Maharashtra),2.42,16,33.86665000000001,1.0,False,True
IND515004AAA,IND515411AAA,Anantapur_KamaStrt_I (Andhra Pradesh),Tadipatri_CBRoad_D (Andhra Pradesh),2.419642857142857,2,57.568,1.0,True,True
IND68004AAA,IND678683AAA,Thrissur_Poothole_D (Kerala),Vadakkencherry_Robinson_D (Kerala),2.419590643274854,14,32.89785,1.0,False,True
IND500050AAA,IND501359AAE,Patancheru_Ameenpur_I (Telangana),Hyderabad_Shamshbd_H (Telangana),2.419354838709677,21,36.0739,1.0,False,True
IND282001AAF,IND283122AAB,Agra_Central_D_3 (Uttar Pradesh),Kirauli_AchneraRD_D (Uttar Pradesh),2.418615984405458,18,23.7597,1.0,False,True
IND741123AAB,IND741126AAB,Chapra_NagarDPP_D (West Bengal),Nakashipara_MaxDPP_D (West Bengal),2.4157196969696972,18,43.6723,1.0,False,True
IND521105AAA,IND521333AAA,HanumanJNC_VijywdRD_D (Andhra Pradesh),Kaikaluru_Atapaka_D (Andhra Pradesh),2.41540404040404,4,43.65745,1.0,True,True
IND261001AAA,IND262701AAA,Sitapur_Chowk_D (Uttar Pradesh),Lakhimpur_Maheva_D (Uttar Pradesh),2.4141843971631207,20,50.95265,1.0,False,True
IND302014AAA,IND332404AAA,Jaipur_Hub (Rajasthan),Reengus_Shop2DPP_D (Rajasthan),2.413793103448276,1,81.1182,1.0,True,True
IND462022AAA,IND462011AAA,Bhopal_Trnsport_H (Madhya Pradesh),Bhopal MP Nagar (Madhya Pradesh),2.412587412587413,28,12.66095,1.0,False,True
IND826004AAA,IND828111AAA,Dhanbad_Kalynpur_I (Jharkhand),Dhanbad_Jharia_DC (Jharkhand),2.409090909090909,2,12.9474,1.0,True,True
IND263401AAA,IND244713AAA,Kashipur_BajprDPP_D (Uttarakhand),Kashipur_Vaishali_D (Uttarakhand),2.409090909090909,1,24.3682,1.0,True,True
IND583231AAA,IND583201AAA,Koppal_Banikatt_D (Karnataka),Hospet (Karnataka),2.409090909090909,15,30.2552,1.0,False,True
IND794101AAA,IND781018AAB,Tura_Sracmplx_D (Meghalaya),Guwahati_Hub (Assam),2.408805031446541,9,207.3622,1.0,False,True
IND802158AAB,IND821115AAB,Jagdishpur_Wardno13_D (Bihar),Sasaram_Central_I_2 (Bihar),2.408450704225352,11,86.5783,1.0,False,True
IND572201AAB,IND577101AAA,Tiptur_YTRd_D (Karnataka),Chikmagalur_DC (Karnataka),2.4025974025974026,1,92.4324,1.0,True,True
IND712310AAE,IND711303AAA,Kolkata_North_I_4 (West Bengal),Bagnan_Harop_D (West Bengal),2.402439024390244,18,54.09055,1.0,False,True
IND331507AAA,IND302014AAA,Sujangarh_JngidDPP_D (Rajasthan),Jaipur_Hub (Rajasthan),2.4011976047904198,3,215.9508,1.0,True,True
IND486886AAA,IND486889AAA,Singrauli_Waidhan_D (Madhya Pradesh),Singrauli_Ward8DPP_D (Madhya Pradesh),2.4,7,24.7239,1.0,False,True
IND232104AAB,IND221010AAB,Chandauli_ShubsNGR_D (Uttar Pradesh),Varanasi_MahmurGj_IP (Uttar Pradesh),2.4,1,36.537,1.0,True,True
IND231217AAA,IND231225AAB,Renukoot_Govind_D (Uttar Pradesh),Anpara_Parasi_D (Uttar Pradesh),2.4,7,36.3769,1.0,False,True
IND814112AAA,IND814133AAB,Deoghar_Barmasia_D (Jharkhand),Godda_Central_D_2 (Jharkhand),2.4,7,78.8509,1.0,False,True
IND788026AAC,IND781018AAB,Silchar_Sirikona_H (Assam),Guwahati_Hub (Assam),2.3980801253795674,18,337.37215000000003,1.0,False,True
IND414302AAB,IND411033AAA,Parner_Hindcwk_D (Maharashtra),Pune_Tathawde_H (Maharashtra),2.3962994836488813,2,106.7019,1.0,True,True
IND784001AAA,IND791111AAC,Tezpur_Mhbhirab_D (Assam),Itanagar_WageDPP_D (Arunachal Pradesh),2.394957983193277,3,167.8739,1.0,True,True
IND585401AAA,IND502286AAB,Bidar (Karnataka),Narayankhed_Datatrya_D (Telangana),2.3922291548496877,22,40.773849999999996,1.0,False,True
IND854105AAB,IND851204AAA,Katihar_Central_D_2 (Bihar),Khagaria_GodamDPP_D (Bihar),2.3917693169092944,4,135.0675,1.0,True,True
IND834002AAB,IND829122AAA,Ranchi_Hub (Jharkhand),Ramgarh_HotelPrk_D (Jharkhand),2.390625,14,43.87755,1.0,False,True
IND152116AAA,IND152026AAA,Abohar_DC (Punjab),Muktsar_DPC (Punjab),2.3902439024390243,1,58.2905,1.0,True,True
IND333028AAA,IND333504AAA,Sultana_Central_DPP_1 (Rajasthan),Khetri_NagarDPP_D (Rajasthan),2.388888888888889,1,37.0051,1.0,True,True
IND342902AAA,IND302014AAA,Gotan_DKLogDPP_D (Rajasthan),Jaipur_Hub (Rajasthan),2.3870967741935485,5,244.4337,1.0,False,True
IND466116AAA,IND462022AAA,Ashta_ShantiNg_D (Madhya Pradesh),Bhopal_Trnsport_H (Madhya Pradesh),2.3857142857142857,13,103.4224,1.0,False,True
IND121004AAA,IND121004AAB,Faridabad_Blbgarh_DC (Haryana),FBD_Balabhgarh_DPC (Haryana),2.3833333333333333,10,17.5154,1.0,False,True
IND312605AAB,IND313001AAB,Pratapgarh_Nimachrd_D (Rajasthan),Udaipur_Mangri_I (Rajasthan),2.3823529411764706,7,173.2019,1.0,False,True
IND262001AAA,IND262122AAB,Pilibhit_ViksClny_D (Uttar Pradesh),Puranpur_MdothdRD_D (Uttar Pradesh),2.382056451612903,6,42.7471,1.0,False,True
IND574216AAA,IND575004AAB,Dhrmsthala_Beltngdi_D (Karnataka),Mangalore_Kuntikna_H (Karnataka),2.381572617946346,5,62.029825,1.0,False,True
IND421302AAG,IND444005AAB,Bhiwandi_Mankoli_HB (Maharashtra),Akola_Gaurkshn_I (Maharashtra),2.381195024605727,20,549.995,1.0,False,True
IND276140AAA,IND276129AAA,Jiyanpur_Central_DPP_1 (Uttar Pradesh),Chiraiyakot_KamalDPP_D (Uttar Pradesh),2.3783783783783785,1,40.740300000000005,1.0,True,True
IND248197AAA,IND248122AAB,Dehradun_Selakui_D (Uttarakhand),Mussoorie_BrlwgDPP_D (Uttarakhand),2.377068557919622,16,42.378750000000004,1.0,False,True
IND400612AAA,IND421302AAR,Mumbai_Mumbra_DC (Maharashtra),Mumbai_East_I_21 (Maharashtra),2.375,10,14.38555,1.0,False,True
IND852201AAA,IND852131AAA,Saharsa_Gangjala_D (Bihar),Supaul_SadrHsptl_D (Bihar),2.375,1,34.7827,1.0,True,True
IND686507AAA,IND686513AAA,Parakkdavu_KeRoad_D (Kerala),Mundakayam_Central_D_1 (Kerala),2.375,15,13.0191,1.0,False,True
IND444005AAB,IND443301AAA,Akola_Gaurkshn_I (Maharashtra),Mehkar_SagarDPP_D (Maharashtra),2.375,5,110.207,1.0,False,True
IND756032AAA,IND712311AAA,Jaleswar_NaturDPP_D (Orissa),Kolkata_Dankuni_HB (West Bengal),2.375,9,189.0949,1.0,False,True
IND533201AAA,IND533242AAA,Amalapuram_Vijdurg_D (Andhra Pradesh),Razole_Shanthi_D (Andhra Pradesh),2.373809523809524,2,21.0756,1.0,True,True
IND173025AAA,IND160002AAC,PaontSahib_Gurudwar_D (Himachal Pradesh),Chandigarh_Mehmdpur_H (Punjab),2.3737373737373737,11,106.4389,1.0,False,True
IND244901AAB,IND243002AAA,Rampur_RoshnBgh_I (Uttar Pradesh),Bareilly (Uttar Pradesh),2.3729468599033816,16,60.259299999999996,1.0,False,True
IND341510AAB,IND305001AAC,Merta_Central_DPP_1 (Rajasthan),Ajmer_FoySGRRD_I (Rajasthan),2.3727272727272726,14,73.67715,1.0,False,True
IND210431AAA,IND209304AAA,Rath_Mughlpra_D (Uttar Pradesh),Kanpur_Central_H_6 (Uttar Pradesh),2.369369369369369,5,125.92,1.0,False,True
IND411014AAA,IND411033AAA,PNQ Vadgaon Sheri DPC (Maharashtra),Pune_Tathawde_H (Maharashtra),2.3666666666666667,15,31.003,1.0,False,True
IND271201AAA,IND271210AAA,Balrampur_PBRDDPP_D (Uttar Pradesh),Tulsipur_Central_DPP_1 (Uttar Pradesh),2.3666666666666663,6,29.749250000000004,1.0,False,True
IND380054AAA,IND382430AAB,AMD_Memnagar (Gujarat),Ahmedabad_East_H_1 (Gujarat),2.3639705882352944,24,20.25185,1.0,False,True
IND712103AAA,IND712124AAA,Hoogly_Bandel_D (West Bengal),Hooghly_DC (West Bengal),2.363636363636364,1,11.4154,1.0,True,True
IND462011AAA,IND462022AAA,Bhopal MP Nagar (Madhya Pradesh),Bhopal_Trnsport_H (Madhya Pradesh),2.363636363636364,11,12.6942,1.0,False,True
IND421302AAR,IND400612AAA,Mumbai_East_I_21 (Maharashtra),Mumbai_Mumbra_DC (Maharashtra),2.363636363636364,14,14.2547,1.0,False,True
IND410206AAA,IND000000AFT,Jasai_JNPT_D (Maharashtra),Mumbai_Sanpada_I (Maharashtra),2.363636363636364,13,18.9412,1.0,False,True
IND600056AAB,IND631501AAA,MAA_Poonamallee_HB (Tamil Nadu),Kanchipuram_DC (Tamil Nadu),2.363636363636364,9,44.463,1.0,False,True
IND600016AAA,IND600119AAA,Airport (Tamil Nadu),Chennai_Sholinganallur_Dc (Tamil Nadu),2.3636363636363633,8,18.85755,1.0,False,True
IND531036AAA,IND530012AAA,Chodavaram_BaljiDPP_D (Andhra Pradesh),Visakhapatnam_Gajuwaka_IP (Andhra Pradesh),2.360597439544808,4,40.00965,1.0,True,True
IND144001AAB,IND000000ACA,Jalandhar_DPC (Punjab),Ludhiana_MilrGanj_HB (Punjab),2.358490566037736,23,75.6466,1.0,False,True
IND577002AAA,IND581115AAC,Davangere_Central_I_1 (Karnataka),Ranebennur_SriRmNGR_D (Karnataka),2.357142857142857,19,37.7518,1.0,False,True
IND68004AAA,IND683511AAA,Thrissur_Poothole_D (Kerala),Aluva_Peedika_H (Kerala),2.3564814814814814,10,55.4136,1.0,False,True
IND603301AAA,IND600044AAD,Malemruvathur_Achipkam_D (Tamil Nadu),Chennai_Chrompet_DPC (Tamil Nadu),2.3561705989110706,14,74.9248,1.0,False,True
IND577201AAA,IND577432AAA,Shimoga_DC (Karnataka),Thirthahalli_NadthiCx_D (Karnataka),2.355555555555556,1,62.0251,1.0,True,True
IND000000AFG,IND673632AAA,Tirur_PmthuKlm_D (Kerala),Kozhikode_Central_H_4 (Kerala),2.3541666666666665,3,42.6643,1.0,True,True
IND600056AAB,IND600116AAB,MAA_Poonamallee_HB (Tamil Nadu),Chennai_Porur_DPC (Tamil Nadu),2.353021978021978,22,31.08465,1.0,False,True
IND600008AAC,IND600056AAB,Chennai_Egmore_DPC (Tamil Nadu),MAA_Poonamallee_HB (Tamil Nadu),2.3513513513513518,15,44.1983,1.0,False,True
IND841424AAA,IND841226AAB,Chhapra_Prbhunth_D (Bihar),Siwan_HnmntNgr_D (Bihar),2.3488372093023258,3,62.9374,1.0,True,True
IND562132AAA,IND560066AAB,Bangalore_Nelmngla_H (Karnataka),Bengaluru_Whitefld_L (Karnataka),2.3488372093023253,2,39.636849999999995,1.0,True,True
IND573134AAB,IND573201AAB,Sakleshpur_RgvdrDPP_D (Karnataka),Hassan_Pandrnga_I (Karnataka),2.3479960899315735,14,43.64245,1.0,False,True
IND322241AAA,IND322201AAA,Karauli_HnsChowk_D (Rajasthan),Gangapur_Ward6DPP_D (Rajasthan),2.347826086956522,15,32.3053,1.0,False,True
IND712311AAA,IND834002AAB,Kolkata_Dankuni_HB (West Bengal),Ranchi_Hub (Jharkhand),2.347670250896057,13,393.7804,1.0,False,True
IND518501AAA,IND518124AAA,Nandyal_SrnvsNgr_D (Andhra Pradesh),Bngnpalle_Enkndla_D (Andhra Pradesh),2.3448275862068964,15,37.8146,1.0,False,True
IND575004AAB,IND574117AAA,Mangalore_Kuntikna_H (Karnataka),Uchila_Busstand_D (Karnataka),2.3448275862068964,5,33.8991,1.0,False,True
IND611001AAA,IND610001AAA,Nagapttinm_Sttyapar_D (Tamil Nadu),Thiruvarur_Bypasrd_D (Tamil Nadu),2.34375,10,23.65435,1.0,False,True
IND342902A1B,IND302014AAA,,Jaipur_Hub (Rajasthan),2.342391304347826,9,243.8358,1.0,False,True
IND396191AAC,IND395023AAA,Vapi_IndEstat_I (Gujarat),Surat_HUB (Gujarat),2.3421052631578947,1,104.9843,1.0,True,True
IND305404AAA,IND305001AAC,Kekri_LxmntDPP_D (Rajasthan),Ajmer_FoySGRRD_I (Rajasthan),2.340909090909091,1,97.3513,1.0,True,True
IND721306AAA,IND721507AAA,Kharagpur_DC (West Bengal),Jhargram_UBamdDPP_D (West Bengal),2.3404255319148937,13,50.4425,1.0,False,True
IND273014AAB,IND209304AAA,Gorakhpur_Matriprm_IP (Uttar Pradesh),Kanpur_Central_H_6 (Uttar Pradesh),2.339100346020761,3,391.5147,1.0,True,True
IND834002AAB,IND832109AAB,Ranchi_Hub (Jharkhand),Jamshedpur_Central_I_3 (Jharkhand),2.339080459770115,14,119.87020000000001,1.0,False,True
IND784176AAA,IND781018AAB,Bishwanath_ChrliDPP_D (Assam),Guwahati_Hub (Assam),2.337814610190301,4,236.67995,1.0,True,True
IND212601AAA,IND210001AAA,Fatehpur_Kotwali_D (Uttar Pradesh),Banda_GayatriN_D (Uttar Pradesh),2.335668103448276,16,84.96755,1.0,False,True
IND421302AAG,IND834002AAB,Bhiwandi_Mankoli_HB (Maharashtra),Ranchi_Hub (Jharkhand),2.333494293239684,4,1589.8352499999999,1.0,True,True
IND581320AAA,IND575004AAB,Bhatkal_KmkshBul_D (Karnataka),Mangalore_Kuntikna_H (Karnataka),2.333333333333333,1,137.9959,1.0,True,True
IND752050AAA,IND752056AAA,Khurdha_JatniDPP_D (Orissa),Khurdha_MdhsnDPP_D (Orissa),2.333333333333333,1,9.6907,1.0,True,True
IND382430AAB,IND380015AAB,Ahmedabad_East_H_1 (Gujarat),AMD_Satellite (Gujarat),2.333333333333333,35,15.379,1.0,False,True
IND412105AAC,IND411017AAA,Pune_North_D_3 (Maharashtra),PNQ Rahatani DPC (Maharashtra),2.333333333333333,33,18.0027,1.0,False,True
IND245101AAA,IND245304AAA,Hapur_Swargash_D (Uttar Pradesh),Pilkhuwa_HapurRD_D (Uttar Pradesh),2.333333333333333,15,14.9945,1.0,False,True
IND583201AAA,IND583119AAA,Hospet (Karnataka),Sandur_WrdN1DPP_D (Karnataka),2.333333333333333,9,29.0712,1.0,False,True
IND805110AAD,IND803116AAA,Nawada_Central_DPP_2 (Bihar),Rajgir_PnditNGR_D (Bihar),2.333333333333333,9,24.829,1.0,False,True
IND573116AAA,IND573142AAA,Channaraya_patna_D (Karnataka),Ramanathapura_Central_D_2 (Karnataka),2.333333333333333,1,53.4551,1.0,True,True
IND302014AAB,IND302006AAC,Jaipur_Central_I_7 (Rajasthan),Jaipur_Central_D_10 (Rajasthan),2.333333333333333,22,19.79025,1.0,False,True
IND802301AAA,IND804401AAA,Arrah_Katira_D (Bihar),Arwal_Rozapar_D (Bihar),2.333091436865022,10,70.21005,1.0,False,True
IND600056AAB,IND600032AAB,MAA_Poonamallee_HB (Tamil Nadu),Chennai_Hub (Tamil Nadu),2.328877005347594,52,36.613200000000006,1.0,False,True
IND721212AAA,IND712310AAE,Ghatal_KrshDPP_D (West Bengal),Kolkata_North_I_4 (West Bengal),2.326666666666666,10,100.27135,1.0,False,True
IND135001AAA,IND173025AAA,YamunaNagar_DC (Haryana),PaontSahib_Gurudwar_D (Himachal Pradesh),2.326010101010101,12,58.38055,1.0,False,True
IND500039AAB,IND501301AAC,Hyd_Uppal_Dc (Telangana),Ghatkesar_Central_D_1 (Telangana),2.325,2,13.078050000000001,1.0,True,True
IND600110AAA,IND600056AAB,Chennai_Madhavaram_L (Tamil Nadu),MAA_Poonamallee_HB (Tamil Nadu),2.324324324324324,10,47.44114999999999,1.0,False,True
IND712406AAA,IND712602AAA,Khanakul_Ramnagar_D (West Bengal),Arambag_BalibDPP_D (West Bengal),2.3225806451612905,3,30.8105,1.0,True,True
IND500039AAC,IND508116AAA,Hyderabad_Uppal_I (Telangana),Bhuvanagiri_HBColny_D (Telangana),2.321428571428572,13,36.8972,1.0,False,True
IND341306AAA,IND302014AAA,Sujangarh_LdnunDPP_D (Rajasthan),Jaipur_Hub (Rajasthan),2.3205882352941174,4,216.50555000000003,1.0,True,True
IND793001AAA,IND793150AAA,Shillong (Meghalaya),Jowai_Ldthlabh_D (Meghalaya),2.3171497584541063,2,64.71585,1.0,True,True
IND700053AAA,IND700144AAA,CCU_New Alipore_DPC (West Bengal),Baruipur_Bnsibtla_D (West Bengal),2.3157894736842106,5,29.3944,1.0,False,True
IND781014AAA,IND781102AAA,Guwahati_Jalukbari (Assam),Hajo_Sardala_D (Assam),2.3153594771241828,4,22.766849999999998,1.0,True,True
IND606801AAB,IND632006AAA,Chetpet_Blmrgnst_D (Tamil Nadu),Vellore_GndhiNgr_IP (Tamil Nadu),2.314814814814815,13,64.4629,1.0,False,True
IND472001AAA,IND485001AAC,Tikamgarh_MndiRoad_D (Madhya Pradesh),Satna_Central_I_2 (Madhya Pradesh),2.3142957870615195,16,242.3127,1.0,False,True
IND425406AAA,IND425409AAA,Shindkheda_KakaCplx_D (Maharashtra),Shahada_Nandrbar_D (Maharashtra),2.3142857142857145,1,49.3457,1.0,True,True
IND425405AAA,IND425409AAA,Shirpur_KrantiNgr_D (Maharashtra),Shahada_Nandrbar_D (Maharashtra),2.313725490196078,1,56.0325,1.0,True,True
IND273014AAB,IND273155AAA,Gorakhpur_Matriprm_IP (Uttar Pradesh),Anandnagar_LohiaDPP_D (Uttar Pradesh),2.3125,5,46.0674,1.0,False,True
IND560099AAB,IND560083AAB,Bengaluru_Bomsndra_HB (Karnataka),Bengaluru_Bnnrghta_L (Karnataka),2.3125,1,16.3424,1.0,True,True
IND845455AAB,IND842001AAA,Narktiganj_Central_DPP_2 (Bihar),Muzaffrpur_Bbganj_I (Bihar),2.312,17,169.8487,1.0,False,True
IND400011AAA,IND400072AAB,LowerParel_CP (Maharashtra),Mumbai Hub (Maharashtra),2.3119047619047617,12,16.6303,1.0,False,True
IND411036AAA,IND411033AAA,Pune_Mundhawa_L (Maharashtra),Pune_Tathawde_H (Maharashtra),2.310344827586207,33,28.4677,1.0,False,True
IND360490AAA,IND362001AAA,Upleta_AdrshSt_DC (Gujarat),Junagadh_DPC (Gujarat),2.309220985691574,10,43.13885,1.0,False,True
IND742137AAA,IND742401AAA,Kandi_DohalDPP_D (West Bengal),Ghanashyampur_NditaDPP_D (West Bengal),2.3089743589743588,6,26.84795,1.0,False,True
IND712311AAA,IND421302AAG,Kolkata_Dankuni_HB (West Bengal),Bhiwandi_Mankoli_HB (Maharashtra),2.3087248322147653,5,1884.2165,1.0,False,True
IND302014AAA,IND306401AAB,Jaipur_Hub (Rajasthan),Pali_Nayagaon_I (Rajasthan),2.307726581178005,2,302.1241,1.0,True,True
IND462022AAA,IND462001AAA,Bhopal_Trnsport_H (Madhya Pradesh),Bhopal_Old City (Madhya Pradesh),2.3076923076923075,3,14.5169,1.0,True,True
IND421302AAG,IND400102AAB,Bhiwandi_Mankoli_HB (Maharashtra),Mumbai_Jogeshwri_L (Maharashtra),2.3076923076923075,33,32.8961,1.0,False,True
IND444005AAB,IND421302AAG,Akola_Gaurkshn_I (Maharashtra),Bhiwandi_Mankoli_HB (Maharashtra),2.306996248068859,20,549.66545,1.0,False,True
IND504251AAA,IND504293AAA,Bellmpalli_BasthDPP_D (Telangana),Asifabad_PaikjNGR_D (Telangana),2.305263157894737,2,40.2221,1.0,True,True
IND410206AAB,IND000000AFT,Mumbai_Panvel_D (Maharashtra),Mumbai_Sanpada_I (Maharashtra),2.303308823529412,36,20.45785,1.0,False,True
IND815301AAA,IND814133AAB,Giridih_Shivalya_D (Jharkhand),Godda_Central_D_2 (Jharkhand),2.3025112443778113,4,144.8447,1.0,True,True
IND431136AAC,IND431203AAA,Aurangabad_Central_H_1 (Maharashtra),Jalna_BhgyaNgr_D (Maharashtra),2.3018867924528297,15,74.1863,1.0,False,True
IND416012AAA,IND591237AAB,Kolhapur_Shivaji_I (Maharashtra),Nipani_AkkolRD_D (Karnataka),2.3014705882352944,10,40.43745,1.0,False,True
IND821115AAB,IND821109AAA,Sasaram_Central_I_2 (Bihar),Mohania_Bhabua_D (Bihar),2.3,6,52.990750000000006,1.0,False,True
IND756100AAC,IND758034AAA,Bhadrak_Central_I_2 (Orissa),Joda_Central_D_1 (Orissa),2.298136645962733,13,222.8727,1.0,False,True
IND602001AAB,IND609001AAA,Kumbakonam_Mettu_DC (Tamil Nadu),Mylduthuri_Thiruviz_D (Tamil Nadu),2.2962962962962963,11,36.5822,1.0,False,True
IND441614AAA,IND481001AAA,Gondia_RamNgr_D (Maharashtra),Balaghat_Kosmi_D (Madhya Pradesh),2.2962962962962963,9,38.9986,1.0,False,True
IND243001AAA,IND243503AAB,Bareilly_Central_D_2 (Uttar Pradesh),Faridpur_ShjnprRD_D (Uttar Pradesh),2.2962962962962963,13,27.4398,1.0,False,True
IND274304AAB,IND274301AAB,Padrauna_BawliDPPP_D (Uttar Pradesh),Kaptanganj_Subshngr_D (Uttar Pradesh),2.294117647058824,13,25.0769,1.0,False,True
IND209304AAA,IND110037AAM,Kanpur_Central_H_6 (Uttar Pradesh),Delhi_Airport_H (Delhi),2.2923976608187138,6,467.83875,1.0,False,True
IND562132AAA,IND683511AAA,Bangalore_Nelmngla_H (Karnataka),Aluva_Peedika_H (Kerala),2.2917642466822796,2,483.7976,1.0,True,True
IND384355AAB,IND384205AAA,Vadnagar_BsstdDPP_D (Gujarat),Mehsana_Panchot_IP (Gujarat),2.290322580645161,1,33.387800000000006,1.0,True,True
IND422011AAD,IND421302AAG,Nashik_TgrniaRD_I (Maharashtra),Bhiwandi_Mankoli_HB (Maharashtra),2.288659793814433,21,136.2216,1.0,False,True
IND303106AAA,IND302014AAA,Paota_SmClyDPP_D (Rajasthan),Jaipur_Hub (Rajasthan),2.287280701754386,2,78.13045,1.0,True,True
IND000000ACB,IND125033AAA,Gurgaon_Bilaspur_HB (Haryana),Hansi_DelRdDPP_D (Haryana),2.286087570621469,2,152.07659999999998,1.0,True,True
IND000000AFT,IND410209AAA,Mumbai_Sanpada_I (Maharashtra),Mumbai_Khandeshwar_Dc (Maharashtra),2.2857142857142856,40,17.56525,1.0,False,True
IND110037AAM,IND110035AAC,Delhi_Airport_H (Delhi),Delhi_North_R_8 (Delhi),2.2857142857142856,36,18.3518,0.9166666666666666,False,True
IND122002AAD,IND122503AAA,Gurgaon_Central_D_15 (Haryana),Pataudi_DC (Haryana),2.285,2,29.54775,1.0,True,True
IND421302AAG,IND401104AAB,Bhiwandi_Mankoli_HB (Maharashtra),Mumbai_MiraRoad_M (Maharashtra),2.284900284900285,10,28.802,1.0,False,True
IND000000ACN,IND501359AAF,Hyderabad_Mhdiptnm_C (Telangana),Hyderabad_Shamshbd_P (Telangana),2.284313725490196,16,21.381,1.0,False,True
IND402107AAA,IND402109AAA,Pen_BljiMrkt_D (Maharashtra),Roha_DataSagr_D (Maharashtra),2.283333333333333,18,40.207,1.0,False,True
IND732103AAB,IND733128AAA,Malda_Central_I_3 (West Bengal),Itahar_NatunDPP_D (West Bengal),2.282608695652174,6,62.049350000000004,1.0,False,True
IND175101AAA,IND160002AAC,Kullu_AkhraBzr_D (Himachal Pradesh),Chandigarh_Mehmdpur_H (Punjab),2.2825844205408004,4,284.94085,1.0,True,True
IND505503AAA,IND506164AAA,Mahadevpur_Kataram_D (Telangana),Parkal_AmbedDPP_D (Telangana),2.282051282051282,1,55.3318,1.0,True,True
IND781018AAB,IND784168AAB,Guwahati_Hub (Assam),Gohpur_Central_D_1 (Assam),2.28125,1,299.235,1.0,True,True
IND000000ACB,IND209304AAA,Gurgaon_Bilaspur_HB (Haryana),Kanpur_Central_H_6 (Uttar Pradesh),2.2803738317757007,15,444.1549,1.0,False,True
IND425409AAA,IND425406AAA,Shahada_Nandrbar_D (Maharashtra),Shindkheda_KakaCplx_D (Maharashtra),2.2777777777777777,9,50.2143,1.0,False,True
IND606201AAC,IND605601AAA,Chinnasalem_VkotRoad_D (Tamil Nadu),Villupuram_Thirumtr_IP (Tamil Nadu),2.276315789473684,15,98.1184,1.0,False,True
IND786001AAB,IND786125AAA,Dibrugarh_Bokule_H (Assam),Tinusukia_Chrwpaty_D (Assam),2.2758620689655173,1,41.6915,1.0,True,True
IND131028AAB,IND110037AAM,Sonipat_Kundli_H (Haryana),Delhi_Airport_H (Delhi),2.2758620689655173,7,47.9002,1.0,False,True
IND533401AAA,IND533106AAA,Tuni_Eaglvari_D (Andhra Pradesh),Rajamundry_AtoNgrRd_I (Andhra Pradesh),2.2739726027397262,17,92.659,1.0,False,True
IND814112AAA,IND814133AAA,Deoghar_Barmasia_D (Jharkhand),Godda_PushPlza_D (Jharkhand),2.273652882205514,2,79.6487,1.0,True,True
IND143001AAA,IND144001AAB,Amritsar_DPC (Punjab),Jalandhar_DPC (Punjab),2.272727272727273,19,85.8845,1.0,False,True
IND691305AAA,IND689645AAA,Punalur_PostofJN_D (Kerala),Pthnmthitt_Klskhrpt_D (Kerala),2.269230769230769,15,29.1326,1.0,False,True
IND688524AAA,IND683511AAA,Cherthala_Mulapali_D (Kerala),Aluva_Peedika_H (Kerala),2.269230769230769,7,54.2155,1.0,False,True
IND851127AAA,IND851112AAB,Manjhaul_Purbari_D (Bihar),Barauni_Wardno10_D (Bihar),2.269230769230769,4,32.1446,1.0,True,True
IND560002AAA,IND562132AAA,Bengaluru_KHRoad_I (Karnataka),Bangalore_Nelmngla_H (Karnataka),2.268716577540107,22,26.118949999999998,0.9545454545454546,False,True
IND207247AAB,IND205001AAB,Aliganj_KaimgnjRD_D (Uttar Pradesh),Mainpuri_Agraroad_I (Uttar Pradesh),2.2685185185185186,10,51.43945,1.0,False,True
IND425412AAA,IND425409AAA,Nandurbar_DhuleRd_D (Maharashtra),Shahada_Nandrbar_D (Maharashtra),2.268075639599555,10,39.068650000000005,1.0,False,True
IND332001AAB,IND333031AAA,Sikar_FatehpRd_I (Rajasthan),Pilani (Rajasthan),2.267508865248227,2,109.61735,1.0,True,True
IND401104AAB,IND400072AAB,Mumbai_MiraRoad_M (Maharashtra),Mumbai Hub (Maharashtra),2.2666666666666666,5,20.0807,1.0,False,True
IND581334AAA,IND581343AAC,Honnavar_Prbhtngr_D (Karnataka),Kumta_Central_DPP_2 (Karnataka),2.2656641604010024,2,21.346899999999998,1.0,True,True
IND842001AAA,IND845412AAB,Muzaffrpur_Bbganj_I (Bihar),Chakia_Wardno10_D (Bihar),2.264705882352941,15,49.3673,1.0,False,True
IND126112AAA,IND131028AAB,Safidon_HatRDDPP_D (Haryana),Sonipat_Kundli_H (Haryana),2.2641314553990606,16,89.5139,0.9375,False,True
IND411033AAA,IND431603AAA,Pune_Tathawde_H (Maharashtra),Nanded_Aswningr_I (Maharashtra),2.2639751552795038,15,446.9457,1.0,False,True
IND421302AAG,IND395023AAA,Bhiwandi_Mankoli_HB (Maharashtra),Surat_HUB (Gujarat),2.263157894736842,11,253.549,1.0,False,True
IND600110AAA,IND600056AAD,Chennai_Madhavaram_L (Tamil Nadu),Chennai_Poonamallee_L (Tamil Nadu),2.263157894736842,1,48.5266,1.0,True,True
IND751002AAB,IND562132AAA,Bhubaneshwar_Hub (Orissa),Bangalore_Nelmngla_H (Karnataka),2.262511803588291,13,1423.1406000000002,1.0,False,True
IND263153AAB,IND263139AAA,Rudrapur_UdhamNgr_H (Uttarakhand),Haldwani_PiliKoti_D (Uttarakhand),2.261904761904762,7,35.443400000000004,1.0,False,True
IND577401AAA,IND562132AAA,Sagara_Vardhard_D (Karnataka),Bangalore_Nelmngla_H (Karnataka),2.261744966442953,1,371.1157,1.0,True,True
IND281401AAA,IND121004AAB,Chhata_GvrdnDPP_D (Uttar Pradesh),FBD_Balabhgarh_DPC (Haryana),2.261538461538461,3,92.8921,1.0,True,True
IND126102AAA,IND126116AAA,Jind_DC (Haryana),,2.260869565217391,5,32.845,1.0,False,True
IND803101AAA,IND805110AAD,BiharSarif_Soghra_D (Bihar),Nawada_Central_DPP_2 (Bihar),2.260869565217391,9,32.2741,1.0,False,True
IND413307AAB,IND413304AAA,Sangola_Central_DPP_2 (Maharashtra),Pandharpur_RajCmplx_D (Maharashtra),2.260869565217391,3,32.9096,1.0,True,True
IND124507AAA,IND131028AAB,Bahadurgarh_DC (Haryana),Sonipat_Kundli_H (Haryana),2.260869565217391,9,36.9301,1.0,False,True
IND631003AAA,IND600056AAB,Arakkonam_HousngBd_D (Tamil Nadu),MAA_Poonamallee_HB (Tamil Nadu),2.2601214574898787,10,41.84395,1.0,False,True
IND786001AAB,IND792103AAB,Dibrugarh_Bokule_H (Assam),Namsai_HelipadRD_D (Arunachal Pradesh),2.259259259259259,1,112.6654,1.0,True,True
IND842003AAB,IND480886AAA,Jabalpur_Adhartal_IP (Madhya Pradesh),Lakhnadon_Central_DPP_1 (Madhya Pradesh),2.257575757575758,8,93.5346,1.0,False,True
IND423701AAB,IND422011AAD,Vaijiapur_YeolaRD_D (Maharashtra),Nashik_TgrniaRD_I (Maharashtra),2.2550154320987654,18,110.30085,1.0,False,True
IND586101AAA,IND416404AAA,Bijapur_KirtiNgr_D (Karnataka),Jath_Shivprsad_D (Maharashtra),2.2519762845849804,4,62.198,1.0,True,True
IND530012AAC,IND501359AAE,Vizag_Gajuwaka_L (Andhra Pradesh),Hyderabad_Shamshbd_H (Telangana),2.250574712643678,1,603.5103,1.0,True,True
IND723202AAA,IND713205AAB,Jhalda_GMukrDPP_D (West Bengal),Durgapur_Central_I_1 (West Bengal),2.250156739811912,14,195.4612,1.0,False,True
IND470004AAA,IND470113AAA,Sagar_Bahreya_I (Madhya Pradesh),Bina_Srvdycwk_D (Madhya Pradesh),2.25,2,82.45490000000001,1.0,True,True
IND600116AAB,IND600056AAA,Chennai_Porur_DPC (Tamil Nadu),Chennai_Poonamallee (Tamil Nadu),2.25,3,11.5534,1.0,True,True
IND854335AAA,IND852111AAA,Narpatganj_Central_DPP_1 (Bihar),Simrahi_Bazar_D (Bihar),2.25,11,28.8529,1.0,False,True
IND689503AAB,IND683511AAA,Manthuka_Central_D_1 (Kerala),Aluva_Peedika_H (Kerala),2.25,1,125.4579,1.0,True,True
IND561207AAB,IND572101AAA,Bagepalli_TBCross_D (Karnataka),Tumkur_Veersagr_I (Karnataka),2.25,1,115.9037,1.0,True,True
IND764020AAC,IND764001AAC,Koraput_GhtimDPP_D (Orissa),Jeypore_Kelasahi_D (Orissa),2.25,1,17.1324,1.0,True,True
IND205001AAB,IND209721AAB,Mainpuri_Agraroad_I (Uttar Pradesh),Chhibramau_Bhainpura_D (Uttar Pradesh),2.25,10,52.995850000000004,1.0,False,True
IND521001AAA,IND521225AAB,Machilipatnam_DC (Andhra Pradesh),Vijayawada_Rynapadu_H (Andhra Pradesh),2.25,5,74.22810000000001,1.0,False,True
IND505327AAA,IND505425AAA,Jagtial_Aravind_D (Telangana),DhrmpuriTS_HanumDPP_D (Telangana),2.25,7,28.297,1.0,False,True
IND731224AAA,IND742147AAA,Rampurhat_SrifoDPP_D (West Bengal),Khargram_BoiDPP_D (West Bengal),2.25,11,29.1167,1.0,False,True
IND533242AAA,IND533201AAA,Razole_Shanthi_D (Andhra Pradesh),Amalapuram_Vijdurg_D (Andhra Pradesh),2.2476190476190476,2,21.0233,1.0,True,True
IND580028AAA,IND421302AAG,Hubli_Adargchi_IP (Karnataka),Bhiwandi_Mankoli_HB (Maharashtra),2.247240618101545,2,616.7914,1.0,True,True
IND301001AAB,IND321606AAA,Alwar_Central_I_1 (Rajasthan),Kherli_GodamDPP_D (Rajasthan),2.246376811594203,3,77.25160000000001,1.0,True,True
IND160002AAC,IND562132AAA,Chandigarh_Mehmdpur_H (Punjab),Bangalore_Nelmngla_H (Karnataka),2.244365361803084,1,2326.1991000000003,1.0,True,True
IND416602AAC,IND411033AAA,Kankavali_NrdawDPP_D (Maharashtra),Pune_Tathawde_H (Maharashtra),2.243150684931507,7,357.5046,1.0,False,True
IND450331AAA,IND452001AAC,Burhanpur_StRoad_D (Madhya Pradesh),Jalgaon_DC (Maharashtra),2.242857142857143,13,96.8774,1.0,False,True
IND600016AAC,IND600056AAB,Chennai_Perungudi_DPC (Tamil Nadu),MAA_Poonamallee_HB (Tamil Nadu),2.242424242424242,1,36.8879,1.0,True,True
IND754022AAA,IND751002AAB,Tangi_SriDPP_D (Orissa),Bhubaneshwar_Hub (Orissa),2.2413273001508296,2,69.20005,1.0,True,True
IND575004AAB,IND562132AAA,Mangalore_Kuntikna_H (Karnataka),Bangalore_Nelmngla_H (Karnataka),2.238,4,334.09995000000004,1.0,True,True
IND160002AAC,IND147101AAA,Chandigarh_Mehmdpur_H (Punjab),Samana_PODPP_D (Punjab),2.23728813559322,9,73.8163,1.0,False,True
IND382430AAB,IND380054AAA,Ahmedabad_East_H_1 (Gujarat),AMD_Memnagar (Gujarat),2.235294117647059,40,19.674999999999997,1.0,False,True
IND400701AAA,IND410206AAA,Mumbai_Ghansoli_DC (Maharashtra),Jasai_JNPT_D (Maharashtra),2.235294117647059,17,23.4411,1.0,False,True
IND503111AAC,IND501359AAE,Kamareddy_Devenply_I (Telangana),Hyderabad_Shamshbd_H (Telangana),2.233009708737864,13,137.8776,1.0,False,True
IND679322AAA,IND673639AAA,Printhlmna_EmsPnmbi_D (Kerala),Areacode_Puthalam_D (Kerala),2.230769230769231,1,39.0028,1.0,True,True
IND413709AAA,IND423701AAB,Shrirampur_DavkharRd_D (Maharashtra),Vaijiapur_YeolaRD_D (Maharashtra),2.230769230769231,3,42.5732,1.0,True,True
IND686513AAA,IND686540AAA,Mundakayam_Central_D_1 (Kerala),Karukachal_MnimlaRd_D (Kerala),2.2285714285714286,8,39.8562,1.0,False,True
IND742226AAA,IND742102AAB,Sagardighi_UtBzrDPP_D (West Bengal),Berhampore_Central_I_2 (West Bengal),2.2285714285714286,13,33.2894,1.0,False,True
IND803116AAA,IND803108AAB,Rajgir_PnditNGR_D (Bihar),Chandi_SH78_D (Bihar),2.2285714285714286,13,40.590900000000005,1.0,False,True
IND458990AAA,IND312605AAB,Sitamau_Central_DPP_1 (Madhya Pradesh),Pratapgarh_Nimachrd_D (Rajasthan),2.228448275862069,10,61.84595,1.0,False,True
IND152101AAA,IND152026AAA,Giddarbaha_DC (Punjab),Muktsar_DPC (Punjab),2.2272727272727275,2,46.7525,1.0,True,True
IND521185AAA,IND521225AAB,Nandigama_Chndrlpd_D (Andhra Pradesh),Vijayawada_Rynapadu_H (Andhra Pradesh),2.227272727272727,7,58.609300000000005,1.0,False,True
IND516115AAA,IND517501AAB,Rajampet_RSRoad_D (Andhra Pradesh),Tirupati_Balajicly_I (Andhra Pradesh),2.227272727272727,17,90.1461,1.0,False,True
IND600032AAB,IND600076AAB,Chennai_Hub (Tamil Nadu),Chennai_Madhavaram_DPC (Tamil Nadu),2.2270833333333333,42,16.612000000000002,0.9761904761904762,False,True
IND842001AAA,IND848114AAA,Muzaffrpur_Bbganj_I (Bihar),DalsinghSarai_Wardno13_D (Bihar),2.2270408163265305,20,69.05475,1.0,False,True
IND523002AAA,IND523316AAB,Ongole_SubhVRTL_I (Andhra Pradesh),Markapur_VidyaNgr_D (Andhra Pradesh),2.225,1,93.528,1.0,True,True
IND431136AAC,IND431122AAA,Aurangabad_Central_H_1 (Maharashtra),Beed_JalnaRd_D (Maharashtra),2.224489795918368,9,137.81779999999998,1.0,False,True
IND584128AAA,IND583121AAA,Sindhanur_VasaviNg_D (Karnataka),Siruguppa_Wrd12DPP_D (Karnataka),2.224308300395257,2,32.5108,1.0,True,True
IND509103AAB,IND518002AAA,Wanaparthy_VallaDPP_D (Telangana),Kurnool_AbbasNgr_I (Andhra Pradesh),2.2241379310344827,9,76.4494,1.0,False,True
IND201304AAA,IND201301AAF,Noida_Sec-83_DC (Uttar Pradesh),Noida_Sec 02_DPC (Uttar Pradesh),2.2225274725274726,18,11.4633,1.0,False,True
IND854335AAA,IND852118A1B,Narpatganj_Central_DPP_1 (Bihar),,2.2222222222222223,1,26.7262,1.0,True,True
IND000000AFJ,IND695572AAB,Trivandrum_Pettah_D (Kerala),Kallikkad_Mutyvila_D (Kerala),2.2222222222222223,1,22.1852,1.0,True,True
IND627401AAA,IND627005AAA,Ambasamdrm_Solaiprm_D (Tamil Nadu),Tirunelveli_VdkkuSrt_I (Tamil Nadu),2.2222222222222223,13,38.1062,1.0,False,True
IND562132AAA,IND712311AAA,Bangalore_Nelmngla_H (Karnataka),Kolkata_Dankuni_HB (West Bengal),2.221897810218978,3,1851.2411,1.0,True,True
IND421302AAG,IND400015AAB,Bhiwandi_Mankoli_HB (Maharashtra),Mumbai_CotnGren_M (Maharashtra),2.21875,31,42.4891,1.0,False,True
IND506167AAB,IND501359AAE,Jangaon_Hanmkond_D (Telangana),Hyderabad_Shamshbd_H (Telangana),2.2183133322373827,16,109.03565,1.0,False,True
IND781018AAB,IND785001AAA,Guwahati_Hub (Assam),Jorhat_RicMilRd_D (Assam),2.2180984933510186,2,331.44264999999996,1.0,True,True
IND413501AAA,IND411033AAA,Osmanabad_Kakdepot_D (Maharashtra),Pune_Tathawde_H (Maharashtra),2.2180094786729856,1,277.2859,1.0,True,True
IND845455AAB,IND845418AAB,Narktiganj_Central_DPP_2 (Bihar),Dhaka_PchpkrRD_D (Bihar),2.217391304347826,3,113.3441,1.0,True,True
IND424006AAA,IND421302AAG,Dhule_MIDCAvdn_I (Maharashtra),Bhiwandi_Mankoli_HB (Maharashtra),2.2170731707317075,8,284.77470000000005,1.0,False,True
IND505001AAB,IND504251AAA,Karimnagar_KamnHbRD_I (Telangana),Bellmpalli_BasthDPP_D (Telangana),2.216867469879518,1,109.7287,1.0,True,True
IND756019AAA,IND757025AAA,Balasore_Ganeshwr_D (Orissa),Betnoti_MhliaDPP_D (Orissa),2.216666666666667,8,27.3447,1.0,False,True
IND209304AAA,IND212601AAA,Kanpur_Central_H_6 (Uttar Pradesh),Fatehpur_Kotwali_D (Uttar Pradesh),2.2164179104477615,16,96.66810000000001,0.9375,False,True
IND201007AAA,IND245304AAA,GZB_Mohan_Nagar_DPC (Uttar Pradesh),Pilkhuwa_HapurRD_D (Uttar Pradesh),2.216216216216216,11,32.4253,1.0,False,True
IND821115AAB,IND802101AAA,Sasaram_Central_I_2 (Bihar),Buxar_Sarswati_D (Bihar),2.215675675675676,6,84.54055,1.0,False,True
IND460001AAA,IND480334AAA,Betul_PatelWrd_D (Madhya Pradesh),Pandhurna_Mataward_D (Madhya Pradesh),2.2153846153846155,21,86.709,1.0,False,True
IND781014AAA,IND781124AAA,Guwahati_Jalukbari (Assam),Chhaygaon_GwhRDDPP_D (Assam),2.215217391304348,8,33.03685,1.0,False,True
IND501359AAE,IND533106AAA,Hyderabad_Shamshbd_H (Telangana),Rajamundry_AtoNgrRd_I (Andhra Pradesh),2.2142857142857144,12,421.56845,1.0,False,True
IND382430AAB,IND382345AAA,Ahmedabad_East_H_1 (Gujarat),Amdavad_East (Gujarat),2.2113970588235294,34,20.07595,1.0,False,True
IND302014AAA,IND303702AAB,Jaipur_Hub (Rajasthan),Chomu_ShsmlDPP_D (Rajasthan),2.210526315789474,9,51.705,1.0,False,True
IND110037AAM,IND131028AAB,Delhi_Airport_H (Delhi),Sonipat_Kundli_H (Haryana),2.210526315789474,1,44.0332,1.0,True,True
IND585211AAA,IND585104AAA,Chittapur_GlbrgaRD_D (Karnataka),Gulbarga_Nehrugnj_I (Karnataka),2.210526315789474,3,47.5274,1.0,True,True
IND242307AAB,IND207247AAB,Tilhar_SingCLNY_D (Uttar Pradesh),Aliganj_KaimgnjRD_D (Uttar Pradesh),2.210526315789474,5,139.6498,1.0,False,True
IND248122AAB,IND248001AAA,Mussoorie_BrlwgDPP_D (Uttarakhand),Dehradun (Uttarakhand),2.210526315789474,15,35.2443,1.0,False,True
IND411033AAA,IND411021AAA,Pune_Tathawde_H (Maharashtra),PNQ Pashan DPC (Maharashtra),2.208333333333333,34,11.18675,0.8235294117647058,False,True
IND476001AAA,IND476111AAA,Morena_Prjapati_D (Madhya Pradesh),Ambah_MrenTirh_D (Madhya Pradesh),2.208333333333333,1,34.6501,1.0,True,True
IND423601AAA,IND423701AAB,Kopargaon_NkshtrPz_D (Maharashtra),Vaijiapur_YeolaRD_D (Maharashtra),2.208333333333333,12,32.798,1.0,False,True
IND274509AAB,IND274304AAA,Salempur_Banjaria_D (Uttar Pradesh),Kushinagar_KasyaDPP_D (Uttar Pradesh),2.208333333333333,2,57.75075,1.0,True,True
IND274509AAB,IND274001AAA,Salempur_Banjaria_D (Uttar Pradesh),Deoria_CCRoad_D (Uttar Pradesh),2.208333333333333,1,29.4564,1.0,True,True
IND673121AAA,IND670645AAB,Kalpetta_Ward19_D (Kerala),Mananthavady_Central_D_1 (Kerala),2.207157258064516,8,30.5652,1.0,False,True
IND768216AAA,IND770001AAA,Brajrajnagar_LamtiDPP_D (Orissa),Sundargarh_DiyoDPP_D (Orissa),2.2058823529411766,5,39.775,1.0,False,True
IND560027AAA,IND560099AAA,Blr_Domlur (Karnataka),Bengaluru_Bomsndra_PC (Karnataka),2.2055555555555557,4,18.9537,0.75,True,True
IND000000ACB,IND160002AAC,Gurgaon_Bilaspur_HB (Haryana),Chandigarh_Mehmdpur_H (Punjab),2.205188679245283,58,280.16115,1.0,False,True
IND425409AAA,IND424304AAC,Shahada_Nandrbar_D (Maharashtra),Sakri_DhuleRoad_D (Maharashtra),2.2028985507246377,1,92.9899,1.0,True,True
IND342005AAD,IND342902AAA,Jodhpur_Basni_I (Rajasthan),Gotan_DKLogDPP_D (Rajasthan),2.202127659574468,5,102.7041,1.0,False,True
IND000000ACB,IND125001AAA,Gurgaon_Bilaspur_HB (Haryana),Hisar_ModelTwn_P (Haryana),2.201492537313433,15,170.2434,1.0,False,True
IND509358AAA,IND508248AAB,Kadthal_GndhiDPP_D (Telangana),Devarakonda_DindiRD_D (Telangana),2.2000907441016335,8,82.47475,1.0,False,True
IND638701AAA,IND641607AAA,Kangayam_Thvlrsrt_D (Tamil Nadu),Tirupur_Koliplm_I (Tamil Nadu),2.2,17,25.3237,1.0,False,True
IND767001AAA,IND762001AAA,Balangir_Rjndpara_D (Orissa),Phulbani_Krusphrma_D (Orissa),2.2,1,169.7732,1.0,True,True
IND532421AAA,IND532201AAA,Narasnpeta_HudcoDPP_D (Andhra Pradesh),Tekkali_AmvdiDPP_D (Andhra Pradesh),2.2,13,27.8023,1.0,False,True
IND396445AAA,IND396321AAA,Navsari_DC (Gujarat),Bilimora_DC (Gujarat),2.2,7,27.1495,1.0,False,True
IND534001AAA,IND521225AAB,Eluru_Agraharm_DC (Andhra Pradesh),Vijayawada_Rynapadu_H (Andhra Pradesh),2.2,1,63.769400000000005,1.0,True,True
IND209206AAB,IND210301AAA,Ghatampur_StatinRD_D (Uttar Pradesh),Hamirpur_KanpurRd_D (Uttar Pradesh),2.2,15,21.6843,1.0,False,True
IND442101AAB,IND445001AAB,Deoli_Central_DPP_2 (Maharashtra),Yavatmal_JajuDPP_D (Maharashtra),2.1998577524893315,12,52.046800000000005,1.0,False,True
IND533106AAA,IND501359AAE,Rajamundry_AtoNgrRd_I (Andhra Pradesh),Hyderabad_Shamshbd_H (Telangana),2.1986531986531985,8,419.76765,1.0,False,True
IND421302AAG,IND462022AAA,Bhiwandi_Mankoli_HB (Maharashtra),Bhopal_Trnsport_H (Madhya Pradesh),2.198200854364861,12,768.1224500000001,1.0,False,True
IND248001AAD,IND131028AAB,Dehradun_Nirjanpur_L (Uttarakhand),Sonipat_Kundli_H (Haryana),2.1978576570970114,9,245.4684,1.0,False,True
IND283203AAA,IND110037AAM,Firozabad_Sudmpuri_D (Uttar Pradesh),Delhi_Airport_H (Delhi),2.197802197802198,13,257.3853,1.0,False,True
IND110092AAC,IND000000ACB,Delhi_Patparganj_DPC (Delhi),Gurgaon_Bilaspur_HB (Haryana),2.1962391513982644,6,69.1793,1.0,False,True
IND322201AAA,IND302014AAB,Gangapur_Ward6DPP_D (Rajasthan),Jaipur_Central_I_7 (Rajasthan),2.196048043394033,2,123.02584999999999,1.0,True,True
IND421302AAG,IND411033AAA,Bhiwandi_Mankoli_HB (Maharashtra),Pune_Tathawde_H (Maharashtra),2.1958762886597936,72,130.80165,1.0,False,True
IND110037AAM,IND110092AAC,Delhi_Airport_H (Delhi),Delhi_Patparganj_DPC (Delhi),2.193548387096774,1,27.751,1.0,True,True
IND411033AAA,IND431136AAC,Pune_Tathawde_H (Maharashtra),Aurangabad_Central_H_1 (Maharashtra),2.192353461172311,12,235.2019,1.0,False,True
IND842001AAA,IND847212AAA,Muzaffrpur_Bbganj_I (Bihar),Madhubani_Bardivan_D (Bihar),2.191780821917808,22,98.31475,1.0,False,True
IND785675AAA,IND785612AAB,Moranhat_TiloiDPP_D (Assam),Bokakhat_MlnprDPP_D (Assam),2.190082644628099,1,172.4213,1.0,True,True
IND842001AAA,IND846004AAA,Muzaffrpur_Bbganj_I (Bihar),Darbhanga (Bihar),2.1900000000000004,22,68.32205,1.0,False,True
IND410505AAB,IND411033AAA,Rajgurunagar_Chakan_D (Maharashtra),Pune_Tathawde_H (Maharashtra),2.189230769230769,2,24.3627,1.0,True,True
IND509324AAA,IND508248AAB,Kalwakurthy_VidyaNGR_D (Telangana),Devarakonda_DindiRD_D (Telangana),2.188655462184874,8,48.1832,1.0,False,True
IND609001AAA,IND614018AAA,Mylduthuri_Thiruviz_D (Tamil Nadu),Mannargudi_Vadasari_D (Tamil Nadu),2.1880479251899474,12,71.81790000000001,1.0,False,True
IND262701AAA,IND262802AAA,Lakhimpur_Maheva_D (Uttar Pradesh),Gola_BkgnRoad_D (Uttar Pradesh),2.1875,20,32.92,1.0,False,True
IND285205AAB,IND210431AAA,Konch_Central_D_2 (Uttar Pradesh),Rath_Mughlpra_D (Uttar Pradesh),2.1875,5,82.24430000000001,1.0,False,True
IND700065AAA,IND700026AAC,CCU_Beliaghata_DPC (West Bengal),CCU_Lake Avenue_DPC (West Bengal),2.1873065015479876,2,12.34675,1.0,True,True
IND205135AAA,IND283203AAA,Shikohabad_Katrmira_D (Uttar Pradesh),Firozabad_Sudmpuri_D (Uttar Pradesh),2.1871874255775188,13,23.0006,1.0,False,True
IND241124AAB,IND242001AAA,Shahabad_KDRoad_D (Uttar Pradesh),Shahjhnpur_NavdaCln_D (Uttar Pradesh),2.1856617647058822,4,23.759149999999998,1.0,True,True
IND854326AAB,IND000000ACB,Purnia_Central_H_2 (Bihar),Gurgaon_Bilaspur_HB (Haryana),2.1855343803149268,18,1269.7084,1.0,False,True
IND243002AAA,IND243503AAB,Bareilly (Uttar Pradesh),Faridpur_ShjnprRD_D (Uttar Pradesh),2.185185185185185,1,26.236,1.0,True,True
IND754103AAA,IND754142AAA,Jagatsghpr_Markndpr_D (Orissa),Paradip_Udyabata_D (Orissa),2.185185185185185,1,57.1658,1.0,True,True
IND854326AAB,IND852131AAA,Purnia_Central_H_2 (Bihar),Supaul_SadrHsptl_D (Bihar),2.184938409854423,10,134.6935,1.0,False,True
IND387620AAB,IND389230AAB,Kapadvanj_Busstand_D (Gujarat),Lunawada_VrdhriRD_D (Gujarat),2.1846153846153844,1,70.7195,1.0,True,True
IND110037AAK,IND000000ACB,Delhi_Kapshera_L (Delhi),Gurgaon_Bilaspur_HB (Haryana),2.1842105263157894,43,38.7407,1.0,False,True
IND125047AAB,IND125051AAA,Hisar_AgrohDPP_D (Haryana),Ratia_SchdvDPP_D (Haryana),2.1842105263157894,10,68.73435,1.0,False,True
IND531163AAA,IND535001AAA,Bheemunipatnam_SaiTempl_D (Andhra Pradesh),Vizianagaram_NcsRd_DC (Andhra Pradesh),2.1818181818181817,13,26.788400000000003,1.0,False,True
IND495677AAA,IND496001AAA,Korba_Tilknagr_DC (Chhattisgarh),Raigarh_MithmdRd_D (Chhattisgarh),2.18018018018018,7,132.0614,1.0,False,True
IND470004AAA,IND470117AAA,Sagar_Bahreya_I (Madhya Pradesh),Khurai_Talaiya_D (Madhya Pradesh),2.1777777777777776,1,59.3051,1.0,True,True
IND752050AAA,IND751002AAB,Khurdha_JatniDPP_D (Orissa),Bhubaneshwar_Hub (Orissa),2.176190476190476,2,29.30995,1.0,True,True
IND580028AAA,IND590016AAA,Hubli_Adargchi_IP (Karnataka),Belgaum_Dc (Karnataka),2.1733333333333333,13,102.7885,1.0,False,True
IND476111AAA,IND477001AAB,Ambah_MrenTirh_D (Madhya Pradesh),Bhind_EtwahDPP_D (Madhya Pradesh),2.1730769230769234,2,74.38285,1.0,True,True
IND364290AAA,IND365560AAB,Bhavnagar_Mahuva_DC (Gujarat),Amreli_Rajula_DC (Gujarat),2.1724137931034484,1,39.544,1.0,True,True
IND125005AAA,IND125047AAB,Hisar_IndstlAr_I (Haryana),Hisar_AgrohDPP_D (Haryana),2.1714285714285717,3,42.031400000000005,1.0,True,True
IND209111AAA,IND285001AAD,Pukhrayan_Arulimod_D (Uttar Pradesh),Orai_Ajnari_D (Uttar Pradesh),2.1714285714285717,21,49.9361,1.0,False,True
IND508207AAB,IND521225AAB,Miryalguda_Ragvendr_D (Telangana),Vijayawada_Rynapadu_H (Andhra Pradesh),2.1695652173913045,10,154.89954999999998,1.0,False,True
IND488001AAA,IND471001AAA,Panna_Mohnprwa_D (Madhya Pradesh),Chhatarpur_Busstand_D (Madhya Pradesh),2.1686613475177303,4,67.27359999999999,1.0,True,True
IND743513AAA,IND743347AAA,Fatepur_NH117_D (West Bengal),Kakdwip_KlngrDPP_D (West Bengal),2.1686507936507935,12,52.1252,1.0,False,True
IND721306AAA,IND721133AAA,Kharagpur_DC (West Bengal),Keshiary_MdnprDPP_D (West Bengal),2.167763157894737,2,19.788800000000002,1.0,True,True
IND411021AAA,IND411033AAA,PNQ Pashan DPC (Maharashtra),Pune_Tathawde_H (Maharashtra),2.166666666666667,28,13.000599999999999,0.8214285714285714,False,True
IND638001AAA,IND638052AAA,Erode (Tamil Nadu),Perundurai_Viveka_DC (Tamil Nadu),2.1666666666666665,3,18.6761,1.0,True,True
IND712311AAA,IND713145AAB,Kolkata_Dankuni_HB (West Bengal),Manteswar_MemariRD_D (West Bengal),2.1666666666666665,3,90.912,1.0,True,True
IND712311AAA,IND713103AAA,Kolkata_Dankuni_HB (West Bengal),Bardhaman_Bankura_D (West Bengal),2.1633547632963177,6,82.56360000000001,1.0,False,True
IND587103AAB,IND582101AAB,Bagalkot_Sector4_D (Karnataka),Gadag_Cdosclrd_D (Karnataka),2.1630434782608696,2,109.555,1.0,True,True
IND781018AAB,IND784001AAA,Guwahati_Hub (Assam),Tezpur_Mhbhirab_D (Assam),2.162991346053592,4,177.5864,1.0,True,True
IND342602AAC,IND306304AAB,Bilara_Central_DPP_2 (Rajasthan),Raipur_BypRDDPP_D (Rajasthan),2.1627906976744184,1,59.707800000000006,1.0,True,True
IND160002AAC,IND144001AAB,Chandigarh_Mehmdpur_H (Punjab),Jalandhar_DPC (Punjab),2.1621621621621623,13,158.5797,1.0,False,True
IND607106AAA,IND607801AAA,Panruti_GandhiRd_D (Tamil Nadu),Neyveli_NJVNgr_D (Tamil Nadu),2.16025641025641,14,17.6402,1.0,False,True
IND516227AAA,IND515004AAA,Badvel_Sidrd_D (Andhra Pradesh),Anantapur_KamaStrt_I (Andhra Pradesh),2.159491193737769,2,194.69715000000002,1.0,True,True
IND614809AAA,IND610001AAA,Pushpavanam_Thmpulam_D (Tamil Nadu),Thiruvarur_Bypasrd_D (Tamil Nadu),2.159090909090909,17,55.0751,1.0,False,True
IND396105AAA,IND396191AAC,Bhilad_Umargaon_DC (Gujarat),Vapi_IndEstat_I (Gujarat),2.1587301587301586,2,14.5899,1.0,True,True
IND632301AAA,IND606803AAA,Arani_KrthiKyn_D (Tamil Nadu),Polur_StationRD_D (Tamil Nadu),2.1578947368421053,11,22.8137,1.0,False,True
IND842001AAA,IND845401AAA,Muzaffrpur_Bbganj_I (Bihar),Motihari_RajaBzr_D (Bihar),2.157786885245902,4,84.66895,1.0,True,True
IND000000ACB,IND124112AAA,Gurgaon_Bilaspur_HB (Haryana),Meham_GModDPP_D (Haryana),2.157303370786517,7,112.5815,1.0,False,True
IND425412AAA,IND425406AAA,Nandurbar_DhuleRd_D (Maharashtra),Shindkheda_KakaCplx_D (Maharashtra),2.157285803627267,2,55.9246,1.0,True,True
IND126102AAA,IND131301AAA,Jind_DC (Haryana),Gohana_DvlalDPP_D (Haryana),2.1571428571428575,2,46.69845,1.0,True,True
IND517325AAA,IND517408AAA,Madnapalle_PngnrRd_D (Andhra Pradesh),Palamaner_Lakshmi_D (Andhra Pradesh),2.15625,1,46.6587,1.0,True,True
IND110037AAM,IND121004AAB,Delhi_Airport_H (Delhi),FBD_Balabhgarh_DPC (Haryana),2.1555299539170507,46,28.836100000000002,1.0,False,True
IND501359AAE,IND500039AAC,Hyderabad_Shamshbd_H (Telangana),Hyderabad_Uppal_I (Telangana),2.1545977011494255,10,36.2155,1.0,False,True
IND517501AAB,IND517583AAA,Tirupati_Balajicly_I (Andhra Pradesh),Puttur_Artmclny_D (Andhra Pradesh),2.1538461538461537,19,34.6674,1.0,False,True
IND733202AAC,IND733210AAA,Islampure_Central_DPP_2 (West Bengal),Lodhan_GoalpDPP_D (West Bengal),2.1538461538461537,1,25.6387,1.0,True,True
IND110037AAM,IND201301AAF,Delhi_Airport_H (Delhi),Noida_Sec 02_DPC (Uttar Pradesh),2.1538461538461537,5,35.1773,1.0,False,True
IND275303AAA,IND276140AAA,Dohrighat_AzmrdDPP_D (Uttar Pradesh),Jiyanpur_Central_DPP_1 (Uttar Pradesh),2.1525735294117645,4,23.16285,1.0,True,True
IND281121AAB,IND110037AAM,Vrindavan_MathuraRD_D (Uttar Pradesh),Delhi_Airport_H (Delhi),2.15,13,153.0465,1.0,False,True
IND501359AAE,IND000000ACB,Hyderabad_Shamshbd_H (Telangana),Gurgaon_Bilaspur_HB (Haryana),2.1486146095717884,1,1635.114,1.0,True,True
IND370110AAA,IND370001AAA,Anjar_DC (Gujarat),Bhuj_DC (Gujarat),2.1483870967741936,14,43.24195,1.0,False,True
IND517583AAA,IND516101AAA,Puttur_Artmclny_D (Andhra Pradesh),Koduru_MGRoad_D (Andhra Pradesh),2.145833333333333,19,68.0067,1.0,False,True
IND785612AAB,IND781018AAB,Bokakhat_MlnprDPP_D (Assam),Guwahati_Hub (Assam),2.144578313253012,1,235.463,1.0,True,True
IND396191AAB,IND421302AAG,Vapi_IndEstat_L (Gujarat),Bhiwandi_Mankoli_HB (Maharashtra),2.1443809523809523,2,163.3236,1.0,True,True
IND761200AAA,IND532001AAB,Paralakhemundi_Ward14_D (Orissa),Srikakulam_Kuslpram_I (Andhra Pradesh),2.144230769230769,12,71.6129,1.0,False,True
IND305001AAC,IND305802AAA,Ajmer_FoySGRRD_I (Rajasthan),Kishangarh_Central_D_2 (Rajasthan),2.142857142857143,11,29.3254,1.0,False,True
IND577101AAA,IND577132AAD,Chikmagalur_DC (Karnataka),Mudigere_HesglDPP_D (Karnataka),2.142857142857143,7,30.1342,1.0,False,True
IND342005AAD,IND342601AAA,Jodhpur_Basni_I (Rajasthan),Piparcity_BsstdDPP_D (Rajasthan),2.142857142857143,9,60.626,1.0,False,True
IND160002AAC,IND173212AAA,Chandigarh_Mehmdpur_H (Punjab),Solan_MohanPrk_D (Himachal Pradesh),2.1426985370950886,18,99.599,1.0,False,True
IND205001AAB,IND205135AAA,Mainpuri_Agraroad_I (Uttar Pradesh),Shikohabad_Katrmira_D (Uttar Pradesh),2.141282894736842,8,43.50965000000001,1.0,False,True
IND244921AAB,IND243201AAA,Bilaspur_GrmNgriya_D (Uttar Pradesh),Baheri_HoliCDPP_D (Uttar Pradesh),2.1373626373626373,2,45.5527,1.0,True,True
IND504201AAA,IND505001AAB,Chinnur_AsnsdhRD_D (Telangana),Karimnagar_KamnHbRD_I (Telangana),2.136986301369863,1,100.4252,1.0,True,True
IND605601AAA,IND607106AAA,Villupuram_Thirumtr_IP (Tamil Nadu),Panruti_GandhiRd_D (Tamil Nadu),2.1363636363636362,14,27.29655,1.0,False,True
IND413401AAA,IND411033AAA,Barshi_Kurduwdi_D (Maharashtra),Pune_Tathawde_H (Maharashtra),2.134831460674157,19,237.8504,1.0,False,True
IND811201AAB,IND811213AAA,Munger_Kaura_D (Bihar),KharagpurBR_Central_DPP_1 (Bihar),2.134615384615385,2,34.20975,1.0,True,True
IND843126AAA,IND843109AAB,Saraiya_Wardno4_D (Bihar),Kanti_Central_DPP_2 (Bihar),2.134615384615384,2,37.3762,1.0,True,True
IND485771AAA,IND486001AAA,Maihar_MngalDPP_D (Madhya Pradesh),Rewa_Dc (Madhya Pradesh),2.1333333333333333,1,64.4999,1.0,True,True
IND110037AAM,IND811399AAA,Delhi_Airport_H (Delhi),Noida_Sector02_C (Uttar Pradesh),2.1333333333333333,11,32.1178,0.7272727272727273,False,True
IND535591AAA,IND535558AAA,Salur_ward9_D (Andhra Pradesh),Bobbili_ColegRd_D (Andhra Pradesh),2.1333333333333333,3,19.0487,1.0,True,True
IND313001AAB,IND382430AAB,Udaipur_Mangri_I (Rajasthan),Ahmedabad_East_H_1 (Gujarat),2.1315825923155765,14,268.87104999999997,1.0,False,True
IND144040AAA,IND144001AAB,Nakodar_ChowkDPP_D (Punjab),Jalandhar_DPC (Punjab),2.13125,10,27.092750000000002,1.0,False,True
IND507002AAA,IND508206AAA,Khammam_NSTRoad_I (Telangana),Kodad_VidyaNgr_D (Telangana),2.1311827956989244,12,38.65689999999999,1.0,False,True
IND575004AAB,IND574227AAA,Mangalore_Kuntikna_H (Karnataka),Moodbidri_MrdiVlge_D (Karnataka),2.130787037037037,2,38.8024,1.0,True,True
IND607801AAA,IND606003AAA,Neyveli_NJVNgr_D (Tamil Nadu),Virudhchlm_SelamRd_D (Tamil Nadu),2.130434782608696,15,32.398900000000005,0.9333333333333333,False,True
IND485001AAC,IND471001AAA,Satna_Central_I_2 (Madhya Pradesh),Chhatarpur_Busstand_D (Madhya Pradesh),2.1298076923076925,8,144.10135000000002,1.0,False,True
IND362001AAA,IND362220AAA,Junagadh_DPC (Gujarat),Junagadh_keshod_DC (Gujarat),2.1291666666666664,14,35.029399999999995,1.0,False,True
IND403726AAB,IND403401AAA,Goa_ZuariNgr_IP (Goa),Goa_Ponda_Dc (Goa),2.128623188405797,6,23.542299999999997,1.0,False,True
IND251001AAA,IND247554AAA,Muzaffrngr_MhmodNgr_D (Uttar Pradesh),Deoband_Ramvlg_D (Uttar Pradesh),2.128623188405797,12,25.75985,1.0,False,True
IND783370AAB,IND783301AAA,Kokrajhar_HplrdDPP_D (Assam),Dhubri_Tetultol_D (Assam),2.127659574468085,2,66.3479,1.0,True,True
IND758034AAA,IND758001AAA,Joda_Central_D_1 (Orissa),Kendujhar_Sirjudin_D (Orissa),2.127659574468085,1,64.2655,1.0,True,True
IND470004AAA,IND462022AAA,Sagar_Bahreya_I (Madhya Pradesh),Bhopal_Trnsport_H (Madhya Pradesh),2.126984126984127,1,177.7757,1.0,True,True
IND524101AAB,IND517501AAB,Gudur_Bngisheb_D (Andhra Pradesh),Tirupati_Balajicly_I (Andhra Pradesh),2.126600284495021,16,98.97705,1.0,False,True
IND562132AAA,IND560048AAB,Bangalore_Nelmngla_H (Karnataka),Bengaluru_Hoodi_IP (Karnataka),2.12530487804878,18,35.12895,0.9444444444444444,False,True
IND462022AAA,IND465669AAB,Bhopal_Trnsport_H (Madhya Pradesh),Narsinghgarh_Central_D_1 (Madhya Pradesh),2.125,10,97.11585,1.0,False,True
IND425412AAA,IND424304AAC,Nandurbar_DhuleRd_D (Maharashtra),Sakri_DhuleRoad_D (Maharashtra),2.125,1,57.6705,1.0,True,True
IND506169AAB,IND505503AAA,Bhupalpally_JwahrNGR_D (Telangana),Mahadevpur_Kataram_D (Telangana),2.125,1,23.4994,1.0,True,True
IND423109AAA,IND423601AAA,Shirdi_SaiBansi_D (Maharashtra),Kopargaon_NkshtrPz_D (Maharashtra),2.125,12,12.39055,1.0,False,True
IND600016AAB,IND600044AAC,Chennai_Alandur_C (Tamil Nadu),Chennai_Chrompet_PC (Tamil Nadu),2.124526515151515,22,36.6432,1.0,False,True
IND845418AAB,IND845438AAA,Dhaka_PchpkrRD_D (Bihar),Bettiah_BypassRd_D (Bihar),2.1228070175438596,12,72.46015,1.0,False,True
IND483225AAA,IND483501AAA,Sihora_KtnRdDPP_D (Madhya Pradesh),Katni_Bargawan_DC (Madhya Pradesh),2.121212121212121,3,44.759,1.0,True,True
IND533003AAA,IND533106AAA,Kakinada_DC (Andhra Pradesh),Rajamundry_AtoNgrRd_I (Andhra Pradesh),2.12,3,56.1647,1.0,True,True
IND787057AAA,IND787059AAB,Dhemaji_WardNo3_D (Assam),Silapathar_Hejunagr_D (Assam),2.12,10,27.167650000000002,1.0,False,True
IND712311AAA,IND713205AAB,Kolkata_Dankuni_HB (West Bengal),Durgapur_Central_I_1 (West Bengal),2.119047619047619,12,148.64210000000003,1.0,False,True
IND382430AAB,IND380005AAA,Ahmedabad_East_H_1 (Gujarat),Amd_Chandkheda_Dc (Gujarat),2.1185897435897436,36,26.6634,1.0,False,True
IND560099AAB,IND635001AAA,Bengaluru_Bomsndra_HB (Karnataka),Krishnagiri_BnglorRd_D (Tamil Nadu),2.118026603136787,4,71.2072,1.0,True,True
IND785682AAA,IND786001AAB,Sivasagar_Babupaty_D (Assam),Dibrugarh_Bokule_H (Assam),2.117931547619048,10,88.27799999999999,1.0,False,True
IND160102AAD,IND160002AAD,Chandigarh_Raiprkln_C (Chandigarh),Chandigarh_Mehmdpur_P (Punjab),2.117647058823529,3,44.446,1.0,True,True
IND110037AAM,IND209304AAA,Delhi_Airport_H (Delhi),Kanpur_Central_H_6 (Uttar Pradesh),2.1167664670658684,25,464.8352,1.0,False,True
IND575004AAB,IND574211AAA,Mangalore_Kuntikna_H (Karnataka),Bantwal_Trmltmpl_D (Karnataka),2.116013071895425,8,24.77365,1.0,False,True
IND421302AAG,IND712311AAA,Bhiwandi_Mankoli_HB (Maharashtra),Kolkata_Dankuni_HB (West Bengal),2.1157742402315485,9,1933.2758,1.0,False,True
IND815301AAA,IND815353AAA,Giridih_Shivalya_D (Jharkhand),Madhupur_Sitarmrd_D (Jharkhand),2.1142857142857143,3,48.8533,1.0,True,True
IND283203AAA,IND282002AAD,Firozabad_Sudmpuri_D (Uttar Pradesh),,2.1142857142857143,1,46.7377,1.0,True,True
IND517644AAA,IND524132AAA,Sriklahsti_SDKNgr_D (Andhra Pradesh),Venktagiri_TirupthiRd_D (Andhra Pradesh),2.1142857142857143,15,45.097,1.0,False,True
IND425406AAA,IND425412AAA,Shindkheda_KakaCplx_D (Maharashtra),Nandurbar_DhuleRd_D (Maharashtra),2.1113095238095236,2,56.899550000000005,1.0,True,True
IND785001AAA,IND785112AAC,Jorhat_RicMilRd_D (Assam),Teok_Wardno3_D (Assam),2.111111111111111,3,27.002,1.0,True,True
IND600116AAB,IND600056AAB,Chennai_Porur_DPC (Tamil Nadu),MAA_Poonamallee_HB (Tamil Nadu),2.111111111111111,3,32.2173,1.0,True,True
IND462022AAA,IND209304AAA,Bhopal_Trnsport_H (Madhya Pradesh),Kanpur_Central_H_6 (Uttar Pradesh),2.1108247422680413,25,545.1256,1.0,False,True
IND486889AAA,IND231205AAA,Singrauli_Ward8DPP_D (Madhya Pradesh),Chopan_PreetDPP_D (Uttar Pradesh),2.1076923076923078,4,87.15825000000001,1.0,True,True
IND509216AAC,IND501359AAE,Shadnagar_Central_D_1 (Telangana),Hyderabad_Shamshbd_H (Telangana),2.107407407407407,12,32.38695,1.0,False,True
IND767017AAA,IND768004AAD,Sonepur_BrezeDPP_D (Orissa),Sambalpur_Central_H_2 (Orissa),2.107189224277832,2,87.1403,1.0,True,True
IND742102AAB,IND742303AAB,Berhampore_Central_I_2 (West Bengal),Domkal_Central_D_2 (West Bengal),2.1071428571428577,12,38.11835,1.0,False,True
IND431127AAA,IND414502AAA,Georai_Bazarrd_D (Maharashtra),Shevgaon_VidyaNgr_D (Maharashtra),2.107142857142857,7,62.2876,1.0,False,True
IND110037AAM,IND282001AAC,Delhi_Airport_H (Delhi),Agra_Idgah_L (Uttar Pradesh),2.1059602649006623,1,202.6035,1.0,True,True
IND786190AAA,IND792103AAB,DoomDooma_Pthrgoan_D (Assam),Namsai_HelipadRD_D (Arunachal Pradesh),2.1052631578947367,9,49.073,1.0,False,True
IND360003AAA,IND360311AAA,Rajkot_Kothriya_DC (Gujarat),Gondal_DC (Gujarat),2.102307692307692,2,37.8864,1.0,True,True
IND532001AAB,IND530012AAA,Srikakulam_Kuslpram_I (Andhra Pradesh),Visakhapatnam_Gajuwaka_IP (Andhra Pradesh),2.101692484222605,22,114.7462,1.0,False,True
IND502286AAB,IND502220AAC,Narayankhed_Datatrya_D (Telangana),Zahirabad_Mohim_D (Telangana),2.1002747252747254,22,57.435900000000004,1.0,False,True
IND560099AAB,IND560002AAA,Bengaluru_Bomsndra_HB (Karnataka),Bengaluru_KHRoad_I (Karnataka),2.1,25,18.8263,0.72,False,True
IND577432AAA,IND577126AAA,Thirthahalli_NadthiCx_D (Karnataka),Koppa_Sangetha_D (Karnataka),2.1,1,27.2213,1.0,True,True
IND176110AAB,IND177033AAA,Sujanpur_SainkSCL_D (Himachal Pradesh),Nadaun_Ward6_D (Himachal Pradesh),2.1,9,27.3424,1.0,False,True
IND263645AAA,IND262501AAA,Ranikhet_Subhash_D (Uttarakhand),Pithorgarh_Kumud_D (Uttarakhand),2.1,1,153.5916,1.0,True,True
IND743235AAA,IND743270AAA,Bongaon_SukntDPP_D (West Bengal),Helencha_ColnyDPP_D (West Bengal),2.1,6,18.13735,1.0,False,True
IND501359AAE,IND462022AAA,Hyderabad_Shamshbd_H (Telangana),Bhopal_Trnsport_H (Madhya Pradesh),2.0983676339946697,20,865.8919000000001,1.0,False,True
IND370110AAA,IND370615AAB,Anjar_DC (Gujarat),Nakhatrana_ClgRDDPP_D (Gujarat),2.095890410958904,1,88.04469999999999,1.0,True,True
IND600032AAB,IND600044AAD,Chennai_Hub (Tamil Nadu),Chennai_Chrompet_DPC (Tamil Nadu),2.0954545454545457,16,10.0077,0.875,False,True
IND136128AAA,IND136027AAA,Pehowa_WdN14DPP_D (Haryana),Kaithal_DC (Haryana),2.0954545454545457,22,28.820050000000002,1.0,False,True
IND431122AAA,IND431127AAA,Beed_JalnaRd_D (Maharashtra),Georai_Bazarrd_D (Maharashtra),2.095238095238096,7,29.9666,1.0,False,True
IND676509AAA,IND679322AAA,Malappuram_Munduprm_D (Kerala),Printhlmna_EmsPnmbi_D (Kerala),2.095238095238096,3,21.070400000000003,1.0,True,True
IND152026AAA,IND152107AAA,Muktsar_DPC (Punjab),Malout_DC (Punjab),2.095238095238096,1,30.0671,1.0,True,True
IND742226AAA,IND742101AAC,Sagardighi_UtBzrDPP_D (West Bengal),Baharampur_Chuanpur_I (West Bengal),2.0945945945945947,6,33.30995,1.0,False,True
IND121002AAB,IND000000ACB,Faridabad_Mthurard_L (Haryana),Gurgaon_Bilaspur_HB (Haryana),2.09375,29,75.7733,1.0,False,True
IND713130AAA,IND741123AAB,Katwa_BSarani_D (West Bengal),Chapra_NagarDPP_D (West Bengal),2.09375,17,73.1617,1.0,False,True
IND000000AEM,IND110064AAB,Gurgaon_Bilaspur_RP (Haryana),KN_RPC (Delhi),2.092592592592593,11,53.1621,1.0,False,True
IND388320AAA,IND390022AAA,Anand_Vaghasi_IP (Gujarat),Vadodara_Karelibaug_DPC (Gujarat),2.091578947368421,6,38.718,1.0,False,True
IND442605AAA,IND441603AAA,Gadchiroli_Central_DPP_1 (Maharashtra),Chamorshi_Central_DPP_1 (Maharashtra),2.090909090909091,3,31.538400000000003,1.0,True,True
IND380006AAA,IND382430AAB,Ahmedabad_Paldi_D (Gujarat),Ahmedabad_East_H_1 (Gujarat),2.090909090909091,18,14.2593,1.0,False,True
IND712311AAA,IND721306AAA,Kolkata_Dankuni_HB (West Bengal),Kharagpur_DC (West Bengal),2.089108910891089,14,130.64339999999999,1.0,False,True
IND736135AAA,IND736101AAA,Dinhata_WrdN4DPP_D (West Bengal),CoochBehar_Psthrjhr_D (West Bengal),2.0890269151138714,6,22.63475,1.0,False,True
IND757025AAA,IND757001AAA,Betnoti_MhliaDPP_D (Orissa),Baripada_KalikDPP_D (Orissa),2.088888888888889,6,25.09635,1.0,False,True
IND713145AAB,IND741101AAB,Manteswar_MemariRD_D (West Bengal),Krishnanagar_AnadiDPP_D (West Bengal),2.088235294117647,1,37.7374,1.0,True,True
IND341505AAA,IND341510AAB,Makrana_Mwalibad_D (Rajasthan),Merta_Central_DPP_1 (Rajasthan),2.087378640776699,1,128.96460000000002,1.0,True,True
IND174021AAA,IND176048AAA,Ghumarwin_Gndhichk_D (Himachal Pradesh),Jahu_Sulgwan_D (Himachal Pradesh),2.086666666666667,12,28.26305,1.0,False,True
IND508206AAA,IND508207AAB,Kodad_VidyaNgr_D (Telangana),Miryalguda_Ragvendr_D (Telangana),2.0857142857142854,4,49.835,1.0,True,True
IND131028AAB,IND201204AAA,Sonipat_Kundli_H (Haryana),Modinagar_SikriKla_DC (Uttar Pradesh),2.0851063829787235,9,62.7057,1.0,False,True
IND202001AAB,IND110037AAM,Aligarh_KhirByps_I (Uttar Pradesh),Delhi_Airport_H (Delhi),2.0846153846153848,1,147.5217,1.0,True,True
IND416510AAA,IND416606AAA,Sawantwadi_LaxmiNgr_D (Maharashtra),Malvan_BllvMarg_D (Maharashtra),2.084219858156028,14,47.32905,1.0,False,True
IND573201AAB,IND573116AAA,Hassan_Pandrnga_I (Karnataka),Channaraya_patna_D (Karnataka),2.083916083916084,14,37.8587,1.0,False,True
IND821115AAB,IND000000ACB,Sasaram_Central_I_2 (Bihar),Gurgaon_Bilaspur_HB (Haryana),2.0834621329211744,7,870.3398000000001,1.0,False,True
IND560099AAB,IND560085AAA,Bengaluru_Bomsndra_HB (Karnataka),Bengaluru_Banshkri_DC (Karnataka),2.083333333333333,17,18.449,1.0,False,True
IND515801AAA,IND515761AAA,Guntakal_Verpatem_D (Andhra Pradesh),Kalyandurg_Shankrpa_D (Andhra Pradesh),2.083333333333333,1,94.8697,1.0,True,True
IND505184AAC,IND505001AAB,Manthani_Chaitnya_D (Telangana),Karimnagar_KamnHbRD_I (Telangana),2.083333333333333,9,68.68660000000001,1.0,False,True
IND504293AAA,IND505001AAB,Asifabad_PaikjNGR_D (Telangana),Karimnagar_KamnHbRD_I (Telangana),2.083333333333333,7,147.70729999999998,1.0,False,True
IND421302AAG,IND110037AAM,Bhiwandi_Mankoli_HB (Maharashtra),Delhi_Airport_H (Delhi),2.0813492063492065,19,1366.3654,1.0,False,True
IND444602AAA,IND444005AAB,Amravati_DC (Maharashtra),Akola_Gaurkshn_I (Maharashtra),2.081081081081081,21,96.8424,1.0,False,True
IND600008AAA,IND600044AAC,Chennai_Egmore_C (Tamil Nadu),Chennai_Chrompet_PC (Tamil Nadu),2.080014224751067,14,43.91465,1.0,False,True
IND575004AAB,IND576101AAA,Mangalore_Kuntikna_H (Karnataka),Udupi (Karnataka),2.08,1,56.354,1.0,True,True
IND673592AAA,IND562132AAA,SultnBthry_Kollgpra_D (Kerala),Bangalore_Nelmngla_H (Karnataka),2.07847533632287,12,285.06345,1.0,False,True
IND825102AAA,IND827013AAA,Phusro_RhmgjDPP_D (Jharkhand),Bokaro_KSClny_DC (Jharkhand),2.0784615384615384,3,31.9602,1.0,True,True
IND484001AAA,IND484446AAA,Shahdol_Sohagpur_D (Madhya Pradesh),Dola_ChainDPP_D (Madhya Pradesh),2.0777555777555774,4,105.73245,1.0,True,True
IND110085AAB,IND110085AAA,Delhi_Rohini_DPC (Delhi),North Delhi (Delhi),2.076923076923077,1,11.4111,1.0,True,True
IND110064AAA,IND000000ACB,Delhi_Mayapuri_PC (Delhi),Gurgaon_Bilaspur_HB (Haryana),2.076923076923077,39,56.9809,1.0,False,True
IND758001AAA,IND758035AAA,Kendujhar_Sirjudin_D (Orissa),Barbil_PunjbiPd_D (Orissa),2.076923076923077,3,72.2535,1.0,True,True
IND695609AAA,IND695012AAA,Pangodu_Central_D_1 (Kerala),Trivandrum_Mnanthla_H (Kerala),2.076923076923077,3,34.433800000000005,1.0,True,True
IND786001AAB,IND786184AAA,Dibrugarh_Bokule_H (Assam),Chabua_CollgeRD_D (Assam),2.076923076923077,10,20.007550000000002,1.0,False,True
IND276305AAA,IND223101AAB,Saraimeer_MsmcyDPP_D (Uttar Pradesh),Shahganj_KcharaRD_D (Uttar Pradesh),2.076923076923077,7,28.5942,1.0,False,True
IND401501AAA,IND401602AAA,Boisar_OstwlEmp_D (Maharashtra),Dahanu_KetyDPP_D (Maharashtra),2.076923076923077,17,28.0569,1.0,False,True
IND000000ACB,IND110024AAA,Gurgaon_Bilaspur_HB (Haryana),Delhi_Lajpat_IP (Delhi),2.07658371040724,6,59.611999999999995,1.0,False,True
IND313001AAB,IND312001AAA,Udaipur_Mangri_I (Rajasthan),Chittaurgarh_DC (Rajasthan),2.075949367088608,13,108.4147,1.0,False,True
IND600076AAB,IND600056AAB,Chennai_Madhavaram_DPC (Tamil Nadu),MAA_Poonamallee_HB (Tamil Nadu),2.075537075537076,2,48.61005,1.0,True,True
IND276128AAA,IND276305AAA,Azamgarh_ChtwrDPP_D (Uttar Pradesh),Saraimeer_MsmcyDPP_D (Uttar Pradesh),2.0754985754985755,6,29.0091,1.0,False,True
IND000000ACB,IND131028AAB,Gurgaon_Bilaspur_HB (Haryana),Sonipat_Kundli_H (Haryana),2.074076147816349,92,86.35195000000002,1.0,False,True
IND223101AAB,IND222125AAB,Shahganj_KcharaRD_D (Uttar Pradesh),Badlapur_Bhaluahi_D (Uttar Pradesh),2.074074074074074,7,29.0356,1.0,False,True
IND562132AAA,IND751002AAB,Bangalore_Nelmngla_H (Karnataka),Bhubaneshwar_Hub (Orissa),2.0736137667304013,15,1416.6986000000002,1.0,False,True
IND515411AAA,IND516360AAB,Tadipatri_CBRoad_D (Andhra Pradesh),Proddatur_Central_D_2 (Andhra Pradesh),2.073148974130241,2,78.65844999999999,1.0,True,True
IND690537AAA,IND689503AAB,Kayamkulam_Bhrnikvu_D (Kerala),Manthuka_Central_D_1 (Kerala),2.071428571428572,1,28.2977,1.0,True,True
IND722154AAA,IND712602AAA,MirzapurWB_VidyaDPP_D (West Bengal),Arambag_BalibDPP_D (West Bengal),2.071428571428572,1,31.1137,1.0,True,True
IND610001AAA,IND605010AAB,Thiruvarur_Bypasrd_D (Tamil Nadu),Pondicherry_Vasanthm_I (Pondicherry),2.071428571428571,10,149.45915000000002,1.0,False,True
IND631102AAA,IND600056AAB,Sholinghur_ArkonmRD_D (Tamil Nadu),MAA_Poonamallee_HB (Tamil Nadu),2.0707196029776673,12,76.02340000000001,1.0,False,True
IND160102AAC,IND160002AAC,Chandigarh_Raiprvlg_L (Chandigarh),Chandigarh_Mehmdpur_H (Punjab),2.0702614379084965,28,44.65575,1.0,False,True
IND485001AAC,IND488001AAA,Satna_Central_I_2 (Madhya Pradesh),Panna_Mohnprwa_D (Madhya Pradesh),2.0701754385964914,3,75.4958,1.0,True,True
IND586101AAB,IND416404AAA,Bijapur_Central_D_2 (Karnataka),Jath_Shivprsad_D (Maharashtra),2.069767441860465,5,60.6525,1.0,False,True
IND000000ACA,IND160002AAC,Ludhiana_MilrGanj_HB (Punjab),Chandigarh_Mehmdpur_H (Punjab),2.0691779024899053,71,95.0119,1.0,False,True
IND431708AAA,IND431514AAA,Loha_SivjiCWK_D (Maharashtra),Gangakher_Busstand_D (Maharashtra),2.0689655172413794,16,41.4229,1.0,False,True
IND562132AAA,IND560078AAC,Bangalore_Nelmngla_H (Karnataka),BLR_JPNagar_Pc (Karnataka),2.0689655172413794,25,32.6863,1.0,False,True
IND421302AAG,IND382430AAB,Bhiwandi_Mankoli_HB (Maharashtra),Ahmedabad_East_H_1 (Gujarat),2.068408979190562,18,492.76715,1.0,False,True
IND202001AAB,IND282002AAD,Aligarh_KhirByps_I (Uttar Pradesh),,2.0675675675675675,10,92.1499,1.0,False,True
IND140301AAA,IND140901AAA,Chandigarh_Kharar_DC (Chandigarh),Chandigarh_Mullanpr_DC (Chandigarh),2.066666666666667,19,15.2782,1.0,False,True
IND425409AAA,IND425412AAA,Shahada_Nandrbar_D (Maharashtra),Nandurbar_DhuleRd_D (Maharashtra),2.066666666666667,1,38.2279,1.0,True,True
IND124141AAA,IND000000ACB,ChrkhiDdri_PuranDPP_D (Haryana),Gurgaon_Bilaspur_HB (Haryana),2.0652768284347234,10,92.62684999999999,1.0,False,True
IND362001AAA,IND360370AAA,Junagadh_DPC (Gujarat),Jetpur_DC (Gujarat),2.0652173913043477,10,32.8823,1.0,False,True
IND421302AAG,IND413002AAA,Bhiwandi_Mankoli_HB (Maharashtra),Solapur_Central_I_2 (Maharashtra),2.064935064935065,7,411.7283,1.0,False,True
IND424006AAA,IND424304AAC,Dhule_MIDCAvdn_I (Maharashtra),Sakri_DhuleRoad_D (Maharashtra),2.062226391494684,8,54.4818,1.0,False,True
IND125033AAA,IND125005AAA,Hansi_DelRdDPP_D (Haryana),Hisar_IndstlAr_I (Haryana),2.0620915032679736,2,21.5574,1.0,True,True
IND683511AAA,IND562132AAA,Aluva_Peedika_H (Kerala),Bangalore_Nelmngla_H (Karnataka),2.062069097594607,10,483.47540000000004,1.0,False,True
IND000000AFR,IND683511AAA,Cochin_PanditRd_D (Kerala),Aluva_Peedika_H (Kerala),2.0615530303030303,8,30.16375,1.0,False,True
IND110037AAM,IND201001AAC,Delhi_Airport_H (Delhi),Ghaziabad_Central_L_8 (Uttar Pradesh),2.0612244897959187,8,42.266099999999994,0.875,False,True
IND332713AAA,IND332715AAB,NeemKaThana_War5DPP_D (Rajasthan),Shrimadhopur_RLSTNDPP_D (Rajasthan),2.061224489795918,1,50.2197,1.0,True,True
IND473331AAA,IND473226AAA,Ashokngr_Bypassrd_D (Madhya Pradesh),Guna_Raghogrh_D (Madhya Pradesh),2.0609756097560976,17,77.2146,1.0,False,True
IND341503AAB,IND341510AAB,Degana_BhukrdPP_D (Rajasthan),Merta_Central_DPP_1 (Rajasthan),2.060606060606061,12,47.21805,1.0,False,True
IND732138AAA,IND733102AAA,Bamangola_Central_D_1 (West Bengal),Balurghat_AkhirDPP_D (West Bengal),2.0600358422939067,2,60.16355,1.0,True,True
IND160002AAC,IND147105AAA,Chandigarh_Mehmdpur_H (Punjab),Patran_MheshNGR_D (Punjab),2.0595238095238093,3,102.25,1.0,True,True
IND641008AAA,IND641011AAA,Cjb_Kovaipudur_Dc (Tamil Nadu),Cjb_West_Dc (Tamil Nadu),2.0588235294117645,1,12.5596,1.0,True,True
IND500055AAA,IND501401AAC,Hyd_Trimulgherry_Dc (Telangana),Medchal_MROoffce_D (Telangana),2.0588235294117645,1,20.228900000000003,1.0,True,True
IND506001AAC,IND505122AAA,Warangal_Central_D_2 (Telangana),Jammikunta_ConduDPP_D (Telangana),2.0588235294117645,2,41.804249999999996,1.0,True,True
IND641008AAA,IND641001AAA,Cjb_Kovaipudur_Dc (Tamil Nadu),Coimbatore_Ukkadam_D (Tamil Nadu),2.0588235294117645,3,12.6194,1.0,True,True
IND400102AAB,IND421302AAG,Mumbai_Jogeshwri_L (Maharashtra),Bhiwandi_Mankoli_HB (Maharashtra),2.0574074074074074,20,33.19965,1.0,False,True
IND125001AAA,IND125047AAB,Hisar_ModelTwn_P (Haryana),Hisar_AgrohDPP_D (Haryana),2.057142857142857,7,42.0326,1.0,False,True
IND852111AAA,IND852118AAA,Simrahi_Bazar_D (Bihar),Forbesganj_JhumanCk_D (Bihar),2.057142857142857,1,49.0642,1.0,True,True
IND209304AAA,IND221313AAA,Kanpur_Central_H_6 (Uttar Pradesh),Varanasi_Central_H_4 (Uttar Pradesh),2.0562770562770565,6,326.2649,1.0,False,True
IND160002AAC,IND147001AAB,Chandigarh_Mehmdpur_H (Punjab),Patiala (Punjab),2.055555555555556,3,46.7842,1.0,True,True
IND758034AAA,IND756100AAC,Joda_Central_D_1 (Orissa),Bhadrak_Central_I_2 (Orissa),2.0552147239263805,1,224.601,1.0,True,True
IND784001AAA,IND784168AAB,Tezpur_Mhbhirab_D (Assam),Gohpur_Central_D_1 (Assam),2.053763440860215,1,131.0965,1.0,True,True
IND000000ACB,IND821115AAB,Gurgaon_Bilaspur_HB (Haryana),Sasaram_Central_I_2 (Bihar),2.0533625066393597,18,900.8994499999999,1.0,False,True
IND000000ADV,IND600044AAC,Chennai_Mdhavram_C (Tamil Nadu),Chennai_Chrompet_PC (Tamil Nadu),2.0533428165007113,18,47.5303,1.0,False,True
IND395023AAA,IND396191AAC,Surat_HUB (Gujarat),Vapi_IndEstat_I (Gujarat),2.0529824561403505,10,104.17615,1.0,False,True
IND160002AAC,IND147001AAD,Chandigarh_Mehmdpur_H (Punjab),Patiala_GainMrkt_L (Punjab),2.0526315789473686,7,52.5001,1.0,False,True
IND533262AAA,IND533201AAA,Draksharamam_Anaipeta_D (Andhra Pradesh),Amalapuram_Vijdurg_D (Andhra Pradesh),2.0526315789473686,5,46.9324,1.0,False,True
IND560043AAC,IND562132AAA,HBR Layout PC (Karnataka),Bangalore_Nelmngla_H (Karnataka),2.0513157894736844,16,29.3912,1.0,False,True
IND248001AAA,IND131028AAB,Dehradun (Uttarakhand),Sonipat_Kundli_H (Haryana),2.0512809312687006,12,246.48104999999998,1.0,False,True
IND758034AAA,IND757037AAA,Joda_Central_D_1 (Orissa),Karanjia_Sarubali_D (Orissa),2.05,2,118.57985,1.0,True,True
IND385001AAA,IND385535AAA,Palanpur_DC (Gujarat),Deesa_HawaiPlr_DC (Gujarat),2.05,5,27.004,1.0,False,True
IND313001AAB,IND306401AAB,Udaipur_Mangri_I (Rajasthan),Pali_Nayagaon_I (Rajasthan),2.0492957746478875,17,189.1274,1.0,False,True
IND411033AAA,IND403726AAA,Pune_Tathawde_H (Maharashtra),Goa_Hub (Goa),2.048906129912808,20,511.48505,1.0,False,True
IND505001AAB,IND501359AAE,Karimnagar_KamnHbRD_I (Telangana),Hyderabad_Shamshbd_H (Telangana),2.048192771084337,1,185.6649,1.0,True,True
IND110044AAB,IND110037AAM,Del_Okhla_PC (Delhi),Delhi_Airport_H (Delhi),2.0476190476190474,3,24.686,1.0,True,True
IND723130AAA,IND723101AAA,Hura_Central_D_1 (West Bengal),Purulia_GariDPP_D (West Bengal),2.0476190476190474,15,30.532,1.0,False,True
IND000000ACB,IND842001AAA,Gurgaon_Bilaspur_HB (Haryana),Muzaffrpur_Bbganj_I (Bihar),2.047425474254742,19,995.4546,1.0,False,True
IND452001AAC,IND425508AAB,Jalgaon_DC (Maharashtra),Raver_Truptingr_D (Maharashtra),2.047169811320755,2,61.51690000000001,1.0,True,True
IND201007AAA,IND245101AAA,GZB_Mohan_Nagar_DPC (Uttar Pradesh),Hapur_Swargash_D (Uttar Pradesh),2.047169811320755,2,45.9469,1.0,True,True
IND263645AAA,IND263601AAA,Ranikhet_Subhash_D (Uttarakhand),Almora_SuzkiSrv_D (Uttarakhand),2.046634870164282,12,50.05415,1.0,False,True
IND470004AAA,IND473443AAA,Sagar_Bahreya_I (Madhya Pradesh),Mungaoli_AshkngRd_D (Madhya Pradesh),2.0466101694915255,2,159.04235,1.0,True,True
IND431514AAA,IND431515AAA,Gangakher_Busstand_D (Maharashtra),Parli_JirgeNgr_D (Maharashtra),2.046536796536796,16,30.58895,1.0,False,True
IND518422AAB,IND518102AAA,Atmakur_IndraNgr_D (Andhra Pradesh),Srisailam_Sishumdr_D (Andhra Pradesh),2.0455465587044532,14,108.5009,1.0,False,True
IND521225AAB,IND521185AAA,Vijayawada_Rynapadu_H (Andhra Pradesh),Nandigama_Chndrlpd_D (Andhra Pradesh),2.0454545454545454,1,59.401,1.0,True,True
IND853204AAA,IND851204AAA,Naugchia_Vijayght_D (Bihar),Khagaria_GodamDPP_D (Bihar),2.0434782608695654,11,65.2145,1.0,False,True
IND501359AAE,IND508252AAB,Hyderabad_Shamshbd_H (Telangana),Choutuppal_Nagaram_D (Telangana),2.0434782608695654,7,66.4524,1.0,False,True
IND505326AAB,IND505327AAA,,Jagtial_Aravind_D (Telangana),2.0434782608695654,1,32.9725,1.0,True,True
IND400072AAB,IND421302AAR,Mumbai Hub (Maharashtra),Mumbai_East_I_21 (Maharashtra),2.0434782608695654,21,28.5577,1.0,False,True
IND431603AAA,IND431708AAA,Nanded_Aswningr_I (Maharashtra),Loha_SivjiCWK_D (Maharashtra),2.0434782608695654,15,32.4038,1.0,False,True
IND751002AAB,IND712311AAA,Bhubaneshwar_Hub (Orissa),Kolkata_Dankuni_HB (West Bengal),2.0434782608695654,25,433.5997,1.0,False,True
IND160002AAC,IND174001AAA,Chandigarh_Mehmdpur_H (Punjab),BilaspurHP_Indsarea_D (Himachal Pradesh),2.043011305241521,16,180.0813,1.0,False,True
IND501359AAE,IND411033AAA,Hyderabad_Shamshbd_H (Telangana),Pune_Tathawde_H (Maharashtra),2.042466068093521,20,596.1829,1.0,False,True
IND302014AAB,IND302020AAA,Jaipur_Central_I_7 (Rajasthan),Jaipur_VarunCly_DC (Rajasthan),2.0416666666666665,18,13.3612,1.0,False,True
IND629179AAA,IND627005AAA,Marthandam_Nallur_D (Tamil Nadu),Tirunelveli_VdkkuSrt_I (Tamil Nadu),2.0416666666666665,11,109.6053,1.0,False,True
IND576201AAA,IND581320AAA,Kundapura_DC (Karnataka),Bhatkal_KmkshBul_D (Karnataka),2.0412912912912917,4,49.532849999999996,1.0,True,True
IND110037AAM,IND282001AAA,Delhi_Airport_H (Delhi),Agra_Idgah_P (Uttar Pradesh),2.0405405405405403,4,202.20735000000002,1.0,True,True
IND000000ACB,IND751002AAB,Gurgaon_Bilaspur_HB (Haryana),Bhubaneshwar_Hub (Orissa),2.0403087478559176,15,1638.6996,1.0,False,True
IND282002AAD,IND205001AAB,,Mainpuri_Agraroad_I (Uttar Pradesh),2.0397727272727275,8,110.16995,0.75,False,True
IND390022AAA,IND388320AAA,Vadodara_Karelibaug_DPC (Gujarat),Anand_Vaghasi_IP (Gujarat),2.039230769230769,18,36.06165,1.0,False,True
IND484551AAA,IND484001AAA,PaliBirsighpr_CtyLgDPP_D (Madhya Pradesh),Shahdol_Sohagpur_D (Madhya Pradesh),2.0384615384615383,1,37.4561,1.0,True,True
IND382430AAB,IND387620AAB,Ahmedabad_East_H_1 (Gujarat),Kapadvanj_Busstand_D (Gujarat),2.037735849056604,1,70.0601,1.0,True,True
IND000000ACT,IND160002AAC,Delhi_Gateway_HB (Delhi),Chandigarh_Mehmdpur_H (Punjab),2.0372340425531914,21,226.1991,1.0,False,True
IND306401AAB,IND343001AAA,Pali_Nayagaon_I (Rajasthan),Jalore_RoopNgr_D (Rajasthan),2.034482758620689,5,118.6815,1.0,False,True
IND621704AAA,IND621802AAA,Ariyalur_Kmrajngr_D (Tamil Nadu),Jayamkondan_Chithbrm_D (Tamil Nadu),2.033333333333333,17,38.5318,1.0,False,True
IND396580AAB,IND396321AAA,Vansda_CikhliRD_D (Gujarat),Bilimora_DC (Gujarat),2.032258064516129,8,42.0994,1.0,False,True
IND000000ACB,IND712311AAA,Gurgaon_Bilaspur_HB (Haryana),Kolkata_Dankuni_HB (West Bengal),2.032003219425158,48,1427.93005,1.0,False,True
IND751002AAB,IND760003AAB,Bhubaneshwar_Hub (Orissa),Berhampur_Khajuria_I (Orissa),2.030075187969925,12,181.1402,1.0,False,True
IND600044AAE,IND600056AAB,Chennai_Chrompet_L (Tamil Nadu),MAA_Poonamallee_HB (Tamil Nadu),2.0285714285714285,29,36.2905,1.0,False,True
IND632006AAA,IND562132AAA,Vellore_GndhiNgr_IP (Tamil Nadu),Bangalore_Nelmngla_H (Karnataka),2.0274725274725274,2,226.7142,1.0,True,True
IND501359AAE,IND751002AAB,Hyderabad_Shamshbd_H (Telangana),Bhubaneshwar_Hub (Orissa),2.026566757493188,8,1037.9544,1.0,False,True
IND342602AAC,IND311302AAA,Bilara_Central_DPP_2 (Rajasthan),Badnaur_BhmrdDPP_D (Rajasthan),2.026315789473684,3,107.4594,1.0,True,True
IND473001AAA,IND473331AAA,Guna_HnumnDPP_D (Madhya Pradesh),Ashokngr_Bypassrd_D (Madhya Pradesh),2.025641025641025,11,42.9879,1.0,False,True
IND484446AAA,IND842003AAB,Dola_ChainDPP_D (Madhya Pradesh),Jabalpur_Adhartal_IP (Madhya Pradesh),2.025531914893617,3,322.8283,1.0,True,True
IND781018AAB,IND793001AAA,Guwahati_Hub (Assam),Shillong (Meghalaya),2.0251020408163267,10,126.4936,1.0,False,True
IND843105AAB,IND848101AAA,Dholi_WardNo4_D (Bihar),Samastipur_Haripur_D (Bihar),2.025,20,28.0176,1.0,False,True
IND813102AAA,IND812002AAA,Banka_Wardno6_D (Bihar),Bhagalpur_Pbroad_DC (Bihar),2.025,17,43.492,1.0,False,True
IND244921AAB,IND262001AAA,Bilaspur_GrmNgriya_D (Uttar Pradesh),Pilibhit_ViksClny_D (Uttar Pradesh),2.0240963855421685,1,99.3145,1.0,True,True
IND785001AAA,IND785682AAA,Jorhat_RicMilRd_D (Assam),Sivasagar_Babupaty_D (Assam),2.023809523809524,11,62.6307,1.0,False,True
IND305001AAC,IND305901AAA,Ajmer_FoySGRRD_I (Rajasthan),Beawar_DC (Rajasthan),2.0232558139534884,17,55.7788,1.0,False,True
IND509301AAA,IND509216AAC,Jadcherla_Badeplly_D (Telangana),Shadnagar_Central_D_1 (Telangana),2.023148148148148,4,33.926100000000005,1.0,True,True
IND504208AAB,IND505001AAB,Mancherial_Hitech_D (Telangana),Karimnagar_KamnHbRD_I (Telangana),2.022248243559719,6,85.642,1.0,False,True
IND243001AAA,IND244901AAB,Bareilly_Central_D_2 (Uttar Pradesh),Rampur_RoshnBgh_I (Uttar Pradesh),2.0222222222222226,2,60.4207,1.0,True,True
IND110037AAM,IND110085AAB,Delhi_Airport_H (Delhi),Delhi_Rohini_DPC (Delhi),2.0217391304347827,22,21.9404,1.0,False,True
IND244713AAA,IND263401AAA,Kashipur_Vaishali_D (Uttarakhand),Kashipur_BajprDPP_D (Uttarakhand),2.0217391304347827,16,24.23255,1.0,False,True
IND176048AAA,IND175015AAA,Jahu_Sulgwan_D (Himachal Pradesh),JognderNgr_Dhelu_D (Himachal Pradesh),2.021505376344086,11,78.5847,1.0,False,True
IND243201AAA,IND262001AAA,Baheri_HoliCDPP_D (Uttar Pradesh),Pilibhit_ViksClny_D (Uttar Pradesh),2.0204545454545455,4,45.21255,1.0,True,True
IND783129AAA,IND794101AAA,Lakhipur_WrdN4DPP_D (Assam),Tura_Sracmplx_D (Meghalaya),2.0194174757281558,1,127.8196,1.0,True,True
IND263601AAA,IND263645AAA,Almora_SuzkiSrv_D (Uttarakhand),Ranikhet_Subhash_D (Uttarakhand),2.019230769230769,1,51.088,1.0,True,True
IND530012AAA,IND501359AAE,Visakhapatnam_Gajuwaka_IP (Andhra Pradesh),Hyderabad_Shamshbd_H (Telangana),2.018396101488426,10,602.57915,1.0,False,True
IND263153AAB,IND131028AAB,Rudrapur_UdhamNgr_H (Uttarakhand),Sonipat_Kundli_H (Haryana),2.017543859649123,17,273.4533,1.0,False,True
IND811307AAA,IND811201AAB,Jamui_Mehsouri_D (Bihar),Munger_Kaura_D (Bihar),2.0172413793103448,1,80.3155,1.0,True,True
IND509103AAC,IND518002AAA,,Kurnool_AbbasNgr_I (Andhra Pradesh),2.016731855714907,6,77.458,1.0,False,True
IND305802AAA,IND341512AAA,Kishangarh_Central_D_2 (Rajasthan),Parbatsar_AjmhwDPP_D (Rajasthan),2.0165912518853695,6,38.39445,1.0,False,True
IND321408AAB,IND321606AAA,Weir_BsstdDPP_D (Rajasthan),Kherli_GodamDPP_D (Rajasthan),2.015625,4,37.7524,1.0,True,True
IND627005AAA,IND629001AAA,Tirunelveli_VdkkuSrt_I (Tamil Nadu),Nagarcoil_AsrplmRd_DC (Tamil Nadu),2.0142857142857142,1,84.5501,1.0,True,True
IND829122AAA,IND825301AAA,Ramgarh_HotelPrk_D (Jharkhand),Hazaribag_BodomBzr_DC (Jharkhand),2.0135135135135136,14,48.9122,1.0,False,True
IND424006AAA,IND425412AAA,Dhule_MIDCAvdn_I (Maharashtra),Nandurbar_DhuleRd_D (Maharashtra),2.012987012987013,3,104.8513,1.0,True,True
IND282002AAD,IND204101AAA,,Hathras (Uttar Pradesh),2.0125,4,48.160650000000004,1.0,True,True
IND742102AAB,IND713130AAA,Berhampore_Central_I_2 (West Bengal),Katwa_BSarani_D (West Bengal),2.010752688172043,13,96.5407,1.0,False,True
IND173212AAA,IND160002AAC,Solan_MohanPrk_D (Himachal Pradesh),Chandigarh_Mehmdpur_H (Punjab),2.0105263157894737,1,101.7296,1.0,True,True
IND614018AAA,IND613104AAA,Mannargudi_Vadasari_D (Tamil Nadu),Thirukkatupli_Poondi_D (Tamil Nadu),2.0083333333333333,10,64.76665,1.0,False,True
IND305001AAC,IND306401AAB,Ajmer_FoySGRRD_I (Rajasthan),Pali_Nayagaon_I (Rajasthan),2.0080645161290325,15,166.6069,1.0,False,True
IND713103AAA,IND713205AAB,Bardhaman_Bankura_D (West Bengal),Durgapur_Central_I_1 (West Bengal),2.007300792657489,4,69.79105,1.0,True,True
IND262501AAA,IND263153AAB,Pithorgarh_Kumud_D (Uttarakhand),Rudrapur_UdhamNgr_H (Uttarakhand),2.004629326345671,8,233.07465000000002,1.0,False,True
IND125001AAA,IND000000ACB,Hisar_ModelTwn_P (Haryana),Gurgaon_Bilaspur_HB (Haryana),2.0037589828634603,10,170.45145000000002,1.0,False,True
IND144601AAA,IND144001AAA,Kapurthala_DC (Punjab),Jalandhar_DC (Punjab),2.0018382352941178,2,21.46695,1.0,True,True
IND821307AAA,IND824101AAA,DehriSone_Dilliyan_D (Bihar),AurngbadBR_Mahindra_D (Bihar),2.0,7,28.9448,1.0,False,True
IND754160AAA,IND754142AAA,Tirtol_Central_D_2 (Orissa),Paradip_Udyabata_D (Orissa),2.0,1,30.898,1.0,True,True
IND152026AAA,IND152024AAA,Muktsar_DPC (Punjab),Jalalabad_Muktsar_D (Punjab),2.0,2,30.62065,1.0,True,True
IND144001AAB,IND144401AAB,Jalandhar_DPC (Punjab),Phagwara_Lovely_D (Punjab),2.0,13,14.4596,0.9230769230769231,False,True
IND847103AAA,IND847404AAB,Benipur_Javahar_D (Bihar),Jhanjharpur_Nagar_D (Bihar),2.0,19,33.2702,1.0,False,True
IND123401AAB,IND000000ACB,Rewari_YuktiDPP_D (Haryana),Gurgaon_Bilaspur_HB (Haryana),2.0,3,66.0395,1.0,True,True
IND841301AAC,IND841226AAB,,Siwan_HnmntNgr_D (Bihar),2.0,1,65.8993,1.0,True,True
IND505302AAB,IND505327AAA,Vemulawada_Central_DPP_2 (Telangana),Jagtial_Aravind_D (Telangana),2.0,1,38.234300000000005,1.0,True,True
IND758001AAA,IND757037AAA,Kendujhar_Sirjudin_D (Orissa),Karanjia_Sarubali_D (Orissa),2.0,3,54.2271,1.0,True,True
IND362720AAA,IND362560AAA,Kodinar_NCplxDPP_D (Gujarat),Una_Mamlatdr_DC (Gujarat),2.0,17,39.1055,1.0,False,True
IND263601AAA,IND263153AAB,Almora_SuzkiSrv_D (Uttarakhand),Rudrapur_UdhamNgr_H (Uttarakhand),2.0,1,118.0853,1.0,True,True
IND520011AAA,IND521185AAA,Vijayawada (Andhra Pradesh),Nandigama_Chndrlpd_D (Andhra Pradesh),2.0,8,45.6232,1.0,False,True
IND733201AAA,IND733202AAB,Dalkhola_DltprDPP_D (West Bengal),Islampure_ShbdnDPP_D (West Bengal),2.0,1,59.9294,1.0,True,True
IND121001AAA,IND121004AAB,Faridabad (Haryana),FBD_Balabhgarh_DPC (Haryana),2.0,23,12.153,1.0,False,True
IND413002AAA,IND413307AAC,Solapur_Central_I_2 (Maharashtra),Sangola_Central_DPP_3 (Maharashtra),2.0,1,89.4707,1.0,True,True
IND413304AAA,IND413002AAA,Pandharpur_RajCmplx_D (Maharashtra),Solapur_Central_I_2 (Maharashtra),2.0,5,73.5145,1.0,False,True
IND506002AAA,IND506143AAA,Warangal_HunterRd_I (Telangana),Ghanpur_Palakrty_D (Telangana),2.0,17,29.544,1.0,False,True
IND125033AAA,IND125001AAA,Hansi_DelRdDPP_D (Haryana),Hisar_ModelTwn_P (Haryana),2.0,3,21.2745,1.0,True,True
IND502295AAA,IND500050AAA,Sangareddy_Pothredy_D (Telangana),Patancheru_Ameenpur_I (Telangana),2.0,2,29.533900000000003,1.0,True,True
IND673592AAA,IND673121AAA,SultnBthry_Kollgpra_D (Kerala),Kalpetta_Ward19_D (Kerala),2.0,11,18.16,1.0,False,True
IND402301AAA,IND402107AAA,Mahad_Govndsgr_D (Maharashtra),Pen_BljiMrkt_D (Maharashtra),2.0,13,95.8701,1.0,False,True
IND483501AAA,IND483770AAA,Katni_Bargawan_DC (Madhya Pradesh),Barhi_Central_DPP_1 (Madhya Pradesh),2.0,3,52.5915,1.0,True,True
IND641607AAA,IND641654AAA,Tirupur_Koliplm_I (Tamil Nadu),Avinashi_Valluvar_D (Tamil Nadu),2.0,11,18.1842,1.0,False,True
IND148023AAA,IND148024AAB,Malerkotla_DC (Punjab),Dhuri_DMComDPP_D (Punjab),2.0,1,19.4578,1.0,True,True
IND583201AAA,IND583227AAA,Hospet (Karnataka),Gangavathi_PhrmPlza_D (Karnataka),2.0,16,27.62415,1.0,False,True
IND721306AAA,IND721102AAA,Kharagpur_DC (West Bengal),Midnapore_Talkui_D (West Bengal),2.0,5,18.9178,1.0,False,True
IND563131AAB,IND563116AAA,Bangarapet_KolarRd_D (Karnataka),Bethamangala_FshryOFC_D (Karnataka),2.0,16,18.01115,1.0,False,True
IND201301AAF,IND203205AAA,Noida_Sec 02_DPC (Uttar Pradesh),Sikandrabd_GTRoad_D (Uttar Pradesh),2.0,19,45.0309,1.0,False,True
IND821115AAB,IND824101AAA,Sasaram_Central_I_2 (Bihar),AurngbadBR_Mahindra_D (Bihar),2.0,1,39.4573,1.0,True,True
IND422103AAC,IND423601AAA,Sinnar_Central_D_1 (Maharashtra),Kopargaon_NkshtrPz_D (Maharashtra),2.0,1,57.0574,1.0,True,True
IND531001AAA,IND531116AAA,Anakapalle_Kothuru_D (Andhra Pradesh),Narsiptnm_Wardno8_D (Andhra Pradesh),2.0,5,42.7166,1.0,False,True
IND160002AAC,IND160003AAA,Chandigarh_Mehmdpur_H (Punjab),Chandigarh (Chandigarh),2.0,1,41.4919,1.0,True,True
IND751015AAA,IND751002AAB,Bhubaneshwar_Nayapalli (Orissa),Bhubaneshwar_Hub (Orissa),2.0,4,10.178149999999999,1.0,True,True
IND250002AAA,IND131028AAB,Meerut (Uttar Pradesh),Sonipat_Kundli_H (Haryana),2.0,5,81.0077,1.0,False,True
IND360530AAB,IND362001AAA,Jamjodhpur_Court_D (Gujarat),Junagadh_DPC (Gujarat),2.0,15,79.48219999999999,1.0,False,True
IND530012AAA,IND531001AAA,Visakhapatnam_Gajuwaka_IP (Andhra Pradesh),Anakapalle_Kothuru_D (Andhra Pradesh),2.0,5,23.4458,1.0,False,True
IND110085AAB,IND110087AAA,Delhi_Rohini_DPC (Delhi),Delhi_Paschim_DC (Delhi),2.0,3,11.7553,0.6666666666666666,True,True
IND388320AAA,IND388220AAA,Anand_Vaghasi_IP (Gujarat),Umreth_Dakor_DC (Gujarat),2.0,1,24.6267,1.0,True,True
IND421302AAG,IND000000ACB,Bhiwandi_Mankoli_HB (Maharashtra),Gurgaon_Bilaspur_HB (Haryana),1.998452012383901,26,1322.6282500000002,1.0,False,True
IND403702AAA,IND575004AAB,Canacona_CharRsta_D (Goa),Mangalore_Kuntikna_H (Karnataka),1.9968409617198892,8,301.88185,1.0,False,True
IND854311AAA,IND854334AAA,Araria_Wardn13_D (Bihar),Raniganj_Central_DPP_1 (Bihar),1.9941520467836258,6,25.2532,1.0,False,True
IND110037AAM,IND421302AAG,Delhi_Airport_H (Delhi),Bhiwandi_Mankoli_HB (Maharashtra),1.9914744232698096,18,1367.7746,1.0,False,True
IND160002AAC,IND000000ACB,Chandigarh_Mehmdpur_H (Punjab),Gurgaon_Bilaspur_HB (Haryana),1.9905436823750335,66,280.26784999999995,1.0,False,True
IND411033AAA,IND421302AAG,Pune_Tathawde_H (Maharashtra),Bhiwandi_Mankoli_HB (Maharashtra),1.9904761904761905,107,129.6487,1.0,False,True
IND131028AAB,IND136118AAA,Sonipat_Kundli_H (Haryana),Kurukshetra_DC (Haryana),1.9893617021276593,17,128.69639999999998,1.0,False,True
IND244412AAA,IND244901AAB,Chandausi_Ganesh_D (Uttar Pradesh),Rampur_RoshnBgh_I (Uttar Pradesh),1.9875,3,81.0512,1.0,True,True
IND683511AAA,IND686028AAB,Aluva_Peedika_H (Kerala),Kottayam_Central_H_1 (Kerala),1.9873417721518989,7,80.2878,1.0,False,True
IND421302AAG,IND501359AAE,Bhiwandi_Mankoli_HB (Maharashtra),Hyderabad_Shamshbd_H (Telangana),1.9865462700205272,24,778.5192999999999,1.0,False,True
IND160002AAC,IND000000ACA,Chandigarh_Mehmdpur_H (Punjab),Ludhiana_MilrGanj_HB (Punjab),1.984126984126984,28,89.61054999999999,1.0,False,True
IND732138AAA,IND733124AAA,Bamangola_Central_D_1 (West Bengal),Gangarmpur_KhdimDPP_D (West Bengal),1.9836601307189543,3,40.72605,1.0,True,True
IND181152AAB,IND160002AAC,Jammu_Central_I_1 (Jammu & Kashmir),Chandigarh_Mehmdpur_H (Punjab),1.983221476510067,1,376.721,1.0,True,True
IND815301AAA,IND814112AAA,Giridih_Shivalya_D (Jharkhand),Deoghar_Barmasia_D (Jharkhand),1.9830508474576272,1,65.2192,1.0,True,True
IND160002AAC,IND143001AAA,Chandigarh_Mehmdpur_H (Punjab),Amritsar_DPC (Punjab),1.9830508474576272,11,246.7401,1.0,False,True
IND382430AAB,IND313001AAB,Ahmedabad_East_H_1 (Gujarat),Udaipur_Mangri_I (Rajasthan),1.9821166928309786,14,273.405,1.0,False,True
IND382715AAA,IND382430AAB,Kadi_KaranNGR_D (Gujarat),Ahmedabad_East_H_1 (Gujarat),1.9818181818181817,18,60.921899999999994,1.0,False,True
IND413002AAA,IND413304AAA,Solapur_Central_I_2 (Maharashtra),Pandharpur_RajCmplx_D (Maharashtra),1.9811320754716983,10,72.8061,1.0,False,True
IND457001AAA,IND382430AAB,Ratlam_Khjurwli_DC (Madhya Pradesh),Ahmedabad_East_H_1 (Gujarat),1.9809885931558933,3,371.6415,1.0,True,True
IND000000ACB,IND110095AAB,Gurgaon_Bilaspur_HB (Haryana),Delhi_Jhilmil_L (Delhi),1.9802631578947367,36,71.33865,0.5833333333333334,False,True
IND400072AAB,IND411033AAA,Mumbai Hub (Maharashtra),Pune_Tathawde_H (Maharashtra),1.98,8,132.78965,1.0,False,True
IND273014AAB,IND277303AAC,Gorakhpur_Matriprm_IP (Uttar Pradesh),Sikandarpur_Central_D_3 (Uttar Pradesh),1.98,18,129.46165000000002,1.0,False,True
IND501359AAE,IND500080AAB,Hyderabad_Shamshbd_H (Telangana),Hyderabad_Chikdply_I (Telangana),1.9799999999999998,24,28.73085,1.0,False,True
IND431203AAA,IND431112AAB,Jalna_BhgyaNgr_D (Maharashtra),Sillod_ZebaTWR_D (Maharashtra),1.9795918367346943,10,66.99465,1.0,False,True
IND500032AAA,IND502295AAA,Hyd_Chandanagar_Dc (Telangana),Sangareddy_Pothredy_D (Telangana),1.9795454545454543,4,26.69585,1.0,True,True
IND501359AAE,IND712311AAA,Hyderabad_Shamshbd_H (Telangana),Kolkata_Dankuni_HB (West Bengal),1.979167151030219,2,1471.3070500000001,1.0,True,True
IND251309AAB,IND131028AAB,Budhana_Busstand_D (Uttar Pradesh),Sonipat_Kundli_H (Haryana),1.9787581699346404,10,69.26165,1.0,False,True
IND507117AAB,IND507303AAA,Manuguru_AskNagar_D (Telangana),Sathupally_VidyaNGR_D (Telangana),1.978085553997195,18,123.4079,1.0,False,True
IND591102AAA,IND591307AAC,Bailhongal_NamoNagr_D (Karnataka),Gokak_Bsavangr_D (Karnataka),1.9764673311184946,18,45.7631,1.0,False,True
IND334803AAA,IND341001AAC,Nokha_DeVDPP_D (Rajasthan),Nagaur_KisanCo_D (Rajasthan),1.9750000000000003,3,53.403400000000005,1.0,True,True
IND816107AAA,IND826004AAA,Pakur_Hatpada_D (Jharkhand),Dhanbad_Kalynpur_I (Jharkhand),1.9744897959183676,8,278.2733,1.0,False,True
IND842003AAB,IND487001AAA,Jabalpur_Adhartal_IP (Madhya Pradesh),Narsingpur_JrjolDPP_D (Madhya Pradesh),1.9743547591648858,2,93.365,1.0,True,True
IND533201AAA,IND533262AAA,Amalapuram_Vijdurg_D (Andhra Pradesh),Draksharamam_Anaipeta_D (Andhra Pradesh),1.973684210526316,9,46.47,1.0,False,True
IND000000AFT,IND400072AAB,Mumbai_Sanpada_I (Maharashtra),Mumbai Hub (Maharashtra),1.9736842105263157,10,21.138600000000004,1.0,False,True
IND175001AAA,IND175101AAA,Mandi_PlaceCol_D (Himachal Pradesh),Kullu_AkhraBzr_D (Himachal Pradesh),1.9726027397260273,17,63.4834,1.0,False,True
IND422011AAD,IND413709AAA,Nashik_TgrniaRD_I (Maharashtra),Shrirampur_DavkharRd_D (Maharashtra),1.9696969696969695,1,121.9114,1.0,True,True
IND518102AAA,IND518002AAA,Srisailam_Sishumdr_D (Andhra Pradesh),Kurnool_AbbasNgr_I (Andhra Pradesh),1.9694656488549618,14,175.91154999999998,1.0,False,True
IND811307AAA,IND811213AAA,Jamui_Mehsouri_D (Bihar),KharagpurBR_Central_DPP_1 (Bihar),1.96875,1,45.7663,1.0,True,True
IND574216AAA,IND562132AAA,Dhrmsthala_Beltngdi_D (Karnataka),Bangalore_Nelmngla_H (Karnataka),1.9681818181818185,1,290.45340000000004,1.0,True,True
IND110037AAM,IND282002AAD,Delhi_Airport_H (Delhi),,1.966887417218543,1,206.0601,1.0,True,True
IND335051AAA,IND335513AAA,RaisingNgr_BisnolDPP_D (Rajasthan),Hanumangarh_DC (Rajasthan),1.9666224354394202,10,110.3004,0.9,False,True
IND244001AAA,IND263153AAB,Moradabad_DC (Uttar Pradesh),Rudrapur_UdhamNgr_H (Uttarakhand),1.9661686627978763,16,92.33619999999999,1.0,False,True
IND560300AAA,IND563101AAB,Bengaluru_KGAirprt_HB (Karnataka),Kolar_Ambedkar_D (Karnataka),1.9661016949152543,5,64.2559,1.0,False,True
IND722122AAA,IND713205AAB,Bishnupur_StnRdDPP_D (West Bengal),Durgapur_Central_I_1 (West Bengal),1.9642857142857142,8,85.62435,1.0,False,True
IND131028AAB,IND247667AAA,Sonipat_Kundli_H (Haryana),Roorkee_Dc (Uttarakhand),1.9640287769784173,5,163.0853,1.0,False,True
IND424006AAA,IND424101AAA,Dhule_MIDCAvdn_I (Maharashtra),Chalisgaon_BhadgDPP_D (Maharashtra),1.9639953542392568,8,57.04905,1.0,False,True
IND826004AAA,IND815301AAA,Dhanbad_Kalynpur_I (Jharkhand),Giridih_Shivalya_D (Jharkhand),1.963636363636364,5,63.5423,1.0,False,True
IND533308AAB,IND533106AAA,Mandapeta_Mainrd_D (Andhra Pradesh),Rajamundry_AtoNgrRd_I (Andhra Pradesh),1.962962962962963,1,33.3582,1.0,True,True
IND574104AAA,IND574216AAA,Karkala_MarketRd_D (Karnataka),Dhrmsthala_Beltngdi_D (Karnataka),1.9620912684153793,11,52.426625,1.0,False,True
IND209304AAA,IND000000ACB,Kanpur_Central_H_6 (Uttar Pradesh),Gurgaon_Bilaspur_HB (Haryana),1.9603658536585369,35,445.7063,1.0,False,True
IND834002AAB,IND000000ACB,Ranchi_Hub (Jharkhand),Gurgaon_Bilaspur_HB (Haryana),1.9600938967136152,10,1162.42705,1.0,False,True
IND123401AAB,IND123106AAB,Rewari_YuktiDPP_D (Haryana),Dharuhera_Central_DPP_2 (Haryana),1.9600000000000002,10,53.46755,1.0,False,True
IND476111AAA,IND477001AAA,Ambah_MrenTirh_D (Madhya Pradesh),Bhind_BhrolDPP_D (Madhya Pradesh),1.9598039215686274,6,65.12755000000001,1.0,False,True
IND206001AAA,IND000000ACB,Etawah_MhraChng_D (Uttar Pradesh),Gurgaon_Bilaspur_HB (Haryana),1.9594093910491561,20,310.43625,1.0,False,True
IND306401AAB,IND302014AAA,Pali_Nayagaon_I (Rajasthan),Jaipur_Hub (Rajasthan),1.958715596330275,17,301.4806,1.0,False,True
IND305601AAC,IND305001AAC,Nasirabad_Central_DPP_2 (Rajasthan),Ajmer_FoySGRRD_I (Rajasthan),1.957516339869281,18,38.659549999999996,1.0,False,True
IND751015AAA,IND752056AAA,Bhubaneshwar_Nayapalli (Orissa),Khurdha_MdhsnDPP_D (Orissa),1.9572192513368982,6,25.29655,1.0,False,True
IND560043AAC,IND560099AAB,HBR Layout PC (Karnataka),Bengaluru_Bomsndra_HB (Karnataka),1.9563025210084035,24,28.36275,0.875,False,True
IND793150AAA,IND781018AAB,Jowai_Ldthlabh_D (Meghalaya),Guwahati_Hub (Assam),1.956204379562044,1,182.8514,1.0,True,True
IND827013AAA,IND829121AAA,Bokaro_KSClny_DC (Jharkhand),Peterbar_GagiDPP_D (Jharkhand),1.955862068965517,5,37.432675,1.0,False,True
IND505209AAA,IND505001AAB,Ramagundam_Pdmavati_D (Telangana),Karimnagar_KamnHbRD_I (Telangana),1.9555555555555555,3,64.2987,1.0,True,True
IND403726AAA,IND575004AAB,Goa_Hub (Goa),Mangalore_Kuntikna_H (Karnataka),1.9553017311775274,2,353.0259,1.0,True,True
IND733129AAB,IND733129AAA,Kaliyaganj_Central_DPP_1 (West Bengal),Kaliyaganj_FatprDPP_D (West Bengal),1.952380952380952,5,24.7278,1.0,False,True
IND000000ACB,IND125005AAA,Gurgaon_Bilaspur_HB (Haryana),Hisar_IndstlAr_I (Haryana),1.9522058823529411,4,170.56535,1.0,True,True
IND781018AAB,IND781003AAA,Guwahati_Hub (Assam),Guwahati_Chandmari (Assam),1.951219512195122,7,32.715,0.5714285714285714,False,True
IND572101AAA,IND561203AAB,Tumkur_Veersagr_I (Karnataka),Doddablpur_ChikaDPP_D (Karnataka),1.951219512195122,12,56.97095,1.0,False,True
IND403726AAA,IND411033AAA,Goa_Hub (Goa),Pune_Tathawde_H (Maharashtra),1.9510694831938358,14,510.20285,1.0,False,True
IND000000ACB,IND521225AAB,Gurgaon_Bilaspur_HB (Haryana),Vijayawada_Rynapadu_H (Andhra Pradesh),1.9508580343213728,11,1728.231,1.0,False,True
IND532222AAA,IND761200AAA,Palasa_Central_DPP_1 (Andhra Pradesh),Paralakhemundi_Ward14_D (Orissa),1.9508196721311477,11,59.5442,1.0,False,True
IND535501AAB,IND532001AAB,Parvathipuram_Central_D_2 (Andhra Pradesh),Srikakulam_Kuslpram_I (Andhra Pradesh),1.9506172839506173,1,88.7522,1.0,True,True
IND342601AAA,IND342902A1B,Piparcity_BsstdDPP_D (Rajasthan),,1.9504283965728275,6,38.84875,1.0,False,True
IND791125AAB,IND791102AAA,Likabali_ZoomCDPP_D (Arunachal Pradesh),Pasighat_MissonRd_D (Arunachal Pradesh),1.9503858024691358,4,109.68465,1.0,True,True
IND562132AAA,IND395023AAA,Bangalore_Nelmngla_H (Karnataka),Surat_HUB (Gujarat),1.9502890173410403,1,1188.1769,1.0,True,True
IND562132AAA,IND560085AAA,Bangalore_Nelmngla_H (Karnataka),Bengaluru_Banshkri_DC (Karnataka),1.9500000000000002,18,30.412599999999998,1.0,False,True
IND385535AAA,IND384205AAA,Deesa_HawaiPlr_DC (Gujarat),Mehsana_Panchot_IP (Gujarat),1.95,17,92.1865,1.0,False,True
IND572201AAB,IND573201AAB,Tiptur_YTRd_D (Karnataka),Hassan_Pandrnga_I (Karnataka),1.9498039215686274,2,55.7285,1.0,True,True
IND504215AAA,IND505001AAB,Luxettipet_ShivaDPP_D (Telangana),Karimnagar_KamnHbRD_I (Telangana),1.9491525423728813,15,65.1652,1.0,False,True
IND425406AAA,IND425405AAA,Shindkheda_KakaCplx_D (Maharashtra),Shirpur_KrantiNgr_D (Maharashtra),1.9484126984126984,4,20.7417,1.0,True,True
IND604303AAA,IND603102AAA,Marakkanam_MJRDPP_D (Tamil Nadu),Kalpakkam_Sadras_D (Tamil Nadu),1.9483805668016196,4,53.4901,1.0,True,True
IND562132AAA,IND600056AAB,Bangalore_Nelmngla_H (Karnataka),MAA_Poonamallee_HB (Tamil Nadu),1.9483471074380163,14,319.41499999999996,1.0,False,True
IND501359AAE,IND413002AAA,Hyderabad_Shamshbd_H (Telangana),Solapur_Central_I_2 (Maharashtra),1.9477911646586343,11,327.37690000000003,1.0,False,True
IND364004AAB,IND365560AAA,Bhavnagar_ChtrGIDC_IP (Gujarat),Amreli_MrktYrd_DC (Gujarat),1.947368421052632,7,109.5179,1.0,False,True
IND425201AAA,IND425508AAB,Bhusawal_Samarth_D (Maharashtra),Raver_Truptingr_D (Maharashtra),1.947368421052632,9,41.5698,1.0,False,True
IND786184AAA,IND786190AAA,Chabua_CollgeRD_D (Assam),DoomDooma_Pthrgoan_D (Assam),1.9464285714285714,2,38.96300000000001,1.0,True,True
IND508206AAA,IND507002AAA,Kodad_VidyaNgr_D (Telangana),Khammam_NSTRoad_I (Telangana),1.9464285714285714,2,36.44285000000001,1.0,True,True
IND821115AAB,IND209304AAA,Sasaram_Central_I_2 (Bihar),Kanpur_Central_H_6 (Uttar Pradesh),1.9460921177587849,12,457.1472,1.0,False,True
IND585104AAA,IND585211AAA,Gulbarga_Nehrugnj_I (Karnataka),Chittapur_GlbrgaRD_D (Karnataka),1.9459459459459458,17,47.4594,1.0,False,True
IND686540AAA,IND686028AAB,Karukachal_MnimlaRd_D (Kerala),Kottayam_Central_H_1 (Kerala),1.9459064327485383,2,19.7342,1.0,True,True
IND000000ACB,IND110043AAC,Gurgaon_Bilaspur_HB (Haryana),Delhi_Nangli_L (Delhi),1.9454545454545449,9,52.015,1.0,False,True
IND562132AAA,IND302014AAA,Bangalore_Nelmngla_H (Karnataka),Jaipur_Hub (Rajasthan),1.9447489506362587,14,1854.67585,1.0,False,True
IND000000ACB,IND127021AAA,Gurgaon_Bilaspur_HB (Haryana),Bhiwani_DC (Haryana),1.9444444444444442,2,123.54990000000001,1.0,True,True
IND591302AAB,IND580028AAA,Khanapur_StatinRD_D (Karnataka),Hubli_Adargchi_IP (Karnataka),1.9442186088527553,8,100.1954,1.0,False,True
IND131028AAB,IND244001AAA,Sonipat_Kundli_H (Haryana),Moradabad_DC (Uttar Pradesh),1.9440993788819882,19,201.2372,1.0,False,True
IND395023AAA,IND562132AAA,Surat_HUB (Gujarat),Bangalore_Nelmngla_H (Karnataka),1.94386499574679,20,1193.0835499999998,1.0,False,True
IND781018AAB,IND785621AAA,Guwahati_Hub (Assam),Golaghat_BaruaRd_D (Assam),1.943722943722944,1,312.81690000000003,1.0,True,True
IND731301AAA,IND713205AAB,Nanoor_Central_DPP_1 (West Bengal),Durgapur_Central_I_1 (West Bengal),1.943661971830986,19,76.5807,1.0,False,True
IND842003AAB,IND480661AAA,Jabalpur_Adhartal_IP (Madhya Pradesh),Seoni_Kidwai_D (Madhya Pradesh),1.942286036036036,2,156.1569,1.0,True,True
IND518401AAA,IND518422AAB,Nandikotkr_UmarDPP_D (Andhra Pradesh),Atmakur_IndraNgr_D (Andhra Pradesh),1.9416666666666664,12,35.06115,1.0,False,True
IND362220AAA,IND362225AAA,Junagadh_keshod_DC (Gujarat),Mangrol_JilRDDPP_D (Gujarat),1.9415384615384614,6,28.35335,1.0,False,True
IND507002AAA,IND507159AAA,Khammam_NSTRoad_I (Telangana),Kusumnchi_SKRoad_D (Telangana),1.9411764705882355,3,23.1748,1.0,True,True
IND509103AAB,IND509103AAC,Wanaparthy_VallaDPP_D (Telangana),,1.9411764705882355,1,18.9512,1.0,True,True
IND521105AAA,IND534001AAA,HanumanJNC_VijywdRD_D (Andhra Pradesh),Eluru_Agraharm_DC (Andhra Pradesh),1.941176470588235,4,18.16985,1.0,True,True
IND131028AAB,IND124507AAA,Sonipat_Kundli_H (Haryana),Bahadurgarh_DC (Haryana),1.9404761904761905,10,36.71885,1.0,False,True
IND516390AAA,IND515004AAA,Pulivendula_RTCStand_D (Andhra Pradesh),Anantapur_KamaStrt_I (Andhra Pradesh),1.9404761904761905,15,99.5907,1.0,False,True
IND533003AAA,IND533401AAA,Kakinada_DC (Andhra Pradesh),Tuni_Eaglvari_D (Andhra Pradesh),1.9392097264437689,18,62.66395,1.0,False,True
IND306116AAA,IND306001AAA,Falna_SbhRDDPP_D (Rajasthan),MarwarJn_SndbrDPP_D (Rajasthan),1.9390243902439022,3,104.691,1.0,True,True
IND585314AAA,IND586211AAA,Aland_RazaviRd_D (Karnataka),Indi_SindgiRD_D (Karnataka),1.9381443298969072,3,104.968,1.0,True,True
IND627117AAA,IND629001AAA,Vallior_Radhaprm_D (Tamil Nadu),Nagarcoil_AsrplmRd_DC (Tamil Nadu),1.9375,11,35.1044,1.0,False,True
IND825409AAA,IND000000ACB,JhumriTlya_RadhaCpx_D (Jharkhand),Gurgaon_Bilaspur_HB (Haryana),1.9372153349621453,14,1050.3371000000002,1.0,False,True
IND411033AAA,IND521225AAB,Pune_Tathawde_H (Maharashtra),Vijayawada_Rynapadu_H (Andhra Pradesh),1.9371345029239766,10,911.93355,1.0,False,True
IND501359AAE,IND500010AAA,Hyderabad_Shamshbd_H (Telangana),Hyderabad_Alwal_I (Telangana),1.9358974358974355,12,47.48885,1.0,False,True
IND632006AAA,IND632301AAA,Vellore_GndhiNgr_IP (Tamil Nadu),Arani_KrthiKyn_D (Tamil Nadu),1.935483870967742,14,39.94695,1.0,False,True
IND302014AAB,IND302006AAA,Jaipur_Central_I_7 (Rajasthan),Jaipur (Rajasthan),1.9354166666666666,16,16.0949,1.0,False,True
IND751015AAA,IND752055AAA,Bhubaneshwar_Nayapalli (Orissa),Khurdha_MunplDPP_D (Orissa),1.9347826086956523,2,26.3951,1.0,True,True
IND625516AAA,IND685514AAA,Cumbum_LFRoad_D (Tamil Nadu),Kattappana_Palikval_D (Kerala),1.934782608695652,7,33.3321,1.0,False,True
IND562132AAA,IND462022AAA,Bangalore_Nelmngla_H (Karnataka),Bhopal_Trnsport_H (Madhya Pradesh),1.9340446168768184,13,1393.6625,1.0,False,True
IND532001AAB,IND532127AAA,Srikakulam_Kuslpram_I (Andhra Pradesh),Rajam_SamathBv_D (Andhra Pradesh),1.9333333333333331,21,34.429199999999994,1.0,False,True
IND585104AAA,IND586128AAA,Gulbarga_Nehrugnj_I (Karnataka),Sindagi_KalyanNg_D (Karnataka),1.9324324324324325,15,92.5224,1.0,False,True
IND121004AAB,IND121102AAA,FBD_Balabhgarh_DPC (Haryana),Palwal (Haryana),1.9310344827586206,41,39.8523,1.0,False,True
IND600056AAB,IND600076AAB,MAA_Poonamallee_HB (Tamil Nadu),Chennai_Madhavaram_DPC (Tamil Nadu),1.930930930930931,16,46.066599999999994,1.0,False,True
IND131028AAB,IND251001AAA,Sonipat_Kundli_H (Haryana),Muzaffrngr_MhmodNgr_D (Uttar Pradesh),1.930565088080531,10,117.0308,1.0,False,True
IND721401AAA,IND721306AAA,Contai_Kanakpur_D (West Bengal),Kharagpur_DC (West Bengal),1.9301957831325303,2,88.13534999999999,1.0,True,True
IND431136AAC,IND411033AAA,Aurangabad_Central_H_1 (Maharashtra),Pune_Tathawde_H (Maharashtra),1.9298245614035088,13,235.4623,1.0,False,True
IND609110AAA,IND609602AAA,Sirkazhi_Pngktgudi_D (Tamil Nadu),Karaikal_Thalthru_DC (Pondicherry),1.9291871921182266,8,42.0763,1.0,False,True
IND824101AAA,IND821115AAB,AurngbadBR_Mahindra_D (Bihar),Sasaram_Central_I_2 (Bihar),1.9285714285714288,7,38.8826,1.0,False,True
IND501101AAB,IND501359AAE,Vikarabad_Central_DPP_2 (Telangana),Hyderabad_Shamshbd_H (Telangana),1.9285714285714288,1,72.1443,1.0,True,True
IND131028AAB,IND247667AAB,Sonipat_Kundli_H (Haryana),Roorkee_IOTCEncl_L (Uttarakhand),1.9285714285714286,15,163.7663,1.0,False,True
IND000000ACB,IND421302AAG,Gurgaon_Bilaspur_HB (Haryana),Bhiwandi_Mankoli_HB (Maharashtra),1.9273858921161824,33,1322.4025,1.0,False,True
IND125005AAA,IND000000ACB,Hisar_IndstlAr_I (Haryana),Gurgaon_Bilaspur_HB (Haryana),1.9270072992700729,5,171.9355,1.0,False,True
IND302014AAA,IND000000ACB,Jaipur_Hub (Rajasthan),Gurgaon_Bilaspur_HB (Haryana),1.9268292682926826,23,221.4515,1.0,False,True
IND263601AAA,IND262501AAA,Almora_SuzkiSrv_D (Uttarakhand),Pithorgarh_Kumud_D (Uttarakhand),1.9260940251998377,10,112.36295,1.0,False,True
IND562159AAA,IND562117AAA,Ramanagara_BMRd_DC (Karnataka),Kanakapura_VaniThtr_D (Karnataka),1.9259259259259258,11,28.5816,1.0,False,True
IND507002AAA,IND508207AAB,Khammam_NSTRoad_I (Telangana),Miryalguda_Ragvendr_D (Telangana),1.925373134328358,2,92.23044999999999,1.0,True,True
IND580028AAA,IND591123AAC,Hubli_Adargchi_IP (Karnataka),Ramdurg_GndhiNGR_D (Karnataka),1.9252873563218391,18,111.9425,1.0,False,True
IND562132AAA,IND560058AAB,Bangalore_Nelmngla_H (Karnataka),Bengaluru_Peenya_IP (Karnataka),1.9230769230769234,20,13.5898,0.75,False,True
IND246701AAA,IND246763AAA,Bijnor_NaginaRd_D (Uttar Pradesh),Najibabad_KotdwrRD_D (Uttar Pradesh),1.9230769230769234,12,34.26045,1.0,False,True
IND395023AAD,IND395006AAA,Surat_Central_I_4 (Gujarat),Surat_Varachha_DC (Gujarat),1.9230769230769231,27,15.0746,1.0,False,True
IND752055AAA,IND751002AAB,Khurdha_MunplDPP_D (Orissa),Bhubaneshwar_Hub (Orissa),1.9230769230769231,1,35.7081,1.0,True,True
IND302014AAB,IND303008AAB,Jaipur_Central_I_7 (Rajasthan),Dudu_NrainaRD_D (Rajasthan),1.923076923076923,5,73.9501,1.0,False,True
IND362001AAA,IND362265AAA,Junagadh_DPC (Gujarat),Veraval_DC (Gujarat),1.9223057644110275,2,79.90045,1.0,True,True
IND000000ACA,IND142401AAA,Ludhiana_MilrGanj_HB (Punjab),Khanna_DC (Punjab),1.9210526315789476,12,27.6177,0.9166666666666666,False,True
IND757001AAA,IND757041AAA,Baripada_KalikDPP_D (Orissa),Udala_NagplDPP_D (Orissa),1.9199363732767762,2,46.4456,1.0,True,True
IND581325AAA,IND580028AAA,Dandeli_RKComplx_D (Karnataka),Hubli_Adargchi_IP (Karnataka),1.9196504688832055,14,77.76525000000001,1.0,False,True
IND712311AAA,IND751002AAB,Kolkata_Dankuni_HB (West Bengal),Bhubaneshwar_Hub (Orissa),1.9193548387096773,27,434.5664,1.0,False,True
IND591115AAB,IND580028AAA,Kittur_ColageRD_D (Karnataka),Hubli_Adargchi_IP (Karnataka),1.916666666666667,2,58.072199999999995,1.0,True,True
IND600073AAA,IND603203AAA,Chennai_Selaiyur_DC (Tamil Nadu),Chennai_Potheri (Tamil Nadu),1.9166666666666667,1,15.6886,1.0,True,True
IND144401AAB,IND144001AAB,Phagwara_Lovely_D (Punjab),Jalandhar_DPC (Punjab),1.9166666666666667,17,13.179,1.0,False,True
IND563116AAA,IND563131AAB,Bethamangala_FshryOFC_D (Karnataka),Bangarapet_KolarRd_D (Karnataka),1.9166666666666665,14,17.99505,1.0,False,True
IND160002AAC,IND131028AAB,Chandigarh_Mehmdpur_H (Punjab),Sonipat_Kundli_H (Haryana),1.9154387833599624,12,182.03404999999998,1.0,False,True
IND342601AAA,IND342902AAA,Piparcity_BsstdDPP_D (Rajasthan),Gotan_DKLogDPP_D (Rajasthan),1.9142857142857144,3,39.0015,1.0,True,True
IND302014AAA,IND301001AAB,Jaipur_Hub (Rajasthan),Alwar_Central_I_1 (Rajasthan),1.9137931034482758,21,144.5915,1.0,False,True
IND462022AAA,IND000000ACB,Bhopal_Trnsport_H (Madhya Pradesh),Gurgaon_Bilaspur_HB (Haryana),1.9131577857823046,26,814.2094500000001,1.0,False,True
IND571301AAA,IND571111AAB,Nanjangud_RPRoad_D (Karnataka),Gundlupet_Swamylyt_D (Karnataka),1.9130434782608696,8,33.89045,1.0,False,True
IND306304AAB,IND311302AAA,Raipur_BypRDDPP_D (Rajasthan),Badnaur_BhmrdDPP_D (Rajasthan),1.9130434782608696,1,65.1454,1.0,True,True
IND110044AAB,IND201301AAF,Del_Okhla_PC (Delhi),Noida_Sec 02_DPC (Uttar Pradesh),1.9126984126984128,12,12.69995,1.0,False,True
IND421302AAG,IND131028AAB,Bhiwandi_Mankoli_HB (Maharashtra),Sonipat_Kundli_H (Haryana),1.9119395657329183,14,1427.2415,1.0,False,True
IND123001AAA,IND123401AAB,Narnaul_DC (Haryana),Rewari_YuktiDPP_D (Haryana),1.911764705882353,13,44.1692,1.0,False,True
IND416012AAA,IND415003AAA,Kolhapur_Shivaji_I (Maharashtra),Satara_DC (Maharashtra),1.9114583333333335,8,121.39605,1.0,False,True
IND305001AAC,IND342602AAC,Ajmer_FoySGRRD_I (Rajasthan),Bilara_Central_DPP_2 (Rajasthan),1.9114583333333333,2,129.9931,1.0,True,True
IND635802AAB,IND635601AAB,Ambur_Central_D_2 (Tamil Nadu),Tiruppattur_KoilStrt_D (Tamil Nadu),1.9112042682926826,10,49.869550000000004,1.0,False,True
IND000000ACB,IND501359AAE,Gurgaon_Bilaspur_HB (Haryana),Hyderabad_Shamshbd_H (Telangana),1.909871244635193,29,1562.7023000000002,1.0,False,True
IND424006AAA,IND425405AAA,Dhule_MIDCAvdn_I (Maharashtra),Shirpur_KrantiNgr_D (Maharashtra),1.909090909090909,3,59.5702,1.0,True,True
IND783301AAA,IND783348AAA,Dhubri_Tetultol_D (Assam),Bilasipara_Wardno5_D (Assam),1.9090909090909087,11,43.2133,1.0,False,True
IND395023AAA,IND394221AAA,Surat_HUB (Gujarat),Surat_Pandesra_Gateway (Gujarat),1.9090909090909087,1,10.9696,1.0,True,True
IND250611AAA,IND247776AAA,Baraut_SrnprHwy_D (Uttar Pradesh),Shamli_KarnalRd_D (Uttar Pradesh),1.9090909090909087,11,39.5746,1.0,False,True
IND721501AAC,IND721306AAA,AmaDubi_Bulabeda_D (West Bengal),Kharagpur_DC (West Bengal),1.9090909090909087,1,98.5015,1.0,True,True
IND302022AAD,IND000000ACB,Jaipur_RIICO_L (Rajasthan),Gurgaon_Bilaspur_HB (Haryana),1.9090909090909087,7,222.3819,1.0,False,True
IND732204AAB,IND732123AAC,Paranpur_Nijgan_D (West Bengal),Chanchal_BargaDPP_D (West Bengal),1.9086509376890501,2,50.2299,1.0,True,True
IND403726AAA,IND581400AAB,Goa_Hub (Goa),Mallapur_ShtDRDPP_D (Karnataka),1.908256880733945,1,115.8,1.0,True,True
IND131028AAB,IND000000ACB,Sonipat_Kundli_H (Haryana),Gurgaon_Bilaspur_HB (Haryana),1.906426400347373,86,89.73310000000001,0.9883720930232558,False,True
IND302014AAA,IND313001AAB,Jaipur_Hub (Rajasthan),Udaipur_Mangri_I (Rajasthan),1.905923344947735,12,404.9376,1.0,False,True
IND000000ACB,IND282002AAD,Gurgaon_Bilaspur_HB (Haryana),,1.905109489051095,9,183.2081,1.0,False,True
IND303901AAA,IND304001AAA,Chaksu_TonkRoad_D (Rajasthan),Tonk_DC (Rajasthan),1.9047619047619049,3,56.5109,1.0,True,True
IND614620AAA,IND630561AAA,Manamelkudi_TmpleSrt_D (Tamil Nadu),Sivaganga_Wardno3_D (Tamil Nadu),1.9044798222880415,16,105.14405,1.0,False,True
IND402109AAA,IND402301AAA,Roha_DataSagr_D (Maharashtra),Mahad_Govndsgr_D (Maharashtra),1.903985507246377,20,63.32465,1.0,False,True
IND848210AAA,IND851127AAA,Rusera_Wardno4_D (Bihar),Manjhaul_Purbari_D (Bihar),1.9038461538461537,16,28.97905,1.0,False,True
IND581334AAA,IND581314AAA,Honnavar_Prbhtngr_D (Karnataka),Ankola_Kakrmath_D (Karnataka),1.9038461538461535,3,55.1553,1.0,True,True
IND125001AAA,IND335524AAA,Hisar_ModelTwn_P (Haryana),Rawatsar_ShivmDPP_D (Rajasthan),1.9024390243902443,5,167.69289999999998,1.0,False,True
IND251201AAA,IND250002AAA,Khatauli_TilakNgr_D (Uttar Pradesh),Meerut (Uttar Pradesh),1.902439024390244,1,39.5339,1.0,True,True
IND842001AAA,IND854326AAB,Muzaffrpur_Bbganj_I (Bihar),Purnia_Central_H_2 (Bihar),1.9019607843137252,19,288.6933,1.0,False,True
IND587103AAB,IND582209AAA,Bagalkot_Sector4_D (Karnataka),Rona_GadagRD_D (Karnataka),1.9016393442622948,17,66.4212,1.0,False,True
IND144001AAC,IND000000ACA,Jalandhar_Sodal Road (Punjab),Ludhiana_MilrGanj_HB (Punjab),1.9015778439810218,12,73.70455,1.0,False,True
IND600056AAB,IND600044AAE,MAA_Poonamallee_HB (Tamil Nadu),Chennai_Chrompet_L (Tamil Nadu),1.900326797385621,34,35.81985,1.0,False,True
IND641607AAA,IND641664AAA,Tirupur_Koliplm_I (Tamil Nadu),Tirpur_Palladam_DC (Tamil Nadu),1.9,4,21.59195,1.0,True,True
IND000000ACB,IND562132AAA,Gurgaon_Bilaspur_HB (Haryana),Bangalore_Nelmngla_H (Karnataka),1.8991700527248199,66,2064.1822,1.0,False,True
IND334001AAB,IND334803AAA,Bikaner_DC (Rajasthan),Nokha_DeVDPP_D (Rajasthan),1.8986105080330007,2,64.6074,1.0,True,True
IND363421AAB,IND364710AAA,Limbdi_Busstand_D (Gujarat),Botad_DC (Gujarat),1.8974358974358974,13,54.457800000000006,1.0,False,True
IND571426AAA,IND571104AAA,Krishnarajpet_MuruPost_D (Karnataka),Koppa_BMRd_D (Karnataka),1.8974358974358971,15,86.6617,1.0,False,True
IND341505AAA,IND341503AAB,Makrana_Mwalibad_D (Rajasthan),Degana_BhukrdPP_D (Rajasthan),1.897058823529412,12,80.50874999999999,1.0,False,True
IND364270AAA,IND364001AAA,Palitana_STRdDPP_D (Gujarat),Bhavnagar_Dc (Gujarat),1.8967105263157895,2,48.5137,1.0,True,True
IND577598AAB,IND573142AAA,Madikeri_MuthpTmp_D (Karnataka),Ramanathapura_Central_D_2 (Karnataka),1.8965517241379308,17,66.35810000000001,1.0,False,True
IND683565AAA,IND683511AAA,Kunnathund_Pringla_D (Kerala),Aluva_Peedika_H (Kerala),1.8947368421052633,13,15.8113,1.0,False,True
IND752056AAA,IND751002AAB,Khurdha_MdhsnDPP_D (Orissa),Bhubaneshwar_Hub (Orissa),1.894736842105263,1,27.2786,1.0,True,True
IND600016AAC,IND600119AAA,Chennai_Perungudi_DPC (Tamil Nadu),Chennai_Sholinganallur_Dc (Tamil Nadu),1.894736842105263,11,23.887400000000003,0.8181818181818182,False,True
IND560048AAB,IND562132AAA,Bengaluru_Hoodi_IP (Karnataka),Bangalore_Nelmngla_H (Karnataka),1.893617021276596,17,36.6371,0.9411764705882353,False,True
IND600032AAB,IND600056AAB,Chennai_Hub (Tamil Nadu),MAA_Poonamallee_HB (Tamil Nadu),1.8920454545454544,64,36.47855,1.0,False,True
IND824101AAA,IND821307AAA,AurngbadBR_Mahindra_D (Bihar),DehriSone_Dilliyan_D (Bihar),1.8903162055335967,4,32.116,1.0,True,True
IND764059AAA,IND764071AAB,Nabarangpr_PhdofDPP_D (Orissa),Pappadahandi_Central_DPP_2 (Orissa),1.8888888888888886,3,12.7983,1.0,True,True
IND421302AAG,IND160002AAC,Bhiwandi_Mankoli_HB (Maharashtra),Chandigarh_Mehmdpur_H (Punjab),1.888695652173913,1,1583.6609,1.0,True,True
IND416122AAA,IND395023AAA,Kolhapur_Central_H_2 (Maharashtra),Surat_HUB (Gujarat),1.888655462184874,1,603.1991999999999,1.0,True,True
IND122001AAD,IND122050AAA,Gurgaon_Kadipur (Haryana),Gurgaon_Manesar (Haryana),1.8872549019607843,10,16.641849999999998,0.9,False,True
IND000000ACB,IND834002AAB,Gurgaon_Bilaspur_HB (Haryana),Ranchi_Hub (Jharkhand),1.8854289071680377,16,1192.90015,1.0,False,True
IND721501AAC,IND721253AAC,AmaDubi_Bulabeda_D (West Bengal),ChandroknaRD_Central_DPP_3 (West Bengal),1.8853917821309125,6,100.69075000000001,1.0,False,True
IND722101AAA,IND722122AAA,Bankura_KeranDPP_D (West Bengal),Bishnupur_StnRdDPP_D (West Bengal),1.8852657004830917,8,31.4585,1.0,False,True
IND124103AAA,IND127021AAA,Jhajjar_DC (Haryana),Bhiwani_DC (Haryana),1.8846153846153848,9,74.3035,1.0,False,True
IND413709AAA,IND423109AAA,Shrirampur_DavkharRd_D (Maharashtra),Shirdi_SaiBansi_D (Maharashtra),1.8846153846153848,13,29.5612,1.0,False,True
IND712311AAA,IND000000ACB,Kolkata_Dankuni_HB (West Bengal),Gurgaon_Bilaspur_HB (Haryana),1.8842504743833013,11,1435.1908999999998,1.0,False,True
IND786001AAB,IND786190AAA,Dibrugarh_Bokule_H (Assam),DoomDooma_Pthrgoan_D (Assam),1.8837209302325584,1,62.2556,1.0,True,True
IND523226AAA,IND523316AAB,Chimkurthy_MSRClgRd_D (Andhra Pradesh),Markapur_VidyaNgr_D (Andhra Pradesh),1.88135593220339,13,72.10289999999999,1.0,False,True
IND816109AAA,IND826004AAA,Sahebganj_BaraLoha_D (Jharkhand),Dhanbad_Kalynpur_I (Jharkhand),1.8813469927769435,10,300.7029,1.0,False,True
IND757037AAA,IND758001AAA,Karanjia_Sarubali_D (Orissa),Kendujhar_Sirjudin_D (Orissa),1.880952380952381,1,53.2173,1.0,True,True
IND507111AAA,IND507303AAA,Bhadrachalam_ITDARd_D (Telangana),Sathupally_VidyaNGR_D (Telangana),1.88,1,105.4585,1.0,True,True
IND431203AAA,IND431136AAC,Jalna_BhgyaNgr_D (Maharashtra),Aurangabad_Central_H_1 (Maharashtra),1.8796296296296298,2,74.3947,1.0,True,True
IND000000ACB,IND302014AAA,Gurgaon_Bilaspur_HB (Haryana),Jaipur_Hub (Rajasthan),1.8794117647058823,30,221.2688,1.0,False,True
IND670643AAA,IND673632AAA,Kuthuparamba_IdstrlAr_D (Kerala),Kozhikode_Central_H_4 (Kerala),1.879120879120879,5,93.509,1.0,False,True
IND341001AAC,IND341030AAA,Nagaur_KisanCo_D (Rajasthan),Tarnau_BsstdDPP_D (Rajasthan),1.8787248787248787,2,41.841,1.0,True,True
IND461111AAA,IND460001AAA,Itarsi_DivrsnRd_D (Madhya Pradesh),Betul_PatelWrd_D (Madhya Pradesh),1.8782390269698575,20,86.03235,1.0,False,True
IND160002AAC,IND184104AAA,Chandigarh_Mehmdpur_H (Punjab),Kathua_BOB_D (Jammu & Kashmir),1.8775933609958504,6,307.71580000000006,1.0,False,True
IND815353AAA,IND814133AAB,Madhupur_Sitarmrd_D (Jharkhand),Godda_Central_D_2 (Jharkhand),1.8772495755517826,8,116.3175,1.0,False,True
IND000000ACB,IND121002AAB,Gurgaon_Bilaspur_HB (Haryana),Faridabad_Mthurard_L (Haryana),1.876923076923077,57,77.75919999999999,1.0,False,True
IND783348AAA,IND783129AAA,Bilasipara_Wardno5_D (Assam),Lakhipur_WrdN4DPP_D (Assam),1.8764044943820224,10,101.53845,1.0,False,True
IND274001AAA,IND274509AAB,Deoria_CCRoad_D (Uttar Pradesh),Salempur_Banjaria_D (Uttar Pradesh),1.875,13,29.2588,1.0,False,True
IND142401AAA,IND000000ACA,Khanna_DC (Punjab),Ludhiana_MilrGanj_HB (Punjab),1.875,6,28.5001,1.0,False,True
IND395023AAD,IND396445AAA,Surat_Central_I_4 (Gujarat),Navsari_DC (Gujarat),1.875,7,22.5559,1.0,False,True
IND515004AAA,IND515671AAA,Anantapur_KamaStrt_I (Andhra Pradesh),Dharmavram_SaiNgr_D (Andhra Pradesh),1.875,13,35.7158,1.0,False,True
IND000000ACB,IND201001AAC,Gurgaon_Bilaspur_HB (Haryana),Ghaziabad_Central_L_8 (Uttar Pradesh),1.8736263736263736,4,86.0572,1.0,True,True
IND244221AAA,IND131028AAB,Amroha_SamitiRd_D (Uttar Pradesh),Sonipat_Kundli_H (Haryana),1.873015873015873,21,163.4916,1.0,False,True
IND131028AAB,IND248001AAD,Sonipat_Kundli_H (Haryana),Dehradun_Nirjanpur_L (Uttarakhand),1.8726415094339623,1,245.6096,1.0,True,True
IND144001AAA,IND144040AAA,Jalandhar_DC (Punjab),Nakodar_ChowkDPP_D (Punjab),1.8723684210526317,16,26.034100000000002,1.0,False,True
IND560300AAB,IND563130AAA,Bangalore_East_I_20 (Karnataka),Malur_NharuExt_D (Karnataka),1.8709528214616098,8,54.9833,1.0,False,True
IND431107AAB,IND431136AAC,Paithan_SantaNGR_D (Maharashtra),Aurangabad_Central_H_1 (Maharashtra),1.87,6,49.06375,1.0,False,True
IND176215AAA,IND176061AAA,Dharamshala_GrudwrRd_D (Himachal Pradesh),Palampur_Cnsrvila_D (Himachal Pradesh),1.8695652173913044,3,33.5531,1.0,True,True
IND384205AAA,IND382430AAB,Mehsana_Panchot_IP (Gujarat),Ahmedabad_East_H_1 (Gujarat),1.869047619047619,1,92.5036,1.0,True,True
IND160002AAC,IND135001AAA,Chandigarh_Mehmdpur_H (Punjab),YamunaNagar_DC (Haryana),1.8688524590163933,1,67.1824,1.0,True,True
IND305901AAA,IND342602AAC,Beawar_DC (Rajasthan),Bilara_Central_DPP_2 (Rajasthan),1.8686502177068214,6,75.72975,1.0,False,True
IND263401AAA,IND263153AAB,Kashipur_BajprDPP_D (Uttarakhand),Rudrapur_UdhamNgr_H (Uttarakhand),1.868421052631579,15,39.9042,1.0,False,True
IND144527AAA,IND141115AAA,Garhshnker_Jagrata_D (Punjab),Machhiwara_MnBzrDPP_D (Punjab),1.8676470588235294,4,34.76015,1.0,True,True
IND184104AAA,IND160002AAC,Kathua_BOB_D (Jammu & Kashmir),Chandigarh_Mehmdpur_H (Punjab),1.8668192219679636,4,300.79385,1.0,True,True
IND131028AAB,IND249407AAA,Sonipat_Kundli_H (Haryana),Haridwar (Uttarakhand),1.8666666666666667,1,196.1742,1.0,True,True
IND396321AAA,IND396580AAB,Bilimora_DC (Gujarat),Vansda_CikhliRD_D (Gujarat),1.8666666666666667,17,42.9025,1.0,False,True
IND572201AAB,IND577116AAA,Tiptur_YTRd_D (Karnataka),,1.8653846153846156,1,68.9439,1.0,True,True
IND465333AAA,IND462022AAA,Shujalpur_AstrdDPP_D (Madhya Pradesh),Bhopal_Trnsport_H (Madhya Pradesh),1.8653846153846156,3,146.42010000000002,1.0,True,True
IND680587AAA,IND68004AAA,Pazhayannur_AlathurRD_D (Kerala),Thrissur_Poothole_D (Kerala),1.8653846153846154,10,42.49605,1.0,False,True
IND411033AAA,IND400072AAB,Pune_Tathawde_H (Maharashtra),Mumbai Hub (Maharashtra),1.8640776699029127,8,130.8845,1.0,False,True
IND581110AAE,IND581119AAB,Haveri_GuttalRD_D (Karnataka),Ukkadagatri_Tuminkte_D (Karnataka),1.8636363636363635,16,54.0105,1.0,False,True
IND600044AAD,IND600056AAB,Chennai_Chrompet_DPC (Tamil Nadu),MAA_Poonamallee_HB (Tamil Nadu),1.8611111111111112,17,36.4844,1.0,False,True
IND000000ACB,IND382430AAB,Gurgaon_Bilaspur_HB (Haryana),Ahmedabad_East_H_1 (Gujarat),1.860759493670886,17,873.1134000000001,1.0,False,True
IND000000ACB,IND600056AAB,Gurgaon_Bilaspur_HB (Haryana),MAA_Poonamallee_HB (Tamil Nadu),1.8605590062111805,14,2190.2241,1.0,False,True
IND160002AAC,IND181152AAA,Chandigarh_Mehmdpur_H (Punjab),Jammu_TrnptNgr_L (Jammu & Kashmir),1.8603896103896105,2,377.77835,1.0,True,True
IND626123AAA,IND627756AAA,Sivakasi_Msstreet_DC (Tamil Nadu),Sankaran_Kovil_D (Tamil Nadu),1.86,17,48.291,1.0,False,True
IND509301AAA,IND501359AAE,Jadcherla_Badeplly_D (Telangana),Hyderabad_Shamshbd_H (Telangana),1.8583673469387754,14,66.7873,1.0,False,True
IND603102AAA,IND600056AAB,Kalpakkam_Sadras_D (Tamil Nadu),MAA_Poonamallee_HB (Tamil Nadu),1.8582089552238807,12,73.2681,1.0,False,True
IND421302AAG,IND562132AAA,Bhiwandi_Mankoli_HB (Maharashtra),Bangalore_Nelmngla_H (Karnataka),1.857946273144485,30,968.8463,1.0,False,True
IND303002AAA,IND302014AAA,Achrol_BgwriDPP_D (Rajasthan),Jaipur_Hub (Rajasthan),1.8571428571428572,10,47.8927,1.0,False,True
IND501359AAE,IND500008AAC,Hyderabad_Shamshbd_H (Telangana),Hyderabad_Tolichwk_I (Telangana),1.8571428571428568,19,26.9101,1.0,False,True
IND505425AAA,IND505001AAB,DhrmpuriTS_HanumDPP_D (Telangana),Karimnagar_KamnHbRD_I (Telangana),1.8571428571428568,1,70.7628,1.0,True,True
IND607001AAA,IND608001AAA,Cuddalore_KtsiGrsm_D (Tamil Nadu),Chidambaram_ARBNorth_DC (Tamil Nadu),1.8571428571428568,11,39.5553,1.0,False,True
IND767001AAA,IND767017AAA,Balangir_Rjndpara_D (Orissa),Sonepur_BrezeDPP_D (Orissa),1.8571428571428568,3,49.2466,1.0,True,True
IND621802AAA,IND621212AAA,Jayamkondan_Chithbrm_D (Tamil Nadu),Perambalur_goplpurm_D (Tamil Nadu),1.8557692307692308,2,68.50954999999999,1.0,True,True
IND284403AAA,IND472001AAA,Lalitpur_RjghatRd_D (Uttar Pradesh),Tikamgarh_MndiRoad_D (Madhya Pradesh),1.8555429864253394,2,62.2721,1.0,True,True
IND211002AAB,IND209304AAA,Allahabad_Central_H_1 (Uttar Pradesh),Kanpur_Central_H_6 (Uttar Pradesh),1.855072463768116,16,195.95745,1.0,False,True
IND000000ACB,IND462022AAA,Gurgaon_Bilaspur_HB (Haryana),Bhopal_Trnsport_H (Madhya Pradesh),1.8545841853631164,18,813.9510499999999,1.0,False,True
IND390020AAA,IND391110AAD,Vadodara (Gujarat),Dabhoi_Central_DPP_3 (Gujarat),1.8529411764705883,7,35.3396,1.0,False,True
IND637301AAA,IND638001AAA,Sankari_Trchngrd_D (Tamil Nadu),Erode (Tamil Nadu),1.8529411764705876,10,21.73915,1.0,False,True
IND382430AAB,IND000000ACB,Ahmedabad_East_H_1 (Gujarat),Gurgaon_Bilaspur_HB (Haryana),1.8523809523809525,17,876.2658,1.0,False,True
IND845412AAB,IND845401AAA,Chakia_Wardno10_D (Bihar),Motihari_RajaBzr_D (Bihar),1.851851851851852,15,36.4615,0.8666666666666667,False,True
IND802119AAA,IND802158AAB,Dumraon_Nishangr_D (Bihar),Jagdishpur_Wardno13_D (Bihar),1.8513513513513513,16,51.8343,1.0,False,True
IND382430AAB,IND395023AAA,Ahmedabad_East_H_1 (Gujarat),Surat_HUB (Gujarat),1.8511157085857843,30,272.69685000000004,1.0,False,True
IND571104AAA,IND577598AAB,Koppa_BMRd_D (Karnataka),Madikeri_MuthpTmp_D (Karnataka),1.85,16,28.0028,1.0,False,True
IND321001AAB,IND321401AAB,Bharatpur_NraynDPP_D (Rajasthan),Bayana_LalBagh_D (Rajasthan),1.847902097902098,2,71.06865,1.0,True,True
IND560300AAB,IND563116AAA,Bangalore_East_I_20 (Karnataka),Bethamangala_FshryOFC_D (Karnataka),1.8461538461538465,1,102.9923,1.0,True,True
IND683572AAA,IND680307AAA,Angamaly_CivilStn_D (Kerala),Chalakudy_SurbhiTh_D (Kerala),1.8461538461538463,9,13.9758,0.8888888888888888,False,True
IND521301AAA,IND521001AAA,Gudivada_GvrCompx_D (Andhra Pradesh),Machilipatnam_DC (Andhra Pradesh),1.8461538461538463,19,36.2957,1.0,False,True
IND121004AAB,IND121004AAC,FBD_Balabhgarh_DPC (Haryana),Faridabad_MohnVRTL_D (Haryana),1.8461538461538463,9,16.6152,1.0,False,True
IND311001AAA,IND313324AAA,Bhilwara_DC (Rajasthan),Rajsamand_kankroli_D (Rajasthan),1.8461538461538463,5,89.73939999999999,1.0,False,True
IND600056AAB,IND562132AAA,MAA_Poonamallee_HB (Tamil Nadu),Bangalore_Nelmngla_H (Karnataka),1.845694779116466,16,321.84765000000004,1.0,False,True
IND000000AEL,IND000000ACB,Delhi_PunjabiB_L (Delhi),Gurgaon_Bilaspur_HB (Haryana),1.8448275862068968,17,63.1293,1.0,False,True
IND508213AAB,IND508001AAA,Suryapet_Krishna_D (Telangana),Nalgonda_HydRoad_DC (Telangana),1.8441295546558707,14,51.31175,1.0,False,True
IND247667AAA,IND249407AAA,Roorkee_Dc (Uttarakhand),Haridwar (Uttarakhand),1.843918918918919,14,30.53235,1.0,False,True
IND518002AAA,IND501359AAE,Kurnool_AbbasNgr_I (Andhra Pradesh),Hyderabad_Shamshbd_H (Telangana),1.84375,12,199.60555,1.0,False,True
IND842001AAA,IND845418AAB,Muzaffrpur_Bbganj_I (Bihar),Dhaka_PchpkrRD_D (Bihar),1.84375,12,101.48635,1.0,False,True
IND560085AAA,IND562132AAA,Bengaluru_Banshkri_DC (Karnataka),Bangalore_Nelmngla_H (Karnataka),1.842105263157895,7,30.0731,1.0,False,True
IND127021AAA,IND127201AAA,Bhiwani_DC (Haryana),Loharu_BstndDPP_D (Haryana),1.8421052631578947,8,55.09065,1.0,False,True
IND585104AAA,IND585314AAA,Gulbarga_Nehrugnj_I (Karnataka),Aland_RazaviRd_D (Karnataka),1.8421052631578947,4,41.28625,1.0,True,True
IND464001AAA,IND464221AAA,Vidisha_ShrprDPP_D (Madhya Pradesh),GanjBasoda_MnRDDPP_D (Madhya Pradesh),1.8421052631578947,1,60.0418,1.0,True,True
IND582209AAA,IND582101AAB,Rona_GadagRD_D (Karnataka),Gadag_Cdosclrd_D (Karnataka),1.8406827880512093,16,40.262249999999995,1.0,False,True
IND577132AAD,IND573134AAB,Mudigere_HesglDPP_D (Karnataka),Sakleshpur_RgvdrDPP_D (Karnataka),1.84,11,37.1751,0.9090909090909091,False,True
IND249407AAA,IND249201AAA,Haridwar (Uttarakhand),Rishikesh_DC (Uttarakhand),1.83974358974359,18,20.6716,1.0,False,True
IND140901AAA,IND160002AAC,Chandigarh_Mullanpr_DC (Chandigarh),Chandigarh_Mehmdpur_H (Punjab),1.8390379278445885,20,57.18415,1.0,False,True
IND577598AAC,IND577501AAA,Hiriyur_TahurDPP_D (Karnataka),Chitradurga_DC (Karnataka),1.838709677419355,11,43.3243,1.0,False,True
IND562132AAA,IND560043AAC,Bangalore_Nelmngla_H (Karnataka),HBR Layout PC (Karnataka),1.8385416666666665,22,28.32835,0.8636363636363636,False,True
IND636705AAB,IND562132AAA,Dharmapuri_Central_D_2 (Tamil Nadu),Bangalore_Nelmngla_H (Karnataka),1.8376623376623376,5,151.5052,1.0,False,True
IND585104AAA,IND585330AAE,Gulbarga_Nehrugnj_I (Karnataka),Humnabad_EBroad_D (Karnataka),1.837209302325581,20,59.76635,1.0,False,True
IND583101AAA,IND577535AAC,Bellary_Dc (Karnataka),Molakalmuru_KnsgraRD_D (Karnataka),1.837209302325581,10,59.75025,1.0,False,True
IND160002AAC,IND142001AAB,Chandigarh_Mehmdpur_H (Punjab),Moga_DPC (Punjab),1.8360875706214688,18,164.47115000000002,1.0,False,True
IND395023AAA,IND110037AAM,Surat_HUB (Gujarat),Delhi_Airport_H (Delhi),1.8358147896495103,18,1118.7184499999998,1.0,False,True
IND591115AAB,IND590016AAA,Kittur_ColageRD_D (Karnataka),Belgaum_Dc (Karnataka),1.8333333333333335,4,43.001549999999995,1.0,True,True
IND742147AAA,IND742137AAA,Khargram_BoiDPP_D (West Bengal),Kandi_DohalDPP_D (West Bengal),1.8333333333333333,3,15.5169,1.0,True,True
IND560099AAB,IND560300AAA,Bengaluru_Bomsndra_HB (Karnataka),Bengaluru_KGAirprt_HB (Karnataka),1.8333333333333333,121,53.1242,0.9256198347107438,False,True
IND573103AAA,IND572201AAB,Arsikere_HsnRdDPP_D (Karnataka),Tiptur_YTRd_D (Karnataka),1.8333333333333333,1,26.2228,1.0,True,True
IND000000ACB,IND124103AAA,Gurgaon_Bilaspur_HB (Haryana),Jhajjar_DC (Haryana),1.8333333333333333,13,49.3821,1.0,False,True
IND441603AAA,IND442605AAA,Chamorshi_Central_DPP_1 (Maharashtra),Gadchiroli_Central_DPP_1 (Maharashtra),1.8333333333333333,1,31.9113,1.0,True,True
IND560300AAA,IND562132AAA,Bengaluru_KGAirprt_HB (Karnataka),Bangalore_Nelmngla_H (Karnataka),1.83,108,40.6043,0.9907407407407407,False,True
IND533262AAA,IND533106AAA,Draksharamam_Anaipeta_D (Andhra Pradesh),Rajamundry_AtoNgrRd_I (Andhra Pradesh),1.8297872340425527,7,53.5628,1.0,False,True
IND751002AAB,IND756100AAC,Bhubaneshwar_Hub (Orissa),Bhadrak_Central_I_2 (Orissa),1.8296703296703294,12,123.18665,1.0,False,True
IND201001AAC,IND110037AAM,Ghaziabad_Central_L_8 (Uttar Pradesh),Delhi_Airport_H (Delhi),1.8295454545454546,2,41.81025,1.0,True,True
IND110037AAM,IND226004AAC,Delhi_Airport_H (Delhi),Lucknow_Pandriba_L (Uttar Pradesh),1.8293333333333333,1,489.2995,1.0,True,True
IND416012AAA,IND415409AAB,Kolhapur_Shivaji_I (Maharashtra),Islampur_Shantanu_D (Maharashtra),1.8285984848484849,4,44.77955,1.0,True,True
IND148102AAA,IND151001AAA,Bhadaur_BChwkDPP_D (Punjab),Bhatinda_DPC (Punjab),1.827586206896552,1,68.315,1.0,True,True
IND262001AAA,IND244901AAB,Pilibhit_ViksClny_D (Uttar Pradesh),Rampur_RoshnBgh_I (Uttar Pradesh),1.8271604938271604,1,111.7625,1.0,True,True
IND721602AAB,IND721139AAC,Haldia_Central_D_2 (West Bengal),Panskura_Central_D_3 (West Bengal),1.8271505376344086,4,70.1466,1.0,True,True
IND480661AAA,IND480001AAA,Seoni_Kidwai_D (Madhya Pradesh),Chhindwara_NagpurRd_D (Madhya Pradesh),1.826923076923077,2,73.28705000000001,1.0,True,True
IND305624AAA,IND305404AAA,Bijainagar_Central_DPP_1 (Rajasthan),Kekri_LxmntDPP_D (Rajasthan),1.826361151986546,8,81.0336,1.0,False,True
IND411033AAA,IND411036AAA,Pune_Tathawde_H (Maharashtra),Pune_Mundhawa_L (Maharashtra),1.8261904761904764,32,25.87115,1.0,False,True
IND422605AAA,IND413709AAA,Sangamner_JawanChk_D (Maharashtra),Shrirampur_DavkharRd_D (Maharashtra),1.8260869565217392,9,50.1062,1.0,False,True
IND000000AFG,IND673027AAB,Tirur_PmthuKlm_D (Kerala),Kozhikode_Feroke_H (Kerala),1.826086956521739,1,41.4264,1.0,True,True
IND562132AAA,IND000000ACB,Bangalore_Nelmngla_H (Karnataka),Gurgaon_Bilaspur_HB (Haryana),1.8244915358909786,44,2072.8431,1.0,False,True
IND335001AAA,IND125104AAA,Ganga Nagar_DC (Rajasthan),Sirsa_AnprnDPP_D (Haryana),1.824264705882353,10,109.451,1.0,False,True
IND842003AAB,IND484661AAE,Jabalpur_Adhartal_IP (Madhya Pradesh),Umaria_Central_DPP_3 (Madhya Pradesh),1.824074074074074,2,149.04500000000002,1.0,True,True
IND506132AAA,IND122001AAJ,Khanpur_Nrsampt_D (Telangana),Mahbubabad_Yellanda_D (Telangana),1.8235294117647056,19,48.4109,1.0,False,True
IND505326AAB,IND505425AAA,,DhrmpuriTS_HanumDPP_D (Telangana),1.8235294117647056,1,24.6623,1.0,True,True
IND506143AAA,IND506167AAB,Ghanpur_Palakrty_D (Telangana),Jangaon_Hanmkond_D (Telangana),1.8235294117647056,9,26.0748,1.0,False,True
IND136027AAA,IND132039AAA,Kaithal_DC (Haryana),Assandh_MhrjaDPP_D (Haryana),1.8235294117647056,21,39.400400000000005,1.0,False,True
IND500010AAA,IND500055AAA,Hyderabad_Alwal_I (Telangana),Hyd_Trimulgherry_Dc (Telangana),1.8235294117647056,1,15.9111,1.0,True,True
IND184121AAA,IND160002AAC,Samba_Wardno13_D (Jammu & Kashmir),Chandigarh_Mehmdpur_H (Punjab),1.822641509433962,5,340.6044,1.0,False,True
IND363641AAA,IND360002AAB,Morbi_DC (Gujarat),Rajkot_PedakRd_P (Gujarat),1.82089552238806,1,72.2687,1.0,True,True
IND509124AAA,IND509103AAB,JoguGadwal_ColctrOf_D (Telangana),Wanaparthy_VallaDPP_D (Telangana),1.8205128205128203,9,45.4648,1.0,False,True
IND284001AAA,IND284403AAA,Jhansi_LVMColge_D (Uttar Pradesh),Lalitpur_RjghatRd_D (Uttar Pradesh),1.8181818181818183,6,102.3657,1.0,False,True
IND507002AAA,IND508213AAB,Khammam_NSTRoad_I (Telangana),Suryapet_Krishna_D (Telangana),1.818181818181818,14,63.823949999999996,1.0,False,True
IND842003AAB,IND487001AAB,Jabalpur_Adhartal_IP (Madhya Pradesh),Narsinghpur_KndliDPP_D (Madhya Pradesh),1.818181818181818,5,93.7912,1.0,False,True
IND000000ACB,IND328001AAA,Gurgaon_Bilaspur_HB (Haryana),Dholpur_GtRoad_D (Rajasthan),1.818181818181818,5,244.709,1.0,False,True
IND141010AAA,IND000000ACA,Ludhiana_DC (Punjab),Ludhiana_MilrGanj_HB (Punjab),1.818181818181818,1,15.531,1.0,True,True
IND581119AAB,IND577002AAA,Ukkadagatri_Tuminkte_D (Karnataka),Davangere_Central_I_1 (Karnataka),1.8180878552971578,14,38.93295,1.0,False,True
IND000000ACA,IND144514AAA,Ludhiana_MilrGanj_HB (Punjab),Nawanshahr_DC (Punjab),1.8174603174603172,12,85.45885,0.8333333333333334,False,True
IND322001AAC,IND302014AAB,SawaiMadhopur_Central_DPP_1 (Rajasthan),Jaipur_Central_I_7 (Rajasthan),1.817391304347826,3,160.9375,1.0,True,True
IND503111AAC,IND503185AAA,Kamareddy_Devenply_I (Telangana),Bodhan_SuryaDPP_D (Telangana),1.8166666666666669,20,79.4388,1.0,False,True
IND563131AAA,IND563125AAB,Mulbagal_Sunku_D (Karnataka),Chintamani_Central_D_2 (Karnataka),1.8163319238900633,14,51.47735,1.0,False,True
IND573142AAA,IND573201AAB,Ramanathapura_Central_D_2 (Karnataka),Hassan_Pandrnga_I (Karnataka),1.8157894736842104,17,42.5804,1.0,False,True
IND000000ACB,IND110037AAK,Gurgaon_Bilaspur_HB (Haryana),Delhi_Kapshera_L (Delhi),1.8157894736842104,39,38.808800000000005,1.0,False,True
IND563131AAB,IND560300AAB,Bangarapet_KolarRd_D (Karnataka),Bangalore_East_I_20 (Karnataka),1.8157894736842102,5,76.7755,1.0,False,True
IND847212AAA,IND847226AAA,Madhubani_Bardivan_D (Bihar),Jaynagar_Wardno6_D (Bihar),1.8148148148148149,21,36.8838,1.0,False,True
IND414001AAA,IND414203AAB,AhmedNagar_DC (Maharashtra),Ashti_SavtaHTL_D (Maharashtra),1.813953488372093,1,60.9673,1.0,True,True
IND473443AAA,IND470113AAA,Mungaoli_AshkngRd_D (Madhya Pradesh),Bina_Srvdycwk_D (Madhya Pradesh),1.8135593220338984,7,74.93780000000001,1.0,False,True
IND141003AAB,IND000000ACA,Ludhiana_GillChwk_DC (Punjab),Ludhiana_MilrGanj_HB (Punjab),1.813186813186813,2,13.35745,1.0,True,True
IND521225AAB,IND523002AAA,Vijayawada_Rynapadu_H (Andhra Pradesh),Ongole_SubhVRTL_I (Andhra Pradesh),1.813084112149533,3,140.60629999999998,1.0,True,True
IND625008AAA,IND626123AAA,Madurai_Kappalur_H (Tamil Nadu),Sivakasi_Msstreet_DC (Tamil Nadu),1.8125,17,60.207,1.0,False,True
IND148028AAA,IND147001AAB,Sunam_DC (Punjab),Patiala (Punjab),1.8113207547169812,10,65.09275,1.0,False,True
IND641062AAD,IND638401AAA,Coimbatore_Karayam_H (Tamil Nadu),Sathyamangalam_Mlydpthr_D (Tamil Nadu),1.8112320633349828,12,53.81155,1.0,False,True
IND733128AAA,IND733134AAA,Itahar_NatunDPP_D (West Bengal),Raiganj_SubrtDPP_D (West Bengal),1.809523809523809,5,26.6655,1.0,False,True
IND177001AAA,IND176110AAB,Hamirpur_GutmgrCl_D (Himachal Pradesh),Sujanpur_SainkSCL_D (Himachal Pradesh),1.809523809523809,7,24.0675,1.0,False,True
IND121004AAB,IND000000ACB,FBD_Balabhgarh_DPC (Haryana),Gurgaon_Bilaspur_HB (Haryana),1.809090909090909,34,75.9811,1.0,False,True
IND121004AAB,IND121001AAA,FBD_Balabhgarh_DPC (Haryana),Faridabad (Haryana),1.8090909090909089,22,11.4816,1.0,False,True
IND586211AAA,IND585314AAA,Indi_SindgiRD_D (Karnataka),Aland_RazaviRd_D (Karnataka),1.8083118556701032,16,104.2201,1.0,False,True
IND131028AAB,IND250002AAA,Sonipat_Kundli_H (Haryana),Meerut (Uttar Pradesh),1.808219178082192,1,89.5733,1.0,True,True
IND521001AAA,IND521165AAA,Machilipatnam_DC (Andhra Pradesh),Vuyyuru_BhogdDPP_D (Andhra Pradesh),1.8076923076923077,3,36.5649,1.0,True,True
IND530012AAC,IND533106AAA,Vizag_Gajuwaka_L (Andhra Pradesh),Rajamundry_AtoNgrRd_I (Andhra Pradesh),1.8071649712516584,4,181.89405,1.0,True,True
IND231208AAA,IND231217AAA,Duddhi_MChwkDPP_D (Uttar Pradesh),Renukoot_Govind_D (Uttar Pradesh),1.807065217391304,6,33.65495,1.0,False,True
IND845438AAA,IND845455AAB,Bettiah_BypassRd_D (Bihar),Narktiganj_Central_DPP_2 (Bihar),1.8064516129032255,15,38.3778,1.0,False,True
IND501359AAE,IND500050AAA,Hyderabad_Shamshbd_H (Telangana),Patancheru_Ameenpur_I (Telangana),1.8060344827586203,18,34.1595,1.0,False,True
IND247776AAA,IND251309AAB,Shamli_KarnalRd_D (Uttar Pradesh),Budhana_Busstand_D (Uttar Pradesh),1.8055555555555554,8,24.4969,1.0,False,True
IND160002AAC,IND110037AAM,Chandigarh_Mehmdpur_H (Punjab),Delhi_Airport_H (Delhi),1.8054054054054052,9,229.1577,1.0,False,True
IND282001AAA,IND110037AAM,Agra_Idgah_P (Uttar Pradesh),Delhi_Airport_H (Delhi),1.8052673583399839,7,233.19285,1.0,False,True
IND561202AAB,IND515134AAA,Pavagada_PnukndRD_D (Karnataka),Puttaprthi_Gokulam_D (Andhra Pradesh),1.8046875,14,65.7316,1.0,False,True
IND388620AAB,IND388320AAA,Khambhat_MotvdDPP_D (Gujarat),Anand_Vaghasi_IP (Gujarat),1.8043478260869565,13,54.4807,1.0,False,True
IND508377AAB,IND501359AAE,Haliya_PeroorRD_D (Telangana),Hyderabad_Shamshbd_H (Telangana),1.8043478260869563,12,155.38175,1.0,False,True
IND803213AAA,IND811105AAA,Barh_Malahi_D (Bihar),Sheikhpura_Bgwtichk_D (Bihar),1.8043478260869563,3,52.7775,1.0,True,True
IND756029AAA,IND712311AAA,Basta_Central_DPP_1 (Orissa),Kolkata_Dankuni_HB (West Bengal),1.8026315789473684,1,211.2056,1.0,True,True
IND781335AAA,IND000000AET,Nalbari_Bhgtpura_D (Assam),Barpeta_ShivBari_D (Assam),1.8025490196078433,4,69.3818,1.0,True,True
IND600056AAB,IND501359AAE,MAA_Poonamallee_HB (Tamil Nadu),Hyderabad_Shamshbd_H (Telangana),1.8024691358024687,7,678.099,1.0,False,True
IND581314AAA,IND403726AAA,Ankola_Kakrmath_D (Karnataka),Goa_Hub (Goa),1.8018018018018016,9,120.1324,1.0,False,True
IND521225AAB,IND507002AAA,Vijayawada_Rynapadu_H (Andhra Pradesh),Khammam_NSTRoad_I (Telangana),1.800862068965517,14,154.21025,1.0,False,True
IND400016AAA,IND400015AAA,Mumbai Mahim (Maharashtra),Mumbai_CottonGreen_DPC (Maharashtra),1.8,1,12.2279,1.0,True,True
IND403726AAA,IND403702AAA,Goa_Hub (Goa),Canacona_CharRsta_D (Goa),1.7999999999999998,9,51.2449,1.0,False,True
IND826004AAA,IND815353AAA,Dhanbad_Kalynpur_I (Jharkhand),Madhupur_Sitarmrd_D (Jharkhand),1.7992801771871538,4,104.40469999999999,1.0,True,True
IND313324AAA,IND313001AAB,Rajsamand_kankroli_D (Rajasthan),Udaipur_Mangri_I (Rajasthan),1.798758865248227,14,65.0061,1.0,False,True
IND148028AAA,IND147001AAD,Sunam_DC (Punjab),Patiala_GainMrkt_L (Punjab),1.7980769230769234,2,63.2515,1.0,True,True
IND000000ACB,IND121004AAB,Gurgaon_Bilaspur_HB (Haryana),FBD_Balabhgarh_DPC (Haryana),1.796875,31,77.9212,1.0,False,True
IND395023AAA,IND382430AAB,Surat_HUB (Gujarat),Ahmedabad_East_H_1 (Gujarat),1.796791443850268,21,260.0098,1.0,False,True
IND422103AAC,IND422605AAA,Sinnar_Central_D_1 (Maharashtra),Sangamner_JawanChk_D (Maharashtra),1.796551724137931,10,38.886300000000006,1.0,False,True
IND110037AAM,IND202001AAB,Delhi_Airport_H (Delhi),Aligarh_KhirByps_I (Uttar Pradesh),1.7954382826475848,26,152.92115,1.0,False,True
IND457226AAA,IND382430AAB,Jaora_RtlamNka_D (Madhya Pradesh),Ahmedabad_East_H_1 (Gujarat),1.7952218430034128,16,391.91970000000003,1.0,False,True
IND201301AAF,IND201304AAA,Noida_Sec 02_DPC (Uttar Pradesh),Noida_Sec-83_DC (Uttar Pradesh),1.7951388888888886,12,11.358550000000001,1.0,False,True
IND723101AAA,IND723202AAA,Purulia_GariDPP_D (West Bengal),Jhalda_GMukrDPP_D (West Bengal),1.7948717948717952,14,46.3378,1.0,False,True
IND577201AAA,IND562132AAA,Shimoga_DC (Karnataka),Bangalore_Nelmngla_H (Karnataka),1.7943925233644857,10,288.7749,1.0,False,True
IND585330AAE,IND585401AAA,Humnabad_EBroad_D (Karnataka),Bidar (Karnataka),1.7941176470588236,21,48.5049,1.0,False,True
IND131028AAB,IND248001AAA,Sonipat_Kundli_H (Haryana),Dehradun (Uttarakhand),1.7934272300469485,2,245.63925,1.0,True,True
IND145001AAA,IND176201AAA,Pathankot_DC (Punjab),Jassur_AadiDPP_D (Himachal Pradesh),1.7916666666666667,7,17.6282,1.0,False,True
IND846004AAA,IND847103AAA,Darbhanga (Bihar),Benipur_Javahar_D (Bihar),1.7916666666666667,21,26.1799,1.0,False,True
IND586211AAA,IND586128AAA,Indi_SindgiRD_D (Karnataka),Sindagi_KalyanNg_D (Karnataka),1.7916666666666667,3,48.5216,1.0,True,True
IND580028AAA,IND591115AAB,Hubli_Adargchi_IP (Karnataka),Kittur_ColageRD_D (Karnataka),1.7906976744186047,4,59.267849999999996,1.0,True,True
IND335513AAA,IND335001AAA,Hanumangarh_DC (Rajasthan),Ganga Nagar_DC (Rajasthan),1.790516206482593,6,62.9906,1.0,False,True
IND508223AAA,IND500039AAC,Thirumalagiri_Xroad_D (Telangana),Hyderabad_Uppal_I (Telangana),1.7899393000129145,14,122.58545000000001,1.0,False,True
IND504208AAB,IND504251AAA,Mancherial_Hitech_D (Telangana),Bellmpalli_BasthDPP_D (Telangana),1.7894736842105263,1,21.5952,1.0,True,True
IND312605AAB,IND458001AAB,Pratapgarh_Nimachrd_D (Rajasthan),Mandsaur_YashDPP_D (Madhya Pradesh),1.7878787878787878,12,33.56765,1.0,False,True
IND560099AAB,IND560078AAC,Bengaluru_Bomsndra_HB (Karnataka),BLR_JPNagar_Pc (Karnataka),1.7863636363636364,28,20.3536,0.8571428571428571,False,True
IND411033AAA,IND562132AAA,Pune_Tathawde_H (Maharashtra),Bangalore_Nelmngla_H (Karnataka),1.7863293210854185,10,840.75135,1.0,False,True
IND501359AAE,IND515004AAA,Hyderabad_Shamshbd_H (Telangana),Anantapur_KamaStrt_I (Andhra Pradesh),1.7860082304526752,9,337.884,1.0,False,True
IND140901AAA,IND160055AAA,Chandigarh_Mullanpr_DC (Chandigarh),Chandigarh_Mohali (Chandigarh),1.7857142857142858,20,13.593599999999999,1.0,False,True
IND423109AAA,IND413709AAA,Shirdi_SaiBansi_D (Maharashtra),Shrirampur_DavkharRd_D (Maharashtra),1.7857142857142858,1,30.2185,1.0,True,True
IND574227AAA,IND574104AAA,Moodbidri_MrdiVlge_D (Karnataka),Karkala_MarketRd_D (Karnataka),1.7857142857142858,9,18.3005,1.0,False,True
IND441904AAB,IND441912AAA,Bhandara_RjnaiDPP_D (Maharashtra),Bhandara_KaremDPP_D (Maharashtra),1.7857142857142856,12,31.0344,1.0,False,True
IND721253AAC,IND721501AAC,ChandroknaRD_Central_DPP_3 (West Bengal),AmaDubi_Bulabeda_D (West Bengal),1.7849462365591398,1,101.1111,1.0,True,True
IND521225AAB,IND501359AAE,Vijayawada_Rynapadu_H (Andhra Pradesh),Hyderabad_Shamshbd_H (Telangana),1.7843137254901962,11,316.01,1.0,False,True
IND712311AAA,IND826004AAA,Kolkata_Dankuni_HB (West Bengal),Dhanbad_Kalynpur_I (Jharkhand),1.784090909090909,7,249.7493,1.0,False,True
IND414203AAB,IND414302AAB,Ashti_SavtaHTL_D (Maharashtra),Parner_Hindcwk_D (Maharashtra),1.7837837837837838,1,98.2615,1.0,True,True
IND423601AAA,IND413709AAA,Kopargaon_NkshtrPz_D (Maharashtra),Shrirampur_DavkharRd_D (Maharashtra),1.7837837837837835,3,43.7242,1.0,True,True
IND403601AAA,IND403726AAB,Goa_Margao_Dc (Goa),Goa_ZuariNgr_IP (Goa),1.7833333333333332,4,15.2855,1.0,True,True
IND632006AAA,IND600056AAB,Vellore_GndhiNgr_IP (Tamil Nadu),MAA_Poonamallee_HB (Tamil Nadu),1.783132530120482,17,105.9961,1.0,False,True
IND000000ACB,IND390022AAA,Gurgaon_Bilaspur_HB (Haryana),Vadodara_Karelibaug_DPC (Gujarat),1.7827338129496404,11,913.3769,1.0,False,True
IND362225AAA,IND362265AAA,Mangrol_JilRDDPP_D (Gujarat),Veraval_DC (Gujarat),1.7824074074074074,6,37.5465,1.0,False,True
IND630561AAA,IND623407AAA,Sivaganga_Wardno3_D (Tamil Nadu),Thiruvadanai_RamnadRD_D (Tamil Nadu),1.78125,15,46.7015,1.0,False,True
IND580028AAA,IND562132AAA,Hubli_Adargchi_IP (Karnataka),Bangalore_Nelmngla_H (Karnataka),1.7810820758189179,4,383.14845,1.0,True,True
IND533106AAA,IND530012AAA,Rajamundry_AtoNgrRd_I (Andhra Pradesh),Visakhapatnam_Gajuwaka_IP (Andhra Pradesh),1.7803030303030305,11,181.7005,1.0,False,True
IND501359AAE,IND518002AAA,Hyderabad_Shamshbd_H (Telangana),Kurnool_AbbasNgr_I (Andhra Pradesh),1.7789855072463767,16,194.0363,1.0,False,True
IND131028AAB,IND124001AAB,Sonipat_Kundli_H (Haryana),Rohtak (Haryana),1.778846153846154,4,65.80325,1.0,True,True
IND562132AAA,IND000000ACS,Bangalore_Nelmngla_H (Karnataka),BLR_HSR_Layout_PC (Karnataka),1.7772177419354838,6,32.16785,1.0,False,True
IND733140AAA,IND733102AAA,Gangarampr_FulbaDPP_D (West Bengal),Balurghat_AkhirDPP_D (West Bengal),1.7767149758454106,9,33.3017,1.0,False,True
IND518002AAA,IND584101AAA,Kurnool_AbbasNgr_I (Andhra Pradesh),Raichur_LSRoad_DC (Karnataka),1.7765957446808511,14,100.68424999999999,0.9285714285714286,False,True
IND411033AAA,IND414001AAA,Pune_Tathawde_H (Maharashtra),AhmedNagar_DC (Maharashtra),1.7757009345794392,3,141.5488,1.0,True,True
IND501359AAE,IND506002AAA,Hyderabad_Shamshbd_H (Telangana),Warangal_HunterRd_I (Telangana),1.7754898040783686,16,171.07580000000002,1.0,False,True
IND390022AAA,IND395023AAA,Vadodara_Karelibaug_DPC (Gujarat),Surat_HUB (Gujarat),1.775,21,167.0285,1.0,False,True
IND562132AAC,IND000000ACB,Bengaluru_Nelmngla_L (Karnataka),Gurgaon_Bilaspur_HB (Haryana),1.774869109947644,1,2073.0558,1.0,True,True
IND515761AAA,IND515004AAA,Kalyandurg_Shankrpa_D (Andhra Pradesh),Anantapur_KamaStrt_I (Andhra Pradesh),1.7735849056603776,19,57.668,1.0,False,True
IND411033AAA,IND413002AAA,Pune_Tathawde_H (Maharashtra),Solapur_Central_I_2 (Maharashtra),1.7735849056603774,27,281.1588,1.0,False,True
IND125005AAA,IND335513AAA,Hisar_IndstlAr_I (Haryana),Hanumangarh_DC (Rajasthan),1.7733333333333334,3,179.057,1.0,True,True
IND342005AAD,IND344022AAB,Jodhpur_Basni_I (Rajasthan),Balotra_BsnoiHPL_D (Rajasthan),1.773333333333333,4,103.79714999999999,1.0,True,True
IND621211AAA,IND621010AAA,Musiri_ThryrRD_D (Tamil Nadu),Thuraiyur_Mthrapuri_D (Tamil Nadu),1.7727272727272727,8,24.27475,1.0,False,True
IND370001AAA,IND370615AAB,Bhuj_DC (Gujarat),Nakhatrana_ClgRDDPP_D (Gujarat),1.7727272727272725,8,47.771699999999996,1.0,False,True
IND132103AAA,IND132001AAA,Panipat (Haryana),Karnal (Haryana),1.7714285714285716,5,39.1595,1.0,False,True
IND424304AAC,IND425412AAA,Sakri_DhuleRoad_D (Maharashtra),Nandurbar_DhuleRd_D (Maharashtra),1.7714285714285714,9,52.9921,1.0,False,True
IND424006AAA,IND425401AAA,Dhule_MIDCAvdn_I (Maharashtra),Amalner_Murtingr_D (Maharashtra),1.7714285714285714,1,41.2941,1.0,True,True
IND000000ACB,IND000000AEL,Gurgaon_Bilaspur_HB (Haryana),Delhi_PunjabiB_L (Delhi),1.7704918032786885,23,60.6693,1.0,False,True
IND362560AAA,IND362150AAA,Una_Mamlatdr_DC (Gujarat),Talala_SsnRdDPP_D (Gujarat),1.7704918032786885,11,66.84360000000001,1.0,False,True
IND000000ACB,IND411033AAA,Gurgaon_Bilaspur_HB (Haryana),Pune_Tathawde_H (Maharashtra),1.7695691890617633,22,1361.7046,1.0,False,True
IND413002AAA,IND501359AAE,Solapur_Central_I_2 (Maharashtra),Hyderabad_Shamshbd_H (Telangana),1.7695167286245352,17,350.2073,1.0,False,True
IND151505AAA,IND151506AAA,Mansa_GreenVly_D (Punjab),Jhunir_BhaRDDPP_D (Punjab),1.7692307692307694,5,33.994699999999995,0.6,False,True
IND620020AAA,IND621112AAA,Tiruchi (Tamil Nadu),Tiruchi_Samyaprm_D (Tamil Nadu),1.7692307692307692,25,15.6176,1.0,False,True
IND494334AAB,IND493445AAB,Kanker_KrisnKunj_D (Chhattisgarh),Mahasamund_RajpurRD_D (Chhattisgarh),1.7692307692307692,11,173.8199,1.0,False,True
IND000000AAS,IND783370AAC,Bongaigaon_Chpaguri_D (Assam),Kokrajhar_PigonDPP_D (Assam),1.7666666666666666,9,41.7822,1.0,False,True
IND466001AAA,IND466116AAA,Sehore_Mangalam_D (Madhya Pradesh),Ashta_ShantiNg_D (Madhya Pradesh),1.7666666666666666,15,43.0466,1.0,False,True
IND415301AAB,IND413307AAB,Atapadi_Vidyangr_D (Maharashtra),Sangola_Central_DPP_2 (Maharashtra),1.7663003663003662,4,36.72985,1.0,True,True
IND560300AAB,IND563101AAB,Bangalore_East_I_20 (Karnataka),Kolar_Ambedkar_D (Karnataka),1.7655844155844156,14,64.614,1.0,False,True
IND122004AAA,IND122413AAE,Gurgaon_Begumpur_CP (Haryana),Gurgaon_Bilaspur_P (Haryana),1.7647058823529411,43,35.7912,1.0,False,True
IND160002AAC,IND160102AAC,Chandigarh_Mehmdpur_H (Punjab),Chandigarh_Raiprvlg_L (Chandigarh),1.7647058823529411,25,44.638,1.0,False,True
IND560099AAH,IND562125AAA,Bengaluru_South_D_20 (Karnataka),Bengaluru_Sarjapur_D (Karnataka),1.7647058823529411,1,11.646,1.0,True,True
IND508248AAB,IND508377AAB,Devarakonda_DindiRD_D (Telangana),Haliya_PeroorRD_D (Telangana),1.7647058823529411,15,48.5311,1.0,False,True
IND530012AAA,IND532001AAB,Visakhapatnam_Gajuwaka_IP (Andhra Pradesh),Srikakulam_Kuslpram_I (Andhra Pradesh),1.7639660493827158,24,111.87084999999999,1.0,False,True
IND515004AAA,IND515401AAB,Anantapur_KamaStrt_I (Andhra Pradesh),Gooty_StatonRd_D (Andhra Pradesh),1.763157894736842,17,53.4848,0.9411764705882353,False,True
IND757041AAA,IND757001AAA,Udala_NagplDPP_D (Orissa),Baripada_KalikDPP_D (Orissa),1.761904761904762,1,44.9652,1.0,True,True
IND562132AAA,IND560058AAD,Bangalore_Nelmngla_H (Karnataka),Bengaluru_Peenya_L (Karnataka),1.761904761904762,57,15.7253,0.8947368421052632,False,True
IND272001AAA,IND272175AAA,Basti_GndhiNgr_D (Uttar Pradesh),Khalilabad_MrgnjDPP_D (Uttar Pradesh),1.7616459627329193,2,34.901849999999996,1.0,True,True
IND131028AAB,IND244235AAA,Sonipat_Kundli_H (Haryana),Gajraula_JawaharN_D (Uttar Pradesh),1.7603305785123968,21,153.4476,1.0,False,True
IND387001AAA,IND388220AAA,Nadiad_DC (Gujarat),Umreth_Dakor_DC (Gujarat),1.76,14,27.0742,1.0,False,True
IND131028AAB,IND160002AAC,Sonipat_Kundli_H (Haryana),Chandigarh_Mehmdpur_H (Punjab),1.7595419847328244,30,181.91680000000002,1.0,False,True
IND560300AAA,IND563130AAA,Bengaluru_KGAirprt_HB (Karnataka),Malur_NharuExt_D (Karnataka),1.759308510638298,2,56.30395,1.0,True,True
IND515201AAA,IND515134AAA,Hindupur_Parigi_D (Andhra Pradesh),Puttaprthi_Gokulam_D (Andhra Pradesh),1.759259259259259,5,63.7012,1.0,False,True
IND635802AAB,IND562132AAA,Ambur_Central_D_2 (Tamil Nadu),Bangalore_Nelmngla_H (Karnataka),1.7587985114300906,6,195.6802,1.0,False,True
IND637408AAA,IND637001AAA,Rasipurm_Knrpati_D (Tamil Nadu),Namakkal_Rkcomplx_DC (Tamil Nadu),1.7586206896551726,10,34.407650000000004,1.0,False,True
IND144601AAA,IND144040AAA,Kapurthala_DC (Punjab),Nakodar_ChowkDPP_D (Punjab),1.7586206896551724,1,41.5967,1.0,True,True
IND518002AAA,IND518401AAA,Kurnool_AbbasNgr_I (Andhra Pradesh),Nandikotkr_UmarDPP_D (Andhra Pradesh),1.7586206896551724,13,31.7487,1.0,False,True
IND635001AAA,IND562132AAA,Krishnagiri_BnglorRd_D (Tamil Nadu),Bangalore_Nelmngla_H (Karnataka),1.7584745762711864,4,113.72505,1.0,True,True
IND140001AAA,IND140118AAA,RoopNagar_ChotiHvl_DC (Punjab),AnandprShb_PnjPiara_D (Punjab),1.7575757575757573,19,39.9061,1.0,False,True
IND515301AAA,IND561202AAB,Madakasira_RTCStand_D (Andhra Pradesh),Pavagada_PnukndRD_D (Karnataka),1.7573529411764706,16,17.39235,1.0,False,True
IND000000ACA,IND140406AAA,Ludhiana_MilrGanj_HB (Punjab),SirhindFatehgarh_DC (Punjab),1.7567567567567568,2,51.5829,1.0,True,True
IND628613AAA,IND627005AAA,Peikulam_SriVnktpm_D (Tamil Nadu),Tirunelveli_VdkkuSrt_I (Tamil Nadu),1.7553191489361704,14,40.1597,1.0,False,True
IND201007AAB,IND110044AAB,Ghaziabad_MohanNgr_C (Uttar Pradesh),Del_Okhla_PC (Delhi),1.7543103448275865,10,28.59585,0.9,False,True
IND508001AAA,IND501359AAE,Nalgonda_HydRoad_DC (Telangana),Hyderabad_Shamshbd_H (Telangana),1.754310344827586,14,116.5094,1.0,False,True
IND333504AAA,IND332713AAA,Khetri_NagarDPP_D (Rajasthan),NeemKaThana_War5DPP_D (Rajasthan),1.75422138836773,2,44.45085,1.0,True,True
IND534001AAA,IND521333AAA,Eluru_Agraharm_DC (Andhra Pradesh),Kaikaluru_Atapaka_D (Andhra Pradesh),1.7541666666666667,14,24.587400000000002,1.0,False,True
IND282001AAC,IND000000ACB,Agra_Idgah_L (Uttar Pradesh),Gurgaon_Bilaspur_HB (Haryana),1.7530120481927711,2,210.9989,1.0,True,True
IND470117AAA,IND470227AAB,Khurai_Talaiya_D (Madhya Pradesh),Rehli_Ward7DPP_D (Madhya Pradesh),1.7526315789473683,6,122.6775,1.0,False,True
IND575014AAA,IND403726AAA,Surathkal_DC (Karnataka),Goa_Hub (Goa),1.7508532423208192,1,331.5916,1.0,True,True
IND209304AAA,IND208012AAA,Kanpur_Central_H_6 (Uttar Pradesh),Kanpur_Central_D_7 (Uttar Pradesh),1.75,21,18.8281,0.5238095238095238,False,True
IND121004AAB,IND121004AAA,FBD_Balabhgarh_DPC (Haryana),Faridabad_Blbgarh_DC (Haryana),1.75,23,16.5446,1.0,False,True
IND344001AAA,IND345021AAA,Barmer_Nehru3PL_D (Rajasthan),Pokhran_SttinDPP_D (Rajasthan),1.75,3,173.17370000000005,1.0,True,True
IND303106AAA,IND303002AAA,Paota_SmClyDPP_D (Rajasthan),Achrol_BgwriDPP_D (Rajasthan),1.75,5,27.280900000000003,1.0,False,True
IND530012AAA,IND531162AAA,Visakhapatnam_Gajuwaka_IP (Andhra Pradesh),Vishakhapatnam (Andhra Pradesh),1.75,7,16.0947,1.0,False,True
IND689645AAA,IND691551AAA,Pthnmthitt_Klskhrpt_D (Kerala),Adoor_Town_D (Kerala),1.75,15,26.547,1.0,False,True
IND581402AAA,IND577201AAA,Sirsi_Vidygiri_D (Karnataka),Shimoga_DC (Karnataka),1.75,1,137.2396,1.0,True,True
IND244901AAC,IND244921AAB,Rampur_ThanaDPP_D (Uttar Pradesh),Bilaspur_GrmNgriya_D (Uttar Pradesh),1.75,1,28.5055,1.0,True,True
IND144514AAA,IND141115AAA,Nawanshahr_DC (Punjab),Machhiwara_MnBzrDPP_D (Punjab),1.75,5,26.1322,1.0,False,True
IND341512AAA,IND341505AAA,Parbatsar_AjmhwDPP_D (Rajasthan),Makrana_Mwalibad_D (Rajasthan),1.75,5,24.384,1.0,False,True
IND721636AAB,IND721602AAB,Tamluk_Central_DPP_2 (West Bengal),Haldia_Central_D_2 (West Bengal),1.75,3,30.4079,1.0,True,True
IND695121AAA,IND695572AAB,Neyatinkra_Arlumodu_D (Kerala),Kallikkad_Mutyvila_D (Kerala),1.75,17,12.489,1.0,False,True
IND345001AAA,IND342301AAA,Jaisalmer_Gopa3PL_D (Rajasthan),Phalodi_PalikDPP_D (Rajasthan),1.75,1,168.0361,1.0,True,True
IND608301AAA,IND639104AAB,Lalpet_PriyrNGR_D (Tamil Nadu),Kulithalai_AnnaNGR_D (Tamil Nadu),1.7490196078431373,16,148.47055,1.0,False,True
IND411033AAA,IND580028AAA,Pune_Tathawde_H (Maharashtra),Hubli_Adargchi_IP (Karnataka),1.7485875706214689,5,487.672,1.0,False,True
IND125001AAA,IND335513AAA,Hisar_ModelTwn_P (Haryana),Hanumangarh_DC (Rajasthan),1.7466666666666666,7,179.8029,1.0,False,True
IND759122AAC,IND767017AAA,Angul_Central_I_2 (Orissa),Sonepur_BrezeDPP_D (Orissa),1.7466666666666666,1,183.6755,1.0,True,True
IND000000ACA,IND142001AAB,Ludhiana_MilrGanj_HB (Punjab),Moga_DPC (Punjab),1.7457627118644068,9,76.222,1.0,False,True
IND388220AAA,IND388320AAA,Umreth_Dakor_DC (Gujarat),Anand_Vaghasi_IP (Gujarat),1.7446153846153845,14,27.088,1.0,False,True
IND826004AAA,IND209304AAA,Dhanbad_Kalynpur_I (Jharkhand),Kanpur_Central_H_6 (Uttar Pradesh),1.7430069930069927,3,796.3543000000001,1.0,True,True
IND605010AAB,IND607001AAA,Pondicherry_Vasanthm_I (Pondicherry),Cuddalore_KtsiGrsm_D (Tamil Nadu),1.7413793103448276,12,25.6858,1.0,False,True
IND515004AAA,IND501359AAE,Anantapur_KamaStrt_I (Andhra Pradesh),Hyderabad_Shamshbd_H (Telangana),1.7407407407407407,17,338.8175,1.0,False,True
IND575004AAB,IND671323AAD,Mangalore_Kuntikna_H (Karnataka),Manjeshwar_Central_D_1 (Kerala),1.7407407407407407,3,24.3258,1.0,True,True
IND415409AAB,IND415124AAA,Islampur_Shantanu_D (Maharashtra),Karad_Mundhe_D (Maharashtra),1.7391304347826086,11,30.2576,1.0,False,True
IND301001AAB,IND321001AAB,Alwar_Central_I_1 (Rajasthan),Bharatpur_NraynDPP_D (Rajasthan),1.7384615384615385,13,74.101,1.0,False,True
IND110085AAB,IND110039AAA,Delhi_Rohini_DPC (Delhi),Delhi_Barwala (Delhi),1.738095238095238,4,13.5774,0.5,True,True
IND560058AAB,IND560099AAB,Bengaluru_Peenya_IP (Karnataka),Bengaluru_Bomsndra_HB (Karnataka),1.7378378378378379,22,37.79055,0.8636363636363636,False,True
IND360575AAA,IND360510AAB,Porbandar_DC (Gujarat),Bhanvad_Mainroad_D (Gujarat),1.7375,10,45.6103,1.0,False,True
IND302014AAA,IND110037AAM,Jaipur_Hub (Rajasthan),Delhi_Airport_H (Delhi),1.7371045641149483,14,264.93674999999996,1.0,False,True
IND521201AAA,IND521105AAA,Nuzvid_Ward17_D (Andhra Pradesh),HanumanJNC_VijywdRD_D (Andhra Pradesh),1.7368421052631582,3,22.3547,1.0,True,True
IND414302AAB,IND412210AAC,Parner_Hindcwk_D (Maharashtra),Shirur_Central_DPP_3 (Maharashtra),1.736842105263158,1,22.8751,1.0,True,True
IND395023AAA,IND390022AAA,Surat_HUB (Gujarat),Vadodara_Karelibaug_DPC (Gujarat),1.735854045478583,8,169.30975,1.0,False,True
IND600056AAB,IND600044AAD,MAA_Poonamallee_HB (Tamil Nadu),Chennai_Chrompet_DPC (Tamil Nadu),1.735294117647059,7,35.658,1.0,False,True
IND363621AAB,IND360002AAB,Wankaner_JivanDPP_D (Gujarat),Rajkot_PedakRd_P (Gujarat),1.7352941176470589,2,39.1379,1.0,True,True
IND000000ACB,IND122001AAA,Gurgaon_Bilaspur_HB (Haryana),GGN_DPC (Haryana),1.7352941176470589,57,35.4405,0.9298245614035088,False,True
IND415709AAA,IND416122AAA,Khed_Mahad_D (Maharashtra),Kolhapur_Central_H_2 (Maharashtra),1.7341040462427746,1,201.6547,1.0,True,True
IND361001AAA,IND361305AAC,Jamnagar_Dc (Gujarat),Khambhalia_JdswarRD_D (Gujarat),1.733653846153846,16,54.59615,1.0,False,True
IND560060AAB,IND562132AAA,Bengaluru_Kengeri_IP (Karnataka),Bangalore_Nelmngla_H (Karnataka),1.7333333333333336,19,24.756400000000003,0.9473684210526315,False,True
IND521225AAB,IND521301AAA,Vijayawada_Rynapadu_H (Andhra Pradesh),Gudivada_GvrCompx_D (Andhra Pradesh),1.7333333333333336,19,61.3633,1.0,False,True
IND131028AAE,IND124507AAA,Sonipat_Central_D_2 (Haryana),Bahadurgarh_DC (Haryana),1.7333333333333334,1,42.7911,1.0,True,True
IND505467AAA,IND505122AAA,Husnabad_Greenmkt_D (Telangana),Jammikunta_ConduDPP_D (Telangana),1.7333333333333334,13,51.0574,1.0,False,True
IND501359AAE,IND503111AAC,Hyderabad_Shamshbd_H (Telangana),Kamareddy_Devenply_I (Telangana),1.7330607476635516,2,140.17345,1.0,True,True
IND152024AAA,IND152123AAA,Jalalabad_Muktsar_D (Punjab),Fazilka_GndhiChk_D (Punjab),1.732258064516129,2,33.01095,1.0,True,True
IND516001AAA,IND516227AAA,Cuddapah_DC (Andhra Pradesh),Badvel_Sidrd_D (Andhra Pradesh),1.7319611470860314,2,53.609899999999996,1.0,True,True
IND421302AAG,IND422011AAD,Bhiwandi_Mankoli_HB (Maharashtra),Nashik_TgrniaRD_I (Maharashtra),1.7319587628865978,21,136.90279999999998,1.0,False,True
IND523002AAA,IND600056AAB,Ongole_SubhVRTL_I (Andhra Pradesh),MAA_Poonamallee_HB (Tamil Nadu),1.7312252964426875,11,331.1279,1.0,False,True
IND581115AAC,IND581110AAE,Ranebennur_SriRmNGR_D (Karnataka),Haveri_GuttalRD_D (Karnataka),1.7307692307692306,20,33.677350000000004,1.0,False,True
IND673632AAA,IND683511AAA,Kozhikode_Central_H_4 (Kerala),Aluva_Peedika_H (Kerala),1.7303030303030305,6,164.83585,1.0,False,True
IND591201AAA,IND586101AAB,Chikodi_IndraNgr_D (Karnataka),Bijapur_Central_D_2 (Karnataka),1.7301587301587302,1,147.7175,1.0,True,True
IND110044AAB,IND000000ACB,Del_Okhla_PC (Delhi),Gurgaon_Bilaspur_HB (Haryana),1.7295698924731182,76,65.2376,1.0,False,True
IND562132AAA,IND560300AAA,Bangalore_Nelmngla_H (Karnataka),Bengaluru_KGAirprt_HB (Karnataka),1.7291666666666667,151,37.9748,0.9668874172185431,False,True
IND581343AAC,IND581314AAA,Kumta_Central_DPP_2 (Karnataka),Ankola_Kakrmath_D (Karnataka),1.7288306451612907,6,34.6189,0.8333333333333334,False,True
IND303503AAA,IND302014AAB,Lalsot_NWclyDPP_D (Rajasthan),Jaipur_Central_I_7 (Rajasthan),1.7272727272727273,11,80.15910000000001,1.0,False,True
IND131021AAA,IND131028AAA,Sonipat_AmzonDev_V (Haryana),Sonipat_Kundli_P (Haryana),1.7272727272727273,53,13.0893,0.8867924528301887,False,True
IND422011AAD,IND423109AAA,Nashik_TgrniaRD_I (Maharashtra),Shirdi_SaiBansi_D (Maharashtra),1.7269298245614035,2,97.58670000000001,1.0,True,True
IND562132AAA,IND580028AAA,Bangalore_Nelmngla_H (Karnataka),Hubli_Adargchi_IP (Karnataka),1.7256944444444444,3,388.566,1.0,True,True
IND389001AAA,IND389151AAA,Godhra_DC (Gujarat),Dahod_DC (Gujarat),1.7254901960784317,21,68.0501,1.0,False,True
IND515004AAA,IND562132AAA,Anantapur_KamaStrt_I (Andhra Pradesh),Bangalore_Nelmngla_H (Karnataka),1.7251207729468598,8,205.1086,1.0,False,True
IND000000ACB,IND110043AAA,Gurgaon_Bilaspur_HB (Haryana),Delhi_Nangli_IP (Delhi),1.725,17,38.085800000000006,1.0,False,True
IND282001AAA,IND000000ACB,Agra_Idgah_P (Uttar Pradesh),Gurgaon_Bilaspur_HB (Haryana),1.7245508982035929,5,211.3366,1.0,False,True
IND521185AAA,IND520011AAA,Nandigama_Chndrlpd_D (Andhra Pradesh),Vijayawada (Andhra Pradesh),1.7241379310344829,1,41.8469,1.0,True,True
IND144514AAA,IND000000ACA,Nawanshahr_DC (Punjab),Ludhiana_MilrGanj_HB (Punjab),1.7241379310344829,1,55.3215,1.0,True,True
IND122001AAA,IND000000ACB,GGN_DPC (Haryana),Gurgaon_Bilaspur_HB (Haryana),1.7235521235521234,20,35.73245,0.95,False,True
IND124112AAA,IND125033AAA,Meham_GModDPP_D (Haryana),Hansi_DelRdDPP_D (Haryana),1.7214285714285715,4,36.35185,1.0,True,True
IND532201AAA,IND532222AAA,Tekkali_AmvdiDPP_D (Andhra Pradesh),Palasa_Central_DPP_1 (Andhra Pradesh),1.72,20,27.589750000000002,1.0,False,True
IND605601AAA,IND600056AAB,Villupuram_Thirumtr_IP (Tamil Nadu),MAA_Poonamallee_HB (Tamil Nadu),1.72,6,151.9599,1.0,False,True
IND848114AAA,IND848210AAA,DalsinghSarai_Wardno13_D (Bihar),Rusera_Wardno4_D (Bihar),1.72,21,23.5275,1.0,False,True
IND212501AAA,IND212402AAA,Soraon_BypassRD_D (Uttar Pradesh),Phulpur_Shekhpur_D (Uttar Pradesh),1.72,13,23.4775,1.0,False,True
IND411033AAA,IND000000ACB,Pune_Tathawde_H (Maharashtra),Gurgaon_Bilaspur_HB (Haryana),1.7198479500407275,18,1361.7058499999998,1.0,False,True
IND344001AAA,IND342301AAA,Barmer_Nehru3PL_D (Rajasthan),Phalodi_PalikDPP_D (Rajasthan),1.719387755102041,4,235.75594999999998,1.0,True,True
IND600056AAB,IND560099AAB,MAA_Poonamallee_HB (Tamil Nadu),Bengaluru_Bomsndra_HB (Karnataka),1.7191489361702128,13,313.45320000000004,1.0,False,True
IND125050AAA,IND125051AAA,Fatehabad_SirsaDPP_D (Haryana),Ratia_SchdvDPP_D (Haryana),1.7186147186147185,2,23.45665,1.0,True,True
IND625106AAA,IND625008AAA,Melur_MduraiRD_D (Tamil Nadu),Madurai_Kappalur_H (Tamil Nadu),1.7173913043478264,13,44.142300000000006,1.0,False,True
IND571111AAB,IND571313AAB,Gundlupet_Swamylyt_D (Karnataka),Chamarjngr_BrDbleRd_D (Karnataka),1.7169076751946608,10,33.75485,1.0,False,True
IND600056AAB,IND530012AAA,MAA_Poonamallee_HB (Tamil Nadu),Visakhapatnam_Gajuwaka_IP (Andhra Pradesh),1.7159715242881073,2,814.08745,1.0,True,True
IND501359AAE,IND523002AAA,Hyderabad_Shamshbd_H (Telangana),Ongole_SubhVRTL_I (Andhra Pradesh),1.7158244481664555,12,363.46555,1.0,False,True
IND781018AAB,IND784125AAA,Guwahati_Hub (Assam),Mangaldoi_LNBRoad_D (Assam),1.7153846153846155,4,80.40955,1.0,True,True
IND000000ACB,IND301001AAB,Gurgaon_Bilaspur_HB (Haryana),Alwar_Central_I_1 (Rajasthan),1.7142857142857142,6,114.76365,1.0,False,True
IND365560AAA,IND365560AAB,Amreli_MrktYrd_DC (Gujarat),Amreli_Rajula_DC (Gujarat),1.7142857142857142,7,71.8793,1.0,False,True
IND673104AAA,IND673506AAA,Vadakara_Mandodi_D (Kerala),Kallachi_ZamQuatr_D (Kerala),1.7142857142857142,17,15.4347,0.9411764705882353,False,True
IND335501AAA,IND331701AAA,Bhadra_GMndiDPP_D (Rajasthan),Sidhmukh_MnbzrDPP_D (Rajasthan),1.7142857142857142,1,23.5577,1.0,True,True
IND600056AAB,IND632006AAA,MAA_Poonamallee_HB (Tamil Nadu),Vellore_GndhiNgr_IP (Tamil Nadu),1.7142857142857142,13,107.3825,1.0,False,True
IND758035AAA,IND758001AAA,Barbil_PunjbiPd_D (Orissa),Kendujhar_Sirjudin_D (Orissa),1.7142857142857142,1,68.1101,1.0,True,True
IND416012AAA,IND395023AAA,Kolhapur_Shivaji_I (Maharashtra),Surat_HUB (Gujarat),1.713995943204868,15,623.4032,1.0,False,True
IND160002AAC,IND151001AAA,Chandigarh_Mehmdpur_H (Punjab),Bhatinda_DPC (Punjab),1.7134146341463414,15,203.9193,1.0,False,True
IND505001AAB,IND505302AAB,Karimnagar_KamnHbRD_I (Telangana),Vemulawada_Central_DPP_2 (Telangana),1.712121212121212,4,34.788700000000006,0.75,True,True
IND334001AAC,IND334803AAA,Bikaner_ITICollg_L (Rajasthan),Nokha_DeVDPP_D (Rajasthan),1.7111111111111112,4,60.71335,1.0,True,True
IND245304AAA,IND245101AAA,Pilkhuwa_HapurRD_D (Uttar Pradesh),Hapur_Swargash_D (Uttar Pradesh),1.7104166666666667,14,15.96575,1.0,False,True
IND639001AAA,IND624001AAA,Karur (Tamil Nadu),Dindigul_Central_D_1 (Tamil Nadu),1.709090909090909,9,75.358,1.0,False,True
IND562132AAA,IND421302AAG,Bangalore_Nelmngla_H (Karnataka),Bhiwandi_Mankoli_HB (Maharashtra),1.7083906464924348,7,977.5999,1.0,False,True
IND505001AAB,IND505172AAA,Karimnagar_KamnHbRD_I (Telangana),Peddapalli_UdaynDPP_D (Telangana),1.7083333333333333,1,34.1481,1.0,True,True
IND591123AAC,IND587103AAB,Ramdurg_GndhiNGR_D (Karnataka),Bagalkot_Sector4_D (Karnataka),1.7058823529411766,19,60.9414,1.0,False,True
IND263153AAB,IND244715AAA,Rudrapur_UdhamNgr_H (Uttarakhand),Ramnagar_BhwniGnj_D (Uttarakhand),1.704209065679926,16,80.26915,1.0,False,True
IND000000ABD,IND562132AAA,Pallakad_ChndrNgr_D (Kerala),Bangalore_Nelmngla_H (Karnataka),1.704054054054054,12,443.66679999999997,1.0,False,True
IND781018AAB,IND781354AAA,Guwahati_Hub (Assam),Rangia_HosptlRd_D (Assam),1.7037037037037037,8,64.85095,1.0,False,True
IND573134AAB,IND577101AAA,Sakleshpur_RgvdrDPP_D (Karnataka),Chikmagalur_DC (Karnataka),1.7037037037037035,1,68.3756,1.0,True,True
IND000000ACA,IND147301AAA,Ludhiana_MilrGanj_HB (Punjab),Mandi_Gobindgarh_DC (Punjab),1.7037037037037035,3,37.1418,1.0,True,True
IND509358AAA,IND509324AAA,Kadthal_GndhiDPP_D (Telangana),Kalwakurthy_VidyaNGR_D (Telangana),1.7037037037037035,9,37.0456,1.0,False,True
IND361305AAC,IND361315AAA,Khambhalia_JdswarRD_D (Gujarat),Bhatiya_Kalyanpr_D (Gujarat),1.702941176470588,10,43.5599,1.0,False,True
IND000000ACA,IND143001AAA,Ludhiana_MilrGanj_HB (Punjab),Amritsar_DPC (Punjab),1.7027027027027026,1,155.23260000000002,1.0,True,True
IND560058AAD,IND562132AAA,Bengaluru_Peenya_L (Karnataka),Bangalore_Nelmngla_H (Karnataka),1.7019927536231885,36,15.08155,0.9444444444444444,False,True
IND562132AAA,IND501359AAE,Bangalore_Nelmngla_H (Karnataka),Hyderabad_Shamshbd_H (Telangana),1.700738393718143,8,543.77395,1.0,False,True
IND641062AAD,IND641607AAA,Coimbatore_Karayam_H (Tamil Nadu),Tirupur_Koliplm_I (Tamil Nadu),1.7000000000000002,12,29.886200000000002,1.0,False,True
IND676306AAA,IND676509AAA,Tirurangadi_Kooriyad_D (Kerala),Malappuram_Munduprm_D (Kerala),1.7,7,20.5067,1.0,False,True
IND110043AAA,IND110078AAA,Delhi_Nangli_IP (Delhi),Janakpuri (Delhi),1.7,33,18.4287,0.9393939393939394,False,True
IND854326AAB,IND854311AAA,Purnia_Central_H_2 (Bihar),Araria_Wardn13_D (Bihar),1.6999999999999997,21,43.149,1.0,False,True
IND530012AAA,IND533106AAA,Visakhapatnam_Gajuwaka_IP (Andhra Pradesh),Rajamundry_AtoNgrRd_I (Andhra Pradesh),1.699248120300752,2,181.73559999999998,1.0,True,True
IND614616AAA,IND630002AAA,Aranthangi_HsptlRod_D (Tamil Nadu),Karaikudi_Sbrmnprm_D (Tamil Nadu),1.6985887096774195,16,31.28555,1.0,False,True
IND591302AAB,IND591115AAB,Khanapur_StatinRD_D (Karnataka),Kittur_ColageRD_D (Karnataka),1.6973684210526316,2,41.165350000000004,1.0,True,True
IND515865AAB,IND515761AAA,Rayadurgam_RailGate_D (Andhra Pradesh),Kalyandurg_Shankrpa_D (Andhra Pradesh),1.696969696969697,18,39.9959,1.0,False,True
IND177101AAA,IND176001AAA,DehraGopipur_Central_D_1 (Himachal Pradesh),Kangra_Gurkhari_D (Himachal Pradesh),1.6966101694915254,2,43.86415,1.0,True,True
IND571105AAA,IND571213AAA,Hunsur_RatnaDPP_D (Karnataka),Gonikoppal_Thomas_D (Karnataka),1.6961538461538461,12,43.636700000000005,1.0,False,True
IND502313AAA,IND503111AAC,Narsapur_Xroad_D (Telangana),Kamareddy_Devenply_I (Telangana),1.6958525345622117,6,85.2439,1.0,False,True
IND764071AAB,IND764073AAA,Pappadahandi_Central_DPP_2 (Orissa),Umerkote_Central_DPP_1 (Orissa),1.6950757575757576,2,46.8806,1.0,True,True
IND785612AAB,IND785621AAA,Bokakhat_MlnprDPP_D (Assam),Golaghat_BaruaRd_D (Assam),1.6944444444444444,1,48.7818,1.0,True,True
IND302014AAB,IND303603AAB,Jaipur_Central_I_7 (Rajasthan),Renwal_ChomuRD_D (Rajasthan),1.6944444444444444,1,87.6403,1.0,True,True
IND322201AAA,IND303503AAA,Gangapur_Ward6DPP_D (Rajasthan),Lalsot_NWclyDPP_D (Rajasthan),1.694252873563218,12,42.432249999999996,1.0,False,True
IND382430AAB,IND389001AAA,Ahmedabad_East_H_1 (Gujarat),Godhra_DC (Gujarat),1.6938775510204085,21,136.6409,1.0,False,True
IND524003AAA,IND501359AAE,Nellore_DC (Andhra Pradesh),Hyderabad_Shamshbd_H (Telangana),1.6933701657458564,14,495.9099,1.0,False,True
IND421802AAA,IND411033AAA,Khandala_Satara_D (Maharashtra),Pune_Tathawde_H (Maharashtra),1.6933333333333334,7,80.0409,1.0,False,True
IND577501AAA,IND577002AAA,Chitradurga_DC (Karnataka),Davangere_Central_I_1 (Karnataka),1.6927648578811367,10,61.3275,1.0,False,True
IND388320AAA,IND387001AAA,Anand_Vaghasi_IP (Gujarat),Nadiad_DC (Gujarat),1.6923076923076925,11,19.9784,1.0,False,True
IND610001AAA,IND614715AAA,Thiruvarur_Bypasrd_D (Tamil Nadu),Thirthurpondi_Madaprum_D (Tamil Nadu),1.6923076923076923,17,27.3911,1.0,False,True
IND605010AAB,IND600056AAB,Pondicherry_Vasanthm_I (Pondicherry),MAA_Poonamallee_HB (Tamil Nadu),1.6923076923076923,3,152.2299,1.0,True,True
IND695572AAB,IND000000AFJ,Kallikkad_Mutyvila_D (Kerala),Trivandrum_Pettah_D (Kerala),1.6923076923076923,1,22.0203,1.0,True,True
IND562132AAA,IND411033AAA,Bangalore_Nelmngla_H (Karnataka),Pune_Tathawde_H (Maharashtra),1.6914556962025316,13,852.093,1.0,False,True
IND000000ACB,IND302022AAD,Gurgaon_Bilaspur_HB (Haryana),Jaipur_RIICO_L (Rajasthan),1.6913702007749207,20,221.44150000000002,1.0,False,True
IND370201AAA,IND363310AAB,Gandhidham_Sector1A_IP (Gujarat),Dhrangadhra_NvygRDPP_D (Gujarat),1.6900584795321638,1,167.2466,1.0,True,True
IND562132AAA,IND560099AAB,Bangalore_Nelmngla_H (Karnataka),Bengaluru_Bomsndra_HB (Karnataka),1.6897996293880633,127,50.230650000000004,0.986842105263158,False,True
IND562132AAA,IND577501AAA,Bangalore_Nelmngla_H (Karnataka),Chitradurga_DC (Karnataka),1.6887417218543046,1,191.4271,1.0,True,True
IND249201AAA,IND246174AAA,Rishikesh_DC (Uttarakhand),SrinagarUK_Srikot_D (Uttarakhand),1.6880330689809966,4,110.6677,1.0,True,True
IND712311AAA,IND821115AAB,Kolkata_Dankuni_HB (West Bengal),Sasaram_Central_I_2 (Bihar),1.6878048780487804,1,564.3462,1.0,True,True
IND486771AAA,IND486661AAA,Churhat_Central_DPP_1 (Madhya Pradesh),Sidhi_Padra_D (Madhya Pradesh),1.6875,6,25.976300000000002,1.0,False,True
IND507111AAA,IND507117AAB,Bhadrachalam_ITDARd_D (Telangana),Manuguru_AskNagar_D (Telangana),1.6875,19,36.3314,1.0,False,True
IND306401AAB,IND342005AAD,Pali_Nayagaon_I (Rajasthan),Jodhpur_Basni_I (Rajasthan),1.6865793780687397,18,69.3067,1.0,False,True
IND501359AAE,IND562132AAA,Hyderabad_Shamshbd_H (Telangana),Bangalore_Nelmngla_H (Karnataka),1.6863207547169812,5,542.2618,1.0,False,True
IND742101AAC,IND713130AAA,Baharampur_Chuanpur_I (West Bengal),Katwa_BSarani_D (West Bengal),1.684782608695652,3,96.0117,1.0,True,True
IND712612AAA,IND722154AAA,Kamarpukur_ChatiDPP_D (West Bengal),MirzapurWB_VidyaDPP_D (West Bengal),1.6842105263157894,3,19.7134,1.0,True,True
IND523002AAA,IND523226AAA,Ongole_SubhVRTL_I (Andhra Pradesh),Chimkurthy_MSRClgRd_D (Andhra Pradesh),1.6842105263157894,5,20.5219,1.0,False,True
IND752030AAA,IND754022AAA,Balugaon_Thikiri_D (Orissa),Tangi_SriDPP_D (Orissa),1.681818181818182,1,25.5137,1.0,True,True
IND125005AAA,IND335524AAA,Hisar_IndstlAr_I (Haryana),Rawatsar_ShivmDPP_D (Rajasthan),1.6818181818181819,2,169.06279999999998,1.0,True,True
IND342005AAD,IND342902A1B,Jodhpur_Basni_I (Rajasthan),,1.680851063829787,1,103.1401,1.0,True,True
IND201301AAL,IND201301AAF,Dadri_ICDCant_D (Uttar Pradesh),Noida_Sec 02_DPC (Uttar Pradesh),1.68,11,23.3817,1.0,False,True
IND606105AAA,IND606201AAC,Pennadam_EastmnRD_D (Tamil Nadu),Chinnasalem_VkotRoad_D (Tamil Nadu),1.679131054131054,14,72.69925,1.0,False,True
IND141003AAB,IND142026AAA,Ludhiana_GillChwk_DC (Punjab),Jagraon_DC (Punjab),1.6774193548387093,21,40.7157,1.0,False,True
IND573201AAB,IND573134AAB,Hassan_Pandrnga_I (Karnataka),Sakleshpur_RgvdrDPP_D (Karnataka),1.6774193548387093,3,43.0938,1.0,True,True
IND515591AAA,IND516269AAA,Kadiri_GVManu_D (Andhra Pradesh),Rayachoti_Madnpali_D (Andhra Pradesh),1.6769230769230767,10,71.29515,1.0,False,True
IND384205AAA,IND384355AAB,Mehsana_Panchot_IP (Gujarat),Vadnagar_BsstdDPP_D (Gujarat),1.676470588235294,13,36.6036,1.0,False,True
IND272001AAA,IND273014AAB,Basti_GndhiNgr_D (Uttar Pradesh),Gorakhpur_Matriprm_IP (Uttar Pradesh),1.6756756756756759,5,109.1028,0.8,False,True
IND826004AAA,IND814112AAA,Dhanbad_Kalynpur_I (Jharkhand),Deoghar_Barmasia_D (Jharkhand),1.674721046556368,4,130.34235,1.0,True,True
IND532127AAA,IND535591AAA,Rajam_SamathBv_D (Andhra Pradesh),Salur_ward9_D (Andhra Pradesh),1.6744186046511627,21,48.597,1.0,False,True
IND341303AAA,IND341306AAA,Didwana_KatlaDPP_D (Rajasthan),Sujangarh_LdnunDPP_D (Rajasthan),1.6733333333333333,14,34.11815,1.0,False,True
IND470113AAA,IND470227AAB,Bina_Srvdycwk_D (Madhya Pradesh),Rehli_Ward7DPP_D (Madhya Pradesh),1.6727272727272726,1,143.9026,1.0,True,True
IND000000ACB,IND110030AAD,Gurgaon_Bilaspur_HB (Haryana),Delhi_Kishangarh_DPC (Delhi),1.672684458398744,28,49.427800000000005,0.9285714285714286,False,True
IND524132AAA,IND524101AAB,Venktagiri_TirupthiRd_D (Andhra Pradesh),Gudur_Bngisheb_D (Andhra Pradesh),1.6714285714285713,14,39.838449999999995,1.0,False,True
IND473226AAA,IND474003AAA,Guna_Raghogrh_D (Madhya Pradesh),Gwalior_HrihrNgr_I (Madhya Pradesh),1.6711940748995846,10,248.76915000000002,1.0,False,True
IND751002AAB,IND530012AAA,Bhubaneshwar_Hub (Orissa),Visakhapatnam_Gajuwaka_IP (Andhra Pradesh),1.6707648776925885,10,454.2031,1.0,False,True
IND573116AAA,IND571432AAB,Channaraya_patna_D (Karnataka),Nagamangala_MandyaRD_D (Karnataka),1.6704545454545456,12,59.20195,1.0,False,True
IND560099AAB,IND560058AAB,Bengaluru_Bomsndra_HB (Karnataka),Bengaluru_Peenya_IP (Karnataka),1.6704107830551989,38,31.6911,0.8421052631578947,False,True
IND501359AAE,IND585104AAA,Hyderabad_Shamshbd_H (Telangana),Gulbarga_Nehrugnj_I (Karnataka),1.668674698795181,21,210.4105,1.0,False,True
IND207001AAA,IND207302AAA,Etah_CivlLine_D (Uttar Pradesh),Jalesar_ChngiDPP_D (Uttar Pradesh),1.6667682926829268,6,40.929500000000004,1.0,False,True
IND680307AAA,IND683511AAA,Chalakudy_SurbhiTh_D (Kerala),Aluva_Peedika_H (Kerala),1.6666666666666667,5,21.4975,1.0,False,True
IND110035AAC,IND110037AAM,Delhi_North_R_8 (Delhi),Delhi_Airport_H (Delhi),1.6666666666666667,3,20.9077,1.0,True,True
IND140301AAA,IND140001AAA,Chandigarh_Kharar_DC (Chandigarh),RoopNagar_ChotiHvl_DC (Punjab),1.6666666666666667,21,26.4948,1.0,False,True
IND695582AAA,IND691574AAA,Kazhakkoottam_Rdiosttn_D (Kerala),Kalluvathukal_Pariplly_D (Kerala),1.6666666666666667,1,35.4313,1.0,True,True
IND603203AAA,IND600048AAA,Chennai_Potheri (Tamil Nadu),Chennai_Vandalur_Dc (Tamil Nadu),1.6666666666666667,1,14.162,1.0,True,True
IND583227AAA,IND583231AAA,Gangavathi_PhrmPlza_D (Karnataka),Koppal_Banikatt_D (Karnataka),1.6666666666666667,15,44.9778,1.0,False,True
IND605601AAA,IND636102AAA,Villupuram_Thirumtr_IP (Tamil Nadu),Attur_KaaduRd_D (Tamil Nadu),1.6653558052434458,6,121.38215,1.0,False,True
IND756100AAC,IND757037AAA,Bhadrak_Central_I_2 (Orissa),Karanjia_Sarubali_D (Orissa),1.6638655462184877,1,165.5648,1.0,True,True
IND110052AAA,IND000000ACB,Delhi_Wazirpur_L (Delhi),Gurgaon_Bilaspur_HB (Haryana),1.6617866004962778,10,67.77295000000001,1.0,False,True
IND574117AAA,IND576101AAA,Uchila_Busstand_D (Karnataka),Udupi (Karnataka),1.6614906832298137,2,24.751350000000002,1.0,True,True
IND133004AAA,IND135001AAA,Ambala (Haryana),YamunaNagar_DC (Haryana),1.660774410774411,6,56.6245,1.0,False,True
IND560083AAB,IND562132AAA,Bengaluru_Bnnrghta_L (Karnataka),Bangalore_Nelmngla_H (Karnataka),1.6590909090909092,31,41.4414,0.9354838709677419,False,True
IND530043AAA,IND531163AAA,Visakhapatnam_VislkNgr_DC (Andhra Pradesh),Bheemunipatnam_SaiTempl_D (Andhra Pradesh),1.6590909090909092,12,25.89195,1.0,False,True
IND625532AAA,IND685514AAA,Usilampatti_MrutiNGR_D (Tamil Nadu),Kattappana_Palikval_D (Kerala),1.6590909090909092,1,110.6122,1.0,True,True
IND403726AAA,IND581303AAA,Goa_Hub (Goa),Karwar_Central_D_1 (Karnataka),1.6585365853658536,13,86.2554,1.0,False,True
IND680712AAA,IND683511AAA,Irinjlkuda_Greens_D (Kerala),Aluva_Peedika_H (Kerala),1.6578947368421053,9,41.6721,1.0,False,True
IND000000ACB,IND110092AAC,Gurgaon_Bilaspur_HB (Haryana),Delhi_Patparganj_DPC (Delhi),1.6575342465753422,5,69.59060000000001,1.0,False,True
IND201007AAA,IND201001AAA,GZB_Mohan_Nagar_DPC (Uttar Pradesh),Ghaziabad_Patel Nagar (Uttar Pradesh),1.6553030303030303,2,10.4372,1.0,True,True
IND627756AAA,IND626117AAA,Sankaran_Kovil_D (Tamil Nadu),Rajpalayam_AshkTalk_D (Tamil Nadu),1.6551724137931034,17,31.2303,1.0,False,True
IND686507AAA,IND686540AAA,Parakkdavu_KeRoad_D (Kerala),Karukachal_MnimlaRd_D (Kerala),1.6538461538461535,1,26.7197,1.0,True,True
IND464221AAA,IND470004AAA,GanjBasoda_MnRDDPP_D (Madhya Pradesh),Sagar_Bahreya_I (Madhya Pradesh),1.6538461538461535,1,150.7004,1.0,True,True
IND523316AAB,IND522647AAA,Markapur_VidyaNgr_D (Andhra Pradesh),Vinukonda_Kothapet_D (Andhra Pradesh),1.6513468013468011,14,77.51745,1.0,False,True
IND518124AAA,IND518206AAA,Bngnpalle_Enkndla_D (Andhra Pradesh),Betamcherla_CmtNgRod_D (Andhra Pradesh),1.6499999999999997,6,19.491799999999998,1.0,False,True
IND000000ACT,IND131028AAB,Delhi_Gateway_HB (Delhi),Sonipat_Kundli_H (Haryana),1.648148148148148,39,43.3454,0.9487179487179487,False,True
IND577101AAA,IND577116AAA,Chikmagalur_DC (Karnataka),,1.6480978260869565,2,35.97675,0.5,True,True
IND411033AAA,IND501359AAE,Pune_Tathawde_H (Maharashtra),Hyderabad_Shamshbd_H (Telangana),1.647916666666667,11,632.2850999999999,1.0,False,True
IND465001AAA,IND462022AAA,Shajapur_MhpraRD_D (Madhya Pradesh),Bhopal_Trnsport_H (Madhya Pradesh),1.6458374858813367,4,213.95544999999998,1.0,True,True
IND142001AAB,IND152026AAA,Moga_DPC (Punjab),Muktsar_DPC (Punjab),1.6451612903225807,29,79.5451,1.0,False,True
IND282002AAD,IND110037AAM,,Delhi_Airport_H (Delhi),1.6440677966101696,1,231.4202,1.0,True,True
IND201204AAA,IND250002AAA,Modinagar_SikriKla_DC (Uttar Pradesh),Meerut (Uttar Pradesh),1.642857142857143,6,23.08345,0.8333333333333334,False,True
IND562132AAA,IND577598AAC,Bangalore_Nelmngla_H (Karnataka),Hiriyur_TahurDPP_D (Karnataka),1.6425467188179053,10,145.95639999999997,1.0,False,True
IND560058AAB,IND562132AAA,Bengaluru_Peenya_IP (Karnataka),Bangalore_Nelmngla_H (Karnataka),1.6421052631578947,14,13.6003,0.9285714285714286,False,True
IND560099AAB,IND683511AAB,Bengaluru_Bomsndra_HB (Karnataka),Kerala_Cochin_L (Kerala),1.6412037037037035,1,471.0635,1.0,True,True
IND562132AAA,IND560060AAB,Bangalore_Nelmngla_H (Karnataka),Bengaluru_Kengeri_IP (Karnataka),1.6410256410256412,24,25.37255,1.0,False,True
IND181152AAB,IND184121AAA,Jammu_Central_I_1 (Jammu & Kashmir),Samba_Wardno13_D (Jammu & Kashmir),1.640625,4,36.462650000000004,1.0,True,True
IND586128AAA,IND586211AAA,Sindagi_KalyanNg_D (Karnataka),Indi_SindgiRD_D (Karnataka),1.6382978723404256,15,48.0951,1.0,False,True
IND560099AAB,IND683511AAA,Bengaluru_Bomsndra_HB (Karnataka),Aluva_Peedika_H (Kerala),1.6381190659481653,14,472.08050000000003,1.0,False,True
IND712410AAC,IND712406AAA,Tarkeshwar_Naraynpr_D (West Bengal),Khanakul_Ramnagar_D (West Bengal),1.6375338753387532,6,37.1378,0.6666666666666666,False,True
IND695121AAA,IND695541AAA,Neyatinkra_Arlumodu_D (Kerala),Nedumangad_Arsprmbu_D (Kerala),1.6363636363636365,1,30.6281,1.0,True,True
IND411033AAA,IND416012AAA,Pune_Tathawde_H (Maharashtra),Kolhapur_Shivaji_I (Maharashtra),1.6363636363636365,13,249.2718,1.0,False,True
IND751015AAA,IND752050AAA,Bhubaneshwar_Nayapalli (Orissa),Khurdha_JatniDPP_D (Orissa),1.6363636363636365,1,15.095,1.0,True,True
IND591237AAB,IND591201AAA,Nipani_AkkolRD_D (Karnataka),Chikodi_IndraNgr_D (Karnataka),1.6363636363636365,3,24.0376,1.0,True,True
IND811399AAA,IND209304AAA,Noida_Sector02_C (Uttar Pradesh),Kanpur_Central_H_6 (Uttar Pradesh),1.6361138522861398,10,432.65895,1.0,False,True
IND560048AAB,IND560099AAB,Bengaluru_Hoodi_IP (Karnataka),Bengaluru_Bomsndra_HB (Karnataka),1.6352370689655173,26,26.8094,0.6923076923076923,False,True
IND474003AAA,IND000000ACB,Gwalior_HrihrNgr_I (Madhya Pradesh),Gurgaon_Bilaspur_HB (Haryana),1.6346153846153846,26,316.01930000000004,1.0,False,True
IND627005AAA,IND627117AAA,Tirunelveli_VdkkuSrt_I (Tamil Nadu),Vallior_Radhaprm_D (Tamil Nadu),1.6341463414634143,11,49.8261,1.0,False,True
IND480001AAA,IND481661AAA,Chhindwara_NagpurRd_D (Madhya Pradesh),Mandla_Mharajpr_D (Madhya Pradesh),1.6337882547559965,2,197.0908,1.0,True,True
IND382430AAB,IND364004AAB,Ahmedabad_East_H_1 (Gujarat),Bhavnagar_ChtrGIDC_IP (Gujarat),1.6335877862595423,11,157.4853,1.0,False,True
IND493118AAC,IND495334AAB,Bhatpara_TrengaRD_D (Chhattisgarh),Mungeli_Panderia_D (Chhattisgarh),1.63265306122449,11,54.8625,1.0,False,True
IND736146AAA,IND736135AAA,Mathabhang_Pshimpra_D (West Bengal),Dinhata_WrdN4DPP_D (West Bengal),1.6315789473684212,8,52.1802,1.0,False,True
IND515134AAA,IND515201AAA,Puttaprthi_Gokulam_D (Andhra Pradesh),Hindupur_Parigi_D (Andhra Pradesh),1.631578947368421,15,62.645900000000005,1.0,False,True
IND231225AAB,IND486886AAA,Anpara_Parasi_D (Uttar Pradesh),Singrauli_Waidhan_D (Madhya Pradesh),1.6296296296296295,7,23.9771,1.0,False,True
IND487001AAB,IND487551AAA,Narsinghpur_KndliDPP_D (Madhya Pradesh),Gadarwara_MPward_D (Madhya Pradesh),1.627659574468085,4,51.79905,1.0,True,True
IND209304AAA,IND206122AAA,Kanpur_Central_H_6 (Uttar Pradesh),Auraiya_AryaNagr_D (Uttar Pradesh),1.6274509803921569,20,70.2799,1.0,False,True
IND362150AAA,IND362001AAA,Talala_SsnRdDPP_D (Gujarat),Junagadh_DPC (Gujarat),1.6268656716417913,11,67.7088,1.0,False,True
IND571104AAA,IND573142AAA,Koppa_BMRd_D (Karnataka),Ramanathapura_Central_D_2 (Karnataka),1.625,1,33.8127,1.0,True,True
IND334001AAC,IND341001AAC,Bikaner_ITICollg_L (Rajasthan),Nagaur_KisanCo_D (Rajasthan),1.625,2,115.3777,1.0,True,True
IND424101AAA,IND431103AAA,Chalisgaon_BhadgDPP_D (Maharashtra),Kannad_KolheDPP_D (Maharashtra),1.625,1,31.2776,1.0,True,True
IND581402AAA,IND577401AAA,Sirsi_Vidygiri_D (Karnataka),Sagara_Vardhard_D (Karnataka),1.625,9,76.6258,1.0,False,True
IND221303AAA,IND231001AAA,Gopiganj_Wardno13_D (Uttar Pradesh),Mirzapur_JangiRd_D (Uttar Pradesh),1.625,3,29.2527,1.0,True,True
IND110044AAB,IND131028AAB,Del_Okhla_PC (Delhi),Sonipat_Kundli_H (Haryana),1.623219373219373,40,43.1777,1.0,False,True
IND000000ACB,IND110085AAB,Gurgaon_Bilaspur_HB (Haryana),Delhi_Rohini_DPC (Delhi),1.6223661106233542,24,65.32855,0.9166666666666666,False,True
IND571430AAA,IND571124AAA,Malavalli_SulthnRd_D (Karnataka),Tirumakudalu_Narasipr_D (Karnataka),1.621505376344086,10,33.03275,1.0,False,True
IND110043AAC,IND000000ACB,Delhi_Nangli_L (Delhi),Gurgaon_Bilaspur_HB (Haryana),1.6206896551724137,1,55.6689,1.0,True,True
IND471001AAA,IND472001AAA,Chhatarpur_Busstand_D (Madhya Pradesh),Tikamgarh_MndiRoad_D (Madhya Pradesh),1.620253164556962,9,97.1646,1.0,False,True
IND332001AAB,IND334001AAB,Sikar_FatehpRd_I (Rajasthan),Bikaner_DC (Rajasthan),1.62012987012987,10,213.51,1.0,False,True
IND679329AAA,IND673639AAA,Nilambur_StteHW28_D (Kerala),Areacode_Puthalam_D (Kerala),1.6190476190476193,3,22.4575,1.0,True,True
IND680307AAA,IND680712AAA,Chalakudy_SurbhiTh_D (Kerala),Irinjlkuda_Greens_D (Kerala),1.619047619047619,7,19.3533,1.0,False,True
IND562132AAA,IND416012AAA,Bangalore_Nelmngla_H (Karnataka),Kolhapur_Shivaji_I (Maharashtra),1.6183087259542546,12,598.2662,1.0,False,True
IND122004AAA,IND000000ACB,Gurgaon_Begumpur_CP (Haryana),Gurgaon_Bilaspur_HB (Haryana),1.6176470588235294,1,35.6947,1.0,True,True
IND363330AAB,IND363310AAB,Halvad_CrossRD_D (Gujarat),Dhrangadhra_NvygRDPP_D (Gujarat),1.6156156156156156,8,29.61915,0.875,False,True
IND509124AAA,IND509103AAC,JoguGadwal_ColctrOf_D (Telangana),,1.6153846153846154,4,45.011449999999996,1.0,True,True
IND811213AAA,IND813213AAA,KharagpurBR_Central_DPP_1 (Bihar),Sultanganj_Wardno3_D (Bihar),1.6139162561576355,2,39.1146,1.0,True,True
IND577002AAA,IND580028AAA,Davangere_Central_I_1 (Karnataka),Hubli_Adargchi_IP (Karnataka),1.613861386138614,11,140.7195,1.0,False,True
IND627005AAA,IND628801AAA,Tirunelveli_VdkkuSrt_I (Tamil Nadu),Eral_Busstand_D (Tamil Nadu),1.6136363636363635,17,45.8494,1.0,False,True
IND516360AAB,IND516001AAA,Proddatur_Central_D_2 (Andhra Pradesh),Cuddapah_DC (Andhra Pradesh),1.6129568106312293,2,53.0375,1.0,True,True
IND244301AAA,IND244412AAA,Sambhal_Khwssrai_D (Uttar Pradesh),Chandausi_Ganesh_D (Uttar Pradesh),1.6129032258064517,11,28.7669,1.0,False,True
IND403507AAA,IND403726AAB,Panaji Goa (Goa),Goa_ZuariNgr_IP (Goa),1.6129032258064513,3,26.0509,1.0,True,True
IND721134AAB,IND721139AAC,Kolaghat_Central_DPP_2 (West Bengal),Panskura_Central_D_3 (West Bengal),1.6125,16,18.41035,0.875,False,True
IND600056AAB,IND524003AAA,MAA_Poonamallee_HB (Tamil Nadu),Nellore_DC (Andhra Pradesh),1.61,14,186.65370000000001,1.0,False,True
IND533308AAB,IND533003AAA,Mandapeta_Mainrd_D (Andhra Pradesh),Kakinada_DC (Andhra Pradesh),1.6097560975609757,15,43.552800000000005,1.0,False,True
IND571213AAA,IND571114AAA,Gonikoppal_Thomas_D (Karnataka),HDKote_BegurRD_D (Karnataka),1.6091135232926277,8,73.65189999999998,1.0,False,True
IND312403AAA,IND312001AAA,BariSadri_BhmprDPP_D (Rajasthan),Chittaurgarh_DC (Rajasthan),1.608695652173913,9,83.14089999999999,1.0,False,True
IND523002AAA,IND523230AAA,Ongole_SubhVRTL_I (Andhra Pradesh),Kanigiri_Tiglgndi_D (Andhra Pradesh),1.6086956521739129,21,77.9876,1.0,False,True
IND303702AAB,IND332001AAB,Chomu_ShsmlDPP_D (Rajasthan),Sikar_FatehpRd_I (Rajasthan),1.6085509472606248,4,84.54065,1.0,True,True
IND501359AAE,IND501141AAA,Hyderabad_Shamshbd_H (Telangana),Tandur_SnthiNGR_D (Telangana),1.6085106382978722,8,109.3512,1.0,False,True
IND560099AAB,IND560043AAC,Bengaluru_Bomsndra_HB (Karnataka),HBR Layout PC (Karnataka),1.6071428571428572,37,27.1643,0.8108108108108109,False,True
IND322230AAA,IND322241AAA,Hindaun_MndwrRod_D (Rajasthan),Karauli_HnsChowk_D (Rajasthan),1.6071428571428572,14,32.2526,1.0,False,True
IND333042AAA,IND333031AAA,Nawalgarh_NavldiDPP_D (Rajasthan),Pilani (Rajasthan),1.6052631578947367,13,82.6429,1.0,False,True
IND505001AAA,IND505327AAA,Karimnagar_DC (Telangana),Jagtial_Aravind_D (Telangana),1.6046511627906976,1,46.6178,1.0,True,True
IND689650AAA,IND690548AAA,Kozhenchery_Cherukole_D (Kerala),Haripad_Kumrpurm_D (Kerala),1.6046511627906976,3,41.879,1.0,True,True
IND495334AAB,IND491995AAB,Mungeli_Panderia_D (Chhattisgarh),Kawardha_TrnsptNGR_D (Chhattisgarh),1.6043478260869566,12,64.10135,1.0,False,True
IND000000ACA,IND144001AAB,Ludhiana_MilrGanj_HB (Punjab),Jalandhar_DPC (Punjab),1.6041666666666667,17,69.4616,1.0,False,True
IND000000ACB,IND110064AAA,Gurgaon_Bilaspur_HB (Haryana),Delhi_Mayapuri_PC (Delhi),1.6032786885245904,48,55.7743,0.8958333333333334,False,True
IND176201AAA,IND176303AAA,Jassur_AadiDPP_D (Himachal Pradesh),Dalhousie_Banikhet_D (Himachal Pradesh),1.6027397260273972,9,65.2679,1.0,False,True
IND673573AAA,IND673592AAA,Thamarassery_Chungam_D (Kerala),SultnBthry_Kollgpra_D (Kerala),1.6019301956636702,12,59.90395,1.0,False,True
IND518002AAA,IND509124AAA,Kurnool_AbbasNgr_I (Andhra Pradesh),JoguGadwal_ColctrOf_D (Telangana),1.6000000000000003,3,61.3278,1.0,True,True
IND606003AAA,IND606105AAA,Virudhchlm_SelamRd_D (Tamil Nadu),Pennadam_EastmnRD_D (Tamil Nadu),1.6,14,15.9438,1.0,False,True
IND636352AAA,IND636705AAB,Thoppur_HghsclRD_D (Tamil Nadu),Dharmapuri_Central_D_2 (Tamil Nadu),1.6,5,27.303,1.0,False,True
IND140118AAA,IND160002AAC,AnandprShb_PnjPiara_D (Punjab),Chandigarh_Mehmdpur_H (Punjab),1.6,17,108.2867,1.0,False,True
IND504296AAA,IND505001AAB,Kaghaznagar_Central_DPP_1 (Telangana),Karimnagar_KamnHbRD_I (Telangana),1.6,1,145.8669,1.0,True,True
IND000000ACB,IND201007AAA,Gurgaon_Bilaspur_HB (Haryana),GZB_Mohan_Nagar_DPC (Uttar Pradesh),1.5974025974025974,9,72.811,0.7777777777777778,False,True
IND757041AAA,IND756019AAA,Udala_NagplDPP_D (Orissa),Balasore_Ganeshwr_D (Orissa),1.5959183673469388,4,44.65875,1.0,True,True
IND700026AAC,IND700065AAA,CCU_Lake Avenue_DPC (West Bengal),CCU_Beliaghata_DPC (West Bengal),1.5952380952380953,2,14.16295,0.5,True,True
IND474003AAA,IND476001AAA,Gwalior_HrihrNgr_I (Madhya Pradesh),Morena_Prjapati_D (Madhya Pradesh),1.594594594594594,3,34.6902,1.0,True,True
IND361305AAC,IND361335AAA,Khambhalia_JdswarRD_D (Gujarat),Dwarka_StnRoad_DC (Gujarat),1.5932203389830508,1,83.76989999999999,1.0,True,True
IND516269AAA,IND516390AAA,Rayachoti_Madnpali_D (Andhra Pradesh),Pulivendula_RTCStand_D (Andhra Pradesh),1.5921052631578947,15,82.3948,1.0,False,True
IND573201AAB,IND572201AAB,Hassan_Pandrnga_I (Karnataka),Tiptur_YTRd_D (Karnataka),1.5918367346938778,11,54.5318,1.0,False,True
IND321606AAA,IND321001AAA,Kherli_GodamDPP_D (Rajasthan),Bharatpur_DC (Rajasthan),1.5918367346938773,3,54.4728,1.0,True,True
IND713145AAB,IND741316AAA,Manteswar_MemariRD_D (West Bengal),Nabadwip_Srirmpur_D (West Bengal),1.591485507246377,2,25.98685,1.0,True,True
IND785621AAA,IND785001AAA,Golaghat_BaruaRd_D (Assam),Jorhat_RicMilRd_D (Assam),1.5909090909090908,3,49.2488,1.0,True,True
IND160102AAD,IND160002AAC,Chandigarh_Raiprkln_C (Chandigarh),Chandigarh_Mehmdpur_H (Punjab),1.5900735294117647,12,43.6608,1.0,False,True
IND506002AAA,IND506343AAA,Warangal_HunterRd_I (Telangana),Mulugu_LaxmiNGR_D (Telangana),1.5896825396825398,2,49.3209,1.0,True,True
IND332001AAB,IND333042AAA,Sikar_FatehpRd_I (Rajasthan),Nawalgarh_NavldiDPP_D (Rajasthan),1.5889689578713966,14,32.929950000000005,0.8571428571428571,False,True
IND506001AAC,IND505467AAA,Warangal_Central_D_2 (Telangana),Husnabad_Greenmkt_D (Telangana),1.588235294117647,13,41.8916,1.0,False,True
IND332001AAB,IND334001AAC,Sikar_FatehpRd_I (Rajasthan),Bikaner_ITICollg_L (Rajasthan),1.588235294117647,3,213.6351,1.0,True,True
IND515134AAA,IND515591AAA,Puttaprthi_Gokulam_D (Andhra Pradesh),Kadiri_GVManu_D (Andhra Pradesh),1.587797619047619,8,44.93195,1.0,False,True
IND562132AAA,IND518002AAA,Bangalore_Nelmngla_H (Karnataka),Kurnool_AbbasNgr_I (Andhra Pradesh),1.586780763096553,12,346.25845000000004,1.0,False,True
IND411033AAA,IND410505AAB,Pune_Tathawde_H (Maharashtra),Rajgurunagar_Chakan_D (Maharashtra),1.5862068965517242,7,31.6023,1.0,False,True
IND110044AAB,IND110030AAD,Del_Okhla_PC (Delhi),Delhi_Kishangarh_DPC (Delhi),1.5857142857142859,30,13.43895,0.9666666666666667,False,True
IND390022AAA,IND382430AAB,Vadodara_Karelibaug_DPC (Gujarat),Ahmedabad_East_H_1 (Gujarat),1.5857142857142859,8,99.4065,1.0,False,True
IND140406AAA,IND140401AAA,SirhindFatehgarh_DC (Punjab),Rajpura_DC (Punjab),1.5833333333333333,7,30.5845,0.7142857142857143,False,True
IND577535AAC,IND577522AAA,Molakalmuru_KnsgraRD_D (Karnataka),Challakere_Shivangr_D (Karnataka),1.5823717948717948,10,56.0231,1.0,False,True
IND328001AAA,IND474003AAA,Dholpur_GtRoad_D (Rajasthan),Gwalior_HrihrNgr_I (Madhya Pradesh),1.5819696084161308,6,60.5127,1.0,False,True
IND641062AAD,IND642001AAA,Coimbatore_Karayam_H (Tamil Nadu),Pollachi_Venkatsa_DC (Tamil Nadu),1.5818181818181818,1,64.0517,1.0,True,True
IND560083AAB,IND560058AAD,Bengaluru_Bnnrghta_L (Karnataka),Bengaluru_Peenya_L (Karnataka),1.5806451612903225,1,26.1444,1.0,True,True
IND530012AAA,IND751002AAB,Visakhapatnam_Gajuwaka_IP (Andhra Pradesh),Bhubaneshwar_Hub (Orissa),1.5799373040752351,3,445.6972,1.0,True,True
IND562132AAA,IND577002AAA,Bangalore_Nelmngla_H (Karnataka),Davangere_Central_I_1 (Karnataka),1.5789473684210529,1,248.9406,1.0,True,True
IND642001AAA,IND641062AAD,Pollachi_Venkatsa_DC (Tamil Nadu),Coimbatore_Karayam_H (Tamil Nadu),1.5789473684210529,17,64.7177,1.0,False,True
IND362220AAA,IND362265AAA,Junagadh_keshod_DC (Gujarat),Veraval_DC (Gujarat),1.578125,2,44.66295,1.0,True,True
IND480886AAA,IND480001AAA,Lakhnadon_Central_DPP_1 (Madhya Pradesh),Chhindwara_NagpurRd_D (Madhya Pradesh),1.5778282828282828,6,137.035,1.0,False,True
IND414502AAA,IND431107AAB,Shevgaon_VidyaNgr_D (Maharashtra),Paithan_SantaNGR_D (Maharashtra),1.5769230769230769,7,26.9384,1.0,False,True
IND140401AAA,IND142401AAA,Rajpura_DC (Punjab),Khanna_DC (Punjab),1.5757575757575755,3,44.9258,1.0,True,True
IND209304AAA,IND211002AAB,Kanpur_Central_H_6 (Uttar Pradesh),Allahabad_Central_H_1 (Uttar Pradesh),1.5755395683453235,21,196.4566,0.9047619047619048,False,True
IND134203AAA,IND140501AAA,Naraingarh_Ward2DPP_D (Haryana),Lalru_OnkarDPP_D (Punjab),1.575,14,48.934200000000004,1.0,False,True
IND184104AAA,IND184121AAA,Kathua_BOB_D (Jammu & Kashmir),Samba_Wardno13_D (Jammu & Kashmir),1.575,3,43.1069,0.6666666666666666,True,True
IND560099AAB,IND000000ACS,Bengaluru_Bomsndra_HB (Karnataka),BLR_HSR_Layout_PC (Karnataka),1.5714285714285714,1,19.4741,1.0,True,True
IND303702AAB,IND332404AAA,Chomu_ShsmlDPP_D (Rajasthan),Reengus_Shop2DPP_D (Rajasthan),1.5708333333333333,8,33.344350000000006,1.0,False,True
IND792001AAA,IND792110AAA,Tezu_Farmnala_D (Arunachal Pradesh),Roing_DibngVly_D (Arunachal Pradesh),1.5697674418604652,2,61.847449999999995,1.0,True,True
IND576101AAA,IND576201AAA,Udupi (Karnataka),Kundapura_DC (Karnataka),1.566666666666667,3,39.6332,1.0,True,True
IND521225AAB,IND521201AAA,Vijayawada_Rynapadu_H (Andhra Pradesh),Nuzvid_Ward17_D (Andhra Pradesh),1.5660377358490567,21,52.8921,1.0,False,True
IND560099AAB,IND560048AAB,Bengaluru_Bomsndra_HB (Karnataka),Bengaluru_Hoodi_IP (Karnataka),1.56575682382134,34,26.6831,0.7647058823529411,False,True
IND515801AAA,IND515865AAB,Guntakal_Verpatem_D (Andhra Pradesh),Rayadurgam_RailGate_D (Andhra Pradesh),1.565700104493208,18,103.73349999999999,1.0,False,True
IND312001AAA,IND311001AAA,Chittaurgarh_DC (Rajasthan),Bhilwara_DC (Rajasthan),1.565217391304348,13,59.4752,1.0,False,True
IND535558AAA,IND535501AAB,Bobbili_ColegRd_D (Andhra Pradesh),Parvathipuram_Central_D_2 (Andhra Pradesh),1.565217391304348,20,25.7116,1.0,False,True
IND563101AAB,IND563131AAA,Kolar_Ambedkar_D (Karnataka),Mulbagal_Sunku_D (Karnataka),1.565217391304348,14,31.27705,1.0,False,True
IND671323AAD,IND000000ACO,Manjeshwar_Central_D_1 (Kerala),Kasaragod_Nullipad_D (Kerala),1.5625,1,29.3602,1.0,True,True
IND563131AAB,IND560300AAA,Bangarapet_KolarRd_D (Karnataka),Bengaluru_KGAirprt_HB (Karnataka),1.5625,3,78.8571,1.0,True,True
IND574202AAA,IND574239AAA,Puttur_Darbe_DC (Karnataka),Sullia_Srirampt_D (Karnataka),1.5620723362658844,6,33.981049999999996,1.0,False,True
IND560099AAB,IND560058AAD,Bengaluru_Bomsndra_HB (Karnataka),Bengaluru_Peenya_L (Karnataka),1.5604395604395604,2,31.46115,1.0,True,True
IND522647AAA,IND523201AAA,Vinukonda_Kothapet_D (Andhra Pradesh),Addanki_Oilmilrd_D (Andhra Pradesh),1.56,19,60.1131,1.0,False,True
IND341001AAC,IND341303AAA,Nagaur_KisanCo_D (Rajasthan),Didwana_KatlaDPP_D (Rajasthan),1.5595238095238095,7,97.9392,1.0,False,True
IND414001AAA,IND414302AAB,AhmedNagar_DC (Maharashtra),Parner_Hindcwk_D (Maharashtra),1.5588235294117647,1,42.0274,1.0,True,True
IND581320AAA,IND581334AAA,Bhatkal_KmkshBul_D (Karnataka),Honnavar_Prbhtngr_D (Karnataka),1.5584795321637426,4,40.4765,1.0,True,True
IND388121AAA,IND388620AAB,Anand_VUNagar_DC (Gujarat),Khambhat_MotvdDPP_D (Gujarat),1.558139534883721,11,54.1935,1.0,False,True
IND307001AAA,IND306902AAA,Sirohi_Ricco_D (Rajasthan),Sumerpur_BazarDPP_D (Rajasthan),1.557692307692308,2,34.929550000000006,1.0,True,True
IND501359AAE,IND509358AAA,Hyderabad_Shamshbd_H (Telangana),Kadthal_GndhiDPP_D (Telangana),1.5555555555555556,17,36.8336,1.0,False,True
IND722101AAB,IND713205AAB,Bankura_NapitDPP_D (West Bengal),Durgapur_Central_I_1 (West Bengal),1.5555555555555556,1,50.6013,1.0,True,True
IND361315AAA,IND361335AAA,Bhatiya_Kalyanpr_D (Gujarat),Dwarka_StnRoad_DC (Gujarat),1.5555555555555556,11,40.5179,1.0,False,True
IND624001AAA,IND624619AAA,Dindigul_Central_D_1 (Tamil Nadu),Oddnchtram_Palani_D (Tamil Nadu),1.5555555555555556,9,29.1058,1.0,False,True
IND621212AAA,IND621704AAA,Perambalur_goplpurm_D (Tamil Nadu),Ariyalur_Kmrajngr_D (Tamil Nadu),1.5553359683794468,16,30.62555,1.0,False,True
IND480001AAA,IND480661AAA,Chhindwara_NagpurRd_D (Madhya Pradesh),Seoni_Kidwai_D (Madhya Pradesh),1.5535444947209651,10,73.00895,1.0,False,True
IND413002AAA,IND413501AAA,Solapur_Central_I_2 (Maharashtra),Osmanabad_Kakdepot_D (Maharashtra),1.553191489361702,21,64.6965,1.0,False,True
IND770001AAA,IND770017AAB,Sundargarh_DiyoDPP_D (Orissa),Rajgangpur_Central_D_2 (Orissa),1.5530142781597036,6,65.24605,1.0,False,True
IND815353AAA,IND826004AAA,Madhupur_Sitarmrd_D (Jharkhand),Dhanbad_Kalynpur_I (Jharkhand),1.5529411764705885,1,104.0805,1.0,True,True
IND503122AAA,IND502110AAA,Yellareddy_JKRoad_D (Telangana),Medak_Dwaraka_D (Telangana),1.5526315789473684,19,40.465900000000005,1.0,False,True
IND203135AAA,IND203396AAB,Jewar_SJRoad_D (Uttar Pradesh),Pahasu_Kanongyn_D (Uttar Pradesh),1.5517241379310345,12,55.8355,1.0,False,True
IND691574AAA,IND695614AAA,Kalluvathukal_Pariplly_D (Kerala),Kilimanoor_Krvnkuzy_D (Kerala),1.5500000000000003,21,21.6803,1.0,False,True
IND425401AAA,IND425109AAA,Amalner_Murtingr_D (Maharashtra),Erandol_BsStdDPP_D (Maharashtra),1.5483870967741935,1,33.7629,1.0,True,True
IND303108AAB,IND303106AAA,Kotputli_LXngrDPP_D (Rajasthan),Paota_SmClyDPP_D (Rajasthan),1.5483870967741935,9,43.8546,1.0,False,True
IND695012AAA,IND691001AAB,Trivandrum_Mnanthla_H (Kerala),Kollam_Central_H_1 (Kerala),1.5470085470085468,12,63.7633,1.0,False,True
IND584101AAA,IND584123AAA,Raichur_LSRoad_DC (Karnataka),Manvi_APMCYard_D (Karnataka),1.5465116279069768,2,47.1756,1.0,True,True
IND509001AAA,IND509203AAA,Mahabubnagar_DC (Telangana),Bijnapally_nagar_D (Telangana),1.542857142857143,19,38.028,1.0,False,True
IND110037AAM,IND000000ACB,Delhi_Airport_H (Delhi),Gurgaon_Bilaspur_HB (Haryana),1.5424418604651162,12,44.05995,1.0,False,True
IND560099AAB,IND515004AAA,Bengaluru_Bomsndra_HB (Karnataka),Anantapur_KamaStrt_I (Andhra Pradesh),1.5414634146341464,1,240.1094,1.0,True,True
IND328001AAA,IND000000ACB,Dholpur_GtRoad_D (Rajasthan),Gurgaon_Bilaspur_HB (Haryana),1.5404040404040404,1,257.5175,1.0,True,True
IND203135AAA,IND203390AAA,Jewar_SJRoad_D (Uttar Pradesh),Anupshahar_DcntCLY_D (Uttar Pradesh),1.5401509951956074,4,84.21385000000001,1.0,True,True
IND503187AAA,IND503122AAA,Banswada_Menagrdn_D (Telangana),Yellareddy_JKRoad_D (Telangana),1.5384615384615383,20,28.482799999999997,1.0,False,True
IND282002AAD,IND474003AAA,,Gwalior_HrihrNgr_I (Madhya Pradesh),1.537190082644628,9,121.6169,1.0,False,True
IND562132AAA,IND515004AAA,Bangalore_Nelmngla_H (Karnataka),Anantapur_KamaStrt_I (Andhra Pradesh),1.5370676195051647,12,203.4261,1.0,False,True
IND501141AAA,IND501101AAB,Tandur_SnthiNGR_D (Telangana),Vikarabad_Central_DPP_2 (Telangana),1.5365853658536586,5,38.9117,1.0,False,True
IND501359AAE,IND509001AAA,Hyderabad_Shamshbd_H (Telangana),Mahabubnagar_DC (Telangana),1.5357142857142858,17,76.3792,1.0,False,True
IND531116AAA,IND531001AAA,Narsiptnm_Wardno8_D (Andhra Pradesh),Anakapalle_Kothuru_D (Andhra Pradesh),1.5348837209302326,1,48.3598,1.0,True,True
IND151001AAA,IND160002AAC,Bhatinda_DPC (Punjab),Chandigarh_Mehmdpur_H (Punjab),1.5345911949685533,21,203.2861,1.0,False,True
IND560099AAB,IND562132AAA,Bengaluru_Bomsndra_HB (Karnataka),Bangalore_Nelmngla_H (Karnataka),1.5337481146304675,102,46.418,0.8475324675324676,False,True
IND147301AAA,IND000000ACA,Mandi_Gobindgarh_DC (Punjab),Ludhiana_MilrGanj_HB (Punjab),1.5333333333333334,1,36.9875,1.0,True,True
IND273155AAA,IND273303AAA,Anandnagar_LohiaDPP_D (Uttar Pradesh),Maharajganj_PakriDPP_D (Uttar Pradesh),1.5333333333333334,1,21.8126,1.0,True,True
IND303008AAB,IND303338AAB,Dudu_NrainaRD_D (Rajasthan),Phulera_NarenaRD_D (Rajasthan),1.5333333333333334,5,32.7092,0.8,False,True
IND560043AAC,IND560064AAA,HBR Layout PC (Karnataka),Bengaluru_NwYlhnka_DC (Karnataka),1.5333333333333334,37,13.5489,1.0,False,True
IND826004AAA,IND821115AAB,Dhanbad_Kalynpur_I (Jharkhand),Sasaram_Central_I_2 (Bihar),1.5313725490196077,4,343.477,1.0,True,True
IND000000ACA,IND152026AAA,Ludhiana_MilrGanj_HB (Punjab),Muktsar_DPC (Punjab),1.5299145299145298,1,154.5822,1.0,True,True
IND382430AAB,IND384205AAA,Ahmedabad_East_H_1 (Gujarat),Mehsana_Panchot_IP (Gujarat),1.5297619047619047,20,95.1368,1.0,False,True
IND786001AAB,IND786602AAA,Dibrugarh_Bokule_H (Assam),Duliajan_StatonRd_D (Assam),1.5294117647058825,13,36.9082,1.0,False,True
IND685514AAA,IND625008AAA,Kattappana_Palikval_D (Kerala),Madurai_Kappalur_H (Tamil Nadu),1.5294117647058822,9,151.1178,1.0,False,True
IND691506AAA,IND691305AAA,Kottarakkara_Amankovl_D (Kerala),Punalur_PostofJN_D (Kerala),1.5278637770897832,20,17.80335,1.0,False,True
IND532440AAA,IND532001AAB,Palakonda_VadaiDPP_D (Andhra Pradesh),Srikakulam_Kuslpram_I (Andhra Pradesh),1.5277777777777777,17,41.073,1.0,False,True
IND465669AAB,IND465683AAA,Narsinghgarh_Central_D_1 (Madhya Pradesh),Pachore_Shop3DPP_D (Madhya Pradesh),1.5277777777777777,11,39.0004,1.0,False,True
IND756019AAA,IND756032AAA,Balasore_Ganeshwr_D (Orissa),Jaleswar_NaturDPP_D (Orissa),1.5277777777777777,1,51.325300000000006,1.0,True,True
IND423106AAA,IND423105AAA,Manmad_Malegaon_D (Maharashtra),Malegaon_Rawlgaon_D (Maharashtra),1.5276497695852536,8,36.7953,1.0,False,True
IND480886AAA,IND480661AAA,Lakhnadon_Central_DPP_1 (Madhya Pradesh),Seoni_Kidwai_D (Madhya Pradesh),1.5274376417233562,2,65.41799999999999,1.0,True,True
IND585222AAA,IND585307AAB,Sedam_DBRCmplx_D (Karnataka),Chincholi_Mainroad_D (Karnataka),1.5270270270270272,18,39.6913,1.0,False,True
IND518002AAA,IND518501AAA,Kurnool_AbbasNgr_I (Andhra Pradesh),Nandyal_SrnvsNgr_D (Andhra Pradesh),1.5259216589861753,18,71.3009,1.0,False,True
IND508116AAA,IND508223AAA,Bhuvanagiri_HBColny_D (Telangana),Thirumalagiri_Xroad_D (Telangana),1.5254237288135593,1,83.4561,1.0,True,True
IND560300AAA,IND563131AAB,Bengaluru_KGAirprt_HB (Karnataka),Bangarapet_KolarRd_D (Karnataka),1.525,1,80.017,1.0,True,True
IND303301AAB,IND303303AAA,Bassi_DmodrNGR_D (Rajasthan),Dausa_IndraCln_D (Rajasthan),1.5249999999999997,12,30.59585,1.0,False,True
IND814101AAB,IND816107AAA,Dumka_Dudhani_D (Jharkhand),Pakur_Hatpada_D (Jharkhand),1.5232558139534882,11,88.8902,1.0,False,True
IND627811AAA,IND627401AAA,Tenkasi_RailwyRd_D (Tamil Nadu),Ambasamdrm_Solaiprm_D (Tamil Nadu),1.5231854838709677,10,34.2061,0.9,False,True
IND742223AAA,IND742226AAA,Jangipur_Central_D_1 (West Bengal),Sagardighi_UtBzrDPP_D (West Bengal),1.5227272727272727,17,46.005300000000005,1.0,False,True
IND591126AAA,IND591102AAA,Saundatti_ShanthiS_D (Karnataka),Bailhongal_NamoNagr_D (Karnataka),1.522549019607843,2,35.09055,1.0,True,True
IND624202AAA,IND625218AAA,Batlagundu_RTOofice_D (Tamil Nadu),Vadipatti_lalaNGR_D (Tamil Nadu),1.5217391304347827,10,26.152700000000003,1.0,False,True
IND110095AAB,IND000000ACB,Delhi_Jhilmil_L (Delhi),Gurgaon_Bilaspur_HB (Haryana),1.5211267605633805,1,71.6641,1.0,True,True
IND518002AAA,IND562132AAA,Kurnool_AbbasNgr_I (Andhra Pradesh),Bangalore_Nelmngla_H (Karnataka),1.5211267605633803,11,346.6438,1.0,False,True
IND561203AAB,IND562101AAA,Doddablpur_ChikaDPP_D (Karnataka),Chikblapur_ShntiSgr_D (Karnataka),1.5200000000000002,12,27.75835,1.0,False,True
IND626607AAB,IND625008AAA,Narikkudi_MukkuRD_D (Tamil Nadu),Madurai_Kappalur_H (Tamil Nadu),1.52,7,53.8978,1.0,False,True
IND632402AAA,IND631102AAA,Ranipet_MBTRd_DC (Tamil Nadu),Sholinghur_ArkonmRD_D (Tamil Nadu),1.5199999999999998,11,26.6491,1.0,False,True
IND458001AAB,IND458990AAA,Mandsaur_YashDPP_D (Madhya Pradesh),Sitamau_Central_DPP_1 (Madhya Pradesh),1.5185185185185188,11,31.0757,1.0,False,True
IND515671AAA,IND515134AAA,Dharmavram_SaiNgr_D (Andhra Pradesh),Puttaprthi_Gokulam_D (Andhra Pradesh),1.5185185185185186,13,37.1088,1.0,False,True
IND306902AAA,IND306116AAA,Sumerpur_BazarDPP_D (Rajasthan),Falna_SbhRDDPP_D (Rajasthan),1.5185185185185186,1,30.8816,1.0,True,True
IND581314AAA,IND581334AAA,Ankola_Kakrmath_D (Karnataka),Honnavar_Prbhtngr_D (Karnataka),1.5178571428571428,1,59.4354,1.0,True,True
IND623315AAB,IND614620AAA,Oriyur_Vllyaprm_D (Tamil Nadu),Manamelkudi_TmpleSrt_D (Tamil Nadu),1.5172413793103448,15,35.1174,1.0,False,True
IND581334AAA,IND581320AAA,Honnavar_Prbhtngr_D (Karnataka),Bhatkal_KmkshBul_D (Karnataka),1.5161290322580645,1,34.0561,1.0,True,True
IND642001AAA,IND642126AAA,Pollachi_Venkatsa_DC (Tamil Nadu),Udumalpet_Artclgrd_D (Tamil Nadu),1.5161290322580645,1,30.5466,1.0,True,True
IND585104AAA,IND585307AAB,Gulbarga_Nehrugnj_I (Karnataka),Chincholi_Mainroad_D (Karnataka),1.5151515151515151,4,71.89869999999999,1.0,True,True
IND413709AAA,IND423601AAA,Shrirampur_DavkharRd_D (Maharashtra),Kopargaon_NkshtrPz_D (Maharashtra),1.5135135135135136,1,43.3419,1.0,True,True
IND518222AAA,IND518002AAA,Dhone_RmNyrDPP_D (Andhra Pradesh),Kurnool_AbbasNgr_I (Andhra Pradesh),1.5135135135135136,5,54.0689,0.8,False,True
IND177203AAA,IND177101AAA,Amb_Adrshngr_D (Himachal Pradesh),DehraGopipur_Central_D_1 (Himachal Pradesh),1.5135135135135134,3,32.0739,1.0,True,True
IND574239AAA,IND574221AAA,Sullia_Srirampt_D (Karnataka),Kadaba_AnugrDPP_D (Karnataka),1.5128205128205128,7,33.2592,1.0,False,True
IND560078AAC,IND562132AAA,BLR_JPNagar_Pc (Karnataka),Bangalore_Nelmngla_H (Karnataka),1.511904761904762,16,34.6726,0.9375,False,True
IND209304AAA,IND208006AAA,Kanpur_Central_H_6 (Uttar Pradesh),Kanpur_GovndNgr_DC (Uttar Pradesh),1.51,14,30.61215,0.7142857142857143,False,True
IND722202AAA,IND722101AAC,Barjora_Central_DPP_1 (West Bengal),Bankura_BhowmDPP_D (West Bengal),1.5091954022988505,4,32.539,1.0,True,True
IND735224AAA,IND736146AAA,Mainaguri_MilpaDPP_D (West Bengal),Mathabhang_Pshimpra_D (West Bengal),1.5091185410334347,8,57.6228,1.0,False,True
IND505001AAB,IND504208AAB,Karimnagar_KamnHbRD_I (Telangana),Mancherial_Hitech_D (Telangana),1.5076923076923074,11,84.43639999999999,1.0,False,True
IND562132AAA,IND560083AAB,Bangalore_Nelmngla_H (Karnataka),Bengaluru_Bnnrghta_L (Karnataka),1.50609756097561,50,41.6344,0.98,False,True
IND625532AAA,IND625531AAA,Usilampatti_MrutiNGR_D (Tamil Nadu),Theni_Rathnam_D (Tamil Nadu),1.5018939393939394,6,41.76305,1.0,False,True
IND591304AAA,IND586101AAA,Athani_VikrmMah_D (Karnataka),Bijapur_KirtiNgr_D (Karnataka),1.5010332950631458,8,76.62555,1.0,False,True
IND000000ACB,IND110052AAA,Gurgaon_Bilaspur_HB (Haryana),Delhi_Wazirpur_L (Delhi),1.500324464633355,2,65.72460000000001,1.0,True,True
IND384355AAB,IND385001AAA,Vadnagar_BsstdDPP_D (Gujarat),Palanpur_DC (Gujarat),1.5,12,70.45474999999999,1.0,False,True
IND509124AAA,IND584101AAA,JoguGadwal_ColctrOf_D (Telangana),Raichur_LSRoad_DC (Karnataka),1.5,2,51.77565,1.0,True,True
IND503185AAA,IND503187AAA,Bodhan_SuryaDPP_D (Telangana),Banswada_Menagrdn_D (Telangana),1.5,19,32.2086,1.0,False,True
IND203131AAA,IND203135AAA,Khurja_Pnjbiyon_D (Uttar Pradesh),Jewar_SJRoad_D (Uttar Pradesh),1.5,16,34.75995,1.0,False,True
IND535501AAB,IND532440AAA,Parvathipuram_Central_D_2 (Andhra Pradesh),Palakonda_VadaiDPP_D (Andhra Pradesh),1.5,17,45.971,1.0,False,True
IND639104AAB,IND620012AAA,Kulithalai_AnnaNGR_D (Tamil Nadu),Tiruchi_Manikndm_H (Tamil Nadu),1.5,1,51.0134,1.0,True,True
IND614602AAA,IND614804AAA,Pattukotai_anthniyr_D (Tamil Nadu),Peravurani_SH71_D (Tamil Nadu),1.5,16,22.69815,1.0,False,True
IND335513AAA,IND335804AAD,Hanumangarh_DC (Rajasthan),Suratgarh_Central_DPP_2 (Rajasthan),1.5,1,56.9831,1.0,True,True
IND152026AAA,IND152116AAA,Muktsar_DPC (Punjab),Abohar_DC (Punjab),1.5,2,57.939499999999995,1.0,True,True
IND641664AAA,IND638657AAA,Tirpur_Palladam_DC (Tamil Nadu),Dharapuram_Techrcly_D (Tamil Nadu),1.5,15,40.5711,1.0,False,True
IND144001AAB,IND143001AAA,Jalandhar_DPC (Punjab),Amritsar_DPC (Punjab),1.5,17,85.1994,1.0,False,True
IND147001AAD,IND147201AAA,Patiala_GainMrkt_L (Punjab),Nabha_Sahni_D (Punjab),1.5,1,26.912,1.0,True,True
IND509203AAA,IND509301AAA,Bijnapally_nagar_D (Telangana),Jadcherla_Badeplly_D (Telangana),1.5,19,28.6229,1.0,False,True
IND585211AAA,IND585222AAA,Chittapur_GlbrgaRD_D (Karnataka),Sedam_DBRCmplx_D (Karnataka),1.5,17,25.1841,1.0,False,True
IND563101AAB,IND563125AAB,Kolar_Ambedkar_D (Karnataka),Chintamani_Central_D_2 (Karnataka),1.5,1,36.7522,1.0,True,True
IND132103AAB,IND132001AAA,Panipat_PC (Haryana),Karnal (Haryana),1.496969696969697,2,39.8086,1.0,True,True
IND683511AAA,IND680104AAA,Aluva_Peedika_H (Kerala),Guruvayoor_ManhrBld_D (Kerala),1.4969135802469136,16,79.79155,0.9375,False,True
IND382430AAB,IND370201AAA,Ahmedabad_East_H_1 (Gujarat),Gandhidham_Sector1A_IP (Gujarat),1.4937499999999997,12,312.83595,1.0,False,True
IND384205AAA,IND382715AAA,Mehsana_Panchot_IP (Gujarat),Kadi_KaranNGR_D (Gujarat),1.4935897435897436,18,42.3417,1.0,False,True
IND577522AAA,IND562132AAA,Challakere_Shivangr_D (Karnataka),Bangalore_Nelmngla_H (Karnataka),1.4928571428571429,10,183.659,1.0,False,True
IND403726AAB,IND403601AAA,Goa_ZuariNgr_IP (Goa),Goa_Margao_Dc (Goa),1.492063492063492,6,15.925049999999999,1.0,False,True
IND562132AAA,IND583101AAA,Bangalore_Nelmngla_H (Karnataka),Bellary_Dc (Karnataka),1.4895566181264943,10,292.50020000000006,1.0,False,True
IND206122AAA,IND206001AAA,Auraiya_AryaNagr_D (Uttar Pradesh),Etawah_MhraChng_D (Uttar Pradesh),1.4893617021276595,19,66.91369999999999,0.8421052631578947,False,True
IND581303AAA,IND581325AAA,Karwar_Central_D_1 (Karnataka),Dandeli_RKComplx_D (Karnataka),1.4893617021276595,2,101.2739,1.0,True,True
IND636016AAA,IND637211AAA,Salem (Tamil Nadu),Tirchngode_Mhdhvpur_D (Tamil Nadu),1.4888888888888892,15,53.3461,1.0,False,True
IND184104AAA,IND181152AAA,Kathua_BOB_D (Jammu & Kashmir),Jammu_TrnptNgr_L (Jammu & Kashmir),1.4857142857142858,3,77.41760000000001,1.0,True,True
IND562132AAA,IND570020AAA,Bangalore_Nelmngla_H (Karnataka),Mysore_Yadvgiri_IP (Karnataka),1.4852941176470589,9,166.6831,1.0,False,True
IND562132AAA,IND573201AAB,Bangalore_Nelmngla_H (Karnataka),Hassan_Pandrnga_I (Karnataka),1.4849624060150375,16,165.34975,1.0,False,True
IND281401AAA,IND321022AAA,Chhata_GvrdnDPP_D (Uttar Pradesh),Kaman_BsstdDPP_D (Rajasthan),1.4848484848484849,9,34.5457,0.8888888888888888,False,True
IND246725AAB,IND246701AAA,Chandpur_NorprRD_D (Uttar Pradesh),Bijnor_NaginaRd_D (Uttar Pradesh),1.4844155844155844,10,37.17675,1.0,False,True
IND304001AAA,IND322001AAC,Tonk_DC (Rajasthan),SawaiMadhopur_Central_DPP_1 (Rajasthan),1.4827586206896552,1,82.14869999999999,1.0,True,True
IND362001AAA,IND360575AAA,Junagadh_DPC (Gujarat),Porbandar_DC (Gujarat),1.4819277108433733,11,103.7216,1.0,False,True
IND385340AAB,IND384205AAA,Radhanpur_Santalpr_D (Gujarat),Mehsana_Panchot_IP (Gujarat),1.4810457516339868,4,107.7119,0.75,True,True
IND413304AAA,IND415301AAB,Pandharpur_RajCmplx_D (Maharashtra),Atapadi_Vidyangr_D (Maharashtra),1.4803921568627452,6,56.6026,1.0,False,True
IND626138AAA,IND625008AAA,Maharajapuram_Krsnakcl_D (Tamil Nadu),Madurai_Kappalur_H (Tamil Nadu),1.4800437397484965,16,66.46045000000001,0.9375,False,True
IND641062AAD,IND642126AAA,Coimbatore_Karayam_H (Tamil Nadu),Udumalpet_Artclgrd_D (Tamil Nadu),1.4794520547945205,17,71.4911,0.9411764705882353,False,True
IND518124AAA,IND518002AAA,Bngnpalle_Enkndla_D (Andhra Pradesh),Kurnool_AbbasNgr_I (Andhra Pradesh),1.4788732394366195,1,80.2581,1.0,True,True
IND733134AAA,IND733129AAB,Raiganj_SubrtDPP_D (West Bengal),Kaliyaganj_Central_DPP_1 (West Bengal),1.4782608695652175,3,23.596400000000003,1.0,True,True
IND140401AAA,IND147301AAA,Rajpura_DC (Punjab),Mandi_Gobindgarh_DC (Punjab),1.4782608695652173,1,32.8339,1.0,True,True
IND363641AAA,IND363621AAB,Morbi_DC (Gujarat),Wankaner_JivanDPP_D (Gujarat),1.4781639928698749,6,33.9684,0.8333333333333334,False,True
IND622407AAA,IND622001AAA,Ponnamaravathi_Puduvalvu_D (Tamil Nadu),Pudukkotti_Mrthndpr_D (Tamil Nadu),1.4777183600713013,14,36.7567,1.0,False,True
IND403702AAA,IND581314AAA,Canacona_CharRsta_D (Goa),Ankola_Kakrmath_D (Karnataka),1.476923076923077,1,69.7005,1.0,True,True
IND695572AAB,IND695541AAA,Kallikkad_Mutyvila_D (Kerala),Nedumangad_Arsprmbu_D (Kerala),1.4761904761904765,13,20.2082,0.8461538461538461,False,True
IND384205AAA,IND383001AAA,Mehsana_Panchot_IP (Gujarat),Himmatnagar_DC (Gujarat),1.4745762711864407,11,81.1749,1.0,False,True
IND614715AAA,IND614809AAA,Thirthurpondi_Madaprum_D (Tamil Nadu),Pushpavanam_Thmpulam_D (Tamil Nadu),1.4736842105263157,17,32.7821,0.8823529411764706,False,True
IND683511AAA,IND680012AAA,Aluva_Peedika_H (Kerala),Arimbur_Veluthur_D (Kerala),1.4736842105263157,11,59.4959,1.0,False,True
IND151001AAA,IND151103AAA,Bhatinda_DPC (Punjab),RampuraPhul_DC (Punjab),1.4735449735449735,4,28.423949999999998,1.0,True,True
IND625008AAA,IND685514AAA,Madurai_Kappalur_H (Tamil Nadu),Kattappana_Palikval_D (Kerala),1.4733727810650887,1,143.3816,1.0,True,True
IND501101AAB,IND509216AAC,Vikarabad_Central_DPP_2 (Telangana),Shadnagar_Central_D_1 (Telangana),1.471698113207547,5,56.152,0.8,False,True
IND423105AAA,IND423301AAB,Malegaon_Rawlgaon_D (Maharashtra),Satana_ThrbadRD_D (Maharashtra),1.4705882352941178,7,34.463,1.0,False,True
IND680104AAA,IND679576AAA,Guruvayoor_ManhrBld_D (Kerala),Edappal_PonaniRD_D (Kerala),1.4705882352941178,17,30.2562,0.8823529411764706,False,True
IND341030AAA,IND341303AAA,Tarnau_BsstdDPP_D (Rajasthan),Didwana_KatlaDPP_D (Rajasthan),1.4666666666666666,3,55.5569,1.0,True,True
IND181152AAA,IND184121AAA,Jammu_TrnptNgr_L (Jammu & Kashmir),Samba_Wardno13_D (Jammu & Kashmir),1.4666666666666666,5,36.5022,1.0,False,True
IND621010AAA,IND621212AAA,Thuraiyur_Mthrapuri_D (Tamil Nadu),Perambalur_goplpurm_D (Tamil Nadu),1.4642857142857144,16,37.38365,1.0,False,True
IND242307AAB,IND242221AAA,Tilhar_SingCLNY_D (Uttar Pradesh),Jalalabad_farukngr_D (Uttar Pradesh),1.4634146341463414,5,50.1024,1.0,False,True
IND683511AAA,IND000000ADM,Aluva_Peedika_H (Kerala),Cochin_Kdvantra_D (Kerala),1.4615384615384615,13,22.2497,0.9230769230769231,False,True
IND246763AAA,IND244901AAB,Najibabad_KotdwrRD_D (Uttar Pradesh),Rampur_RoshnBgh_I (Uttar Pradesh),1.4610389610389614,3,166.1058,1.0,True,True
IND507002AAA,IND507117AAB,Khammam_NSTRoad_I (Telangana),Manuguru_AskNagar_D (Telangana),1.4594594594594594,1,135.5658,1.0,True,True
IND673506AAA,IND670643AAA,Kallachi_ZamQuatr_D (Kerala),Kuthuparamba_IdstrlAr_D (Kerala),1.4583333333333333,17,21.6196,1.0,False,True
IND383255AAB,IND384205AAA,Khedbrahma_Patelfli_D (Gujarat),Mehsana_Panchot_IP (Gujarat),1.4579439252336448,9,102.6941,0.7777777777777778,False,True
IND638657AAA,IND638701AAA,Dharapuram_Techrcly_D (Tamil Nadu),Kangayam_Thvlrsrt_D (Tamil Nadu),1.457471264367816,16,31.94735,1.0,False,True
IND396321AAA,IND396001AAA,Bilimora_DC (Gujarat),Valsad_DC (Gujarat),1.455026455026455,8,25.732750000000003,1.0,False,True
IND332001AAB,IND333028AAA,Sikar_FatehpRd_I (Rajasthan),Sultana_Central_DPP_1 (Rajasthan),1.4531046717918392,2,91.60605000000001,1.0,True,True
IND590016AAA,IND591302AAB,Belgaum_Dc (Karnataka),Khanapur_StatinRD_D (Karnataka),1.4516129032258065,5,35.9801,1.0,False,True
IND637211AAA,IND636402AAA,Tirchngode_Mhdhvpur_D (Tamil Nadu),Mettur_RTOroad_D (Tamil Nadu),1.4508196721311477,16,65.27850000000001,1.0,False,True
IND344022AAB,IND344001AAA,Balotra_BsnoiHPL_D (Rajasthan),Barmer_Nehru3PL_D (Rajasthan),1.4492753623188406,9,96.2314,0.7777777777777778,False,True
IND465683AAA,IND465001AAA,Pachore_Shop3DPP_D (Madhya Pradesh),Shajapur_MhpraRD_D (Madhya Pradesh),1.4492753623188404,13,55.097,0.9230769230769231,False,True
IND345021AAA,IND342301AAA,Pokhran_SttinDPP_D (Rajasthan),Phalodi_PalikDPP_D (Rajasthan),1.4492424242424242,10,62.6703,0.8,False,True
IND141115AAA,IND000000ACA,Machhiwara_MnBzrDPP_D (Punjab),Ludhiana_MilrGanj_HB (Punjab),1.4488095238095238,14,29.4784,0.8571428571428571,False,True
IND591304AAA,IND586101AAB,Athani_VikrmMah_D (Karnataka),Bijapur_Central_D_2 (Karnataka),1.446969696969697,4,75.21465,1.0,True,True
IND160002AAC,IND140901AAA,Chandigarh_Mehmdpur_H (Punjab),Chandigarh_Mullanpr_DC (Chandigarh),1.446808510638298,21,57.0374,1.0,False,True
IND584101AAA,IND509124AAA,Raichur_LSRoad_DC (Karnataka),JoguGadwal_ColctrOf_D (Telangana),1.4465709728867624,14,51.055400000000006,1.0,False,True
IND305404AAA,IND305601AAC,Kekri_LxmntDPP_D (Rajasthan),Nasirabad_Central_DPP_2 (Rajasthan),1.4464285714285714,13,59.029900000000005,0.9230769230769231,False,True
IND584123AAA,IND584128AAA,Manvi_APMCYard_D (Karnataka),Sindhanur_VasaviNg_D (Karnataka),1.4444444444444444,1,39.7207,1.0,True,True
IND689101AAA,IND690548AAA,Tiruvalla_TKRoad_D (Kerala),Haripad_Kumrpurm_D (Kerala),1.44,4,25.1496,1.0,True,True
IND641654AAA,IND641664AAA,Avinashi_Valluvar_D (Tamil Nadu),Tirpur_Palladam_DC (Tamil Nadu),1.44,11,29.409,1.0,False,True
IND781018AAB,IND781005AAA,Guwahati_Hub (Assam),Guwahati_North (Assam),1.4399390243902441,6,39.575450000000004,0.5,False,True
IND491001AAA,IND494334AAB,Durg_Pulgaon_DC (Chhattisgarh),Kanker_KrisnKunj_D (Chhattisgarh),1.439252336448598,1,135.07379999999998,1.0,True,True
IND680012AAA,IND679303AAA,Arimbur_Veluthur_D (Kerala),Sankaramangalam_Central_D_1 (Kerala),1.4385964912280702,11,54.9834,1.0,False,True
IND160002AAC,IND176041AAA,Chandigarh_Mehmdpur_H (Punjab),Bhota_BpassDPP_D (Himachal Pradesh),1.4383332559111812,2,216.5543,1.0,True,True
IND628801AAA,IND628204AAA,Eral_Busstand_D (Tamil Nadu),Tirchchndr_Shnmgprm_D (Tamil Nadu),1.4375,17,17.8417,1.0,False,True
IND395010AAB,IND395023AAA,Surat_Brpc (Gujarat),Surat_HUB (Gujarat),1.4375,1,17.769299999999998,1.0,True,True
IND142026AAA,IND141109AAA,Jagraon_DC (Punjab),Raikot_DC (Punjab),1.436904761904762,18,23.547849999999997,1.0,False,True
IND505325AAA,IND505327AAA,Metpally_GunjRDPP_D (Telangana),Jagtial_Aravind_D (Telangana),1.434782608695652,3,31.7868,1.0,True,True
IND160002AAC,IND140301AAA,Chandigarh_Mehmdpur_H (Punjab),Chandigarh_Kharar_DC (Chandigarh),1.434782608695652,21,38.183,0.9523809523809523,False,True
IND591201AAA,IND591304AAA,Chikodi_IndraNgr_D (Karnataka),Athani_VikrmMah_D (Karnataka),1.4344262295081966,10,73.90514999999999,1.0,False,True
IND474003AAA,IND473551AAA,Gwalior_HrihrNgr_I (Madhya Pradesh),Shivpuri_BypassRD_D (Madhya Pradesh),1.4338235294117647,1,117.6841,1.0,True,True
IND636705AAB,IND635001AAA,Dharmapuri_Central_D_2 (Tamil Nadu),Krishnagiri_BnglorRd_D (Tamil Nadu),1.4330612244897958,4,53.146950000000004,0.75,True,True
IND560300AAA,IND560085AAA,Bengaluru_KGAirprt_HB (Karnataka),Bengaluru_Banshkri_DC (Karnataka),1.4324324324324325,18,36.19114999999999,1.0,False,True
IND600056AAB,IND605010AAB,MAA_Poonamallee_HB (Tamil Nadu),Pondicherry_Vasanthm_I (Pondicherry),1.4316546762589928,13,152.5844,1.0,False,True
IND263153AAB,IND263002AAA,Rudrapur_UdhamNgr_H (Uttarakhand),Nainital_Sookhtal_D (Uttarakhand),1.431578947368421,13,95.3879,1.0,False,True
IND413501AAA,IND413401AAA,Osmanabad_Kakdepot_D (Maharashtra),Barshi_Kurduwdi_D (Maharashtra),1.4285714285714286,21,38.1812,1.0,False,True
IND603001AAA,IND603301AAA,Chennai_Chnglptu_DC (Tamil Nadu),Malemruvathur_Achipkam_D (Tamil Nadu),1.4285714285714286,13,37.4867,0.5384615384615384,False,True
IND638501AAB,IND641062AAD,Anthiyour_TherSRT_D (Tamil Nadu),Coimbatore_Karayam_H (Tamil Nadu),1.4258447488584474,14,80.1926,0.7857142857142857,False,True
IND630002AAA,IND622407AAA,Karaikudi_Sbrmnprm_D (Tamil Nadu),Ponnamaravathi_Puduvalvu_D (Tamil Nadu),1.425531914893617,14,49.713100000000004,1.0,False,True
IND000000ACB,IND201301AAF,Gurgaon_Bilaspur_HB (Haryana),Noida_Sec 02_DPC (Uttar Pradesh),1.425,9,75.2903,0.8888888888888888,False,True
IND285001AAD,IND285205AAB,Orai_Ajnari_D (Uttar Pradesh),Konch_Central_D_2 (Uttar Pradesh),1.4242424242424243,21,29.4027,0.9047619047619048,False,True
IND507123AAA,IND506314AAA,Yellandu_Sudimala_D (Telangana),Rayaparthi_Perkadrd_D (Telangana),1.424142031940197,12,130.59375,0.9166666666666666,False,True
IND147105AAA,IND147101AAA,Patran_MheshNGR_D (Punjab),Samana_PODPP_D (Punjab),1.4230769230769231,1,28.1092,1.0,True,True
IND360510AAB,IND360530AAB,Bhanvad_Mainroad_D (Gujarat),Jamjodhpur_Court_D (Gujarat),1.4230769230769231,13,28.1623,0.9230769230769231,False,True
IND580028AAA,IND581402AAA,Hubli_Adargchi_IP (Karnataka),Sirsi_Vidygiri_D (Karnataka),1.4216867469879515,15,93.0582,1.0,False,True
IND332404AAA,IND332001AAB,Reengus_Shop2DPP_D (Rajasthan),Sikar_FatehpRd_I (Rajasthan),1.418918918918919,12,50.62095,1.0,False,True
IND484001AAA,IND484224AAA,Shahdol_Sohagpur_D (Madhya Pradesh),Anuppur_JthriDPP_DC (Madhya Pradesh),1.4166666666666667,2,46.86305,1.0,True,True
IND480334AAA,IND480106AAA,Pandhurna_Mataward_D (Madhya Pradesh),Sausar_Central_DPP_1 (Madhya Pradesh),1.4166666666666667,21,38.922,0.9523809523809523,False,True
IND384170AAA,IND384265AAB,Unjha_DC (Gujarat),Patan_Central_D_2 (Gujarat),1.4166666666666667,6,27.14725,1.0,False,True
IND201301AAF,IND201301AAL,Noida_Sec 02_DPC (Uttar Pradesh),Dadri_ICDCant_D (Uttar Pradesh),1.4166666666666667,1,21.5816,1.0,True,True
IND147101AAA,IND147105AAA,Samana_PODPP_D (Punjab),Patran_MheshNGR_D (Punjab),1.4166666666666667,7,26.8678,1.0,False,True
IND560300AAB,IND563125AAB,Bangalore_East_I_20 (Karnataka),Chintamani_Central_D_2 (Karnataka),1.4150943396226414,1,60.5913,1.0,True,True
IND370201AAA,IND363330AAB,Gandhidham_Sector1A_IP (Gujarat),Halvad_CrossRD_D (Gujarat),1.4142857142857141,8,137.74325,1.0,False,True
IND277303AAC,IND277211AAA,Sikandarpur_Central_D_3 (Uttar Pradesh),Sahatwar_PnchmDPP_D (Uttar Pradesh),1.4142156862745099,6,40.5045,1.0,False,True
IND505209AAA,IND504201AAA,Ramagundam_Pdmavati_D (Telangana),Chinnur_AsnsdhRD_D (Telangana),1.4137931034482758,5,38.546,1.0,False,True
IND585222AAA,IND585211AAA,Sedam_DBRCmplx_D (Karnataka),Chittapur_GlbrgaRD_D (Karnataka),1.4123076923076923,4,26.2468,0.75,True,True
IND630561AAA,IND623701AAA,Sivaganga_Wardno3_D (Tamil Nadu),Paramakudi_VagaiNgr_D (Tamil Nadu),1.411764705882353,5,42.6597,1.0,False,True
IND327001AAB,IND312605AAB,Banswara_KhandDPP_D (Rajasthan),Pratapgarh_Nimachrd_D (Rajasthan),1.4112903225806452,4,88.51335,1.0,True,True
IND585307AAB,IND585222AAA,Chincholi_Mainroad_D (Karnataka),Sedam_DBRCmplx_D (Karnataka),1.4106606606606606,4,39.698949999999996,1.0,True,True
IND363310AAB,IND382430AAB,Dhrangadhra_NvygRDPP_D (Gujarat),Ahmedabad_East_H_1 (Gujarat),1.4097222222222223,9,128.014,1.0,False,True
IND000000ACT,IND000000ACB,Delhi_Gateway_HB (Delhi),Gurgaon_Bilaspur_HB (Haryana),1.4093023255813955,100,43.255750000000006,0.7399020807833537,False,True
IND563130AAA,IND563131AAB,Malur_NharuExt_D (Karnataka),Bangarapet_KolarRd_D (Karnataka),1.4090909090909092,10,33.60645,0.8,False,True
IND246444AAB,IND246424AAA,Karnaprayag_Umalodge_D (Uttarakhand),Chamoli_CGRoad_D (Uttarakhand),1.4090909090909092,15,28.0878,1.0,False,True
IND247554AAA,IND248001AAD,Deoband_Ramvlg_D (Uttar Pradesh),Dehradun_Nirjanpur_L (Uttarakhand),1.408258560703168,2,91.3592,0.5,True,True
IND422011AAD,IND422103AAC,Nashik_TgrniaRD_I (Maharashtra),Sinnar_Central_D_1 (Maharashtra),1.4054054054054057,11,40.5612,1.0,False,True
IND503111AAC,IND505001AAB,Kamareddy_Devenply_I (Telangana),Karimnagar_KamnHbRD_I (Telangana),1.404494382022472,1,97.1468,1.0,True,True
IND605010AAB,IND604303AAA,Pondicherry_Vasanthm_I (Pondicherry),Marakkanam_MJRDPP_D (Tamil Nadu),1.400462962962963,4,34.0346,0.5,True,True
IND136118AAA,IND136128AAA,Kurukshetra_DC (Haryana),Pehowa_WdN14DPP_D (Haryana),1.4001322751322751,22,28.10095,1.0,False,True
IND683511AAA,IND68004AAA,Aluva_Peedika_H (Kerala),Thrissur_Poothole_D (Kerala),1.4,13,53.6268,0.9230769230769231,False,True
IND723133AAA,IND723130AAA,Rghunthpur_barkarRd_D (West Bengal),Hura_Central_D_1 (West Bengal),1.4,13,30.3566,0.6153846153846154,False,True
IND343029AAB,IND307001AAA,Bhinmal_RwStnDPP_D (Rajasthan),Sirohi_Ricco_D (Rajasthan),1.4,2,77.09475,1.0,True,True
IND722143AAB,IND723133AAA,Mejia_Central_D_1 (West Bengal),Rghunthpur_barkarRd_D (West Bengal),1.3997599039615847,10,45.16095,1.0,False,True
IND282002AAD,IND281004AAA,,Mathura_DC (Uttar Pradesh),1.3985753052917231,8,80.9576,1.0,False,True
IND581303AAA,IND581400AAB,Karwar_Central_D_1 (Karnataka),Mallapur_ShtDRDPP_D (Karnataka),1.3982469512195121,12,44.258300000000006,0.75,False,True
IND480661AAA,IND481661AAA,Seoni_Kidwai_D (Madhya Pradesh),Mandla_Mharajpr_D (Madhya Pradesh),1.3964245705750562,6,123.729,0.8333333333333334,False,True
IND624001AAA,IND625008AAA,Dindigul_Central_D_1 (Tamil Nadu),Madurai_Kappalur_H (Tamil Nadu),1.3958333333333333,9,67.7051,1.0,False,True
IND635001AAA,IND636705AAB,Krishnagiri_BnglorRd_D (Tamil Nadu),Dharmapuri_Central_D_2 (Tamil Nadu),1.3942307692307694,4,55.552800000000005,1.0,True,True
IND560300AAA,IND560058AAB,Bengaluru_KGAirprt_HB (Karnataka),Bengaluru_Peenya_IP (Karnataka),1.393939393939394,37,31.3304,0.5945945945945946,False,True
IND627005AAA,IND627811AAA,Tirunelveli_VdkkuSrt_I (Tamil Nadu),Tenkasi_RailwyRd_D (Tamil Nadu),1.3936294564582115,10,62.8549,0.9,False,True
IND741165AAB,IND742121AAB,Nazirpur_Central_D_1 (West Bengal),Nowda_ArhamDPP_D (West Bengal),1.391304347826087,15,81.4277,0.9333333333333333,False,True
IND505001AAB,IND503111AAC,Karimnagar_KamnHbRD_I (Telangana),Kamareddy_Devenply_I (Telangana),1.388034188034188,2,98.4647,0.5,True,True
IND642126AAA,IND642001AAA,Udumalpet_Artclgrd_D (Tamil Nadu),Pollachi_Venkatsa_DC (Tamil Nadu),1.3870967741935485,17,30.2969,0.8823529411764706,False,True
IND573103AAA,IND577116AAA,Arsikere_HsnRdDPP_D (Karnataka),,1.3846153846153846,5,37.5891,1.0,False,True
IND508277AAB,IND508223AAA,Mothkur_Mainroad_D (Telangana),Thirumalagiri_Xroad_D (Telangana),1.3846153846153846,11,25.7175,1.0,False,True
IND523230AAA,IND523105AAA,Kanigiri_Tiglgndi_D (Andhra Pradesh),Kandukur_LICOffce_D (Andhra Pradesh),1.3829787234042554,19,47.224,1.0,False,True
IND501359AAE,IND505001AAB,Hyderabad_Shamshbd_H (Telangana),Karimnagar_KamnHbRD_I (Telangana),1.3827486615948157,2,186.9071,1.0,True,True
IND505001AAA,IND505302AAB,Karimnagar_DC (Telangana),Vemulawada_Central_DPP_2 (Telangana),1.3823529411764706,9,34.6662,1.0,False,True
IND571313AAB,IND571440AAA,Chamarjngr_BrDbleRd_D (Karnataka),Kollegala_NarsipuraRd_D (Karnataka),1.380851063829787,10,40.9519,0.9,False,True
IND842001AAA,IND843329AAB,Muzaffrpur_Bbganj_I (Bihar),Sheohar_Ward9DPP_D (Bihar),1.3793103448275863,13,70.3882,0.9230769230769231,False,True
IND571432AAB,IND571426AAA,Nagamangala_MandyaRD_D (Karnataka),Krishnarajpet_MuruPost_D (Karnataka),1.3783783783783785,17,40.7991,0.8235294117647058,False,True
IND333001AAA,IND333028AAA,Jhunjhunu_DC (Rajasthan),Sultana_Central_DPP_1 (Rajasthan),1.3783783783783783,3,33.366800000000005,0.6666666666666666,True,True
IND360311AAA,IND360050AAA,Gondal_DC (Gujarat),Jasdan_MotiDPP_D (Gujarat),1.3777777777777778,1,46.9022,1.0,True,True
IND487001AAA,IND487551AAA,Narsingpur_JrjolDPP_D (Madhya Pradesh),Gadarwara_MPward_D (Madhya Pradesh),1.3765032377428308,4,50.0591,0.75,True,True
IND560099AAB,IND560060AAB,Bengaluru_Bomsndra_HB (Karnataka),Bengaluru_Kengeri_IP (Karnataka),1.375,31,31.6419,0.8064516129032258,False,True
IND122001AAA,IND122101AAC,GGN_DPC (Haryana),Gurgaon_SohnaRd_D (Haryana),1.375,1,13.6755,1.0,True,True
IND184121AAA,IND181152AAA,Samba_Wardno13_D (Jammu & Kashmir),Jammu_TrnptNgr_L (Jammu & Kashmir),1.375,1,36.7359,1.0,True,True
IND606803AAA,IND606801AAB,Polur_StationRD_D (Tamil Nadu),Chetpet_Blmrgnst_D (Tamil Nadu),1.375,9,25.007900000000003,1.0,False,True
IND474003AAA,IND328001AAA,Gwalior_HrihrNgr_I (Madhya Pradesh),Dholpur_GtRoad_D (Rajasthan),1.373134328358209,1,61.6966,1.0,True,True
IND502110AAA,IND502313AAA,Medak_Dwaraka_D (Telangana),Narsapur_Xroad_D (Telangana),1.3714285714285714,19,39.7813,0.8947368421052632,False,True
IND151506AAA,IND151001AAA,Jhunir_BhaRDDPP_D (Punjab),Bhatinda_DPC (Punjab),1.3705985915492958,18,81.8471,0.9444444444444444,False,True
IND560099AAB,IND632006AAA,Bengaluru_Bomsndra_HB (Karnataka),Vellore_GndhiNgr_IP (Tamil Nadu),1.3705882352941179,8,198.33884999999998,1.0,False,True
IND184104AAA,IND181152AAB,Kathua_BOB_D (Jammu & Kashmir),Jammu_Central_I_1 (Jammu & Kashmir),1.367907444668008,2,77.80655,1.0,True,True
IND686028AAB,IND689101AAA,Kottayam_Central_H_1 (Kerala),Tiruvalla_TKRoad_D (Kerala),1.3675000000000002,16,26.97595,0.875,False,True
IND689101AAA,IND689650AAA,Tiruvalla_TKRoad_D (Kerala),Kozhenchery_Cherukole_D (Kerala),1.3666666666666665,6,16.116600000000002,0.6666666666666666,False,True
IND209625AAA,IND241124AAB,Farrukhbad_Pnchlght_D (Uttar Pradesh),Shahabad_KDRoad_D (Uttar Pradesh),1.3636363636363635,11,52.5103,0.8181818181818182,False,True
IND560060AAB,IND560099AAB,Bengaluru_Kengeri_IP (Karnataka),Bengaluru_Bomsndra_HB (Karnataka),1.3636363636363635,15,30.6586,0.8,False,True
IND508252AAB,IND508207AAB,Choutuppal_Nagaram_D (Telangana),Miryalguda_Ragvendr_D (Telangana),1.3634293270643552,6,109.42665,1.0,False,True
IND504293AAA,IND504208AAB,Asifabad_PaikjNGR_D (Telangana),Mancherial_Hitech_D (Telangana),1.3621753246753245,2,60.62925,0.5,True,True
IND263139AAA,IND263153AAB,Haldwani_PiliKoti_D (Uttarakhand),Rudrapur_UdhamNgr_H (Uttarakhand),1.361788617886179,6,35.6109,0.6666666666666666,False,True
IND383315AAC,IND384205AAA,Modasa_Central_D_1 (Gujarat),Mehsana_Panchot_IP (Gujarat),1.3608247422680413,1,127.6222,1.0,True,True
IND244715AAA,IND263401AAA,Ramnagar_BhwniGnj_D (Uttarakhand),Kashipur_BajprDPP_D (Uttarakhand),1.360655737704918,1,47.7291,1.0,True,True
IND691001AAB,IND691506AAA,Kollam_Central_H_1 (Kerala),Kottarakkara_Amankovl_D (Kerala),1.36,21,23.4979,0.9047619047619048,False,True
IND679531AAA,IND680587AAA,Shoranur_KdrShrRd_D (Kerala),Pazhayannur_AlathurRD_D (Kerala),1.36,15,21.198,0.9333333333333333,False,True
IND312001AAA,IND312601AAA,Chittaurgarh_DC (Rajasthan),Nimbahera_MsjidDPP_D (Rajasthan),1.3584161309175922,6,50.39765,0.6666666666666666,False,True
IND160002AAC,IND174307AAA,Chandigarh_Mehmdpur_H (Punjab),Bangana_Bhaleti_D (Himachal Pradesh),1.3536019536019537,14,194.45555000000002,1.0,False,True
IND732123AAC,IND732139AAA,Chanchal_BargaDPP_D (West Bengal),Samsi_RatuaDPP_D (West Bengal),1.3529411764705883,1,11.7622,1.0,True,True
IND560058AAB,IND560060AAB,Bengaluru_Peenya_IP (Karnataka),Bengaluru_Kengeri_IP (Karnataka),1.3529411764705883,44,16.749200000000002,0.6590909090909091,False,True
IND423105AAA,IND423106AAA,Malegaon_Rawlgaon_D (Maharashtra),Manmad_Malegaon_D (Maharashtra),1.3529411764705883,1,36.8306,1.0,True,True
IND636102AAA,IND605601AAA,Attur_KaaduRd_D (Tamil Nadu),Villupuram_Thirumtr_IP (Tamil Nadu),1.3523809523809525,5,130.5501,1.0,False,True
IND508206AAA,IND507159AAA,Kodad_VidyaNgr_D (Telangana),Kusumnchi_SKRoad_D (Telangana),1.3513513513513515,12,50.973,0.8333333333333334,False,True
IND425109AAA,IND424201AAA,Erandol_BsStdDPP_D (Maharashtra),Pachora_PcrrdDPP_D (Maharashtra),1.35,1,37.1863,1.0,True,True
IND415003AAA,IND411033AAA,Satara_DC (Maharashtra),Pune_Tathawde_H (Maharashtra),1.3490149210488194,2,126.35605,1.0,True,True
IND632006AAA,IND635802AAB,Vellore_GndhiNgr_IP (Tamil Nadu),Ambur_Central_D_2 (Tamil Nadu),1.3488372093023255,3,47.557,0.6666666666666666,True,True
IND506343AAA,IND506169AAB,Mulugu_LaxmiNGR_D (Telangana),Bhupalpally_JwahrNGR_D (Telangana),1.347560975609756,2,49.64275000000001,0.5,True,True
IND624619AAA,IND624601AAA,Oddnchtram_Palani_D (Tamil Nadu),Palani_RjndraRd_D (Tamil Nadu),1.3461538461538465,7,28.2786,0.8571428571428571,False,True
IND854334AAA,IND854335AAA,Raniganj_Central_DPP_1 (Bihar),Narpatganj_Central_DPP_1 (Bihar),1.3459051724137931,2,36.50075,1.0,True,True
IND600056AAB,IND605601AAA,MAA_Poonamallee_HB (Tamil Nadu),Villupuram_Thirumtr_IP (Tamil Nadu),1.3458093763821317,6,152.96405,1.0,False,True
IND303303AAA,IND322230AAA,Dausa_IndraCln_D (Rajasthan),Hindaun_MndwrRod_D (Rajasthan),1.344155844155844,16,96.97059999999999,0.8125,False,True
IND691001AAB,IND695012AAA,Kollam_Central_H_1 (Kerala),Trivandrum_Mnanthla_H (Kerala),1.34375,1,63.5282,1.0,True,True
IND243301AAB,IND244901AAB,Aonla_KdidmCLY_D (Uttar Pradesh),Rampur_RoshnBgh_I (Uttar Pradesh),1.3430672268907564,10,69.70885000000001,0.8,False,True
IND465001AAA,IND465333AAA,Shajapur_MhpraRD_D (Madhya Pradesh),Shujalpur_AstrdDPP_D (Madhya Pradesh),1.3428571428571427,3,66.4411,1.0,True,True
IND148023AAA,IND148001AAA,Malerkotla_DC (Punjab),Sangrur_DC (Punjab),1.3408045977011493,2,32.92355,1.0,True,True
IND209721AAB,IND209625AAA,Chhibramau_Bhainpura_D (Uttar Pradesh),Farrukhbad_Pnchlght_D (Uttar Pradesh),1.3394886363636362,10,28.744349999999997,0.8,False,True
IND345001AAA,IND345021AAA,Jaisalmer_Gopa3PL_D (Rajasthan),Pokhran_SttinDPP_D (Rajasthan),1.3376623376623376,4,109.54884999999999,1.0,True,True
IND621306AAA,IND625106AAA,Manapparai_BypassRd_D (Tamil Nadu),Melur_MduraiRD_D (Tamil Nadu),1.3373538011695907,12,72.35735,0.8333333333333334,False,True
IND361335AAA,IND360002AAB,Dwarka_StnRoad_DC (Gujarat),Rajkot_PedakRd_P (Gujarat),1.3368983957219251,1,243.7123,1.0,True,True
IND176303AAA,IND176310AAA,Dalhousie_Banikhet_D (Himachal Pradesh),Chamba_Bangotu_D (Himachal Pradesh),1.335704291044776,10,45.695350000000005,0.8,False,True
IND147301AAA,IND140401AAA,Mandi_Gobindgarh_DC (Punjab),Rajpura_DC (Punjab),1.3333333333333333,1,39.0861,1.0,True,True
IND781005AAA,IND781018AAB,Guwahati_North (Assam),Guwahati_Hub (Assam),1.3333333333333333,10,35.461650000000006,0.7,False,True
IND203396AAB,IND203390AAA,Pahasu_Kanongyn_D (Uttar Pradesh),Anupshahar_DcntCLY_D (Uttar Pradesh),1.3333333333333333,15,43.1407,0.9333333333333333,False,True
IND403726AAB,IND403507AAA,Goa_ZuariNgr_IP (Goa),Panaji Goa (Goa),1.3333333333333333,5,25.0992,0.8,False,True
IND561207AAB,IND562108AAA,Bagepalli_TBCross_D (Karnataka),Gauribidanur_Gurukrpa_D (Karnataka),1.3332562442183162,12,48.002449999999996,0.8333333333333334,False,True
IND723131AAA,IND722140AAA,Manbazar_Central_DPP_1 (West Bengal),Khatra_KoralDPP_D (West Bengal),1.3331653225806452,12,33.69365,0.8333333333333334,False,True
IND733202AAB,IND733210AAA,Islampure_ShbdnDPP_D (West Bengal),Lodhan_GoalpDPP_D (West Bengal),1.3225806451612905,1,30.623,1.0,True,True
IND424006AAA,IND423106AAA,Dhule_MIDCAvdn_I (Maharashtra),Manmad_Malegaon_D (Maharashtra),1.3225806451612905,5,77.4735,1.0,False,True
IND184121AAA,IND181152AAB,Samba_Wardno13_D (Jammu & Kashmir),Jammu_Central_I_1 (Jammu & Kashmir),1.3225806451612905,1,34.7509,1.0,True,True
IND147001AAB,IND147201AAA,Patiala (Punjab),Nabha_Sahni_D (Punjab),1.3205619412515965,6,27.10445,0.8333333333333334,False,True
IND502220AAC,IND501359AAE,Zahirabad_Mohim_D (Telangana),Hyderabad_Shamshbd_H (Telangana),1.320453190220632,22,147.02459999999996,0.8181818181818182,False,True
IND695541AAA,IND695572AAB,Nedumangad_Arsprmbu_D (Kerala),Kallikkad_Mutyvila_D (Kerala),1.318181818181818,1,20.6558,1.0,True,True
IND600056AAB,IND635802AAB,MAA_Poonamallee_HB (Tamil Nadu),Ambur_Central_D_2 (Tamil Nadu),1.3174603174603174,3,153.35670000000002,1.0,True,True
IND695614AAA,IND695609AAA,Kilimanoor_Krvnkuzy_D (Kerala),Pangodu_Central_D_1 (Kerala),1.3157894736842106,3,15.3016,1.0,True,True
IND732139AAA,IND732123AAC,Samsi_RatuaDPP_D (West Bengal),Chanchal_BargaDPP_D (West Bengal),1.3157894736842106,1,12.792,1.0,True,True
IND343001AAA,IND343029AAB,Jalore_RoopNgr_D (Rajasthan),Bhinmal_RwStnDPP_D (Rajasthan),1.3153846153846154,2,70.80345,0.5,True,True
IND382421AAA,IND382721AAA,Gandhinagar_DC (Gujarat),Gandhinagar_Kalol_DC (Gujarat),1.3137254901960784,14,15.994149999999998,0.5714285714285714,False,True
IND624703AAA,IND624619AAA,Gujiliam_Parai_D (Tamil Nadu),Oddnchtram_Palani_D (Tamil Nadu),1.3125,1,47.02,1.0,True,True
IND302014AAB,IND303301AAB,Jaipur_Central_I_7 (Rajasthan),Bassi_DmodrNGR_D (Rajasthan),1.3125,10,39.501900000000006,0.5,False,True
IND335513AAA,IND335803AAA,Hanumangarh_DC (Rajasthan),Pilibanga_BsstdDPP_D (Rajasthan),1.3103448275862069,9,31.757,1.0,False,True
IND244501AAA,IND244601AAB,Kanth_Dayanand_D (Uttar Pradesh),Thakurdwara_Fathuluh_D (Uttar Pradesh),1.3099206349206352,8,30.96275,0.75,False,True
IND781018AAB,IND781102AAA,Guwahati_Hub (Assam),Hajo_Sardala_D (Assam),1.3076923076923077,1,42.9364,1.0,True,True
IND160002AAC,IND174103AAA,Chandigarh_Mehmdpur_H (Punjab),Baddi_ByePass_D (Himachal Pradesh),1.3076923076923077,1,77.5153,1.0,True,True
IND523105AAA,IND524201AAA,Kandukur_LICOffce_D (Andhra Pradesh),Kavali_Kacheri_D (Andhra Pradesh),1.3076923076923077,19,55.9065,0.7894736842105263,False,True
IND473226AAA,IND473001AAA,Guna_Raghogrh_D (Madhya Pradesh),Guna_HnumnDPP_D (Madhya Pradesh),1.3038461538461539,10,32.3411,0.8,False,True
IND321001AAB,IND321001AAA,Bharatpur_NraynDPP_D (Rajasthan),Bharatpur_DC (Rajasthan),1.3003337041156842,6,32.7987,0.8333333333333334,False,True
IND384265AAB,IND385320AAA,Patan_Central_D_2 (Gujarat),Bhabhar_TirupDPP_D (Gujarat),1.2933333333333332,11,81.5054,0.8181818181818182,False,True
IND403726AAB,IND403002AAA,Goa_ZuariNgr_IP (Goa),Central Goa (Goa),1.2916666666666667,4,16.11715,0.75,True,True
IND272155AAA,IND272001AAA,Harraiya_MahuGDPP_D (Uttar Pradesh),Basti_GndhiNgr_D (Uttar Pradesh),1.2916666666666667,3,34.213300000000004,1.0,True,True
IND141109AAA,IND000000ACA,Raikot_DC (Punjab),Ludhiana_MilrGanj_HB (Punjab),1.2916666666666665,18,59.772549999999995,0.5555555555555556,False,True
IND614804AAA,IND614616AAA,Peravurani_SH71_D (Tamil Nadu),Aranthangi_HsptlRod_D (Tamil Nadu),1.2857142857142858,14,25.418599999999998,0.6428571428571429,False,True
IND625531AAA,IND625516AAA,Theni_Rathnam_D (Tamil Nadu),Cumbum_LFRoad_D (Tamil Nadu),1.2826086956521738,7,41.4115,1.0,False,True
IND243301AAB,IND244901AAC,Aonla_KdidmCLY_D (Uttar Pradesh),Rampur_ThanaDPP_D (Uttar Pradesh),1.2823529411764705,2,69.31265,0.5,True,True
IND784101AAA,IND790114AAA,Balipara_EragnDPP_D (Assam),Bhalukpong_Khenewa_D (Arunachal Pradesh),1.28125,1,35.4602,1.0,True,True
IND673305AAA,IND673104AAA,Koyilandy_Pshrikvu_D (Kerala),Vadakara_Mandodi_D (Kerala),1.2792207792207793,14,20.81545,0.7142857142857143,False,True
IND415003AAA,IND412803AAB,Satara_DC (Maharashtra),Wai_Central_DPP_3 (Maharashtra),1.2790697674418603,7,35.6314,0.7142857142857143,False,True
IND246001AAA,IND249201AAA,Pauri_Khndyusn_D (Uttarakhand),Rishikesh_DC (Uttarakhand),1.2757265547120622,4,108.9425,1.0,True,True
IND571438AAB,IND571401AAA,Srirangapatna_Bburynkpl_D (Karnataka),Mandya_Dc (Karnataka),1.274193548387097,8,24.7989,0.75,False,True
IND332001AAB,IND333001AAA,Sikar_FatehpRd_I (Rajasthan),Jhunjhunu_DC (Rajasthan),1.271186440677966,3,64.1646,0.6666666666666666,True,True
IND623704AAA,IND626607AAB,Muthukulathur_VaiklSRT_D (Tamil Nadu),Narikkudi_MukkuRD_D (Tamil Nadu),1.2708333333333333,7,48.7821,0.7142857142857143,False,True
IND518206AAA,IND518222AAA,Betamcherla_CmtNgRod_D (Andhra Pradesh),Dhone_RmNyrDPP_D (Andhra Pradesh),1.2666666666666666,4,35.9696,0.75,True,True
IND624001AAA,IND624703AAA,Dindigul_Central_D_1 (Tamil Nadu),Gujiliam_Parai_D (Tamil Nadu),1.2666666666666666,2,38.69215,0.5,True,True
IND201301AAL,IND201307AAA,Dadri_ICDCant_D (Uttar Pradesh),Noida_Chukhndi_D (Uttar Pradesh),1.263157894736842,5,19.5069,0.8,False,True
IND695101AAB,IND691574AAA,Attingal_Central_D_2 (Kerala),Kalluvathukal_Pariplly_D (Kerala),1.2583333333333333,20,14.506599999999999,0.6,False,True
IND201307AAA,IND201301AAL,Noida_Chukhndi_D (Uttar Pradesh),Dadri_ICDCant_D (Uttar Pradesh),1.256578947368421,28,18.92705,0.5714285714285714,False,True
IND815353AAA,IND814112AAA,Madhupur_Sitarmrd_D (Jharkhand),Deoghar_Barmasia_D (Jharkhand),1.2564102564102564,2,38.960300000000004,1.0,True,True
IND246424AAA,IND246174AAA,Chamoli_CGRoad_D (Uttarakhand),SrinagarUK_Srikot_D (Uttarakhand),1.2563086548488007,16,92.9496,0.625,False,True
IND691001AAB,IND683511AAA,Kollam_Central_H_1 (Kerala),Aluva_Peedika_H (Kerala),1.255952380952381,9,175.9663,0.8888888888888888,False,True
IND147001AAD,IND148023AAA,Patiala_GainMrkt_L (Punjab),Malerkotla_DC (Punjab),1.253968253968254,1,58.9258,1.0,True,True
IND465333A1B,IND462022AAA,,Bhopal_Trnsport_H (Madhya Pradesh),1.2524271844660195,1,145.6182,1.0,True,True
IND244713AAA,IND244715AAA,Kashipur_Vaishali_D (Uttarakhand),Ramnagar_BhwniGnj_D (Uttarakhand),1.25,1,24.3298,1.0,True,True
IND384205AAA,IND384170AAA,Mehsana_Panchot_IP (Gujarat),Unjha_DC (Gujarat),1.25,6,28.23955,0.6666666666666666,False,True
IND625008AAA,IND625516AAA,Madurai_Kappalur_H (Tamil Nadu),Cumbum_LFRoad_D (Tamil Nadu),1.25,1,115.5107,1.0,True,True
IND160002AAC,IND140603AAA,Chandigarh_Mehmdpur_H (Punjab),Zirakpur_DC (Punjab),1.25,29,28.9519,0.7931034482758621,False,True
IND382430AAB,IND388320AAA,Ahmedabad_East_H_1 (Gujarat),Anand_Vaghasi_IP (Gujarat),1.25,9,80.1094,0.8888888888888888,False,True
IND504296AAA,IND504208AAB,Kaghaznagar_Central_DPP_1 (Telangana),Mancherial_Hitech_D (Telangana),1.2459016393442623,1,59.8443,1.0,True,True
IND628204AAA,IND627657AAA,Tirchchndr_Shnmgprm_D (Tamil Nadu),Thisayanvilai_UdnkdiRD_D (Tamil Nadu),1.2439024390243902,17,42.590300000000006,0.8235294117647058,False,True
IND626117AAA,IND626138AAA,Rajpalayam_AshkTalk_D (Tamil Nadu),Maharajapuram_Krsnakcl_D (Tamil Nadu),1.24,9,20.7746,0.6666666666666666,False,True
IND673632AAA,IND673104AAA,Kozhikode_Central_H_4 (Kerala),Vadakara_Mandodi_D (Kerala),1.238095238095238,1,60.3227,1.0,True,True
IND321001AAA,IND321401AAB,Bharatpur_DC (Rajasthan),Bayana_LalBagh_D (Rajasthan),1.2360150848522942,10,41.85375,0.6,False,True
IND246761AAA,IND244601AAB,Dhampur_NaginaRD_D (Uttar Pradesh),Thakurdwara_Fathuluh_D (Uttar Pradesh),1.2291666666666667,1,46.8614,1.0,True,True
IND151001AAA,IND148101AAA,Bhatinda_DPC (Punjab),Barnala_DC (Punjab),1.223609872137972,8,60.82,0.5,False,True
IND246761AAA,IND244901AAB,Dhampur_NaginaRD_D (Uttar Pradesh),Rampur_RoshnBgh_I (Uttar Pradesh),1.221311475409836,1,121.4712,1.0,True,True
IND177101AAA,IND176001AAB,DehraGopipur_Central_D_1 (Himachal Pradesh),Kangra_Central_D_2 (Himachal Pradesh),1.2203389830508475,1,42.9878,1.0,True,True
IND383001AAA,IND383315AAC,Himmatnagar_DC (Gujarat),Modasa_Central_D_1 (Gujarat),1.2195121951219512,13,47.5114,0.5384615384615384,False,True
IND690548AAA,IND688009AAA,Haripad_Kumrpurm_D (Kerala),Alappuzha_Pazhvedu_D (Kerala),1.21875,15,28.1353,0.5333333333333333,False,True
IND678683AAA,IND000000ABD,Vadakkencherry_Robinson_D (Kerala),Pallakad_ChndrNgr_D (Kerala),1.2121212121212122,13,32.2254,0.5384615384615384,False,True
IND505302AAB,IND505326AAB,Vemulawada_Central_DPP_2 (Telangana),,1.2116161616161616,4,50.4236,0.5,True,True
IND246174AAA,IND246444AAB,SrinagarUK_Srikot_D (Uttarakhand),Karnaprayag_Umalodge_D (Uttarakhand),1.2083524027459955,16,62.1105,0.5,False,True
IND184121AAA,IND184104AAA,Samba_Wardno13_D (Jammu & Kashmir),Kathua_BOB_D (Jammu & Kashmir),1.205128205128205,3,41.0848,0.6666666666666666,True,True
IND383315AAC,IND383255AAB,Modasa_Central_D_1 (Gujarat),Khedbrahma_Patelfli_D (Gujarat),1.1944834034595606,12,92.0065,0.5,False,False
IND247554AAA,IND248001AAA,Deoband_Ramvlg_D (Uttar Pradesh),Dehradun (Uttarakhand),1.193798449612403,12,91.68485,0.3333333333333333,False,False
IND562132AAA,IND572101AAA,Bangalore_Nelmngla_H (Karnataka),Tumkur_Veersagr_I (Karnataka),1.1929824561403508,3,59.9982,0.3333333333333333,True,False
IND263153AAB,IND263645AAA,Rudrapur_UdhamNgr_H (Uttarakhand),Ranikhet_Subhash_D (Uttarakhand),1.1886792452830188,1,111.4422,0.0,True,False
IND560300AAA,IND560043AAC,Bengaluru_KGAirprt_HB (Karnataka),HBR Layout PC (Karnataka),1.1875,33,29.5349,0.48484848484848486,False,False
IND712310AAE,IND711409AAA,Kolkata_North_I_4 (West Bengal),Howrah_Salap_DC (West Bengal),1.1875,1,19.579,0.0,True,False
IND683511AAA,IND000000ABA,Aluva_Peedika_H (Kerala),Cochin_Chtrpuza_D (Kerala),1.1860599078341014,16,28.72545,0.4375,False,False
IND504251AAA,IND504296AAA,Bellmpalli_BasthDPP_D (Telangana),Kaghaznagar_Central_DPP_1 (Telangana),1.186046511627907,3,39.631,0.3333333333333333,True,False
IND335804AAD,IND335701AAA,Suratgarh_Central_DPP_2 (Rajasthan),Anupgarh_PrmNrDPP_D (Rajasthan),1.1851398244539704,2,76.45384999999999,0.5,True,False
IND145001AAA,IND176303AAA,Pathankot_DC (Punjab),Dalhousie_Banikhet_D (Himachal Pradesh),1.1844660194174756,1,78.1911,0.0,True,False
IND363520AAC,IND363001AAA,Chotila_Central_D_2 (Gujarat),Surendranagar_DC (Gujarat),1.183673469387755,13,58.0516,0.3076923076923077,False,False
IND676509AAA,IND678583AAA,Malappuram_Munduprm_D (Kerala),Thachnttukra_Nattukal_D (Kerala),1.181818181818182,1,33.4675,0.0,True,False
IND623701AAA,IND623503AAA,Paramakudi_VagaiNgr_D (Tamil Nadu),Ramnthpurm_TnhbBlkC_D (Tamil Nadu),1.1777777777777778,7,46.3482,0.42857142857142855,False,False
IND152026AAA,IND152101AAA,Muktsar_DPC (Punjab),Giddarbaha_DC (Punjab),1.1764705882352942,1,47.0594,0.0,True,False
IND581400AAB,IND581325AAA,Mallapur_ShtDRDPP_D (Karnataka),Dandeli_RKComplx_D (Karnataka),1.1727272727272728,12,120.85589999999999,0.5,False,False
IND532201AAA,IND761200AAA,Tekkali_AmvdiDPP_D (Andhra Pradesh),Paralakhemundi_Ward14_D (Orissa),1.170731707317073,1,31.4101,0.0,True,False
IND263002AAA,IND263645AAA,Nainital_Sookhtal_D (Uttarakhand),Ranikhet_Subhash_D (Uttarakhand),1.1666666666666667,13,55.6147,0.46153846153846156,False,False
IND638452AAA,IND638501AAB,Gobicheti_Ward25_D (Tamil Nadu),Anthiyour_TherSRT_D (Tamil Nadu),1.1666666666666667,3,22.7246,0.3333333333333333,True,False
IND524201AAA,IND523002AAA,Kavali_Kacheri_D (Andhra Pradesh),Ongole_SubhVRTL_I (Andhra Pradesh),1.1666666666666667,18,89.7765,0.3333333333333333,False,False
IND756100AAC,IND756045AAB,Bhadrak_Central_I_2 (Orissa),Soro_UttarDPP_D (Orissa),1.162790697674419,1,42.6292,0.0,True,False
IND312601AAA,IND458664AAA,Nimbahera_MsjidDPP_D (Rajasthan),Neemuch_KarjuDPP_D (Madhya Pradesh),1.1615853658536586,6,37.0188,0.5,False,False
IND331023AAA,IND331304AAA,Rajgarh_SadulDPP_D (Rajasthan),Taranagar_RajRdDPP_D (Rajasthan),1.1612903225806452,3,35.1418,0.3333333333333333,True,False
IND560300AAA,IND560048AAB,Bengaluru_KGAirprt_HB (Karnataka),Bengaluru_Hoodi_IP (Karnataka),1.1602564102564101,4,37.9599,0.25,True,False
IND562101AAA,IND561207AAB,Chikblapur_ShntiSgr_D (Karnataka),Bagepalli_TBCross_D (Karnataka),1.1578947368421053,13,40.6427,0.23076923076923078,False,False
IND504201AAA,IND505184AAC,Chinnur_AsnsdhRD_D (Telangana),Manthani_Chaitnya_D (Telangana),1.1578947368421053,5,59.6035,0.4,False,False
IND562117AAA,IND562132AAA,Kanakapura_VaniThtr_D (Karnataka),Bangalore_Nelmngla_H (Karnataka),1.1562812187812188,10,85.4873,0.4,False,False
IND335703AAA,IND335701AAA,Srivijaynagar_BhwanDPP_D (Rajasthan),Anupgarh_PrmNrDPP_D (Rajasthan),1.15625,9,34.0433,0.4444444444444444,False,False
IND283122AAB,IND328001AAA,Kirauli_AchneraRD_D (Uttar Pradesh),Dholpur_GtRoad_D (Rajasthan),1.15625,7,72.5083,0.2857142857142857,False,False
IND560300AAA,IND560002AAA,Bengaluru_KGAirprt_HB (Karnataka),Bengaluru_KHRoad_I (Karnataka),1.1525735294117647,20,31.802300000000002,0.4,False,False
IND363001AAA,IND363421AAB,Surendranagar_DC (Gujarat),Limbdi_Busstand_D (Gujarat),1.1515151515151516,14,27.15195,0.2857142857142857,False,False
IND335524AAA,IND335523AAB,Rawatsar_ShivmDPP_D (Rajasthan),Nohar_Central_DPP_2 (Rajasthan),1.148936170212766,1,41.4874,0.0,True,False
IND333028AAA,IND333502AAA,Sultana_Central_DPP_1 (Rajasthan),Buhana_CourtDPP_D (Rajasthan),1.148936170212766,1,40.769400000000005,0.0,True,False
IND244901AAB,IND246725AAB,Rampur_RoshnBgh_I (Uttar Pradesh),Chandpur_NorprRD_D (Uttar Pradesh),1.148,14,117.8225,0.21428571428571427,False,False
IND454001AAA,IND457001AAA,Dhar_Trimurti_D (Madhya Pradesh),Ratlam_Khjurwli_DC (Madhya Pradesh),1.146067415730337,17,87.4747,0.35294117647058826,False,False
IND335803AAA,IND335804AAD,Pilibanga_BsstdDPP_D (Rajasthan),Suratgarh_Central_DPP_2 (Rajasthan),1.1428571428571428,7,24.072,0.42857142857142855,False,False
IND695582AAA,IND695101AAB,Kazhakkoottam_Rdiosttn_D (Kerala),Attingal_Central_D_2 (Kerala),1.1428571428571428,19,19.5127,0.3157894736842105,False,False
IND673632AAA,IND673305AAA,Kozhikode_Central_H_4 (Kerala),Koyilandy_Pshrikvu_D (Kerala),1.1408730158730158,4,37.3946,0.0,True,False
IND756019AAA,IND757041AAA,Balasore_Ganeshwr_D (Orissa),Udala_NagplDPP_D (Orissa),1.140625,1,61.327,0.0,True,False
IND244601AAB,IND244901AAB,Thakurdwara_Fathuluh_D (Uttar Pradesh),Rampur_RoshnBgh_I (Uttar Pradesh),1.1375,9,70.5827,0.4444444444444444,False,False
IND507159AAA,IND508206AAA,Kusumnchi_SKRoad_D (Telangana),Kodad_VidyaNgr_D (Telangana),1.135135135135135,5,51.6448,0.2,False,False
IND505302AAB,IND505325AAA,Vemulawada_Central_DPP_2 (Telangana),Metpally_GunjRDPP_D (Telangana),1.1290322580645162,5,60.1525,0.2,False,False
IND506002AAA,IND506132AAA,Warangal_HunterRd_I (Telangana),Khanpur_Nrsampt_D (Telangana),1.1265873015873016,20,34.435300000000005,0.35,False,False
IND577401AAA,IND577201AAA,Sagara_Vardhard_D (Karnataka),Shimoga_DC (Karnataka),1.125,7,84.8653,0.14285714285714285,False,False
IND147201AAA,IND148023AAA,Nabha_Sahni_D (Punjab),Malerkotla_DC (Punjab),1.121212121212121,6,30.414450000000002,0.16666666666666666,False,False
IND412803AAB,IND421802AAA,Wai_Central_DPP_3 (Maharashtra),Khandala_Satara_D (Maharashtra),1.1150537634408602,2,23.64775,0.0,True,False
IND723130AAA,IND723131AAA,Hura_Central_D_1 (West Bengal),Manbazar_Central_DPP_1 (West Bengal),1.1008163265306123,6,33.8794,0.3333333333333333,False,False
IND673632AAA,IND676306AAA,Kozhikode_Central_H_4 (Kerala),Tirurangadi_Kooriyad_D (Kerala),1.100250626566416,4,19.907500000000002,0.25,True,False
IND160055AAA,IND160002AAC,Chandigarh_Mohali (Chandigarh),Chandigarh_Mehmdpur_H (Punjab),1.1,21,33.5366,0.38095238095238093,False,False
IND504296AAA,IND504293AAA,Kaghaznagar_Central_DPP_1 (Telangana),Asifabad_PaikjNGR_D (Telangana),1.1,2,25.6401,0.0,True,False
IND415124AAA,IND415605AAA,Karad_Mundhe_D (Maharashtra),Chiplun_LxmiNiws_D (Maharashtra),1.0958083832335328,16,89.2316,0.1875,False,False
IND160002AAC,IND160055AAA,Chandigarh_Mehmdpur_H (Punjab),Chandigarh_Mohali (Chandigarh),1.095292115711855,16,33.87625,0.1875,False,False
IND691001AAB,IND690573AAA,Kollam_Central_H_1 (Kerala),Karungaply_Mrtrklgr_D (Kerala),1.0810810810810811,1,30.4345,0.0,True,False
IND000000AFJ,IND695121AAA,Trivandrum_Pettah_D (Kerala),Neyatinkra_Arlumodu_D (Kerala),1.08,20,18.366799999999998,0.15,False,False
IND335804AAD,IND335703AAA,Suratgarh_Central_DPP_2 (Rajasthan),Srivijaynagar_BhwanDPP_D (Rajasthan),1.0789473684210529,9,41.1907,0.3333333333333333,False,False
IND457001AAA,IND457226AAA,Ratlam_Khjurwli_DC (Madhya Pradesh),Jaora_RtlamNka_D (Madhya Pradesh),1.0769736842105264,16,37.985,0.3125,False,False
IND174307AAA,IND176041AAA,Bangana_Bhaleti_D (Himachal Pradesh),Bhota_BpassDPP_D (Himachal Pradesh),1.0769230769230769,17,35.9815,0.29411764705882354,False,False
IND843109AAB,IND843126AAA,Kanti_Central_DPP_2 (Bihar),Saraiya_Wardno4_D (Bihar),1.0692640692640691,10,45.5129,0.3,False,False
IND643231AAA,IND643217AAA,Coonoor_Fairybnk_D (Tamil Nadu),Kotagiri_CroslySRT_D (Tamil Nadu),1.0689655172413792,11,22.3329,0.45454545454545453,False,False
IND508116AAA,IND508277AAB,Bhuvanagiri_HBColny_D (Telangana),Mothkur_Mainroad_D (Telangana),1.0674242424242424,14,43.6049,0.0,False,False
IND815351AAA,IND814101AAB,Jamtara_D (Jharkhand),Dumka_Dudhani_D (Jharkhand),1.0670103092783505,12,80.28614999999999,0.16666666666666666,False,False
IND335701AAA,IND335051AAA,Anupgarh_PrmNrDPP_D (Rajasthan),RaisingNgr_BisnolDPP_D (Rajasthan),1.0638297872340423,7,50.941300000000005,0.2857142857142857,False,False
IND623526AAA,IND623704AAA,Rameswram_Kdthdstrt_D (Tamil Nadu),Muthukulathur_VaiklSRT_D (Tamil Nadu),1.0607789142407553,8,113.12165,0.0,False,False
IND465001AAA,IND465333A1B,Shajapur_MhpraRD_D (Madhya Pradesh),,1.056100981767181,2,69.26985,0.5,True,False
IND781018AAB,IND781022AAA,Guwahati_Hub (Assam),Guwahati_Sixmile (Assam),1.0555555555555556,9,38.74,0.3333333333333333,False,False
IND125051AAA,IND125111AAA,Ratia_SchdvDPP_D (Haryana),Fatehabad_BhunaDPP_D (Haryana),1.0489583333333334,4,21.792,0.0,True,False
IND000000ABA,IND683565AAA,Cochin_Chtrpuza_D (Kerala),Kunnathund_Pringla_D (Kerala),1.0476190476190474,6,18.4681,0.3333333333333333,False,False
IND627657AAA,IND628613AAA,Thisayanvilai_UdnkdiRD_D (Tamil Nadu),Peikulam_SriVnktpm_D (Tamil Nadu),1.0428571428571427,16,28.49435,0.0,False,False
IND623407AAA,IND623315AAB,Thiruvadanai_RamnadRD_D (Tamil Nadu),Oriyur_Vllyaprm_D (Tamil Nadu),1.0416666666666667,15,18.1756,0.06666666666666667,False,False
IND571440AAA,IND571430AAA,Kollegala_NarsipuraRd_D (Karnataka),Malavalli_SulthnRd_D (Karnataka),1.0298039215686274,10,35.80535,0.1,False,False
IND638401AAA,IND638452AAA,Sathyamangalam_Mlydpthr_D (Tamil Nadu),Gobicheti_Ward25_D (Tamil Nadu),1.02,12,26.667749999999998,0.3333333333333333,False,False
IND152026AAA,IND151001AAA,Muktsar_DPC (Punjab),Bhatinda_DPC (Punjab),1.018867924528302,11,51.3308,0.09090909090909091,False,False
IND141003AAB,IND141109AAA,Ludhiana_GillChwk_DC (Punjab),Raikot_DC (Punjab),1.0,1,47.3357,0.0,True,False
IND752055AAA,IND752050AAA,Khurdha_MunplDPP_D (Orissa),Khurdha_JatniDPP_D (Orissa),1.0,1,19.4503,0.0,True,False
IND571401AAA,IND562160AAB,Mandya_Dc (Karnataka),Chanapatna_Central_D_2 (Karnataka),0.9891304347826086,10,38.14795,0.0,False,False
IND781022AAA,IND781018AAB,Guwahati_Sixmile (Assam),Guwahati_Hub (Assam),0.9825367647058824,12,35.736149999999995,0.3333333333333333,False,False
IND768028AAB,IND767001AAA,Bargarh_GurpdDPP_D (Orissa),Balangir_Rjndpara_D (Orissa),0.9802631578947368,1,162.7031,0.0,True,False
IND244901AAB,IND244221AAA,Rampur_RoshnBgh_I (Uttar Pradesh),Amroha_SamitiRd_D (Uttar Pradesh),0.9802436125965539,20,89.691,0.3,False,False
IND643217AAA,IND643001AAA,Kotagiri_CroslySRT_D (Tamil Nadu),Ooty_Davisdle_D (Tamil Nadu),0.9799919967987197,10,41.390299999999996,0.1,False,False
IND385320AAA,IND385340AAB,Bhabhar_TirupDPP_D (Gujarat),Radhanpur_Santalpr_D (Gujarat),0.972972972972973,8,29.815150000000003,0.0,False,False
IND484224AAA,IND484446AAA,Anuppur_JthriDPP_DC (Madhya Pradesh),Dola_ChainDPP_D (Madhya Pradesh),0.96875,1,67.1484,0.0,True,False
IND244715AAA,IND244713AAA,Ramnagar_BhwniGnj_D (Uttarakhand),Kashipur_Vaishali_D (Uttarakhand),0.9615384615384617,16,26.677100000000003,0.0,False,False
IND722140AAA,IND722151AAA,Khatra_KoralDPP_D (West Bengal),Simlapal_Central_D_1 (West Bengal),0.9545454545454546,9,46.1753,0.2222222222222222,False,False
IND577116AAA,IND577101AAA,,Chikmagalur_DC (Karnataka),0.950609756097561,8,44.165800000000004,0.125,False,False
IND826004AAA,IND828401AAB,Dhanbad_Kalynpur_I (Jharkhand),Gomoh_KhsmiDPP_D (Jharkhand),0.9499999999999998,3,36.5092,0.0,True,False
IND303338AAB,IND303603AAB,Phulera_NarenaRD_D (Rajasthan),Renwal_ChomuRD_D (Rajasthan),0.9385964912280702,6,61.8488,0.3333333333333333,False,False
IND403726AAB,IND403507AAB,Goa_ZuariNgr_IP (Goa),Goa_Mapusa (Goa),0.9302325581395348,1,35.105599999999995,0.0,True,False
IND623503AAA,IND623526AAA,Ramnthpurm_TnhbBlkC_D (Tamil Nadu),Rameswram_Kdthdstrt_D (Tamil Nadu),0.9014084507042254,7,52.6836,0.0,False,False
IND244901AAB,IND244301AAA,Rampur_RoshnBgh_I (Uttar Pradesh),Sambhal_Khwssrai_D (Uttar Pradesh),0.8984230055658629,10,88.2498,0.1,False,False
IND151302AAA,IND151505AAA,TalwandiSabo_Wardno3_D (Punjab),Mansa_GreenVly_D (Punjab),0.8947368421052632,15,43.9908,0.06666666666666667,False,False
IND505184AAC,IND505209AAA,Manthani_Chaitnya_D (Telangana),Ramagundam_Pdmavati_D (Telangana),0.8941375968992248,2,22.036949999999997,0.0,True,False
IND244235AAA,IND244901AAB,Gajraula_JawaharN_D (Uttar Pradesh),Rampur_RoshnBgh_I (Uttar Pradesh),0.8883495145631068,20,105.6397,0.2,False,False
IND303603AAB,IND303338AAB,Renwal_ChomuRD_D (Rajasthan),Phulera_NarenaRD_D (Rajasthan),0.8771929824561403,1,61.3575,0.0,True,False
IND768028AAA,IND767001AAA,Bargarh_JJCpxDPP_D (Orissa),Balangir_Rjndpara_D (Orissa),0.8456375838926175,1,159.1798,0.0,True,False
IND209101AAA,IND209111AAA,Akbarpur_NehruNGR_D (Uttar Pradesh),Pukhrayan_Arulimod_D (Uttar Pradesh),0.8333333333333334,14,64.555,0.14285714285714285,False,False
IND711303AAA,IND721134AAB,Bagnan_Harop_D (West Bengal),Kolaghat_Central_DPP_2 (West Bengal),0.8333333333333334,17,44.986,0.11764705882352941,False,False
IND151001AAA,IND151302AAA,Bhatinda_DPC (Punjab),TalwandiSabo_Wardno3_D (Punjab),0.8292682926829268,11,54.5126,0.09090909090909091,False,False
IND209304AAA,IND209206AAB,Kanpur_Central_H_6 (Uttar Pradesh),Ghatampur_StatinRD_D (Uttar Pradesh),0.7982456140350878,18,57.5607,0.05555555555555555,False,False
IND624601AAA,IND624101AAA,Palani_RjndraRd_D (Tamil Nadu),Kodaikanal_Athithnr_DC (Tamil Nadu),0.7835820895522388,15,60.0035,0.0,False,False
IND396191AAC,IND396105AAA,Vapi_IndEstat_I (Gujarat),Bhilad_Umargaon_DC (Gujarat),0.782608695652174,2,21.412999999999997,0.0,True,False
IND122001AAJ,IND507123AAA,Mahbubabad_Yellanda_D (Telangana),Yellandu_Sudimala_D (Telangana),0.7758620689655172,13,39.431,0.0,False,False
IND344001AAA,IND345001AAA,Barmer_Nehru3PL_D (Rajasthan),Jaisalmer_Gopa3PL_D (Rajasthan),0.7725949468511297,6,155.6477,0.0,False,False
IND244412AAA,IND243301AAB,Chandausi_Ganesh_D (Uttar Pradesh),Aonla_KdidmCLY_D (Uttar Pradesh),0.7329545454545454,10,97.2619,0.0,False,False
IND624101AAA,IND624202AAA,Kodaikanal_Athithnr_DC (Tamil Nadu),Batlagundu_RTOofice_D (Tamil Nadu),0.7119918699186991,10,55.520250000000004,0.0,False,False
IND792103AAB,IND792001AAA,Namsai_HelipadRD_D (Arunachal Pradesh),Tezu_Farmnala_D (Arunachal Pradesh),0.6808510638297872,11,130.8647,0.0,False,False
IND465333A1B,IND465333AAA,,Shujalpur_AstrdDPP_D (Madhya Pradesh),0.6388888888888888,1,58.2535,0.0,True,False
IND732204AAB,IND732139AAA,Paranpur_Nijgan_D (West Bengal),Samsi_RatuaDPP_D (West Bengal),0.6323787258912916,6,40.521,0.0,False,False
IND246761AAA,IND244501AAA,Dhampur_NaginaRD_D (Uttar Pradesh),Kanth_Dayanand_D (Uttar Pradesh),0.46211355829460493,10,59.060249999999996,0.0,False,False
