source_center,destination_center,route_type,tod_bucket,median_factor,trip_count,median_osrm_dist,median_osrm_time,pct_delayed
IND000000AAL,IND411033AAA,Carting,night,2.08,1,24.2851,25.0,1.0
IND000000AAL,IND411033AAA,Carting,morning,3.3846153846153846,1,24.2898,26.0,1.0
IND000000AAL,IND411033AAA,Carting,afternoon,2.76,10,25.295550000000002,27.5,1.0
IND000000AAL,IND411033AAA,Carting,evening,2.4166666666666665,6,24.881500000000003,27.5,1.0
IND000000AAQ,IND700028AAB,Carting,night,6.071428571428571,2,13.90065,14.0,1.0
IND000000AAS,IND783370AAC,FTL,afternoon,1.7666666666666666,8,42.16135,30.0,1.0
IND000000AAS,IND783370AAC,FTL,evening,2.6666666666666665,1,41.7072,30.0,1.0
IND000000AAZ,IND444203AAA,FTL,night,6.020833333333333,1,67.4982,48.0,1.0
IND000000AAZ,IND444303AAA,FTL,morning,4.0,1,53.7322,40.0,1.0
IND000000ABA,IND683565AAA,Carting,night,1.0476190476190474,6,18.4681,21.0,0.3333333333333333
IND000000ABD,IND562132AAA,FTL,night,1.7081081081081082,11,443.7081,370.0,1.0
IND000000ABD,IND562132AAA,FTL,morning,1.6819407008086251,1,442.8809,371.0,1.0
IND000000ABG,IND501359AAF,Carting,afternoon,7.0,11,32.6832,27.0,1.0
IND000000ACA,IND140406AAA,FTL,evening,1.7567567567567568,2,51.5829,37.0,1.0
IND000000ACA,IND142001AAB,FTL,afternoon,1.7457627118644068,9,76.222,56.0,1.0
IND000000ACA,IND142401AAA,FTL,night,1.6842105263157894,1,27.484,19.0,1.0
IND000000ACA,IND142401AAA,FTL,evening,2.0,11,27.7383,20.0,0.9090909090909091
IND000000ACA,IND143001AAA,FTL,afternoon,1.7027027027027026,1,155.23260000000002,111.0,1.0
IND000000ACA,IND144001AAB,FTL,afternoon,1.6041666666666667,17,69.4616,49.0,1.0
IND000000ACA,IND144514AAA,FTL,evening,1.8174603174603172,12,85.45885,63.0,0.8333333333333334
IND000000ACA,IND147301AAA,FTL,evening,1.7037037037037035,3,37.1418,27.0,1.0
IND000000ACA,IND152026AAA,FTL,afternoon,1.5299145299145298,1,154.5822,117.0,1.0
IND000000ACA,IND160002AAC,Carting,morning,1.8309859154929575,1,101.2354,71.0,1.0
IND000000ACA,IND160002AAC,FTL,night,2.064516129032258,25,88.7968,62.0,1.0
IND000000ACA,IND160002AAC,FTL,morning,1.935483870967742,21,88.3372,62.0,1.0
IND000000ACA,IND160002AAC,FTL,afternoon,2.314516129032258,12,88.74745,62.0,1.0
IND000000ACA,IND160002AAC,FTL,evening,1.9837387625594922,12,94.82485,66.0,1.0
IND000000ACB,IND000000AEL,Carting,night,3.7936507936507935,5,60.625800000000005,62.0,1.0
IND000000ACB,IND000000AEL,Carting,afternoon,1.9048859126984126,2,61.5972,63.5,1.0
IND000000ACB,IND000000AEL,Carting,evening,1.5723393182409575,16,60.2069,61.5,1.0
IND000000ACB,IND110024AAA,Carting,afternoon,2.07658371040724,6,59.611999999999995,66.5,1.0
IND000000ACB,IND110030AAD,Carting,night,2.522745098039216,4,48.2094,50.5,1.0
IND000000ACB,IND110030AAD,Carting,afternoon,1.58,21,49.4332,49.0,0.9047619047619048
IND000000ACB,IND110030AAD,Carting,evening,1.807692307692308,3,46.8272,52.0,1.0
IND000000ACB,IND110037AAK,Carting,afternoon,1.9078947368421053,14,38.8263,38.5,1.0
IND000000ACB,IND110037AAK,Carting,evening,1.794871794871795,25,38.6134,38.0,1.0
IND000000ACB,IND110043AAA,Carting,night,2.3846153846153846,2,38.5343,39.0,1.0
IND000000ACB,IND110043AAA,Carting,afternoon,1.6756756756756757,13,38.0246,37.0,1.0
IND000000ACB,IND110043AAA,Carting,evening,2.5875000000000004,2,39.6558,40.0,1.0
IND000000ACB,IND110043AAC,Carting,afternoon,2.663636363636363,2,52.2196,55.0,1.0
IND000000ACB,IND110043AAC,Carting,evening,1.7857142857142858,7,52.015,55.0,1.0
IND000000ACB,IND110052AAA,Carting,evening,1.500324464633355,2,65.72460000000001,68.0,1.0
IND000000ACB,IND110064AAA,Carting,night,2.189655172413793,15,55.1079,57.0,1.0
IND000000ACB,IND110064AAA,Carting,afternoon,1.6551724137931034,19,56.5242,58.0,1.0
IND000000ACB,IND110064AAA,Carting,evening,1.271551724137931,14,55.7743,58.0,0.6428571428571429
IND000000ACB,IND110085AAB,Carting,night,2.3043478260869565,4,65.94615,68.5,1.0
IND000000ACB,IND110085AAB,Carting,afternoon,1.6029411764705883,17,64.8538,66.0,0.8823529411764706
IND000000ACB,IND110085AAB,Carting,evening,1.4782608695652173,3,66.1904,69.0,1.0
IND000000ACB,IND110092AAC,Carting,afternoon,1.7534246575342465,2,69.21785,73.0,1.0
IND000000ACB,IND110092AAC,Carting,evening,1.5135135135135136,3,69.9302,74.0,1.0
IND000000ACB,IND110095AAB,Carting,night,3.3766233766233764,17,71.2763,76.0,1.0
IND000000ACB,IND110095AAB,Carting,afternoon,1.0584415584415585,4,71.54124999999999,77.0,0.25
IND000000ACB,IND110095AAB,Carting,evening,1.0909090909090908,15,71.2608,76.0,0.2
IND000000ACB,IND121002AAB,Carting,night,2.0615384615384613,21,77.69539999999999,65.0,1.0
IND000000ACB,IND121002AAB,Carting,afternoon,2.515151515151515,15,77.8861,65.0,1.0
IND000000ACB,IND121002AAB,Carting,evening,1.6323529411764706,21,78.1691,68.0,1.0
IND000000ACB,IND121004AAB,Carting,night,2.121212121212121,15,78.0195,65.0,1.0
IND000000ACB,IND121004AAB,Carting,afternoon,1.71875,1,76.9803,64.0,1.0
IND000000ACB,IND121004AAB,Carting,evening,1.7121212121212122,15,77.9192,65.0,1.0
IND000000ACB,IND122001AAA,Carting,night,2.0,19,35.5271,34.0,1.0
IND000000ACB,IND122001AAA,Carting,morning,1.7945378151260505,2,35.633750000000006,34.5,1.0
IND000000ACB,IND122001AAA,Carting,afternoon,1.838235294117647,16,35.5008,34.0,0.9375
IND000000ACB,IND122001AAA,Carting,evening,1.4201680672268908,20,35.272,34.0,0.85
IND000000ACB,IND122015AAC,Carting,night,2.4449579831932775,2,35.485749999999996,34.5,1.0
IND000000ACB,IND124103AAA,FTL,afternoon,1.891304347826087,10,49.1597,46.0,1.0
IND000000ACB,IND124103AAA,FTL,evening,1.8333333333333333,3,51.3897,49.0,1.0
IND000000ACB,IND124112AAA,FTL,morning,2.157303370786517,7,112.5815,90.0,1.0
IND000000ACB,IND125001AAA,FTL,morning,2.237037037037037,13,170.2434,135.0,1.0
IND000000ACB,IND125001AAA,FTL,afternoon,1.7827342047930284,2,170.458,135.5,1.0
IND000000ACB,IND125005AAA,FTL,afternoon,1.9522058823529411,4,170.56535,135.5,1.0
IND000000ACB,IND125033AAA,FTL,morning,2.286087570621469,2,152.07659999999998,119.0,1.0
IND000000ACB,IND127021AAA,FTL,afternoon,1.8585858585858583,1,123.8015,99.0,1.0
IND000000ACB,IND127021AAA,FTL,evening,2.0303030303030303,1,123.2983,99.0,1.0
IND000000ACB,IND131028AAB,Carting,night,2.0,33,86.291,97.0,1.0
IND000000ACB,IND131028AAB,Carting,morning,2.0309278350515463,15,86.1295,97.0,1.0
IND000000ACB,IND131028AAB,Carting,afternoon,2.333333333333333,23,86.25689999999999,97.0,1.0
IND000000ACB,IND131028AAB,Carting,evening,2.0625,21,122.4723,98.0,1.0
IND000000ACB,IND160002AAC,FTL,night,2.3160377358490565,19,280.8689,212.0,1.0
IND000000ACB,IND160002AAC,FTL,morning,2.2796208530805684,16,280.19030000000004,211.0,1.0
IND000000ACB,IND160002AAC,FTL,afternoon,2.0260663507109005,12,280.0153,211.0,1.0
IND000000ACB,IND160002AAC,FTL,evening,2.161137440758294,11,279.4463,211.0,1.0
IND000000ACB,IND201001AAC,Carting,afternoon,1.978021978021978,1,86.07339999999999,91.0,1.0
IND000000ACB,IND201001AAC,Carting,evening,1.8461538461538465,3,86.041,91.0,1.0
IND000000ACB,IND201007AAA,Carting,night,1.722111222111222,4,72.70955000000001,77.0,1.0
IND000000ACB,IND201007AAA,Carting,afternoon,1.7148302148302148,2,72.06635,76.0,1.0
IND000000ACB,IND201007AAA,Carting,evening,1.155844155844156,3,72.8915,77.0,0.3333333333333333
IND000000ACB,IND201301AAF,Carting,night,1.9780448717948718,4,76.2246,79.0,1.0
IND000000ACB,IND201301AAF,Carting,afternoon,1.6730769230769231,2,74.05685,78.0,1.0
IND000000ACB,IND201301AAF,Carting,evening,1.205128205128205,3,74.7196,79.0,0.6666666666666666
IND000000ACB,IND201301AAM,Carting,night,2.6202531645569622,15,79.29060000000001,80.0,1.0
IND000000ACB,IND201301AAM,Carting,afternoon,3.3679614573923518,8,80.7387,82.0,1.0
IND000000ACB,IND201301AAM,Carting,evening,2.5514252130473114,16,79.85015,81.0,1.0
IND000000ACB,IND209304AAA,FTL,night,2.289719626168224,3,444.3207,321.0,1.0
IND000000ACB,IND209304AAA,FTL,evening,2.2710280373831777,12,443.8989,320.5,1.0
IND000000ACB,IND282002AAD,FTL,morning,1.905109489051095,9,183.2081,136.0,1.0
IND000000ACB,IND301001AAB,FTL,morning,1.8534400382226468,2,114.779,91.5,1.0
IND000000ACB,IND301001AAB,FTL,afternoon,1.7142857142857142,4,114.76365,91.0,1.0
IND000000ACB,IND301705AAA,FTL,evening,3.75,1,62.9226,56.0,1.0
IND000000ACB,IND302014AAA,FTL,night,1.8638655462184872,16,221.17495,168.0,1.0
IND000000ACB,IND302014AAA,FTL,morning,1.893821789070658,12,221.5942,169.0,1.0
IND000000ACB,IND302014AAA,FTL,afternoon,1.906512418949084,2,220.87765000000002,168.0,1.0
IND000000ACB,IND302022AAD,FTL,afternoon,1.6875066435176984,16,221.5781,169.0,1.0
IND000000ACB,IND302022AAD,FTL,evening,1.77376607731283,4,220.55095,167.0,1.0
IND000000ACB,IND328001AAA,FTL,morning,1.818181818181818,5,244.709,198.0,1.0
IND000000ACB,IND382430AAB,FTL,afternoon,1.7876386687797148,1,872.0785999999999,631.0,1.0
IND000000ACB,IND382430AAB,FTL,evening,1.8678797468354431,16,873.1187,632.0,1.0
IND000000ACB,IND390022AAA,FTL,evening,1.7827338129496404,11,913.3769,695.0,1.0
IND000000ACB,IND411033AAA,FTL,night,1.7297029702970297,2,1361.32225,1010.0,1.0
IND000000ACB,IND411033AAA,FTL,evening,1.7695691890617633,20,1361.7046,1010.0,1.0
IND000000ACB,IND421302AAG,FTL,night,1.8295218295218296,3,1322.2514,962.0,1.0
IND000000ACB,IND421302AAG,FTL,morning,1.9958463136033229,3,1322.4025,963.0,1.0
IND000000ACB,IND421302AAG,FTL,afternoon,1.921079958463136,13,1322.4167,963.0,1.0
IND000000ACB,IND421302AAG,FTL,evening,1.944412061234491,14,1322.5509,963.0,1.0
IND000000ACB,IND462022AAA,FTL,night,1.859083191850594,17,813.9486999999999,588.0,1.0
IND000000ACB,IND462022AAA,FTL,evening,1.7023809523809523,1,813.9534,588.0,1.0
IND000000ACB,IND474003AAA,FTL,morning,4.475174978127734,2,304.9602,253.0,1.0
IND000000ACB,IND501359AAE,FTL,night,1.8817480719794344,13,1562.3865,1165.0,1.0
IND000000ACB,IND501359AAE,FTL,afternoon,2.093525423479266,10,1563.1257500000002,1166.0,1.0
IND000000ACB,IND501359AAE,FTL,evening,1.8935975677088317,6,1562.4841000000001,1165.0,1.0
IND000000ACB,IND521225AAB,FTL,night,1.9508580343213728,11,1728.231,1282.0,1.0
IND000000ACB,IND562132AAA,FTL,night,1.8680371352785143,18,2063.9836,1508.0,1.0
IND000000ACB,IND562132AAA,FTL,morning,1.8886679920477136,27,2064.1932,1509.0,1.0
IND000000ACB,IND562132AAA,FTL,afternoon,1.9549370444002652,10,2064.494,1509.0,1.0
IND000000ACB,IND562132AAA,FTL,evening,1.8999337309476476,11,2064.5621,1509.0,1.0
IND000000ACB,IND600056AAB,FTL,night,1.845031055900621,8,2190.10115,1610.0,1.0
IND000000ACB,IND600056AAB,FTL,morning,1.8773291925465838,6,2190.41315,1610.0,1.0
IND000000ACB,IND712311AAA,FTL,night,2.025641025641025,17,1427.9051000000002,1016.0,1.0
IND000000ACB,IND712311AAA,FTL,afternoon,2.195291268901122,16,1428.4488000000001,1016.0,1.0
IND000000ACB,IND712311AAA,FTL,evening,1.8935960591133003,15,1427.8855,1016.0,1.0
IND000000ACB,IND751002AAB,FTL,night,2.0437135579493826,12,1638.83185,1167.0,1.0
IND000000ACB,IND751002AAB,FTL,evening,2.0403087478559176,3,1637.7594,1166.0,1.0
IND000000ACB,IND821115AAB,FTL,night,2.05564142194745,17,900.9042,646.0,1.0
IND000000ACB,IND821115AAB,FTL,evening,1.9099378881987576,1,898.8518,644.0,1.0
IND000000ACB,IND834002AAB,FTL,night,1.8854289071680377,12,1192.9162499999998,851.0,1.0
IND000000ACB,IND834002AAB,FTL,evening,1.8871915393654524,4,1192.8566999999998,851.0,1.0
IND000000ACB,IND842001AAA,FTL,night,2.0433604336043354,18,995.48165,737.5,1.0
IND000000ACB,IND842001AAA,FTL,morning,2.0502717391304346,1,994.3573,736.0,1.0
IND000000ACK,IND501359AAF,Carting,afternoon,3.2739130434782613,32,25.954900000000002,21.0,1.0
IND000000ACN,IND501359AAF,Carting,afternoon,2.388888888888889,10,21.24165,18.0,1.0
IND000000ACN,IND501359AAF,Carting,evening,1.8611111111111112,6,21.9435,18.0,1.0
IND000000ACT,IND000000ACB,Carting,night,1.675,15,41.8695,40.0,1.0
IND000000ACT,IND000000ACB,Carting,morning,2.0055555555555555,8,42.9861,41.0,1.0
IND000000ACT,IND000000ACB,Carting,afternoon,2.8048780487804876,2,42.55885,41.0,1.0
IND000000ACT,IND000000ACB,Carting,evening,1.5293466223698782,18,43.7569,42.0,0.8888888888888888
IND000000ACT,IND000000ACB,FTL,afternoon,2.2790697674418605,1,43.6879,43.0,1.0
IND000000ACT,IND000000ACB,FTL,evening,1.2093023255813953,56,43.75625,43.0,0.5178571428571429
IND000000ACT,IND131028AAB,Carting,morning,2.0982142857142856,4,43.294250000000005,56.0,1.0
IND000000ACT,IND131028AAB,Carting,afternoon,1.7767857142857144,20,43.2029,56.0,1.0
IND000000ACT,IND131028AAB,Carting,evening,1.4259259259259258,15,43.759,56.0,0.8666666666666667
IND000000ACT,IND160002AAC,FTL,night,2.023922700393289,18,226.21210000000002,188.0,1.0
IND000000ACT,IND160002AAC,FTL,morning,2.074468085106383,3,226.1991,188.0,1.0
IND000000ADM,IND683511AAA,Carting,night,3.3076923076923075,1,24.4293,26.0,1.0
IND000000ADV,IND600044AAC,Carting,afternoon,2.0405405405405403,14,47.5303,37.0,1.0
IND000000ADV,IND600044AAC,Carting,evening,2.1073968705547657,4,47.57855,37.5,1.0
IND000000AEL,IND000000ACB,Carting,night,10.473684210526317,1,61.5717,57.0,1.0
IND000000AEL,IND000000ACB,Carting,morning,1.8305084745762712,3,63.4528,59.0,1.0
IND000000AEL,IND000000ACB,Carting,afternoon,1.777323202805377,2,63.18025,58.5,1.0
IND000000AEL,IND000000ACB,Carting,evening,1.847457627118644,11,62.9409,58.0,1.0
IND000000AEM,IND110037AAB,Carting,night,5.320512820512821,4,40.24935,39.0,1.0
IND000000AEM,IND110037AAB,Carting,morning,4.722721437740693,4,39.32855,38.0,1.0
IND000000AEM,IND110037AAB,Carting,evening,2.282051282051282,3,39.8704,39.0,1.0
IND000000AEM,IND110064AAB,Carting,night,2.1087962962962967,10,53.1073,55.0,1.0
IND000000AEM,IND110064AAB,Carting,morning,1.6181818181818182,1,53.5163,55.0,1.0
IND000000AET,IND000000AAS,FTL,afternoon,2.4646938775510203,8,68.7217,48.5,1.0
IND000000AFF,IND734203AAA,FTL,afternoon,4.842105263157895,3,27.8663,19.0,1.0
IND000000AFG,IND673027AAB,FTL,night,1.826086956521739,1,41.4264,46.0,1.0
IND000000AFG,IND673632AAA,FTL,night,2.3541666666666665,3,42.6643,48.0,1.0
IND000000AFJ,IND695121AAA,Carting,night,1.0976923076923077,18,18.2718,26.0,0.16666666666666666
IND000000AFJ,IND695121AAA,Carting,evening,1.0,2,23.07405,27.0,0.0
IND000000AFJ,IND695572AAB,Carting,evening,2.2222222222222223,1,22.1852,27.0,1.0
IND000000AFR,IND683511AAA,Carting,night,2.0615530303030303,8,30.16375,32.0,1.0
IND000000AFT,IND400072AAB,Carting,evening,1.973684210526316,10,21.138600000000004,19.0,1.0
IND000000AFT,IND400706AAA,Carting,night,5.222222222222222,1,18.1351,18.0,1.0
IND000000AFT,IND410206AAA,Carting,night,9.307692307692308,1,17.4252,13.0,1.0
IND000000AFT,IND410206AAA,Carting,morning,3.066666666666667,1,19.3999,15.0,1.0
IND000000AFT,IND410206AAB,Carting,morning,3.117647058823529,1,20.5299,17.0,1.0
IND000000AFT,IND410209AAA,Carting,night,2.2857142857142856,23,17.8065,14.0,1.0
IND000000AFT,IND410209AAA,Carting,morning,2.25,15,17.3397,14.0,1.0
IND000000AFT,IND410209AAA,Carting,evening,6.775757575757575,2,15.71005,13.0,1.0
IND000000AFT,IND410210AAA,Carting,night,2.263157894736842,5,19.4763,18.0,1.0
IND000000AFT,IND410210AAA,Carting,evening,3.6648351648351647,8,16.7638,14.5,1.0
IND000000AFT,IND421302AAG,Carting,night,3.0573593073593077,4,23.7625,21.5,1.0
IND000000AFT,IND421302AAG,Carting,morning,3.4297619047619046,2,23.597099999999998,20.5,1.0
IND000000AFT,IND421302AAG,Carting,afternoon,2.1904761904761907,1,22.8242,21.0,1.0
IND000000AFT,IND421302AAG,Carting,evening,2.20995670995671,8,23.5071,21.5,1.0
IND110014AAA,IND110024AAA,Carting,night,3.3636363636363638,4,11.38765,11.0,1.0
IND110014AAA,IND110024AAA,Carting,morning,3.630952380952381,6,10.460999999999999,8.5,1.0
IND110020AAB,IND110037AAM,Carting,morning,3.937747035573123,4,26.3062,23.5,1.0
IND110024AAA,IND110014AAA,Carting,night,2.2152777777777777,2,10.15045,8.5,1.0
IND110024AAA,IND110014AAA,Carting,morning,3.142857142857143,3,9.3453,7.0,1.0
IND110024AAA,IND110014AAA,Carting,evening,2.0,1,9.24,7.0,1.0
IND110030AAD,IND000000ACB,Carting,night,4.7643026004728135,2,45.98255,46.0,1.0
IND110030AAD,IND000000ACB,Carting,morning,5.766608771168041,2,45.959250000000004,48.0,1.0
IND110030AAD,IND000000ACB,Carting,evening,1.6595744680851063,3,45.9485,48.0,1.0
IND110035AAC,IND110037AAM,Carting,morning,1.6666666666666667,1,20.348,18.0,1.0
IND110035AAC,IND110037AAM,Carting,evening,1.7276315789473684,2,21.402949999999997,19.5,1.0
IND110037AAK,IND000000ACB,Carting,night,2.796959459459459,18,38.8121,37.0,1.0
IND110037AAK,IND000000ACB,Carting,morning,1.8421052631578947,1,38.6959,38.0,1.0
IND110037AAK,IND000000ACB,Carting,afternoon,1.4,1,39.8845,40.0,1.0
IND110037AAK,IND000000ACB,Carting,evening,1.6842105263157894,23,38.6996,38.0,1.0
IND110037AAM,IND000000ACB,FTL,night,1.5424418604651162,12,44.05995,43.0,1.0
IND110037AAM,IND110020AAB,Carting,morning,3.4615384615384617,9,26.3706,25.0,1.0
IND110037AAM,IND110024AAA,Carting,night,2.68,14,24.7372,23.5,1.0
IND110037AAM,IND110035AAC,Carting,night,5.073099415204679,2,20.4568,23.0,1.0
IND110037AAM,IND110035AAC,Carting,morning,3.045238095238095,14,18.5679,20.5,1.0
IND110037AAM,IND110035AAC,Carting,evening,1.8496240601503757,20,18.171599999999998,20.0,0.85
IND110037AAM,IND110064AAA,Carting,night,5.39375,2,14.17905,18.0,1.0
IND110037AAM,IND110085AAB,Carting,night,2.0217391304347827,22,21.9404,24.0,1.0
IND110037AAM,IND110092AAC,Carting,night,2.193548387096774,1,27.751,31.0,1.0
IND110037AAM,IND121004AAB,Carting,night,3.433333333333333,15,30.506,30.0,1.0
IND110037AAM,IND121004AAB,Carting,afternoon,2.5422222222222226,12,28.89795,27.0,1.0
IND110037AAM,IND121004AAB,Carting,evening,1.6,19,28.17,26.0,1.0
IND110037AAM,IND125001AAA,FTL,night,4.015037593984962,1,164.5073,133.0,1.0
IND110037AAM,IND131028AAB,Carting,morning,2.210526315789474,1,44.0332,57.0,1.0
IND110037AAM,IND201001AAC,Carting,night,2.4285714285714284,3,42.2803,49.0,1.0
IND110037AAM,IND201001AAC,Carting,evening,1.7755102040816326,5,42.2519,49.0,0.8
IND110037AAM,IND201007AAA,Carting,night,2.492016806722689,6,30.137050000000002,34.5,1.0
IND110037AAM,IND201301AAD,Carting,night,3.8776061776061783,2,32.23675,36.0,1.0
IND110037AAM,IND201301AAD,Carting,morning,4.567567567567568,1,33.1542,37.0,1.0
IND110037AAM,IND201301AAF,Carting,night,2.1538461538461537,5,35.1773,39.0,1.0
IND110037AAM,IND202001AAB,FTL,night,1.984615384615385,9,153.0239,130.0,1.0
IND110037AAM,IND202001AAB,FTL,morning,1.821705426356589,1,153.00029999999998,129.0,1.0
IND110037AAM,IND202001AAB,FTL,afternoon,1.693798449612403,16,152.83434999999997,129.0,1.0
IND110037AAM,IND209304AAA,FTL,night,2.131736526946108,21,464.8352,335.0,1.0
IND110037AAM,IND209304AAA,FTL,morning,2.108108108108108,1,464.8311,333.0,1.0
IND110037AAM,IND209304AAA,FTL,evening,2.095808383233533,3,466.1647,335.0,1.0
IND110037AAM,IND226004AAC,FTL,evening,1.8293333333333333,1,489.2995,375.0,1.0
IND110037AAM,IND250002AAC,FTL,afternoon,1.1875,1,91.8598,96.0,0.0
IND110037AAM,IND250002AAC,FTL,evening,16.26086956521739,1,88.6467,92.0,1.0
IND110037AAM,IND282001AAA,FTL,night,2.0135135135135136,3,202.1672,148.0,1.0
IND110037AAM,IND282001AAA,FTL,morning,3.728476821192053,1,203.1196,151.0,1.0
IND110037AAM,IND282001AAC,FTL,night,2.1059602649006623,1,202.6035,151.0,1.0
IND110037AAM,IND282002AAD,FTL,afternoon,1.966887417218543,1,206.0601,151.0,1.0
IND110037AAM,IND421302AAG,FTL,night,1.9914744232698098,16,1367.7746,997.0,1.0
IND110037AAM,IND421302AAG,FTL,evening,2.0179788221956896,2,1367.5605500000001,997.5,1.0
IND110037AAM,IND781018AAB,FTL,night,2.5083459787556905,1,1809.2888,1318.0,1.0
IND110037AAM,IND811399AAA,FTL,afternoon,2.119298245614035,6,31.8683,35.5,0.8333333333333334
IND110037AAM,IND811399AAA,FTL,evening,2.324324324324324,5,32.7384,37.0,0.6
IND110039AAA,IND110085AAB,Carting,night,6.428571428571429,1,11.9859,14.0,1.0
IND110039AAA,IND110085AAB,Carting,morning,3.4291666666666663,2,13.67685,15.5,1.0
IND110043AAA,IND000000ACB,Carting,night,4.446052631578947,2,39.365750000000006,39.0,1.0
IND110043AAA,IND000000ACB,Carting,morning,9.078947368421051,1,38.8237,38.0,1.0
IND110043AAA,IND000000ACB,Carting,evening,3.1960526315789473,2,39.3805,39.0,1.0
IND110043AAA,IND110078AAA,Carting,night,1.8809523809523814,16,18.3157,21.0,0.875
IND110043AAA,IND110078AAA,Carting,morning,1.7,17,18.812,22.0,1.0
IND110043AAC,IND000000ACB,Carting,evening,1.6206896551724137,1,55.6689,58.0,1.0
IND110044AAB,IND000000ACB,Carting,morning,2.0743169398907106,14,64.71455,60.0,1.0
IND110044AAB,IND000000ACB,Carting,afternoon,1.7796610169491525,29,65.3618,61.0,1.0
IND110044AAB,IND000000ACB,Carting,evening,1.6885245901639343,33,65.3293,60.0,1.0
IND110044AAB,IND110030AAD,Carting,afternoon,1.5555555555555556,3,13.8958,16.0,1.0
IND110044AAB,IND110030AAD,Carting,evening,1.7142857142857142,27,13.399,15.0,0.9629629629629629
IND110044AAB,IND110037AAM,Carting,night,2.0476190476190474,3,24.686,23.0,1.0
IND110044AAB,IND131028AAB,Carting,afternoon,2.1153846153846154,21,43.383,52.0,1.0
IND110044AAB,IND131028AAB,Carting,evening,1.3584905660377358,19,43.0446,52.0,1.0
IND110044AAB,IND201007AAA,Carting,afternoon,2.8260869565217392,4,19.76195,23.0,1.0
IND110044AAB,IND201007AAA,Carting,evening,2.347826086956522,7,20.0991,23.0,1.0
IND110044AAB,IND201301AAF,Carting,afternoon,1.5,7,12.6894,14.0,1.0
IND110044AAB,IND201301AAF,Carting,evening,2.2142857142857144,5,12.7105,14.0,1.0
IND110052AAA,IND000000ACB,Carting,night,1.8870967741935485,1,66.94539999999999,62.0,1.0
IND110052AAA,IND000000ACB,Carting,evening,1.646153846153846,9,67.8112,64.0,1.0
IND110064AAA,IND000000ACB,Carting,night,13.596153846153848,3,58.7479,55.0,1.0
IND110064AAA,IND000000ACB,Carting,morning,12.314814814814817,15,57.2795,53.0,1.0
IND110064AAA,IND000000ACB,Carting,evening,1.3269230769230769,21,56.666,52.0,1.0
IND110064AAA,IND110005AAA,Carting,night,3.0,1,10.6435,11.0,1.0
IND110078AAA,IND110043AAA,Carting,night,2.381818181818182,6,19.01505,20.5,1.0
IND110078AAA,IND110043AAA,Carting,morning,3.3333333333333335,8,19.5305,21.0,1.0
IND110083AAA,IND110085AAB,Carting,night,2.9411764705882355,1,14.7983,17.0,1.0
IND110085AAB,IND000000ACB,Carting,night,2.3846153846153846,1,68.3271,65.0,1.0
IND110085AAB,IND000000ACB,Carting,morning,4.40625,3,66.7577,62.0,1.0
IND110085AAB,IND000000ACB,Carting,evening,2.1875,3,67.5514,64.0,1.0
IND110085AAB,IND110039AAA,Carting,night,1.1339285714285714,2,12.64865,15.0,0.0
IND110085AAB,IND110039AAA,Carting,morning,2.3854166666666665,2,14.3128,17.0,1.0
IND110085AAB,IND110083AAA,Carting,night,4.0,3,11.9201,15.0,1.0
IND110085AAB,IND110085AAA,Carting,afternoon,2.076923076923077,1,11.4111,13.0,1.0
IND110085AAB,IND110087AAA,Carting,night,1.0769230769230769,1,11.9669,13.0,0.0
IND110085AAB,IND110087AAA,Carting,morning,2.6923076923076925,2,11.632200000000001,13.0,1.0
IND110092AAC,IND000000ACB,Carting,night,2.098360655737705,1,62.5189,61.0,1.0
IND110092AAC,IND000000ACB,Carting,morning,2.632992327365729,2,69.3272,68.5,1.0
IND110092AAC,IND000000ACB,Carting,evening,1.9411764705882355,3,69.3029,68.0,1.0
IND110092AAC,IND110093AAA,Carting,evening,3.25,1,12.8317,16.0,1.0
IND110093AAA,IND110092AAC,Carting,night,3.2222222222222223,1,15.547,18.0,1.0
IND110095AAB,IND000000ACB,Carting,evening,1.5211267605633805,1,71.6641,71.0,1.0
IND121001AAA,IND121004AAB,Carting,night,1.909090909090909,12,12.01685,11.0,1.0
IND121001AAA,IND121004AAB,Carting,morning,2.0,11,12.3435,11.0,1.0
IND121002AAA,IND121004AAB,Carting,night,19.08333333333333,1,11.2338,12.0,1.0
IND121002AAB,IND000000ACB,Carting,night,2.09375,3,71.01089999999999,65.0,1.0
IND121002AAB,IND000000ACB,Carting,morning,2.046875,5,77.6107,65.0,1.0
IND121002AAB,IND000000ACB,Carting,afternoon,1.5057071960297765,4,76.6298,64.0,1.0
IND121002AAB,IND000000ACB,Carting,evening,2.303030303030303,17,71.7365,65.0,1.0
IND121004AAA,IND121004AAB,Carting,night,2.5,9,17.301299999999998,14.0,1.0
IND121004AAA,IND121004AAB,Carting,morning,1.9375,1,18.0291,16.0,1.0
IND121004AAB,IND000000ACB,Carting,morning,1.7936507936507935,17,75.9752,63.0,1.0
IND121004AAB,IND000000ACB,Carting,evening,1.8615384615384616,17,76.06439999999999,65.0,1.0
IND121004AAB,IND110037AAM,Carting,night,2.6,9,28.824900000000003,26.0,1.0
IND121004AAB,IND110037AAM,Carting,morning,2.958333333333333,9,27.6518,24.0,1.0
IND121004AAB,IND110037AAM,Carting,evening,2.1666666666666665,19,28.2066,24.0,1.0
IND121004AAB,IND121001AAA,Carting,night,1.9333333333333331,7,11.5437,11.0,1.0
IND121004AAB,IND121001AAA,Carting,morning,1.5555555555555556,15,11.275,10.0,1.0
IND121004AAB,IND121002AAA,Carting,night,2.909090909090909,1,10.3547,11.0,1.0
IND121004AAB,IND121004AAA,Carting,night,1.5,3,16.9931,12.0,1.0
IND121004AAB,IND121004AAA,Carting,morning,1.8,13,16.4885,12.0,1.0
IND121004AAB,IND121004AAA,Carting,evening,1.75,7,16.1132,12.0,1.0
IND121004AAB,IND121004AAC,Carting,night,1.8397435897435899,2,16.631349999999998,12.5,1.0
IND121004AAB,IND121004AAC,Carting,morning,1.9615384615384615,6,16.51575,12.5,1.0
IND121004AAB,IND121004AAC,Carting,evening,5.846153846153846,1,17.1268,13.0,1.0
IND121004AAB,IND121102AAA,Carting,night,1.6428571428571428,19,39.9512,28.0,1.0
IND121004AAB,IND121102AAA,Carting,morning,2.071428571428572,21,39.7446,29.0,1.0
IND121004AAB,IND121102AAA,Carting,evening,2.851851851851852,1,38.9611,27.0,1.0
IND121004AAC,IND121004AAB,Carting,night,3.25,3,16.1487,12.0,1.0
IND121004AAC,IND121004AAB,Carting,morning,4.941176470588236,3,17.054,13.0,1.0
IND121102AAA,IND121004AAB,Carting,night,3.992857142857143,12,40.2281,29.0,1.0
IND122001AAA,IND000000ACB,Carting,evening,1.7235521235521234,20,35.73245,34.0,0.95
IND122001AAA,IND122001AAD,Carting,night,3.1538461538461537,1,12.7244,13.0,1.0
IND122001AAA,IND122001AAD,Carting,morning,3.3916666666666666,2,11.71015,11.0,1.0
IND122001AAA,IND122050AAA,Carting,morning,4.892857142857143,1,24.9983,28.0,1.0
IND122001AAA,IND122101AAC,Carting,morning,1.375,1,13.6755,16.0,1.0
IND122001AAD,IND122050AAA,Carting,night,1.263157894736842,3,15.9446,19.0,0.6666666666666666
IND122001AAD,IND122050AAA,Carting,morning,2.4761904761904763,7,16.7355,20.0,1.0
IND122001AAJ,IND507123AAA,FTL,night,0.7758620689655172,13,39.431,58.0,0.0
IND122002AAD,IND122503AAA,Carting,morning,2.285,2,29.54775,22.5,1.0
IND122004AAA,IND000000ACB,Carting,evening,1.6176470588235294,1,35.6947,34.0,1.0
IND122004AAA,IND122413AAE,Carting,night,1.588235294117647,1,35.7912,34.0,1.0
IND122004AAA,IND122413AAE,Carting,afternoon,1.8,19,35.729800000000004,34.0,1.0
IND122004AAA,IND122413AAE,Carting,evening,1.7575757575757576,23,35.8018,34.0,1.0
IND122503AAA,IND122001AAA,Carting,morning,4.5997150997151,2,34.04905,26.5,1.0
IND123001AAA,IND123401AAB,FTL,night,1.911764705882353,13,44.1692,34.0,1.0
IND123401AAB,IND000000ACB,FTL,night,2.0,3,66.0395,62.0,1.0
IND123401AAB,IND123106AAB,FTL,night,1.96,10,53.46755,50.0,1.0
IND124001AAB,IND126102AAA,FTL,night,2.520348837209302,4,60.50635,43.5,1.0
IND124103AAA,IND127021AAA,FTL,evening,1.8846153846153848,9,74.3035,52.0,1.0
IND124112AAA,IND125001AAA,FTL,afternoon,2.816161616161616,2,55.8926,44.5,1.0
IND124112AAA,IND125005AAA,FTL,afternoon,2.4507246376811596,2,56.3482,45.5,1.0
IND124112AAA,IND125033AAA,FTL,afternoon,1.7214285714285715,4,36.35185,28.5,1.0
IND124141AAA,IND000000ACB,FTL,night,2.0652768284347234,10,92.62684999999999,79.0,1.0
IND124507AAA,IND131028AAB,FTL,night,2.260869565217391,9,36.9301,45.0,1.0
IND124507AAA,IND131028AAE,FTL,night,2.511627906976744,3,42.099,44.0,1.0
IND125001AAA,IND000000ACB,FTL,afternoon,1.9925925925925927,3,170.4249,135.0,1.0
IND125001AAA,IND000000ACB,FTL,evening,2.014925373134328,7,170.8657,136.0,1.0
IND125001AAA,IND110037AAM,FTL,morning,4.916666666666667,1,172.3998,132.0,1.0
IND125001AAA,IND110037AAM,FTL,afternoon,3.6087743102668477,10,172.49515,132.0,1.0
IND125001AAA,IND125047AAB,FTL,evening,2.057142857142857,7,42.0326,35.0,1.0
IND125001AAA,IND125051AAA,FTL,evening,3.3492063492063493,1,78.5245,63.0,1.0
IND125001AAA,IND335501AAA,FTL,afternoon,7.949367088607595,1,83.99119999999999,79.0,1.0
IND125001AAA,IND335513AAA,FTL,afternoon,1.816644591611479,2,179.3139,150.5,1.0
IND125001AAA,IND335513AAA,FTL,evening,1.7466666666666666,5,179.8029,151.0,1.0
IND125001AAA,IND335523AAB,FTL,evening,3.147557328015952,4,127.0227,118.0,1.0
IND125001AAA,IND335524AAA,FTL,afternoon,1.878787878787879,1,167.7827,165.0,1.0
IND125001AAA,IND335524AAA,FTL,evening,1.9451219512195124,4,167.654,164.0,1.0
IND125005AAA,IND000000ACB,FTL,evening,1.927007299270073,5,171.9355,137.0,1.0
IND125005AAA,IND125047AAB,FTL,evening,2.1714285714285717,3,42.031400000000005,35.0,1.0
IND125005AAA,IND335513AAA,FTL,evening,1.7733333333333334,3,179.057,150.0,1.0
IND125005AAA,IND335523AAB,FTL,evening,2.6050420168067228,1,127.9463,119.0,1.0
IND125005AAA,IND335524AAA,FTL,evening,1.6818181818181819,2,169.06279999999998,166.5,1.0
IND125033AAA,IND125001AAA,FTL,afternoon,2.0,3,21.2745,17.0,1.0
IND125033AAA,IND125005AAA,FTL,afternoon,2.0620915032679736,2,21.5574,17.5,1.0
IND125047AAB,IND125050AAA,FTL,night,2.7142857142857144,1,44.6977,35.0,1.0
IND125047AAB,IND125051AAA,FTL,night,2.1653055051421664,4,68.416,57.0,1.0
IND125047AAB,IND125051AAA,FTL,evening,2.2490336009515315,6,69.2754,58.0,1.0
IND125050AAA,IND125051AAA,FTL,night,1.7186147186147185,2,23.45665,21.5,1.0
IND125051AAA,IND125111AAA,FTL,night,1.0489583333333334,4,21.792,31.0,0.0
IND125104AAA,IND125005AAA,FTL,morning,2.5871559633027523,1,152.1319,109.0,1.0
IND125111AAA,IND125121AAA,FTL,night,3.295866935483871,2,37.91675,31.5,1.0
IND125121AAA,IND125001AAA,FTL,night,2.9672413793103445,2,36.352850000000004,29.5,1.0
IND125121AAA,IND125001AAA,FTL,morning,4.066666666666666,1,37.0962,30.0,1.0
IND126102AAA,IND126116AAA,FTL,night,2.260869565217391,5,32.845,23.0,1.0
IND126102AAA,IND131301AAA,FTL,night,2.1571428571428575,2,46.69845,35.0,1.0
IND126112AAA,IND131028AAB,FTL,morning,2.2641314553990606,16,89.5139,72.0,0.9375
IND126116AAA,IND131301AAA,FTL,night,2.819672131147541,5,83.2686,61.0,1.0
IND127021AAA,IND127201AAA,FTL,night,2.1052631578947367,3,55.4497,39.0,1.0
IND127021AAA,IND127201AAA,FTL,evening,1.8157894736842104,5,54.7316,38.0,1.0
IND127201AAA,IND124141AAA,FTL,night,2.4375,3,48.4122,34.0,1.0
IND131021AAA,IND131028AAA,Carting,morning,1.75,19,12.7251,10.0,1.0
IND131021AAA,IND131028AAA,Carting,afternoon,1.625,15,12.8259,11.0,0.8666666666666667
IND131021AAA,IND131028AAA,Carting,evening,1.8,19,13.4958,12.0,0.7894736842105263
IND131028AAB,IND000000ACB,Carting,night,2.224489795918368,17,87.94239999999999,94.0,1.0
IND131028AAB,IND000000ACB,Carting,morning,1.7040816326530612,17,122.0574,97.0,0.9411764705882353
IND131028AAB,IND000000ACB,Carting,afternoon,1.865574650912997,38,89.4167,96.5,1.0
IND131028AAB,IND000000ACB,Carting,evening,1.9484536082474226,14,88.5721,94.5,1.0
IND131028AAB,IND110037AAM,Carting,night,2.2758620689655173,7,47.9002,57.0,1.0
IND131028AAB,IND124001AAB,FTL,evening,1.778846153846154,4,65.80325,54.5,1.0
IND131028AAB,IND124507AAA,FTL,evening,1.9404761904761905,10,36.71885,42.0,1.0
IND131028AAB,IND132103AAA,FTL,evening,5.326923076923077,2,59.6565,46.0,1.0
IND131028AAB,IND136118AAA,FTL,evening,1.9893617021276595,17,128.69639999999998,95.0,1.0
IND131028AAB,IND160002AAC,FTL,night,1.7938931297709924,13,182.102,130.0,1.0
IND131028AAB,IND160002AAC,FTL,morning,1.6511627906976745,10,181.1961,129.0,1.0
IND131028AAB,IND160002AAC,FTL,afternoon,1.7709923664122138,7,181.9505,129.0,1.0
IND131028AAB,IND201204AAA,FTL,evening,2.0851063829787235,9,62.7057,47.0,1.0
IND131028AAB,IND244001AAA,FTL,night,1.9290638606676342,18,201.1944,159.0,1.0
IND131028AAB,IND244001AAA,FTL,morning,1.944099378881988,1,202.5035,161.0,1.0
IND131028AAB,IND244235AAA,FTL,morning,1.7603305785123966,21,153.4476,121.0,1.0
IND131028AAB,IND247667AAA,FTL,afternoon,1.9640287769784173,5,163.0853,139.0,1.0
IND131028AAB,IND247667AAB,FTL,afternoon,1.9285714285714288,15,163.7663,140.0,1.0
IND131028AAB,IND248001AAA,FTL,afternoon,1.7934272300469485,2,245.63925,213.0,1.0
IND131028AAB,IND248001AAD,FTL,afternoon,1.8726415094339623,1,245.6096,212.0,1.0
IND131028AAB,IND249407AAA,FTL,afternoon,1.8666666666666667,1,196.1742,180.0,1.0
IND131028AAB,IND250002AAA,FTL,evening,1.808219178082192,1,89.5733,73.0,1.0
IND131028AAB,IND250002AAC,FTL,afternoon,5.625,1,89.7878,72.0,1.0
IND131028AAB,IND250609AAA,FTL,evening,2.9545454545454546,1,24.9115,22.0,1.0
IND131028AAB,IND250611AAA,FTL,evening,3.3142857142857145,3,38.9892,35.0,1.0
IND131028AAB,IND251001AAA,FTL,morning,1.7731958762886595,1,120.4588,97.0,1.0
IND131028AAB,IND251001AAA,FTL,afternoon,1.946236559139785,9,116.563,95.0,1.0
IND131028AAE,IND124507AAA,FTL,evening,1.7333333333333334,1,42.7911,45.0,1.0
IND131301AAA,IND131028AAB,FTL,night,3.0358974358974358,2,55.265699999999995,39.5,1.0
IND132001AAA,IND131028AAB,FTL,night,3.664473684210526,2,95.79400000000001,76.0,1.0
IND132001AAA,IND132103AAA,FTL,night,3.147058823529412,1,38.0852,34.0,1.0
IND132001AAA,IND132103AAB,FTL,night,4.0588235294117645,3,37.5003,32.0,1.0
IND132103AAA,IND131028AAB,FTL,afternoon,2.913793103448276,3,59.3272,45.0,1.0
IND132103AAA,IND132001AAA,FTL,night,1.7714285714285714,5,39.1595,35.0,1.0
IND132103AAB,IND131028AAB,FTL,morning,4.396480331262939,4,57.56985,43.0,1.0
IND132103AAB,IND131028AAB,FTL,afternoon,2.125,2,58.5763,44.0,1.0
IND132103AAB,IND132001AAA,FTL,night,1.496969696969697,2,39.8086,31.5,1.0
IND133004AAA,IND135001AAA,FTL,night,1.660774410774411,6,56.6245,54.0,1.0
IND134102AAA,IND174103AAA,FTL,night,2.75,14,19.97465,14.0,1.0
IND134102AAA,IND174103AAA,FTL,morning,3.14010989010989,2,19.11065,13.5,1.0
IND134109AAA,IND160002AAC,Carting,night,1.5146198830409356,2,38.9114,37.0,1.0
IND134109AAA,IND160002AAC,Carting,morning,13.81081081081081,13,43.6627,37.0,1.0
IND134203AAA,IND140501AAA,Carting,night,1.575,14,48.934200000000004,40.0,1.0
IND134203AAA,IND160002AAC,Carting,night,3.324324324324324,1,45.1598,37.0,1.0
IND135001AAA,IND173025AAA,FTL,night,2.311111111111111,11,58.3604,45.0,1.0
IND135001AAA,IND173025AAA,FTL,morning,2.4130434782608696,1,58.8717,46.0,1.0
IND136027AAA,IND132039AAA,FTL,night,1.8235294117647056,21,39.400400000000005,34.0,1.0
IND136118AAA,IND136128AAA,FTL,night,1.4001322751322751,22,28.10095,27.5,1.0
IND136128AAA,IND136027AAA,FTL,night,2.0954545454545457,22,28.820050000000002,20.0,1.0
IND140001AAA,IND140118AAA,FTL,night,1.753787878787879,18,39.8264,33.0,1.0
IND140001AAA,IND140118AAA,FTL,morning,1.9696969696969695,1,41.2101,33.0,1.0
IND140118AAA,IND160002AAC,FTL,night,1.4903846153846154,12,124.7438,104.0,1.0
IND140118AAA,IND160002AAC,FTL,morning,1.7714285714285714,5,103.0056,105.0,1.0
IND140301AAA,IND140001AAA,FTL,night,1.6666666666666667,21,26.4948,24.0,1.0
IND140301AAA,IND140901AAA,Carting,morning,2.066666666666667,19,15.2782,14.0,1.0
IND140401AAA,IND000000ACA,FTL,night,2.814814814814815,3,74.1838,52.0,1.0
IND140401AAA,IND142401AAA,FTL,night,1.5757575757575757,3,44.9258,33.0,1.0
IND140401AAA,IND147301AAA,FTL,night,1.4782608695652173,1,32.8339,23.0,1.0
IND140406AAA,IND140401AAA,FTL,night,1.5833333333333333,7,30.5845,24.0,0.7142857142857143
IND140501AAA,IND160002AAC,Carting,night,2.5,9,19.6737,15.0,1.0
IND140501AAA,IND160002AAC,Carting,morning,2.5294117647058822,5,19.6837,16.0,1.0
IND140901AAA,IND160002AAC,Carting,morning,1.8390379278445885,20,57.18415,47.0,1.0
IND140901AAA,IND160055AAA,Carting,night,1.7857142857142858,20,13.593599999999999,14.0,1.0
IND141003AAB,IND000000ACA,Carting,morning,1.813186813186813,2,13.35745,10.0,1.0
IND141003AAB,IND141109AAA,FTL,night,1.0,1,47.3357,47.0,0.0
IND141003AAB,IND142026AAA,FTL,night,1.6774193548387095,21,40.7157,31.0,1.0
IND141010AAA,IND000000ACA,Carting,morning,1.818181818181818,1,15.531,11.0,1.0
IND141109AAA,IND000000ACA,FTL,night,1.2916666666666665,18,59.772549999999995,56.5,0.5555555555555556
IND141115AAA,IND000000ACA,FTL,night,1.4488095238095235,14,29.4784,30.0,0.8571428571428571
IND142001AAB,IND151001AAA,FTL,evening,2.6515151515151514,1,85.58139999999999,66.0,1.0
IND142001AAB,IND152026AAA,FTL,evening,1.6451612903225807,29,79.5451,62.0,1.0
IND142026AAA,IND000000ACA,FTL,night,2.75,1,54.4594,40.0,1.0
IND142026AAA,IND141109AAA,FTL,night,1.436904761904762,18,23.547849999999997,35.0,1.0
IND142401AAA,IND000000ACA,FTL,night,1.75,3,28.5099,20.0,1.0
IND142401AAA,IND000000ACA,FTL,morning,2.0,3,27.3788,19.0,1.0
IND143001AAA,IND144001AAB,FTL,evening,2.272727272727273,19,85.8845,63.0,1.0
IND144001AAA,IND144040AAA,FTL,night,1.8723684210526317,16,26.034100000000002,19.5,1.0
IND144001AAB,IND000000ACA,FTL,night,2.30188679245283,21,75.6466,53.0,1.0
IND144001AAB,IND000000ACA,FTL,evening,2.7075471698113205,2,74.4444,53.0,1.0
IND144001AAB,IND143001AAA,FTL,evening,1.5,17,85.1994,63.0,1.0
IND144001AAB,IND144401AAB,Carting,night,2.0,11,14.3351,13.0,0.9090909090909091
IND144001AAB,IND144401AAB,Carting,morning,1.8214285714285712,2,14.71425,14.0,1.0
IND144001AAB,IND144601AAA,FTL,night,4.5110294117647065,2,19.59835,16.5,1.0
IND144001AAB,IND144601AAA,FTL,evening,3.6875,1,19.1176,16.0,1.0
IND144001AAB,IND160002AAC,FTL,evening,5.810344827586207,1,162.17829999999998,116.0,1.0
IND144001AAC,IND000000ACA,Carting,evening,1.649122807017544,1,76.2764,57.0,1.0
IND144001AAC,IND000000ACA,FTL,night,1.9418559876780903,6,70.4396,50.5,1.0
IND144001AAC,IND000000ACA,FTL,evening,1.8571428571428568,5,76.6045,54.0,1.0
IND144001AAC,IND160002AAC,Carting,afternoon,2.497546653796654,14,160.0267,112.5,1.0
IND144001AAC,IND160002AAC,Carting,evening,2.633928571428572,1,159.2873,112.0,1.0
IND144040AAA,IND144001AAB,FTL,night,2.13125,10,27.092750000000002,19.0,1.0
IND144401AAB,IND144001AAB,Carting,night,1.8888888888888888,7,13.544,11.0,1.0
IND144401AAB,IND144001AAB,Carting,morning,1.9583333333333335,10,13.04215,10.0,1.0
IND144514AAA,IND000000ACA,FTL,night,1.7241379310344829,1,55.3215,58.0,1.0
IND144514AAA,IND141115AAA,FTL,night,1.75,5,26.1322,28.0,1.0
IND144527AAA,IND141115AAA,FTL,night,1.8676470588235294,4,34.76015,34.0,1.0
IND144601AAA,IND144001AAA,FTL,night,2.0018382352941178,2,21.46695,16.5,1.0
IND144601AAA,IND144040AAA,FTL,night,1.7586206896551724,1,41.5967,29.0,1.0
IND145001AAA,IND176201AAA,FTL,night,1.9791666666666665,6,17.668599999999998,22.0,1.0
IND145001AAA,IND176201AAA,FTL,morning,1.4761904761904765,1,17.1646,21.0,1.0
IND145001AAA,IND176303AAA,FTL,night,1.1844660194174756,1,78.1911,103.0,0.0
IND147001AAB,IND147201AAA,FTL,night,1.3205619412515965,6,27.10445,28.0,0.8333333333333334
IND147001AAB,IND160002AAC,FTL,morning,7.090909090909091,7,45.262800000000006,33.0,1.0
IND147001AAD,IND147201AAA,FTL,night,1.5,1,26.912,28.0,1.0
IND147001AAD,IND148023AAA,FTL,night,1.253968253968254,1,58.9258,63.0,1.0
IND147001AAD,IND160002AAC,FTL,morning,4.193548387096774,5,45.5683,33.0,1.0
IND147101AAA,IND147105AAA,FTL,night,1.4166666666666667,7,26.8678,24.0,1.0
IND147101AAA,IND160002AAC,FTL,night,7.017241379310345,1,76.0523,58.0,1.0
IND147105AAA,IND147101AAA,FTL,night,1.4230769230769231,1,28.1092,26.0,1.0
IND147105AAA,IND160002AAC,FTL,night,8.411764705882353,7,105.6492,85.0,1.0
IND147201AAA,IND148023AAA,FTL,night,1.121212121212121,6,30.414450000000002,33.0,0.16666666666666666
IND147301AAA,IND000000ACA,FTL,night,1.5333333333333334,1,36.9875,30.0,1.0
IND147301AAA,IND140401AAA,FTL,night,1.3333333333333333,1,39.0861,30.0,1.0
IND148023AAA,IND148001AAA,FTL,night,1.3408045977011493,2,32.92355,29.5,1.0
IND148023AAA,IND148024AAB,FTL,night,2.0,1,19.4578,18.0,1.0
IND148028AAA,IND147001AAB,FTL,night,1.8113207547169812,10,65.09275,53.0,1.0
IND148028AAA,IND147001AAD,FTL,night,1.7980769230769234,2,63.2515,51.5,1.0
IND148102AAA,IND151001AAA,FTL,night,1.827586206896552,1,68.315,58.0,1.0
IND151001AAA,IND148101AAA,FTL,night,1.223609872137972,8,60.82,57.5,0.5
IND151001AAA,IND151103AAA,FTL,night,1.4735449735449735,4,28.423949999999998,27.0,1.0
IND151001AAA,IND151302AAA,FTL,night,0.8292682926829268,11,54.5126,41.0,0.09090909090909091
IND151001AAA,IND160002AAC,FTL,evening,1.5345911949685536,21,203.2861,159.0,1.0
IND151103AAA,IND151001AAA,FTL,night,15.672364672364672,2,28.80985,26.5,1.0
IND151302AAA,IND151505AAA,FTL,night,0.8947368421052632,15,43.9908,38.0,0.06666666666666667
IND151505AAA,IND151506AAA,FTL,night,1.7692307692307692,5,33.994699999999995,27.0,0.6
IND151506AAA,IND151001AAA,FTL,night,1.3969594594594594,16,82.46549999999999,74.0,0.9375
IND151506AAA,IND151001AAA,FTL,morning,1.3194444444444444,2,81.1652,72.0,1.0
IND152024AAA,IND152123AAA,FTL,night,1.732258064516129,2,33.01095,30.5,1.0
IND152026AAA,IND000000ACA,FTL,evening,4.533333333333333,19,159.7357,121.0,1.0
IND152026AAA,IND151001AAA,FTL,evening,1.018867924528302,11,51.3308,53.0,0.09090909090909091
IND152026AAA,IND152024AAA,FTL,night,2.0,2,30.62065,21.0,1.0
IND152026AAA,IND152101AAA,FTL,night,1.1764705882352942,1,47.0594,34.0,0.0
IND152026AAA,IND152107AAA,FTL,night,2.095238095238096,1,30.0671,21.0,1.0
IND152026AAA,IND152116AAA,FTL,night,1.5,2,57.939499999999995,41.0,1.0
IND152026AAA,IND160002AAC,FTL,evening,4.505555555555556,1,243.8385,180.0,1.0
IND152101AAA,IND152026AAA,FTL,night,2.2272727272727275,2,46.7525,33.0,1.0
IND152107AAA,IND152026AAA,FTL,night,4.173913043478261,1,33.243,23.0,1.0
IND152116AAA,IND152026AAA,FTL,night,2.3902439024390243,1,58.2905,41.0,1.0
IND152123AAA,IND152026AAA,FTL,night,2.480769230769231,1,62.9841,52.0,1.0
IND160002AAC,IND000000ACA,FTL,night,2.015873015873016,17,88.9113,62.0,1.0
IND160002AAC,IND000000ACA,FTL,morning,1.8918067226890756,10,90.16235,63.0,1.0
IND160002AAC,IND000000ACA,FTL,afternoon,1.608695652173913,1,97.5878,69.0,1.0
IND160002AAC,IND000000ACB,FTL,night,2.1800947867298577,17,279.8392,211.0,1.0
IND160002AAC,IND000000ACB,FTL,morning,1.919431279620853,15,280.21540000000005,211.0,1.0
IND160002AAC,IND000000ACB,FTL,afternoon,2.147619047619048,6,279.61855,211.0,1.0
IND160002AAC,IND000000ACB,FTL,evening,2.0142403648394884,28,281.00075000000004,212.0,1.0
IND160002AAC,IND110037AAM,FTL,afternoon,1.8054054054054052,9,229.1577,185.0,1.0
IND160002AAC,IND131028AAB,FTL,evening,1.9154387833599622,12,182.03404999999998,129.5,1.0
IND160002AAC,IND134203AAA,Carting,night,2.810810810810811,1,44.8425,37.0,1.0
IND160002AAC,IND135001AAA,FTL,night,1.8688524590163933,1,67.1824,61.0,1.0
IND160002AAC,IND140301AAA,FTL,night,1.434782608695652,18,38.347049999999996,47.0,0.9444444444444444
IND160002AAC,IND140301AAA,FTL,evening,1.5217391304347827,3,37.6563,46.0,1.0
IND160002AAC,IND140603AAA,Carting,night,1.2456896551724137,16,29.4786,29.0,0.75
IND160002AAC,IND140603AAA,Carting,morning,1.2857142857142858,11,28.9519,28.0,0.8181818181818182
IND160002AAC,IND140603AAA,Carting,evening,1.3214285714285714,2,28.871250000000003,28.0,1.0
IND160002AAC,IND140901AAA,Carting,night,1.5,19,56.9749,47.0,1.0
IND160002AAC,IND140901AAA,Carting,evening,1.2659574468085106,2,57.2087,47.0,1.0
IND160002AAC,IND142001AAB,FTL,afternoon,1.8360875706214688,18,164.47115000000002,118.5,1.0
IND160002AAC,IND143001AAA,FTL,morning,1.9830508474576272,11,246.7401,176.0,1.0
IND160002AAC,IND144001AAB,FTL,morning,2.1756756756756754,12,159.65044999999998,113.5,1.0
IND160002AAC,IND144001AAB,FTL,afternoon,2.0357142857142856,1,158.5797,112.0,1.0
IND160002AAC,IND147001AAB,FTL,evening,2.055555555555556,3,46.7842,35.0,1.0
IND160002AAC,IND147001AAD,FTL,evening,2.0526315789473686,7,52.5001,38.0,1.0
IND160002AAC,IND147101AAA,FTL,evening,2.23728813559322,9,73.8163,59.0,1.0
IND160002AAC,IND147105AAA,FTL,evening,2.0595238095238093,3,102.25,85.0,1.0
IND160002AAC,IND151001AAA,FTL,night,1.725609756097561,1,211.9728,164.0,1.0
IND160002AAC,IND151001AAA,FTL,morning,1.7134146341463414,13,203.6695,158.0,1.0
IND160002AAC,IND151001AAA,FTL,afternoon,1.5569620253164558,1,203.9193,158.0,1.0
IND160002AAC,IND160003AAA,Carting,morning,2.0,1,41.4919,31.0,1.0
IND160002AAC,IND160055AAA,Carting,night,1.0357142857142856,6,33.92315,42.5,0.0
IND160002AAC,IND160055AAA,Carting,morning,1.0987804878048781,10,33.82835,41.5,0.3
IND160002AAC,IND160102AAC,Carting,night,1.910924369747899,14,44.6556,35.0,1.0
IND160002AAC,IND160102AAC,Carting,afternoon,1.6357142857142857,4,45.0459,35.5,1.0
IND160002AAC,IND160102AAC,Carting,evening,1.5294117647058822,7,44.6075,35.0,1.0
IND160002AAC,IND173212AAA,FTL,evening,2.1426985370950886,18,99.599,88.0,1.0
IND160002AAC,IND174001AAA,FTL,evening,2.043011305241521,16,180.0813,139.0,1.0
IND160002AAC,IND174103AAA,FTL,evening,1.3076923076923077,1,77.5153,65.0,1.0
IND160002AAC,IND174307AAA,FTL,night,1.3111111111111111,1,194.4275,180.0,1.0
IND160002AAC,IND174307AAA,FTL,evening,1.3555555555555556,13,194.4836,181.0,1.0
IND160002AAC,IND176041AAA,FTL,evening,1.4383332559111812,2,216.5543,207.5,1.0
IND160002AAC,IND181152AAA,FTL,morning,1.8603896103896105,2,377.77835,308.0,1.0
IND160002AAC,IND184104AAA,FTL,morning,1.8775933609958506,6,307.71580000000006,241.0,1.0
IND160002AAC,IND421302AAG,FTL,morning,2.535964912280701,1,1584.1409,1140.0,1.0
IND160002AAC,IND562132AAA,FTL,evening,2.244365361803084,1,2326.1991000000003,1686.0,1.0
IND160003AAA,IND160002AAC,Carting,morning,3.0,1,44.446,34.0,1.0
IND160055AAA,IND160002AAC,Carting,night,1.1,21,33.5366,41.0,0.38095238095238093
IND160102AAC,IND160002AAC,Carting,night,1.9379084967320261,4,44.7203,34.5,1.0
IND160102AAC,IND160002AAC,Carting,morning,2.485294117647059,2,44.450450000000004,34.0,1.0
IND160102AAC,IND160002AAC,Carting,afternoon,2.1882352941176473,10,44.6786,34.0,1.0
IND160102AAC,IND160002AAC,Carting,evening,1.9705882352941178,12,44.19725,34.0,1.0
IND160102AAD,IND160002AAC,Carting,night,1.5900735294117647,12,43.6608,34.0,1.0
IND160102AAD,IND160002AAD,Carting,afternoon,2.117647058823529,3,44.446,34.0,1.0
IND173025AAA,IND160002AAC,FTL,night,2.506868686868687,8,106.42869999999999,100.0,1.0
IND173025AAA,IND160002AAC,FTL,morning,2.198019801980198,3,106.4389,100.0,1.0
IND173212AAA,IND134102AAA,FTL,night,3.909090909090909,1,43.2668,33.0,1.0
IND173212AAA,IND134102AAA,FTL,morning,3.787878787878788,1,43.2473,33.0,1.0
IND173212AAA,IND160002AAC,FTL,morning,2.0105263157894737,1,101.7296,95.0,1.0
IND173212AAA,IND173220AAA,FTL,night,3.3076923076923075,5,36.8201,28.0,1.0
IND173212AAA,IND174103AAA,FTL,night,3.375,1,58.7798,48.0,1.0
IND173220AAA,IND173212AAA,FTL,night,3.53125,1,41.0419,32.0,1.0
IND173220AAA,IND174103AAA,FTL,night,2.066666666666667,1,20.8783,15.0,1.0
IND173220AAA,IND174103AAA,FTL,morning,3.1904761904761907,1,21.6806,21.0,1.0
IND174001AAA,IND175018AAA,FTL,night,2.5185185185185186,15,37.6677,26.0,1.0
IND174021AAA,IND176048AAA,FTL,night,1.945925925925926,10,28.26305,26.5,1.0
IND174021AAA,IND176048AAA,FTL,morning,2.4512820512820515,2,28.565450000000002,28.0,1.0
IND174101AAB,IND134102AAA,FTL,night,2.6666666666666665,1,30.2666,21.0,1.0
IND174101AAB,IND160002AAC,FTL,night,2.961038961038961,1,93.4144,77.0,1.0
IND174101AAB,IND160002AAC,FTL,morning,2.5032467532467533,10,92.99215000000001,77.0,1.0
IND174103AAA,IND160002AAC,FTL,night,3.184615384615385,4,72.84325,65.0,1.0
IND174103AAA,IND160002AAC,FTL,morning,2.2691142191142193,2,77.62615,65.5,1.0
IND174307AAA,IND176041AAA,FTL,night,1.0573294629898404,16,35.7132,53.5,0.25
IND174307AAA,IND176041AAA,FTL,morning,1.2142857142857142,1,37.4275,56.0,1.0
IND175001AAA,IND175101AAA,FTL,night,2.0001801801801804,10,63.36945,74.0,1.0
IND175001AAA,IND175101AAA,FTL,morning,1.8630136986301369,7,63.528,75.0,1.0
IND175015AAA,IND174001AAA,FTL,morning,7.263157894736842,13,121.195,131.0,1.0
IND175018AAA,IND175001AAA,FTL,night,2.8,13,22.009,15.0,1.0
IND175018AAA,IND175001AAA,FTL,morning,3.066666666666667,3,22.2548,15.0,1.0
IND175101AAA,IND160002AAC,FTL,morning,2.2825844205408004,4,284.94085,264.5,1.0
IND176048AAA,IND175015AAA,FTL,night,2.0526315789473686,7,79.0679,95.0,1.0
IND176048AAA,IND175015AAA,FTL,morning,1.842331635540464,4,77.71844999999999,94.0,1.0
IND176061AAA,IND160002AAC,FTL,morning,2.025270758122744,1,275.6546,277.0,1.0
IND176061AAA,IND160002AAC,FTL,afternoon,4.003571428571429,1,301.92240000000004,280.0,1.0
IND176110AAB,IND177033AAA,FTL,morning,2.1,9,27.3424,30.0,1.0
IND176201AAA,IND176303AAA,FTL,morning,1.6027397260273972,9,65.2679,74.0,1.0
IND176215AAA,IND176061AAA,FTL,morning,1.7229417206290472,2,33.57645,46.5,1.0
IND176215AAA,IND176061AAA,FTL,afternoon,1.8695652173913044,1,33.229800000000004,46.0,1.0
IND176303AAA,IND176310AAA,FTL,morning,1.335704291044776,10,45.695350000000005,69.0,0.8
IND176310AAA,IND145001AAA,FTL,morning,6.203699925185337,10,123.83125,171.0,1.0
IND176310AAA,IND145001AAA,FTL,afternoon,5.788235294117647,3,124.2269,172.0,1.0
IND177001AAA,IND176110AAB,FTL,night,1.809523809523809,5,23.3734,21.0,1.0
IND177001AAA,IND176110AAB,FTL,morning,1.8136363636363635,2,26.1282,26.0,1.0
IND177033AAA,IND160002AAC,FTL,morning,2.886503443374262,18,214.3071,201.0,1.0
IND177101AAA,IND176001AAA,FTL,morning,1.6966101694915254,2,43.86415,59.5,1.0
IND177101AAA,IND176001AAB,FTL,night,1.2203389830508475,1,42.9878,59.0,1.0
IND177203AAA,IND177101AAA,FTL,night,2.328185328185328,2,31.656950000000002,36.0,1.0
IND177203AAA,IND177101AAA,FTL,morning,1.4054054054054057,1,32.1649,37.0,1.0
IND181152AAA,IND184121AAA,FTL,morning,1.4666666666666666,5,36.5022,32.0,1.0
IND181152AAB,IND160002AAC,FTL,morning,1.983221476510067,1,376.721,298.0,1.0
IND181152AAB,IND181201AAB,Carting,night,3.217391304347826,7,32.1035,23.0,1.0
IND181152AAB,IND184121AAA,FTL,night,1.5625,1,36.4395,32.0,1.0
IND181152AAB,IND184121AAA,FTL,morning,1.71875,3,36.485800000000005,32.0,1.0
IND181201AAB,IND181152AAB,Carting,night,4.304347826086956,3,31.1147,23.0,1.0
IND181201AAB,IND181152AAB,Carting,morning,5.130434782608695,5,33.3927,26.0,1.0
IND184104AAA,IND160002AAC,FTL,morning,1.8668192219679636,4,300.79385,229.0,1.0
IND184104AAA,IND181152AAA,FTL,night,1.4857142857142858,3,77.41760000000001,70.0,1.0
IND184104AAA,IND181152AAB,FTL,night,1.367907444668008,2,77.80655,70.5,1.0
IND184104AAA,IND184121AAA,FTL,night,1.3003205128205129,2,42.491200000000006,39.5,0.5
IND184104AAA,IND184121AAA,FTL,evening,1.6428571428571428,1,45.6071,42.0,1.0
IND184121AAA,IND160002AAC,FTL,morning,1.8680876720102142,4,340.7445,266.0,1.0
IND184121AAA,IND160002AAC,FTL,afternoon,1.7849056603773583,1,340.6044,265.0,1.0
IND184121AAA,IND181152AAA,FTL,night,1.375,1,36.7359,32.0,1.0
IND184121AAA,IND181152AAB,FTL,night,1.3225806451612905,1,34.7509,31.0,1.0
IND184121AAA,IND184104AAA,FTL,morning,1.205128205128205,3,41.0848,38.0,0.6666666666666666
IND201001AAA,IND201007AAA,Carting,night,2.9642857142857144,2,11.009,14.0,1.0
IND201001AAA,IND201007AAA,Carting,morning,3.3076923076923075,2,10.35565,13.0,1.0
IND201001AAC,IND000000ACB,Carting,night,2.4705882352941178,1,85.1514,85.0,1.0
IND201001AAC,IND110037AAM,Carting,afternoon,2.2045454545454546,1,41.779,44.0,1.0
IND201001AAC,IND110037AAM,Carting,evening,1.4545454545454546,1,41.8415,44.0,1.0
IND201005AAA,IND201007AAA,Carting,night,3.2857142857142856,1,10.9884,14.0,1.0
IND201007AAA,IND201001AAA,Carting,night,1.6553030303030303,2,10.4372,11.5,1.0
IND201007AAA,IND201005AAA,Carting,evening,5.0625,1,12.7747,16.0,1.0
IND201007AAA,IND201007AAB,Carting,morning,5.368421052631579,1,13.7023,19.0,1.0
IND201007AAA,IND245101AAA,Carting,night,2.047169811320755,2,45.9469,53.0,1.0
IND201007AAA,IND245304AAA,Carting,night,1.947368421052632,3,32.4122,38.0,1.0
IND201007AAA,IND245304AAA,Carting,evening,2.266002844950213,8,32.59885,38.0,1.0
IND201007AAB,IND110044AAB,Carting,afternoon,1.7543103448275863,8,28.59585,33.5,1.0
IND201007AAB,IND110044AAB,Carting,evening,1.475,2,27.74475,31.5,0.5
IND201007AAB,IND201007AAA,Carting,afternoon,4.035714285714286,2,11.77685,14.0,1.0
IND201007AAB,IND201301AAF,Carting,afternoon,3.247916666666667,4,13.0866,16.0,1.0
IND201007AAB,IND201301AAF,Carting,evening,2.466666666666667,1,12.2462,15.0,1.0
IND201204AAA,IND250002AAA,FTL,night,1.6428571428571428,6,23.08345,21.0,0.8333333333333334
IND201301AAD,IND110037AAM,Carting,morning,5.252123552123551,2,35.39905,36.0,1.0
IND201301AAF,IND201301AAL,Carting,morning,1.4166666666666667,1,21.5816,24.0,1.0
IND201301AAF,IND201304AAA,Carting,night,1.7777777777777777,1,13.1697,18.0,1.0
IND201301AAF,IND201304AAA,Carting,morning,1.8395833333333333,6,11.0915,15.5,1.0
IND201301AAF,IND201304AAA,Carting,evening,1.3333333333333333,5,11.6562,16.0,1.0
IND201301AAF,IND203205AAA,FTL,night,2.2111111111111112,2,44.990899999999996,45.0,1.0
IND201301AAF,IND203205AAA,FTL,evening,1.9782608695652173,17,45.0309,45.0,1.0
IND201301AAL,IND201301AAF,Carting,night,1.6108333333333333,6,23.624850000000002,26.0,1.0
IND201301AAL,IND201301AAF,Carting,morning,1.7333333333333334,5,23.3817,26.0,1.0
IND201301AAL,IND201307AAA,Carting,night,1.2506265664160399,4,19.24185,20.5,0.75
IND201301AAL,IND201307AAA,Carting,morning,1.4285714285714286,1,19.5069,21.0,1.0
IND201301AAM,IND000000ACB,Carting,night,3.188311688311688,8,80.08930000000001,78.0,1.0
IND201301AAM,IND000000ACB,Carting,afternoon,2.0384615384615383,1,79.3328,78.0,1.0
IND201301AAM,IND000000ACB,Carting,evening,2.486927546138072,18,79.98714999999999,77.0,1.0
IND201304AAA,IND201301AAF,Carting,night,2.287179487179487,8,11.2368,13.0,1.0
IND201304AAA,IND201301AAF,Carting,morning,2.178571428571429,10,11.5518,14.0,1.0
IND201306AAA,IND201301AAF,Carting,night,3.263157894736842,3,17.2767,19.0,1.0
IND201306AAA,IND201301AAF,Carting,morning,2.736842105263158,5,17.626,19.0,1.0
IND201306AAA,IND201304AAA,Carting,night,11.6,1,13.3995,15.0,1.0
IND201307AAA,IND201301AAL,Carting,night,1.1666666666666667,15,20.5641,23.0,0.4666666666666667
IND201307AAA,IND201301AAL,Carting,morning,1.35,13,18.822,20.0,0.6923076923076923
IND202001AAB,IND110037AAM,FTL,night,2.0846153846153848,1,147.5217,130.0,1.0
IND202001AAB,IND205001AAB,FTL,afternoon,2.543269230769231,8,136.7223,104.0,1.0
IND202001AAB,IND207123AAA,FTL,evening,2.8108974358974357,2,71.01745,51.5,1.0
IND202001AAB,IND282002AAD,FTL,morning,2.6619718309859155,1,88.45139999999999,71.0,1.0
IND202001AAB,IND282002AAD,FTL,afternoon,2.472972972972973,1,92.1309,74.0,1.0
IND202001AAB,IND282002AAD,FTL,evening,1.7815022815022816,8,92.46000000000001,74.0,1.0
IND202001AAC,IND204215AAA,Carting,night,2.8001672240802673,4,34.220699999999994,24.0,1.0
IND203001AAA,IND203131AAA,FTL,night,3.615384615384616,5,17.2807,12.0,1.0
IND203131AAA,IND203135AAA,FTL,night,1.5,16,34.75995,38.0,1.0
IND203135AAA,IND203390AAA,FTL,night,1.5401509951956074,4,84.21385000000001,92.5,1.0
IND203135AAA,IND203396AAB,FTL,night,1.5517241379310345,12,55.8355,57.5,1.0
IND203390AAA,IND201301AAF,FTL,morning,2.5958440721649483,20,103.09845,96.0,1.0
IND203396AAB,IND203390AAA,FTL,morning,1.3333333333333333,15,43.1407,39.0,0.9333333333333333
IND204101AAA,IND202001AAB,FTL,night,2.961337513061651,2,40.3863,31.0,1.0
IND204101AAA,IND282002AAD,FTL,night,7.888719512195122,2,47.82815000000001,40.5,1.0
IND204215AAA,IND207001AAA,Carting,night,3.1363636363636367,6,32.1965,22.5,1.0
IND205001AAB,IND110037AAM,FTL,evening,3.3189655172413794,1,285.3218,232.0,1.0
IND205001AAB,IND205135AAA,Carting,evening,2.025,1,43.6495,40.0,1.0
IND205001AAB,IND205135AAA,FTL,afternoon,1.95,1,43.369800000000005,40.0,1.0
IND205001AAB,IND205135AAA,FTL,evening,3.3838254172015403,6,43.715450000000004,39.5,1.0
IND205001AAB,IND209625AAA,FTL,evening,2.6779661016949152,1,65.611,59.0,1.0
IND205001AAB,IND209721AAB,FTL,afternoon,2.690909090909091,2,54.05165,42.0,1.0
IND205001AAB,IND209721AAB,FTL,evening,2.2125,8,52.995850000000004,40.5,1.0
IND205001AAB,IND283203AAA,FTL,evening,4.689655172413793,1,66.034,58.0,1.0
IND205135AAA,IND283203AAA,Carting,night,2.3157894736842106,1,23.6153,19.0,1.0
IND205135AAA,IND283203AAA,FTL,night,2.176470588235294,12,22.3859,18.0,1.0
IND206001AAA,IND000000ACB,FTL,night,1.9594093910491561,20,310.43625,233.0,1.0
IND206122AAA,IND206001AAA,FTL,night,1.4893617021276595,19,66.91369999999999,47.0,0.8421052631578947
IND207001AAA,IND207302AAA,Carting,night,1.6667682926829268,6,40.929500000000004,40.5,1.0
IND207123AAA,IND202001AAB,FTL,night,8.098039215686274,1,70.0116,51.0,1.0
IND207247AAB,IND205001AAB,FTL,morning,2.333333333333333,9,51.4793,54.0,1.0
IND207247AAB,IND205001AAB,FTL,afternoon,1.7777777777777777,1,51.094800000000006,54.0,1.0
IND207302AAA,IND202001AAB,Carting,night,6.529611844737895,4,69.0831,51.0,1.0
IND207302AAA,IND202001AAB,Carting,morning,2.0720663265306123,2,66.4473,48.5,1.0
IND208006AAA,IND209304AAA,Carting,night,7.916666666666667,3,30.0545,24.0,1.0
IND208012AAA,IND209304AAA,Carting,night,41.5,13,18.1243,15.0,1.0
IND208017AAA,IND209304AAA,Carting,night,29.75,1,13.2414,12.0,1.0
IND208017AAA,IND209304AAA,Carting,afternoon,16.8125,5,13.9435,12.0,1.0
IND208019AAA,IND209304AAA,Carting,afternoon,11.284926470588236,6,16.37985,16.0,1.0
IND209101AAA,IND209111AAA,FTL,night,0.8,13,64.4357,45.0,0.07692307692307693
IND209101AAA,IND209111AAA,FTL,morning,1.2173913043478262,1,64.6743,46.0,1.0
IND209111AAA,IND285001AAD,FTL,night,2.15515873015873,20,49.962149999999994,36.0,1.0
IND209111AAA,IND285001AAD,FTL,morning,2.555555555555556,1,49.9361,36.0,1.0
IND209206AAB,IND210301AAA,Carting,night,2.2,15,21.6843,15.0,1.0
IND209304AAA,IND000000ACB,FTL,night,1.9051987767584095,13,445.7324,328.0,1.0
IND209304AAA,IND000000ACB,FTL,morning,2.019877675840979,12,445.31765,327.5,1.0
IND209304AAA,IND000000ACB,FTL,afternoon,1.902140672782875,9,445.3985,328.0,1.0
IND209304AAA,IND000000ACB,FTL,evening,2.2613981762917934,1,447.2643,329.0,1.0
IND209304AAA,IND110037AAM,FTL,morning,2.5058479532163744,5,467.9725,342.0,1.0
IND209304AAA,IND110037AAM,FTL,afternoon,2.032258064516129,1,467.4777,341.0,1.0
IND209304AAA,IND206122AAA,FTL,afternoon,1.6494472789115646,14,70.33945,49.0,1.0
IND209304AAA,IND206122AAA,FTL,evening,1.5918367346938775,6,70.18475000000001,49.0,1.0
IND209304AAA,IND208006AAA,Carting,night,1.48,8,30.67055,25.0,0.75
IND209304AAA,IND208006AAA,Carting,evening,2.23,6,29.71535,24.5,0.6666666666666666
IND209304AAA,IND208012AAA,Carting,night,1.3,16,57.32445,43.0,0.5
IND209304AAA,IND208012AAA,Carting,evening,1.75,5,18.5874,16.0,0.6
IND209304AAA,IND208019AAA,Carting,night,4.5,8,16.248350000000002,15.0,1.0
IND209304AAA,IND208019AAA,Carting,evening,5.6875,10,16.2845,16.0,1.0
IND209304AAA,IND209101AAA,FTL,night,11.3,2,21.386400000000002,15.0,1.0
IND209304AAA,IND209101AAA,FTL,evening,3.0,14,20.2375,14.0,0.8571428571428571
IND209304AAA,IND209206AAB,Carting,night,0.809134906231095,2,57.368700000000004,57.5,0.0
IND209304AAA,IND209206AAB,Carting,evening,0.7982456140350878,16,57.5607,58.0,0.0625
IND209304AAA,IND209801AAA,Carting,night,2.681818181818182,20,47.52345,33.0,0.85
IND209304AAA,IND211002AAB,FTL,afternoon,1.5002050173332835,10,214.38585,165.5,0.9
IND209304AAA,IND211002AAB,FTL,evening,1.5755395683453235,11,196.4424,139.0,0.9090909090909091
IND209304AAA,IND212601AAA,FTL,night,1.9852941176470589,3,96.6165,68.0,0.6666666666666666
IND209304AAA,IND212601AAA,FTL,evening,2.2238805970149254,13,96.6751,68.0,1.0
IND209304AAA,IND221313AAA,FTL,afternoon,2.0562770562770565,6,326.2649,231.0,1.0
IND209304AAA,IND282001AAA,FTL,morning,2.5612229745782846,8,259.29195000000004,182.5,1.0
IND209304AAA,IND282001AAA,FTL,afternoon,1.6229508196721312,1,259.3381,183.0,1.0
IND209625AAA,IND241124AAB,FTL,night,1.3587412587412588,10,52.556799999999996,65.0,0.8
IND209625AAA,IND241124AAB,FTL,evening,1.4307692307692308,1,51.628800000000005,65.0,1.0
IND209721AAB,IND209625AAA,FTL,night,1.3142361111111112,6,28.744349999999997,32.0,0.6666666666666666
IND209721AAB,IND209625AAA,FTL,evening,1.3707386363636362,4,28.8953,32.0,1.0
IND209801AAA,IND209304AAA,Carting,night,20.75757575757576,5,46.0073,32.0,1.0
IND210001AAA,IND210427AAA,FTL,night,3.997638326585695,2,53.9441,38.5,1.0
IND210001AAA,IND210427AAA,FTL,morning,3.7521341463414632,8,55.05015,40.0,1.0
IND210427AAA,IND209304AAA,FTL,morning,2.9915254237288136,7,164.1901,118.0,1.0
IND210427AAA,IND209304AAA,FTL,afternoon,3.995621409555836,2,164.49155000000002,119.5,1.0
IND210431AAA,IND209304AAA,FTL,morning,2.3346846846846843,4,125.5453,110.5,1.0
IND210431AAA,IND209304AAA,FTL,afternoon,4.633928571428571,1,126.8075,112.0,1.0
IND210501AAB,IND209304AAA,Carting,night,2.4835164835164836,14,115.49244999999999,91.0,1.0
IND210501AAB,IND209304AAA,Carting,morning,1.8956043956043955,2,115.35390000000001,91.0,1.0
IND211002AAB,IND209304AAA,FTL,night,1.855072463768116,16,195.95745,138.0,1.0
IND211002AAB,IND211011AAA,Carting,night,4.625,13,10.3753,7.0,1.0
IND211002AAB,IND211013AAA,Carting,night,5.071428571428571,7,20.5758,15.0,1.0
IND211002AAB,IND485001AAC,FTL,night,2.473684210526316,13,185.3955,133.0,1.0
IND211008AAA,IND211002AAB,Carting,night,9.875,1,22.7166,16.0,1.0
IND211008AAA,IND211002AAB,Carting,morning,8.6875,5,22.9517,16.0,1.0
IND211011AAA,IND212501AAA,Carting,night,4.1190476190476195,12,30.516199999999998,21.0,1.0
IND211011AAA,IND212501AAA,Carting,morning,3.857142857142857,1,30.0641,21.0,1.0
IND212402AAA,IND211002AAB,Carting,morning,29.13888888888889,13,48.8429,36.0,1.0
IND212501AAA,IND212402AAA,Carting,morning,1.72,13,23.4775,25.0,1.0
IND212601AAA,IND210001AAA,FTL,night,2.327586206896552,15,88.9028,64.0,1.0
IND212601AAA,IND210001AAA,FTL,morning,2.3793103448275863,1,79.261,58.0,1.0
IND221010AAB,IND222001AAA,FTL,morning,2.731707317073171,1,57.9928,41.0,1.0
IND221010AAB,IND232101AAB,Carting,afternoon,27.0,1,25.0859,21.0,1.0
IND221010AAB,IND233001AAA,FTL,morning,12.6,1,78.42460000000001,55.0,1.0
IND221010AAB,IND233001AAA,FTL,afternoon,9.847883597883598,2,78.30615,55.0,1.0
IND221303AAA,IND231001AAA,FTL,night,1.625,3,29.2527,23.0,1.0
IND221313AAA,IND211002AAB,FTL,morning,4.210086489013557,4,130.92185,92.5,1.0
IND221313AAA,IND211002AAB,FTL,afternoon,3.5698924731182795,2,131.39815000000002,93.0,1.0
IND221313AAA,IND221010AAA,Carting,morning,6.375,1,11.7824,8.0,1.0
IND221313AAA,IND221401AAA,FTL,afternoon,16.714285714285715,1,47.8665,35.0,1.0
IND221313AAA,IND222136AAA,FTL,morning,18.35,1,56.2867,40.0,1.0
IND221313AAA,IND232101AAB,Carting,afternoon,28.727272727272727,3,29.6438,22.0,1.0
IND221313AAA,IND276128AAA,FTL,afternoon,10.120923306031273,2,109.2236,82.0,1.0
IND221401AAA,IND221303AAA,FTL,night,2.71875,2,17.918,16.0,1.0
IND221706AAA,IND273014AAB,FTL,morning,4.083333333333333,11,116.7072,82.0,1.0
IND222001AAA,IND222136AAA,FTL,evening,2.9166666666666665,1,17.665200000000002,12.0,1.0
IND222125AAB,IND222001AAA,FTL,morning,2.7777777777777777,1,26.3353,18.0,1.0
IND223101AAB,IND222125AAB,FTL,morning,2.074074074074074,7,29.0356,26.0,1.0
IND224001AAA,IND224141AAB,Carting,morning,2.925925925925926,11,36.7309,27.0,1.0
IND224001AAA,IND224141AAB,FTL,morning,3.333333333333333,2,33.92485,24.0,1.0
IND224141AAB,IND224122AAA,Carting,morning,3.0,13,27.8756,20.0,1.0
IND224141AAB,IND224122AAA,Carting,afternoon,2.9,3,27.3849,19.0,1.0
IND224141AAB,IND224122AAA,FTL,afternoon,2.8947368421052637,1,27.3162,19.0,1.0
IND226004AAA,IND226016AAA,Carting,night,4.207608695652174,6,20.3084,20.0,1.0
IND226004AAA,IND226024AAA,Carting,night,2.6923076923076925,1,19.077,13.0,1.0
IND231205AAA,IND231216AAA,FTL,morning,3.3,3,22.9972,21.0,1.0
IND231208AAA,IND231217AAA,FTL,night,1.565217391304348,1,33.2682,23.0,1.0
IND231208AAA,IND231217AAA,FTL,evening,1.875,5,34.023300000000006,24.0,1.0
IND231217AAA,IND231225AAB,FTL,night,2.4,7,36.3769,26.0,1.0
IND231225AAB,IND486886AAA,FTL,night,1.6296296296296295,7,23.9771,27.0,1.0
IND232101AAB,IND232104AAB,Carting,night,3.230769230769231,7,14.0639,11.0,1.0
IND232104AAB,IND221010AAB,Carting,night,2.4,1,36.537,30.0,1.0
IND232104AAB,IND232327AAA,Carting,night,2.571428571428572,1,67.4706,63.0,1.0
IND232104AAB,IND233221AAC,Carting,night,2.747171945701357,2,70.1466,51.5,1.0
IND233001AAA,IND275101AAA,FTL,night,3.4482758620689653,3,41.6421,29.0,1.0
IND233001AAA,IND275503AAA,FTL,night,3.452380952380953,1,59.8164,42.0,1.0
IND241124AAB,IND242001AAA,FTL,night,2.1856617647058822,4,23.759149999999998,16.5,1.0
IND242001AAA,IND242307AAB,FTL,night,6.230769230769231,1,19.7927,13.0,1.0
IND242221AAA,IND207247AAB,FTL,night,2.827167277167277,4,89.4525,90.0,1.0
IND242221AAA,IND207247AAB,FTL,morning,3.2111111111111112,1,89.7254,90.0,1.0
IND242307AAB,IND207247AAB,FTL,night,2.268939393939394,2,139.67835,132.0,1.0
IND242307AAB,IND207247AAB,FTL,morning,2.015151515151515,3,139.6326,132.0,1.0
IND242307AAB,IND242221AAA,FTL,night,1.4634146341463414,5,50.1024,41.0,1.0
IND243001AAA,IND243503AAB,FTL,night,2.2962962962962963,13,27.4398,27.0,1.0
IND243001AAA,IND244901AAB,FTL,night,2.0222222222222226,2,60.4207,45.0,1.0
IND243002AAA,IND243503AAB,FTL,night,2.185185185185185,1,26.236,27.0,1.0
IND243201AAA,IND262001AAA,Carting,night,2.0204545454545455,4,45.21255,44.0,1.0
IND243301AAB,IND244901AAB,FTL,night,1.3214285714285714,9,69.60910000000001,85.0,0.7777777777777778
IND243301AAB,IND244901AAB,FTL,morning,1.4482758620689655,1,69.80860000000001,87.0,1.0
IND243301AAB,IND244901AAC,FTL,night,1.2,1,69.4807,85.0,0.0
IND243301AAB,IND244901AAC,FTL,morning,1.3647058823529412,1,69.14460000000001,85.0,1.0
IND243503AAB,IND244901AAB,FTL,night,2.729647218453189,10,93.6921,66.0,1.0
IND243503AAB,IND244901AAB,FTL,morning,2.772727272727273,1,93.9184,66.0,1.0
IND244001AAA,IND263153AAB,FTL,afternoon,1.9661686627978763,16,92.33619999999999,89.5,1.0
IND244221AAA,IND131028AAB,FTL,night,1.8892106392106391,20,163.3349,127.0,1.0
IND244221AAA,IND131028AAB,FTL,evening,1.4960629921259845,1,163.58870000000002,127.0,1.0
IND244235AAA,IND244901AAB,FTL,afternoon,0.8883495145631068,20,105.6397,103.0,0.2
IND244301AAA,IND244412AAA,FTL,night,1.6129032258064515,11,28.7669,31.0,1.0
IND244412AAA,IND243301AAB,FTL,night,0.7329545454545454,10,97.2619,88.0,0.0
IND244412AAA,IND244901AAB,FTL,night,1.9875,3,81.0512,80.0,1.0
IND244501AAA,IND244601AAB,FTL,morning,1.3099206349206352,8,30.96275,71.5,0.75
IND244601AAB,IND244901AAB,FTL,morning,1.1375,9,70.5827,80.0,0.4444444444444444
IND244713AAA,IND244715AAA,FTL,morning,1.25,1,24.3298,36.0,1.0
IND244713AAA,IND263401AAA,FTL,night,2.0217391304347827,16,24.23255,22.0,1.0
IND244715AAA,IND244713AAA,FTL,night,0.9615384615384617,16,26.677100000000003,39.0,0.0
IND244715AAA,IND263401AAA,FTL,morning,1.360655737704918,1,47.7291,61.0,1.0
IND244901AAB,IND243002AAA,FTL,afternoon,2.506280193236715,6,60.090050000000005,45.0,1.0
IND244901AAB,IND243002AAA,FTL,evening,2.2666666666666666,10,60.34125,45.0,1.0
IND244901AAB,IND243201AAA,Carting,evening,2.9365079365079363,1,72.38080000000001,63.0,1.0
IND244901AAB,IND243503AAB,FTL,afternoon,5.307692307692308,1,93.314,65.0,1.0
IND244901AAB,IND244221AAA,FTL,afternoon,0.898989898989899,5,89.7878,99.0,0.2
IND244901AAB,IND244221AAA,FTL,evening,1.0098039215686274,15,89.5942,99.0,0.3333333333333333
IND244901AAB,IND244301AAA,FTL,night,0.8061224489795918,1,87.2572,98.0,0.0
IND244901AAB,IND244301AAA,FTL,evening,0.9090909090909092,9,88.2771,99.0,0.1111111111111111
IND244901AAB,IND244921AAB,Carting,afternoon,2.333333333333333,1,28.8655,24.0,1.0
IND244901AAB,IND244921AAB,Carting,evening,3.0434782608695654,4,28.130699999999997,23.0,1.0
IND244901AAB,IND246725AAB,FTL,night,1.176,5,117.5051,125.0,0.2
IND244901AAB,IND246725AAB,FTL,evening,1.144,9,117.8276,126.0,0.2222222222222222
IND244901AAC,IND244921AAB,Carting,night,1.75,1,28.5055,24.0,1.0
IND244921AAB,IND243201AAA,Carting,night,2.1373626373626373,2,45.5527,40.5,1.0
IND244921AAB,IND262001AAA,Carting,night,2.0240963855421685,1,99.3145,83.0,1.0
IND245101AAA,IND201007AAA,Carting,night,2.719795918367347,2,46.364450000000005,49.5,1.0
IND245101AAA,IND245304AAA,Carting,night,2.333333333333333,15,14.9945,18.0,1.0
IND245304AAA,IND201007AAA,Carting,night,2.647058823529412,13,31.869,35.0,1.0
IND245304AAA,IND245101AAA,Carting,night,1.7104166666666667,14,15.96575,16.0,1.0
IND246001AAA,IND249201AAA,FTL,morning,1.3354037267080745,3,108.6264,161.0,1.0
IND246001AAA,IND249201AAA,FTL,afternoon,1.2160493827160497,1,109.2586,162.0,1.0
IND246149AAA,IND249407AAA,FTL,night,2.6869328493647915,14,74.48575,57.0,1.0
IND246149AAA,IND249407AAA,FTL,morning,3.017543859649123,1,74.34089999999999,57.0,1.0
IND246174AAA,IND246444AAB,FTL,morning,1.2083524027459955,14,62.39085,93.0,0.5
IND246174AAA,IND246444AAB,FTL,afternoon,1.2572861920688008,2,61.315,91.5,0.5
IND246424AAA,IND246174AAA,FTL,morning,1.3899265156154317,4,92.96770000000001,139.0,1.0
IND246424AAA,IND246174AAA,FTL,afternoon,1.213970588235294,12,92.78479999999999,139.0,0.5
IND246444AAB,IND246424AAA,FTL,night,1.555094130675526,2,28.4476,42.5,1.0
IND246444AAB,IND246424AAA,FTL,morning,1.3953488372093024,9,27.7073,41.0,1.0
IND246444AAB,IND246424AAA,FTL,afternoon,1.4138477801268499,4,28.7192,42.5,1.0
IND246701AAA,IND246763AAA,FTL,night,1.9230769230769234,12,34.26045,25.0,1.0
IND246725AAB,IND246701AAA,FTL,night,1.4844155844155844,10,37.17675,34.0,1.0
IND246761AAA,IND244501AAA,FTL,night,0.4598459845984598,2,59.8635,100.0,0.0
IND246761AAA,IND244501AAA,FTL,morning,0.46691403834260975,8,59.0004,98.5,0.0
IND246761AAA,IND244601AAB,FTL,morning,1.2291666666666667,1,46.8614,48.0,1.0
IND246761AAA,IND244901AAB,FTL,morning,1.221311475409836,1,121.4712,122.0,1.0
IND246763AAA,IND244901AAB,FTL,night,1.453449416825213,2,166.52305,155.5,1.0
IND246763AAA,IND244901AAB,FTL,morning,1.5974025974025974,1,166.1058,154.0,1.0
IND246763AAA,IND246761AAA,FTL,night,2.566666666666667,7,43.7156,31.0,1.0
IND246763AAA,IND246761AAA,FTL,morning,2.338709677419355,4,43.81675,31.0,1.0
IND247554AAA,IND248001AAA,FTL,night,1.0703125,1,91.3091,128.0,0.0
IND247554AAA,IND248001AAA,FTL,evening,1.193798449612403,11,91.7789,129.0,0.36363636363636365
IND247554AAA,IND248001AAD,FTL,evening,1.408258560703168,2,91.3592,128.0,0.5
IND247667AAA,IND249407AAA,FTL,night,2.1194444444444445,4,30.991100000000003,37.0,1.0
IND247667AAA,IND249407AAA,FTL,evening,1.7332046332046334,10,30.53235,37.0,1.0
IND247667AAB,IND249407AAA,FTL,night,2.805555555555556,1,29.7955,36.0,1.0
IND247667AAB,IND249407AAA,FTL,evening,2.4324324324324325,1,30.9921,37.0,1.0
IND247776AAA,IND251309AAB,FTL,night,1.8055555555555554,8,24.4969,18.0,1.0
IND248001AAA,IND131028AAB,FTL,night,2.078703703703704,5,247.4837,216.0,1.0
IND248001AAA,IND131028AAB,FTL,morning,2.0093457943925235,5,245.8584,213.0,1.0
IND248001AAA,IND131028AAB,FTL,afternoon,2.1447772657450077,2,247.6751,216.5,1.0
IND248001AAD,IND131028AAB,Carting,night,2.078703703703704,3,245.2824,212.0,1.0
IND248001AAD,IND131028AAB,Carting,morning,2.389106859460413,2,245.78165,213.0,1.0
IND248001AAD,IND131028AAB,FTL,night,2.705312810327706,2,244.4842,210.5,1.0
IND248001AAD,IND131028AAB,FTL,afternoon,1.877966725081673,2,246.9211,215.0,1.0
IND248122AAB,IND248001AAA,FTL,night,2.1072874493927127,2,35.347899999999996,38.5,1.0
IND248122AAB,IND248001AAA,FTL,morning,2.210526315789474,13,35.22,38.0,1.0
IND248197AAA,IND248122AAB,FTL,night,2.5319148936170213,15,42.389300000000006,45.0,1.0
IND248197AAA,IND248122AAB,FTL,morning,2.2142857142857144,1,39.1151,42.0,1.0
IND249201AAA,IND246174AAA,FTL,night,1.6880330689809966,4,110.6677,163.0,1.0
IND249201AAA,IND249407AAA,FTL,night,8.82888888888889,16,21.73405,26.5,1.0
IND249201AAA,IND249407AAA,FTL,morning,5.888888888888889,1,22.347,27.0,1.0
IND249407AAA,IND131028AAB,FTL,morning,2.724719101123596,1,194.4348,178.0,1.0
IND249407AAA,IND131028AAB,FTL,afternoon,2.7430167597765363,17,194.8324,178.0,1.0
IND249407AAA,IND246149AAA,FTL,night,2.4596491228070176,18,74.87025,57.0,1.0
IND249407AAA,IND249201AAA,FTL,night,1.8397435897435899,18,20.6716,26.0,1.0
IND250002AAA,IND131028AAB,FTL,morning,2.4558823529411766,1,82.0882,68.0,1.0
IND250002AAA,IND131028AAB,FTL,afternoon,1.9850746268656716,4,80.64015,66.5,1.0
IND250221AAA,IND251201AAA,FTL,night,3.125,1,19.9858,16.0,1.0
IND250611AAA,IND247776AAA,FTL,night,1.9090909090909087,11,39.5746,33.0,1.0
IND251001AAA,IND247554AAA,FTL,evening,2.128623188405797,12,25.75985,24.0,1.0
IND251201AAA,IND131028AAB,FTL,morning,6.303030303030303,1,119.8797,99.0,1.0
IND251201AAA,IND250002AAA,FTL,night,1.902439024390244,1,39.5339,41.0,1.0
IND251309AAB,IND131028AAB,FTL,night,1.9787581699346406,10,69.26165,69.5,1.0
IND261001AAA,IND262701AAA,FTL,morning,2.466666666666667,19,51.0466,46.0,1.0
IND261001AAA,IND262701AAA,FTL,afternoon,2.1777777777777776,1,49.8301,45.0,1.0
IND261201AAB,IND261001AAA,FTL,night,2.4545454545454546,1,37.9166,33.0,1.0
IND261201AAB,IND261001AAA,FTL,morning,2.6559139784946235,18,37.2041,32.0,1.0
IND262001AAA,IND244901AAB,Carting,night,1.8271604938271604,1,111.7625,81.0,1.0
IND262001AAA,IND262122AAB,Carting,night,2.382056451612903,4,42.6251,32.0,1.0
IND262001AAA,IND262122AAB,Carting,morning,2.045454545454546,2,43.6183,33.0,1.0
IND262122AAB,IND244901AAB,Carting,night,3.924528301886793,1,146.1082,106.0,1.0
IND262122AAB,IND244901AAB,Carting,morning,2.6990291262135924,3,143.7644,102.0,1.0
IND262405AAA,IND263153AAB,FTL,night,7.487804878048781,2,41.5601,41.0,1.0
IND262501AAA,IND263153AAB,FTL,morning,2.004629326345671,8,233.07465000000002,214.0,1.0
IND262701AAA,IND262802AAA,FTL,morning,2.125,15,32.9159,24.0,1.0
IND262701AAA,IND262802AAA,FTL,afternoon,2.2916666666666665,5,32.9241,24.0,1.0
IND262802AAA,IND262723AAB,FTL,morning,2.6666666666666665,3,92.4517,69.0,1.0
IND262802AAA,IND262723AAB,FTL,afternoon,2.5181159420289854,18,92.42845,69.0,1.0
IND263002AAA,IND263645AAA,FTL,night,1.1666666666666667,13,55.6147,84.0,0.46153846153846156
IND263139AAA,IND263153AAB,FTL,night,1.3617886178861789,6,35.6109,41.5,0.6666666666666666
IND263153AAB,IND131028AAB,FTL,evening,2.017543859649123,17,273.4533,227.0,1.0
IND263153AAB,IND244713AAA,FTL,night,3.7358490566037736,1,55.5122,53.0,1.0
IND263153AAB,IND244715AAA,FTL,evening,1.704209065679926,16,80.26915,93.0,1.0
IND263153AAB,IND263002AAA,FTL,evening,1.431578947368421,13,95.3879,99.0,1.0
IND263153AAB,IND263139AAA,FTL,night,1.3902439024390243,1,35.443400000000004,41.0,1.0
IND263153AAB,IND263139AAA,FTL,evening,2.2738095238095237,6,35.55075,41.5,1.0
IND263153AAB,IND263401AAA,FTL,night,2.5384615384615383,1,40.8,39.0,1.0
IND263153AAB,IND263645AAA,FTL,evening,1.1886792452830188,1,111.4422,159.0,0.0
IND263401AAA,IND244713AAA,FTL,night,2.409090909090909,1,24.3682,22.0,1.0
IND263401AAA,IND263153AAB,FTL,night,1.868421052631579,13,40.1488,38.0,1.0
IND263401AAA,IND263153AAB,FTL,morning,2.7631578947368425,2,39.4683,38.0,1.0
IND263601AAA,IND262501AAA,FTL,night,1.9260940251998377,6,112.65629999999999,122.0,1.0
IND263601AAA,IND262501AAA,FTL,morning,1.9908620573809044,4,111.67235,120.5,1.0
IND263601AAA,IND263153AAB,FTL,morning,2.0,1,118.0853,164.0,1.0
IND263601AAA,IND263645AAA,FTL,night,2.019230769230769,1,51.088,52.0,1.0
IND263645AAA,IND262501AAA,FTL,night,2.1,1,153.5916,160.0,1.0
IND263645AAA,IND263601AAA,FTL,night,2.0392156862745097,11,50.0952,51.0,1.0
IND263645AAA,IND263601AAA,FTL,morning,3.0444444444444443,1,46.3931,45.0,1.0
IND271001AAA,IND271201AAA,Carting,morning,3.5,3,43.021,31.0,1.0
IND271001AAA,IND271201AAA,Carting,afternoon,3.6583011583011587,2,47.2702,36.0,1.0
IND271001AAA,IND271210AAA,Carting,morning,50.72,1,70.69439999999999,50.0,1.0
IND271201AAA,IND271210AAA,Carting,night,2.3666666666666663,6,29.749250000000004,21.0,1.0
IND271210AAA,IND271001AAA,Carting,night,3.0733695652173916,12,67.16925,47.0,1.0
IND272001AAA,IND272175AAA,FTL,afternoon,1.7616459627329193,2,34.901849999999996,25.5,1.0
IND272001AAA,IND273014AAB,FTL,afternoon,1.6756756756756757,5,109.1028,77.0,0.8
IND272155AAA,IND272001AAA,FTL,morning,1.4166666666666667,1,34.213300000000004,24.0,1.0
IND272155AAA,IND272001AAA,FTL,afternoon,1.2916666666666667,2,32.0576,24.0,1.0
IND272207AAB,IND272153AAC,Carting,night,3.0588235294117645,3,22.9428,17.0,1.0
IND273014AAB,IND209304AAA,FTL,afternoon,2.339100346020761,3,391.5147,289.0,1.0
IND273014AAB,IND273155AAA,Carting,night,2.267045454545454,2,46.25795,32.5,1.0
IND273014AAB,IND273155AAA,Carting,evening,2.3125,3,45.733,32.0,1.0
IND273014AAB,IND273304AAA,Carting,night,3.2131147540983607,1,86.1792,61.0,1.0
IND273014AAB,IND273304AAA,Carting,evening,2.80327868852459,1,86.1821,61.0,1.0
IND273014AAB,IND274001AAA,FTL,night,2.625,3,56.418,40.0,1.0
IND273014AAB,IND274001AAA,FTL,evening,3.3,13,56.9655,41.0,1.0
IND273014AAB,IND274301AAB,FTL,evening,2.6486486486486487,1,52.5431,37.0,1.0
IND273014AAB,IND277303AAC,FTL,night,2.1633663366336635,2,130.256,101.0,1.0
IND273014AAB,IND277303AAC,FTL,evening,1.96029702970297,16,129.3107,101.0,1.0
IND273155AAA,IND273014AAB,Carting,morning,2.75,1,45.4745,32.0,1.0
IND273155AAA,IND273303AAA,Carting,night,1.5333333333333334,1,21.8126,15.0,1.0
IND273303AAA,IND273304AAA,Carting,night,4.041666666666667,1,33.892199999999995,24.0,1.0
IND273304AAA,IND273014AAB,Carting,night,4.147540983606557,12,86.24709999999999,61.0,1.0
IND273304AAA,IND273014AAB,Carting,morning,4.934426229508197,2,86.41300000000001,61.0,1.0
IND274001AAA,IND273014AAB,FTL,morning,5.642857142857143,1,58.3432,42.0,1.0
IND274001AAA,IND274509AAB,FTL,night,1.875,13,29.2588,24.0,1.0
IND274301AAB,IND273014AAB,FTL,morning,4.756756756756757,15,52.264,37.0,1.0
IND274301AAB,IND273014AAB,FTL,afternoon,4.083333333333333,1,51.6771,36.0,1.0
IND274304AAA,IND274304AAB,FTL,night,5.0,3,18.1191,12.0,1.0
IND274304AAA,IND274304AAB,FTL,morning,5.076923076923077,3,19.3538,13.0,1.0
IND274304AAB,IND274301AAB,FTL,night,1.7222222222222223,1,25.7389,18.0,1.0
IND274304AAB,IND274301AAB,FTL,morning,2.3529411764705883,12,25.01845,17.0,1.0
IND274304AAB,IND274304AAA,FTL,night,2.909090909090909,1,15.9321,11.0,1.0
IND274402AAA,IND274301AAB,FTL,morning,3.333333333333333,1,43.1058,30.0,1.0
IND274402AAA,IND274304AAB,FTL,night,3.5384615384615383,2,18.64955,13.0,1.0
IND274402AAA,IND274304AAB,FTL,morning,2.833333333333333,2,17.2077,12.0,1.0
IND274509AAB,IND274001AAA,FTL,morning,2.208333333333333,1,29.4564,24.0,1.0
IND274509AAB,IND274304AAA,FTL,night,2.208333333333333,2,57.75075,47.5,1.0
IND274509AAB,IND274402AAA,FTL,night,2.625170068027211,2,57.84385,47.0,1.0
IND275101AAA,IND275503AAA,FTL,night,4.136363636363637,2,15.9229,11.0,1.0
IND275303AAA,IND276140AAA,FTL,night,2.1525735294117645,4,23.16285,16.0,1.0
IND275503AAA,IND275303AAA,FTL,night,4.26923076923077,4,18.88785,13.0,1.0
IND276128AAA,IND276305AAA,FTL,night,2.076923076923077,5,28.8895,26.0,1.0
IND276128AAA,IND276305AAA,FTL,morning,2.074074074074074,1,29.1287,27.0,1.0
IND276129AAA,IND221010AAB,FTL,morning,3.7066666666666666,1,79.65169999999999,75.0,1.0
IND276140AAA,IND276129AAA,FTL,morning,2.3783783783783785,1,40.740300000000005,37.0,1.0
IND276305AAA,IND223101AAB,FTL,night,2.076923076923077,5,28.3926,26.0,1.0
IND276305AAA,IND223101AAB,FTL,morning,2.24002849002849,2,29.188699999999997,26.5,1.0
IND277201AAA,IND221706AAA,FTL,night,2.6410658307210033,4,82.32579999999999,58.0,1.0
IND277201AAA,IND221706AAA,FTL,morning,2.4909090909090907,3,81.811,57.0,1.0
IND277211AAA,IND277201AAA,FTL,night,2.4523809523809526,4,23.579349999999998,21.0,1.0
IND277211AAA,IND277201AAA,FTL,morning,2.65,1,23.2324,20.0,1.0
IND277303AAC,IND277211AAA,FTL,night,1.4142156862745099,6,40.5045,37.0,1.0
IND281121AAB,IND110037AAM,FTL,night,2.15,13,153.0465,119.0,1.0
IND281401AAA,IND121004AAB,Carting,night,2.261538461538461,3,92.8921,65.0,1.0
IND281401AAA,IND321022AAA,Carting,night,1.4848484848484849,9,34.5457,33.0,0.8888888888888888
IND282001AAA,IND000000ACB,FTL,afternoon,1.7129426798101497,4,211.14375,166.0,1.0
IND282001AAA,IND000000ACB,FTL,evening,1.7245508982035929,1,211.3366,167.0,1.0
IND282001AAA,IND110037AAM,Carting,morning,2.575418994413408,1,233.2309,179.0,1.0
IND282001AAA,IND110037AAM,Carting,afternoon,1.7988826815642458,1,233.1134,179.0,1.0
IND282001AAA,IND110037AAM,Carting,evening,1.7541899441340782,1,233.202,179.0,1.0
IND282001AAA,IND110037AAM,FTL,evening,1.8100558659217876,4,233.1837,179.0,1.0
IND282001AAC,IND000000ACB,FTL,afternoon,1.5783132530120485,1,211.2179,166.0,1.0
IND282001AAC,IND000000ACB,FTL,evening,1.927710843373494,1,210.7799,166.0,1.0
IND282001AAF,IND283122AAB,Carting,night,2.5789473684210527,11,23.4746,19.0,1.0
IND282001AAF,IND283122AAB,FTL,night,2.1666666666666665,7,24.0448,18.0,1.0
IND282002AAD,IND110037AAM,FTL,night,1.6440677966101696,1,231.4202,177.0,1.0
IND282002AAD,IND204101AAA,FTL,night,2.0,3,47.498,40.0,1.0
IND282002AAD,IND204101AAA,FTL,evening,3.0681818181818183,1,53.5151,44.0,1.0
IND282002AAD,IND205001AAB,FTL,afternoon,2.0397727272727275,8,110.16995,88.0,0.75
IND282002AAD,IND281004AAA,FTL,night,1.3985753052917231,8,80.9576,66.0,1.0
IND282002AAD,IND474003AAA,FTL,afternoon,1.537190082644628,9,121.6169,123.0,1.0
IND283122AAB,IND282005AAA,Carting,night,16.708333333333332,3,27.7435,22.0,1.0
IND283122AAB,IND328001AAA,FTL,night,1.15625,7,72.5083,62.0,0.2857142857142857
IND283203AAA,IND110037AAM,Carting,night,2.2142857142857144,1,257.054,196.0,1.0
IND283203AAA,IND110037AAM,FTL,night,2.1964285714285716,12,257.71659999999997,195.5,1.0
IND283203AAA,IND282002AAD,FTL,night,2.1142857142857143,1,46.7377,35.0,1.0
IND284001AAA,IND284403AAA,FTL,night,1.8181818181818183,6,102.3657,76.5,1.0
IND284403AAA,IND472001AAA,FTL,morning,1.8555429864253394,2,62.2721,66.5,1.0
IND284403AAA,IND474003AAA,FTL,morning,2.5048076923076925,1,223.2655,208.0,1.0
IND285001AAD,IND285205AAB,FTL,night,1.4379276637341154,20,29.30685,32.0,0.9
IND285001AAD,IND285205AAB,FTL,morning,1.34375,1,29.4027,32.0,1.0
IND285205AAB,IND210431AAA,FTL,night,2.575,1,82.24430000000001,80.0,1.0
IND285205AAB,IND210431AAA,FTL,morning,2.075,4,82.18645000000001,80.0,1.0
IND301001AAB,IND302014AAA,FTL,evening,2.6730769230769234,2,145.25765,114.5,1.0
IND301001AAB,IND321001AAB,FTL,evening,1.7384615384615385,13,74.101,65.0,1.0
IND301001AAB,IND321606AAA,FTL,evening,2.246376811594203,3,77.25160000000001,69.0,1.0
IND301019AAA,IND123001AAA,FTL,evening,2.4550671550671552,2,77.6375,64.0,1.0
IND301019AAA,IND301705AAA,FTL,evening,3.276595744680851,6,55.1292,47.5,1.0
IND301705AAA,IND123001AAA,FTL,night,2.7586206896551726,1,41.584,29.0,1.0
IND302004AAA,IND302014AAB,Carting,night,2.758928571428571,8,17.668100000000003,15.0,1.0
IND302004AAA,IND302033AAB,Carting,night,2.9,1,12.4162,10.0,1.0
IND302006AAA,IND302014AAB,Carting,night,3.733333333333333,13,13.7652,12.0,1.0
IND302006AAC,IND302014AAB,Carting,night,3.5,1,18.8164,18.0,1.0
IND302014AAA,IND000000ACB,FTL,night,1.9939024390243905,11,221.4515,164.0,1.0
IND302014AAA,IND000000ACB,FTL,afternoon,1.846168322794339,10,221.6162,164.0,1.0
IND302014AAA,IND000000ACB,FTL,evening,1.8006134969325154,2,221.232,163.0,1.0
IND302014AAA,IND110037AAM,FTL,night,1.722772277227723,10,264.9581,202.0,1.0
IND302014AAA,IND110037AAM,FTL,morning,2.4653465346534653,1,264.9237,202.0,1.0
IND302014AAA,IND110037AAM,FTL,evening,1.7365853658536583,3,264.8838,202.0,1.0
IND302014AAA,IND301001AAB,FTL,afternoon,1.913793103448276,21,144.5915,116.0,1.0
IND302014AAA,IND303702AAB,FTL,afternoon,2.210526315789474,9,51.705,38.0,1.0
IND302014AAA,IND305001AAC,FTL,morning,2.514150943396227,14,144.8116,107.0,1.0
IND302014AAA,IND306401AAB,FTL,morning,2.307726581178005,2,302.1241,214.5,1.0
IND302014AAA,IND313001AAB,FTL,evening,1.9059233449477353,12,404.9376,287.0,1.0
IND302014AAA,IND332404AAA,FTL,afternoon,2.413793103448276,1,81.1182,58.0,1.0
IND302014AAB,IND302004AAA,Carting,night,1.5460526315789473,6,15.332049999999999,16.0,1.0
IND302014AAB,IND302004AAA,Carting,morning,2.579861111111111,16,18.7925,16.5,1.0
IND302014AAB,IND302004AAA,Carting,evening,3.210526315789474,3,20.8792,19.0,0.6666666666666666
IND302014AAB,IND302006AAA,Carting,night,1.6111111111111112,1,17.8243,18.0,1.0
IND302014AAB,IND302006AAA,Carting,morning,1.9375,15,15.699,16.0,1.0
IND302014AAB,IND302006AAC,Carting,night,4.138888888888889,4,20.33045,19.5,1.0
IND302014AAB,IND302006AAC,Carting,morning,2.1,17,19.0951,19.0,1.0
IND302014AAB,IND302006AAC,Carting,evening,6.0,1,19.822,18.0,1.0
IND302014AAB,IND302020AAA,Carting,morning,2.0416666666666665,18,13.3612,12.0,1.0
IND302014AAB,IND302023AAA,Carting,night,4.142857142857143,1,23.4408,21.0,1.0
IND302014AAB,IND302023AAA,Carting,morning,2.7142857142857144,17,25.477,23.0,1.0
IND302014AAB,IND302023AAA,Carting,evening,3.409090909090909,1,25.0823,22.0,1.0
IND302014AAB,IND302026AAA,Carting,night,2.6907894736842106,12,20.344099999999997,18.0,1.0
IND302014AAB,IND302026AAA,Carting,evening,4.764705882352941,7,18.6512,17.0,1.0
IND302014AAB,IND303008AAB,Carting,evening,1.9230769230769231,5,73.9501,54.0,1.0
IND302014AAB,IND303301AAB,Carting,evening,1.3125,10,39.501900000000006,32.0,0.5
IND302014AAB,IND303303AAA,Carting,evening,3.0,3,71.5093,53.0,1.0
IND302014AAB,IND303603AAB,Carting,evening,1.6944444444444444,1,87.6403,72.0,1.0
IND302014AAB,IND303901AAA,Carting,evening,3.1176470588235294,10,23.92825,19.5,1.0
IND302014AAB,IND304001AAA,Carting,evening,2.4833333333333334,1,84.7665,60.0,1.0
IND302020AAA,IND302014AAB,Carting,night,5.75,19,12.4656,11.0,1.0
IND302022AAD,IND000000ACB,Carting,evening,1.9090909090909087,7,222.3819,165.0,1.0
IND302026AAA,IND302014AAB,Carting,morning,11.5,3,22.1193,17.0,1.0
IND303002AAA,IND302014AAA,FTL,night,2.0,9,47.733,35.0,1.0
IND303002AAA,IND302014AAA,FTL,morning,1.6666666666666667,1,49.0507,36.0,1.0
IND303008AAB,IND303338AAB,Carting,night,1.5333333333333334,5,32.7092,30.0,0.8
IND303106AAA,IND302014AAA,FTL,night,2.287280701754386,2,78.13045,58.5,1.0
IND303106AAA,IND303002AAA,FTL,night,1.75,5,27.280900000000003,21.0,1.0
IND303108AAB,IND303106AAA,FTL,night,1.5483870967741935,9,43.8546,31.0,1.0
IND303301AAB,IND303303AAA,Carting,night,1.3722943722943723,6,29.2243,21.5,1.0
IND303301AAB,IND303303AAA,Carting,evening,1.774703557312253,6,31.538899999999998,23.0,1.0
IND303303AAA,IND322230AAA,Carting,night,1.344155844155844,16,96.97059999999999,77.0,0.8125
IND303338AAB,IND303603AAB,Carting,night,0.9385964912280702,6,61.8488,57.0,0.3333333333333333
IND303503AAA,IND302014AAB,Carting,night,1.8135593220338984,1,81.1662,59.0,1.0
IND303503AAA,IND302014AAB,Carting,morning,1.725705329153605,10,79.6807,57.5,1.0
IND303603AAB,IND302014AAB,Carting,night,2.510459089226212,6,87.6323,73.5,1.0
IND303603AAB,IND303338AAB,Carting,night,0.8771929824561403,1,61.3575,57.0,0.0
IND303702AAB,IND332001AAB,FTL,afternoon,1.6085509472606248,4,84.54065,62.0,1.0
IND303702AAB,IND332404AAA,FTL,afternoon,1.5708333333333333,8,33.344350000000006,24.5,1.0
IND303901AAA,IND304001AAA,Carting,night,1.9047619047619049,3,56.5109,42.0,1.0
IND304001AAA,IND322001AAC,Carting,night,1.4827586206896552,1,82.14869999999999,58.0,1.0
IND305001AAC,IND305802AAA,FTL,evening,2.142857142857143,11,29.3254,25.0,1.0
IND305001AAC,IND305901AAA,FTL,evening,2.0232558139534884,17,55.7788,44.0,1.0
IND305001AAC,IND306401AAB,FTL,afternoon,2.0080645161290325,15,166.6069,123.0,1.0
IND305001AAC,IND342602AAC,FTL,evening,1.9114583333333333,2,129.9931,96.0,1.0
IND305404AAA,IND305001AAC,FTL,morning,2.340909090909091,1,97.3513,88.0,1.0
IND305404AAA,IND305601AAC,FTL,morning,1.5,3,59.4313,56.0,1.0
IND305404AAA,IND305601AAC,FTL,afternoon,1.3366402116402116,10,58.99655,55.0,0.9
IND305601AAC,IND305001AAC,FTL,afternoon,1.957516339869281,18,38.659549999999996,34.0,1.0
IND305624AAA,IND305404AAA,FTL,morning,1.826361151986546,8,81.0336,70.0,1.0
IND305802AAA,IND341512AAA,FTL,night,2.0165912518853695,6,38.39445,35.0,1.0
IND305901AAA,IND305624AAA,FTL,night,8.933333333333334,1,49.6392,45.0,1.0
IND305901AAA,IND342602AAC,FTL,evening,1.8686502177068216,6,75.72975,54.0,1.0
IND306116AAA,IND306001AAA,FTL,morning,1.9390243902439024,3,104.691,82.0,1.0
IND306304AAB,IND311302AAA,FTL,night,1.9130434782608696,1,65.1454,46.0,1.0
IND306401AAB,IND302014AAA,FTL,morning,1.9587155963302751,17,301.4806,214.0,1.0
IND306401AAB,IND305001AAC,Carting,morning,2.942622950819672,17,166.7636,123.0,1.0
IND306401AAB,IND305001AAC,Carting,afternoon,2.2049180327868854,3,166.2837,122.0,1.0
IND306401AAB,IND342005AAD,FTL,evening,1.6865793780687397,18,69.3067,54.0,1.0
IND306401AAB,IND343001AAA,FTL,night,1.6781609195402298,1,118.6815,87.0,1.0
IND306401AAB,IND343001AAA,FTL,evening,2.0407707910750505,4,118.32105,86.0,1.0
IND306902AAA,IND306116AAA,FTL,morning,1.5185185185185186,1,30.8816,27.0,1.0
IND307001AAA,IND306902AAA,FTL,morning,1.557692307692308,2,34.929550000000006,26.0,1.0
IND311001AAA,IND313324AAA,FTL,night,1.8461538461538465,5,89.73939999999999,65.0,1.0
IND311301AAA,IND305624AAA,FTL,night,4.588235294117647,5,46.3195,34.0,1.0
IND311301AAA,IND305624AAA,FTL,morning,3.3793103448275863,1,40.5506,29.0,1.0
IND311302AAA,IND305624AAA,FTL,night,6.903297682709447,2,46.70375,33.5,1.0
IND311302AAA,IND305624AAA,FTL,morning,7.090909090909091,1,46.3489,33.0,1.0
IND312001AAA,IND311001AAA,FTL,night,1.5921325051759836,10,59.49785,46.5,1.0
IND312001AAA,IND311001AAA,FTL,evening,1.565217391304348,3,59.146800000000006,46.0,1.0
IND312001AAA,IND312601AAA,FTL,night,1.358416130917592,6,50.39765,58.5,0.6666666666666666
IND312403AAA,IND312001AAA,FTL,night,1.5869565217391304,6,83.45685,68.5,1.0
IND312403AAA,IND312001AAA,FTL,morning,1.9130434782608696,3,82.6775,68.0,1.0
IND312601AAA,IND458664AAA,FTL,night,1.1615853658536586,6,37.0188,41.0,0.5
IND312605AAB,IND313001AAB,FTL,night,2.3823529411764706,7,173.2019,137.0,1.0
IND312605AAB,IND458001AAB,FTL,night,1.7878787878787876,12,33.56765,32.0,1.0
IND313001AAB,IND306401AAB,FTL,night,2.0492957746478875,17,189.1274,141.0,1.0
IND313001AAB,IND311001AAA,FTL,afternoon,2.645454545454545,1,152.546,110.0,1.0
IND313001AAB,IND312001AAA,FTL,afternoon,2.075949367088608,13,108.4147,79.0,1.0
IND313001AAB,IND327001AAB,FTL,morning,3.4172185430463577,1,212.5362,151.0,1.0
IND313001AAB,IND327001AAB,FTL,afternoon,2.198675496688742,7,212.6681,151.0,1.0
IND313001AAB,IND382430AAB,FTL,morning,2.1315825923155765,14,268.87104999999997,190.0,1.0
IND313324AAA,IND313001AAB,FTL,night,1.798758865248227,14,65.0061,48.0,1.0
IND321001AAA,IND301001AAB,FTL,night,6.206185567010309,3,103.8328,97.0,1.0
IND321001AAA,IND321401AAB,FTL,night,1.2360150848522942,10,41.85375,39.0,0.6
IND321001AAB,IND321001AAA,FTL,night,1.3003337041156842,6,32.7987,31.0,0.8333333333333334
IND321001AAB,IND321401AAB,FTL,night,1.847902097902098,2,71.06865,65.5,1.0
IND321022AAA,IND121004AAB,Carting,night,3.2439024390243905,9,106.9351,83.0,1.0
IND321408AAB,IND301001AAB,FTL,night,5.758241758241758,1,114.2395,91.0,1.0
IND321408AAB,IND321606AAA,FTL,night,2.015625,4,37.7524,32.0,1.0
IND321606AAA,IND301001AAB,FTL,night,7.695652173913043,4,77.48645,69.0,1.0
IND321606AAA,IND301001AAB,FTL,morning,6.181159420289855,2,78.0289,69.0,1.0
IND321606AAA,IND321001AAA,FTL,night,1.5918367346938775,3,54.4728,49.0,1.0
IND322001AAC,IND302014AAB,Carting,night,1.817391304347826,3,160.9375,115.0,1.0
IND322201AAA,IND302014AAB,Carting,night,2.196048043394033,2,123.02584999999999,88.0,1.0
IND322201AAA,IND303503AAA,Carting,night,1.6942528735632183,12,42.432249999999996,30.0,1.0
IND322230AAA,IND322241AAA,Carting,night,1.6071428571428572,14,32.2526,28.0,1.0
IND322241AAA,IND322201AAA,Carting,night,2.347826086956522,15,32.3053,23.0,1.0
IND327001AAB,IND312605AAB,FTL,night,1.4193548387096775,3,89.0638,62.0,1.0
IND327001AAB,IND312605AAB,FTL,evening,1.403225806451613,1,87.96289999999999,62.0,1.0
IND328001AAA,IND000000ACB,FTL,evening,1.5404040404040404,1,257.5175,198.0,1.0
IND328001AAA,IND282002AAD,FTL,night,2.696969696969697,7,61.4633,63.0,1.0
IND328001AAA,IND474003AAA,FTL,afternoon,1.6724137931034482,3,59.9836,58.0,1.0
IND328001AAA,IND474003AAA,FTL,evening,1.4915254237288136,3,60.5691,59.0,1.0
IND331022A1B,IND331001A1C,FTL,night,2.6122448979591835,1,60.9205,49.0,1.0
IND331023AAA,IND331304AAA,FTL,night,1.1612903225806452,3,35.1418,31.0,0.3333333333333333
IND331304AAA,IND332001AAB,FTL,night,4.66652097902098,2,133.0202,107.0,1.0
IND331304AAA,IND332001AAB,FTL,morning,3.903228652081863,2,131.8667,106.5,1.0
IND331507AAA,IND302014AAA,FTL,morning,2.4011976047904198,3,215.9508,166.0,1.0
IND331701AAA,IND125001AAA,FTL,morning,5.484375,2,69.5001,64.0,1.0
IND332001AAB,IND333001AAA,FTL,evening,1.271186440677966,3,64.1646,59.0,0.6666666666666666
IND332001AAB,IND333028AAA,FTL,evening,1.4531046717918392,2,91.60605000000001,92.0,1.0
IND332001AAB,IND333031AAA,FTL,evening,2.267508865248227,2,109.61735,95.0,1.0
IND332001AAB,IND333042AAA,FTL,evening,1.5889689578713968,14,32.929950000000005,33.0,0.8571428571428571
IND332001AAB,IND334001AAB,FTL,evening,1.62012987012987,10,213.51,153.5,1.0
IND332001AAB,IND334001AAC,FTL,evening,1.588235294117647,3,213.6351,154.0,1.0
IND332404AAA,IND332001AAB,FTL,evening,1.418918918918919,12,50.62095,37.0,1.0
IND332713AAA,IND332709AAA,FTL,night,2.917067307692308,6,34.84695000000001,34.5,1.0
IND332713AAA,IND332715AAB,FTL,night,2.061224489795918,1,50.2197,49.0,1.0
IND333001AAA,IND333028AAA,FTL,night,1.3783783783783785,3,33.366800000000005,40.0,0.6666666666666666
IND333028AAA,IND333502AAA,FTL,night,1.148936170212766,1,40.769400000000005,47.0,0.0
IND333028AAA,IND333504AAA,FTL,night,2.388888888888889,1,37.0051,36.0,1.0
IND333031AAA,IND331023AAA,FTL,night,2.8,5,39.9622,29.0,1.0
IND333042AAA,IND333031AAA,FTL,night,1.605263157894737,11,82.6429,73.0,1.0
IND333042AAA,IND333031AAA,FTL,evening,1.5654794520547946,2,83.22845,74.0,1.0
IND333504AAA,IND332713AAA,FTL,night,1.75422138836773,2,44.45085,40.0,1.0
IND334001AAB,IND334803AAA,FTL,night,1.8986105080330007,2,64.6074,48.0,1.0
IND334001AAC,IND334803AAA,FTL,night,1.7111111111111112,4,60.71335,45.0,1.0
IND334001AAC,IND341001AAC,FTL,night,1.625,2,115.3777,84.0,1.0
IND334803AAA,IND341001AAC,FTL,night,1.975,3,53.403400000000005,37.0,1.0
IND335001AAA,IND125104AAA,FTL,night,1.824264705882353,10,109.451,80.0,1.0
IND335051AAA,IND335513AAA,Carting,morning,2.118811881188119,9,110.4191,100.0,0.8888888888888888
IND335051AAA,IND335513AAA,Carting,afternoon,1.8144329896907216,1,108.0814,97.0,1.0
IND335501AAA,IND331701AAA,FTL,night,1.7142857142857142,1,23.5577,21.0,1.0
IND335513AAA,IND335001AAA,FTL,night,1.790516206482593,6,62.9906,50.0,1.0
IND335513AAA,IND335803AAA,Carting,night,1.3103448275862069,8,31.761400000000002,29.0,1.0
IND335513AAA,IND335803AAA,Carting,morning,1.3571428571428572,1,30.6571,28.0,1.0
IND335513AAA,IND335804AAD,Carting,night,1.5,1,56.9831,54.0,1.0
IND335523AAB,IND125001AAA,FTL,night,3.7542372881355934,1,126.4042,118.0,1.0
IND335524AAA,IND335523AAB,FTL,night,1.148936170212766,1,41.4874,47.0,0.0
IND335701AAA,IND335051AAA,Carting,morning,1.0638297872340423,7,50.941300000000005,47.0,0.2857142857142857
IND335703AAA,IND335701AAA,Carting,night,2.0787878787878786,2,34.096399999999996,31.5,1.0
IND335703AAA,IND335701AAA,Carting,morning,1.064516129032258,7,34.0433,31.0,0.2857142857142857
IND335803AAA,IND335804AAD,Carting,night,1.5217391304347827,3,24.1162,23.0,0.6666666666666666
IND335803AAA,IND335804AAD,Carting,morning,1.1149068322981366,4,23.887549999999997,22.0,0.25
IND335804AAD,IND335701AAA,Carting,night,1.1851398244539704,2,76.45384999999999,70.0,0.5
IND335804AAD,IND335703AAA,Carting,night,1.236842105263158,3,41.287,38.0,0.6666666666666666
IND335804AAD,IND335703AAA,Carting,morning,1.0526315789473686,6,40.87125,38.0,0.16666666666666666
IND341001AAC,IND341030AAA,FTL,night,1.8787248787248787,2,41.841,38.0,1.0
IND341001AAC,IND341303AAA,FTL,night,1.5595238095238095,7,97.9392,84.0,1.0
IND341030AAA,IND341303AAA,FTL,morning,1.4666666666666666,3,55.5569,45.0,1.0
IND341303AAA,IND341306AAA,FTL,morning,1.6733333333333333,14,34.11815,24.0,1.0
IND341306AAA,IND302014AAA,FTL,morning,2.3205882352941174,4,216.50555000000003,170.5,1.0
IND341503AAB,IND341510AAB,FTL,morning,2.060606060606061,12,47.21805,33.0,1.0
IND341505AAA,IND341503AAB,FTL,night,1.8529411764705883,11,80.50319999999999,68.0,1.0
IND341505AAA,IND341503AAB,FTL,morning,2.426470588235294,1,80.54860000000001,68.0,1.0
IND341505AAA,IND341510AAB,FTL,night,2.087378640776699,1,128.96460000000002,103.0,1.0
IND341510AAB,IND305001AAC,FTL,morning,2.372727272727273,14,73.67715,55.0,1.0
IND341512AAA,IND341505AAA,FTL,night,1.75,5,24.384,23.0,1.0
IND342005AAD,IND342601AAA,FTL,night,2.13265306122449,8,60.403099999999995,49.0,1.0
IND342005AAD,IND342601AAA,FTL,evening,2.204081632653061,1,60.7425,49.0,1.0
IND342005AAD,IND342902A1B,FTL,night,1.680851063829787,1,103.1401,94.0,1.0
IND342005AAD,IND342902AAA,FTL,night,2.202127659574468,5,102.7041,94.0,1.0
IND342005AAD,IND344022AAB,FTL,night,1.773333333333333,4,103.79714999999999,75.0,1.0
IND342301AAA,IND342005AAD,FTL,afternoon,5.859375,14,163.3495,127.0,1.0
IND342601AAA,IND342902A1B,FTL,night,1.947368421052632,5,41.1666,43.0,1.0
IND342601AAA,IND342902A1B,FTL,morning,2.131578947368421,1,36.5309,38.0,1.0
IND342601AAA,IND342902AAA,FTL,night,1.9142857142857144,3,39.0015,41.0,1.0
IND342602AAC,IND306304AAB,FTL,night,2.1627906976744184,1,59.707800000000006,43.0,1.0
IND342602AAC,IND311302AAA,FTL,night,2.026315789473684,3,107.4594,76.0,1.0
IND342902A1B,IND302014AAA,FTL,morning,2.342391304347826,9,243.8358,185.0,1.0
IND342902AAA,IND302014AAA,FTL,morning,2.3870967741935485,5,244.4337,186.0,1.0
IND343001AAA,IND343029AAB,FTL,night,1.3153846153846154,2,70.80345,65.0,0.5
IND343029AAB,IND307001AAA,FTL,night,1.4,2,77.09475,70.0,1.0
IND344001AAA,IND342301AAA,FTL,morning,1.719387755102041,4,235.75594999999998,196.0,1.0
IND344001AAA,IND345001AAA,FTL,morning,0.7725949468511297,6,155.6477,194.5,0.0
IND344001AAA,IND345021AAA,FTL,morning,1.75,3,173.17370000000005,151.0,1.0
IND344022AAB,IND342301AAA,FTL,night,3.380952380952381,1,168.47979999999998,147.0,1.0
IND344022AAB,IND344001AAA,FTL,night,1.5454545454545454,5,96.2314,68.0,1.0
IND344022AAB,IND344001AAA,FTL,morning,1.2514266900790165,4,96.0888,68.0,0.5
IND345001AAA,IND342301AAA,FTL,morning,1.75,1,168.0361,120.0,1.0
IND345001AAA,IND345021AAA,FTL,morning,1.3376623376623376,4,109.54884999999999,77.0,1.0
IND345021AAA,IND342301AAA,FTL,afternoon,1.4492424242424242,10,62.6703,45.0,0.8
IND360003AAA,IND360311AAA,Carting,night,2.102307692307692,2,37.8864,25.5,1.0
IND360311AAA,IND360050AAA,Carting,night,1.3777777777777778,1,46.9022,45.0,1.0
IND360370AAA,IND360410AAA,FTL,night,2.4615384615384617,1,16.2596,13.0,1.0
IND360410AAA,IND360490AAA,FTL,night,2.824175824175825,2,17.15215,13.5,1.0
IND360490AAA,IND362001AAA,FTL,night,2.309220985691574,10,43.13885,36.0,1.0
IND360510AAB,IND360530AAB,Carting,night,1.3715384615384616,8,27.9879,25.5,1.0
IND360510AAB,IND360530AAB,Carting,morning,1.6153846153846154,5,28.1623,25.0,0.8
IND360530AAB,IND362001AAA,Carting,night,1.8056935817805384,2,79.3973,69.5,1.0
IND360530AAB,IND362001AAA,Carting,morning,2.028985507246377,13,79.48219999999999,69.0,1.0
IND360575AAA,IND360510AAB,Carting,night,1.7375,10,45.6103,40.5,1.0
IND361001AAA,IND361305AAC,FTL,night,1.733653846153846,16,54.59615,40.0,1.0
IND361305AAC,IND361315AAA,FTL,night,1.7029411764705882,10,43.5599,31.0,1.0
IND361305AAC,IND361335AAA,FTL,night,1.5932203389830508,1,83.76989999999999,59.0,1.0
IND361315AAA,IND361335AAA,FTL,night,1.5555555555555556,11,40.5179,28.0,1.0
IND361335AAA,IND360002AAB,FTL,night,1.3368983957219251,1,243.7123,187.0,1.0
IND362001AAA,IND360370AAA,FTL,night,2.0652173913043477,10,32.8823,23.0,1.0
IND362001AAA,IND360575AAA,Carting,night,1.4819277108433735,11,103.7216,84.0,1.0
IND362001AAA,IND362220AAA,Carting,night,2.125,13,34.9922,24.0,1.0
IND362001AAA,IND362220AAA,Carting,morning,4.208333333333333,1,35.17,24.0,1.0
IND362001AAA,IND362265AAA,Carting,night,1.7017543859649122,1,79.9949,57.0,1.0
IND362001AAA,IND362265AAA,Carting,morning,2.142857142857143,1,79.806,56.0,1.0
IND362150AAA,IND362001AAA,Carting,morning,1.626865671641791,11,67.7088,67.0,1.0
IND362220AAA,IND362225AAA,Carting,night,1.9415384615384617,6,28.35335,25.0,1.0
IND362220AAA,IND362265AAA,Carting,night,1.578125,2,44.66295,32.0,1.0
IND362225AAA,IND362265AAA,Carting,night,1.7824074074074074,6,37.5465,27.0,1.0
IND362265AAA,IND362720AAA,Carting,night,2.4222222222222225,16,47.8387,35.0,1.0
IND362560AAA,IND362150AAA,Carting,morning,1.7704918032786885,11,66.84360000000001,61.0,1.0
IND362720AAA,IND362560AAA,Carting,night,1.851851851851852,4,38.48695,27.0,1.0
IND362720AAA,IND362560AAA,Carting,morning,2.071428571428572,13,39.1328,28.0,1.0
IND363001AAA,IND363421AAB,FTL,night,1.1515151515151516,14,27.15195,33.0,0.2857142857142857
IND363310AAB,IND382430AAB,FTL,morning,1.4097222222222223,9,128.014,143.0,1.0
IND363330AAB,IND363310AAB,FTL,night,1.8175675675675675,2,30.30585,37.5,1.0
IND363330AAB,IND363310AAB,FTL,morning,1.6156156156156156,6,29.4558,36.5,0.8333333333333334
IND363421AAB,IND364710AAA,FTL,night,1.8974358974358971,13,54.457800000000006,38.0,1.0
IND363520AAC,IND363001AAA,FTL,night,1.183673469387755,13,58.0516,49.0,0.3076923076923077
IND363621AAB,IND360002AAB,Carting,night,1.7352941176470589,2,39.1379,34.0,1.0
IND363641AAA,IND360002AAB,Carting,night,1.82089552238806,1,72.2687,67.0,1.0
IND363641AAA,IND363621AAB,Carting,night,1.478163992869875,6,33.9684,33.0,0.8333333333333334
IND364004AAB,IND365560AAA,FTL,evening,1.947368421052632,7,109.5179,78.0,1.0
IND364270AAA,IND364001AAA,FTL,morning,1.8967105263157895,2,48.5137,39.0,1.0
IND364290AAA,IND365560AAB,FTL,morning,2.1724137931034484,1,39.544,29.0,1.0
IND365560AAA,IND365560AAB,FTL,night,1.7142857142857142,7,71.8793,59.0,1.0
IND365560AAB,IND364290AAA,FTL,night,2.4827586206896552,11,39.9877,29.0,1.0
IND370001AAA,IND370110AAA,FTL,morning,14.159391534391535,2,37.97665,27.5,1.0
IND370001AAA,IND370110AAA,FTL,afternoon,5.838709677419355,3,41.5932,30.0,1.0
IND370001AAA,IND370201AAA,FTL,afternoon,6.477272727272728,1,53.6104,44.0,1.0
IND370001AAA,IND370615AAB,FTL,night,1.8863636363636362,6,47.2496,43.5,1.0
IND370001AAA,IND370615AAB,FTL,morning,1.7147001934235977,2,49.575900000000004,45.5,1.0
IND370110AAA,IND370001AAA,FTL,night,2.1483870967741936,14,43.24195,32.0,1.0
IND370110AAA,IND370615AAB,FTL,afternoon,2.095890410958904,1,88.04469999999999,73.0,1.0
IND370201AAA,IND363310AAB,FTL,night,1.6900584795321638,1,167.2466,171.0,1.0
IND370201AAA,IND363330AAB,FTL,night,1.4142857142857141,8,137.74325,134.0,1.0
IND370615AAB,IND370001AAA,FTL,night,11.512820512820513,1,43.1588,39.0,1.0
IND370615AAB,IND370001AAA,FTL,morning,4.118206521739131,2,51.0402,47.0,1.0
IND380005AAA,IND382421AAA,Carting,night,3.555555555555556,3,10.641,9.0,1.0
IND380005AAA,IND382421AAA,Carting,morning,2.7,3,10.6746,9.0,1.0
IND380005AAA,IND382430AAB,Carting,night,3.0,1,27.034,23.0,1.0
IND380005AAA,IND382721AAA,Carting,night,3.2,2,18.5494,19.0,1.0
IND380006AAA,IND382430AAB,Carting,night,2.7,10,13.7588,10.5,1.0
IND380006AAA,IND382430AAB,Carting,morning,1.818181818181818,8,14.64085,11.0,1.0
IND380006AAB,IND382430AAB,Carting,night,4.75,7,15.383,12.0,1.0
IND380006AAB,IND382430AAB,Carting,morning,3.3106060606060606,20,15.006450000000001,11.0,1.0
IND380021AAA,IND382430AAB,Carting,night,3.1666666666666665,17,16.893099999999997,13.0,1.0
IND380021AAA,IND382430AAB,Carting,morning,3.1666666666666665,15,16.891599999999997,13.0,1.0
IND380054AAA,IND382430AAB,Carting,night,2.4705882352941178,7,20.5798,17.0,1.0
IND380054AAA,IND382430AAB,Carting,morning,2.3639705882352944,16,20.144350000000003,16.5,1.0
IND380054AAA,IND382430AAB,Carting,evening,1.7857142857142858,1,15.9614,14.0,1.0
IND382421AAA,IND382430AAB,Carting,morning,4.53125,15,36.7879,31.0,1.0
IND382421AAA,IND382721AAA,Carting,night,1.3137254901960784,14,15.994149999999998,16.0,0.5714285714285714
IND382430AAB,IND000000ACB,FTL,morning,2.3166666666666664,10,876.2684999999999,630.0,1.0
IND382430AAB,IND000000ACB,FTL,afternoon,1.81472550803761,6,876.1704,630.0,1.0
IND382430AAB,IND000000ACB,FTL,evening,1.786624203821656,1,874.4511,628.0,1.0
IND382430AAB,IND313001AAB,FTL,afternoon,1.9897435897435896,1,273.43890000000005,195.0,1.0
IND382430AAB,IND313001AAB,FTL,evening,1.9744897959183676,13,273.3975,195.0,1.0
IND382430AAB,IND364004AAB,FTL,afternoon,1.633587786259542,11,157.4853,131.0,1.0
IND382430AAB,IND370201AAA,FTL,afternoon,1.49375,12,312.83595,320.5,1.0
IND382430AAB,IND380005AAA,Carting,night,2.333333333333333,17,27.5725,24.0,1.0
IND382430AAB,IND380005AAA,Carting,evening,1.6363636363636365,19,26.1,22.0,1.0
IND382430AAB,IND380015AAB,Carting,night,2.5,20,15.34535,12.0,1.0
IND382430AAB,IND380015AAB,Carting,evening,2.333333333333333,15,15.5878,12.0,1.0
IND382430AAB,IND380054AAA,Carting,night,2.4705882352941178,21,19.5667,17.0,1.0
IND382430AAB,IND380054AAA,Carting,evening,1.9411764705882355,19,19.8176,17.0,1.0
IND382430AAB,IND382345AAA,Carting,night,2.235294117647059,19,20.0726,16.0,1.0
IND382430AAB,IND382345AAA,Carting,evening,2.0,15,20.2546,16.0,1.0
IND382430AAB,IND384205AAA,FTL,morning,1.5682072829131652,2,94.69040000000001,84.5,1.0
IND382430AAB,IND384205AAA,FTL,afternoon,1.6294117647058823,6,95.16444999999999,85.0,1.0
IND382430AAB,IND384205AAA,FTL,evening,1.3313725490196078,12,95.1206,85.0,1.0
IND382430AAB,IND387620AAB,Carting,evening,2.037735849056604,1,70.0601,53.0,1.0
IND382430AAB,IND388320AAA,FTL,afternoon,1.25,9,80.1094,64.0,0.8888888888888888
IND382430AAB,IND389001AAA,FTL,afternoon,1.6428571428571428,8,136.67075,98.0,1.0
IND382430AAB,IND389001AAA,FTL,evening,1.7448979591836735,13,136.588,98.0,1.0
IND382430AAB,IND395023AAA,FTL,afternoon,1.8706467661691544,17,272.6592,201.0,1.0
IND382430AAB,IND395023AAA,FTL,evening,1.8507462686567164,13,272.8035,201.0,1.0
IND382715AAA,IND382430AAB,FTL,night,1.981818181818182,18,60.921899999999994,54.0,1.0
IND382721AAA,IND382430AAB,Carting,night,2.731707317073171,15,43.8054,41.0,1.0
IND383001AAA,IND383315AAC,FTL,night,1.2195121951219512,13,47.5114,41.0,0.5384615384615384
IND383255AAB,IND384205AAA,FTL,night,1.6929359265807864,2,106.89394999999999,109.0,1.0
IND383255AAB,IND384205AAA,FTL,morning,1.3904761904761904,7,101.3193,104.0,0.7142857142857143
IND383315AAC,IND383255AAB,FTL,night,1.1944834034595606,12,92.0065,92.0,0.5
IND383315AAC,IND384205AAA,FTL,night,1.3608247422680413,1,127.6222,97.0,1.0
IND384170AAA,IND384265AAB,FTL,night,1.4166666666666665,6,27.14725,24.0,1.0
IND384205AAA,IND382430AAB,FTL,evening,1.869047619047619,1,92.5036,84.0,1.0
IND384205AAA,IND382715AAA,FTL,night,1.425,11,42.296800000000005,40.0,1.0
IND384205AAA,IND382715AAA,FTL,evening,1.5,7,42.5227,40.0,1.0
IND384205AAA,IND383001AAA,FTL,night,1.5046610169491526,8,81.37344999999999,59.0,1.0
IND384205AAA,IND383001AAA,FTL,evening,1.4745762711864407,3,80.564,59.0,1.0
IND384205AAA,IND384170AAA,FTL,night,1.1785714285714284,4,28.23775,28.0,0.5
IND384205AAA,IND384170AAA,FTL,evening,1.5357142857142858,2,28.25345,28.0,1.0
IND384205AAA,IND384355AAB,FTL,night,1.6176470588235294,9,36.6657,33.0,1.0
IND384205AAA,IND384355AAB,FTL,evening,1.9117647058823528,4,35.927,33.0,1.0
IND384205AAA,IND385001AAA,FTL,evening,2.7419354838709675,1,66.1726,62.0,1.0
IND384265AAB,IND385320AAA,FTL,night,1.2933333333333332,11,81.5054,75.0,0.8181818181818182
IND384265AAB,IND385340AAB,FTL,night,3.0434782608695654,1,62.0344,46.0,1.0
IND384355AAB,IND384205AAA,FTL,morning,2.290322580645161,1,33.387800000000006,31.0,1.0
IND384355AAB,IND385001AAA,FTL,night,1.5,12,70.45474999999999,65.0,1.0
IND385001AAA,IND385535AAA,FTL,night,2.05,5,27.004,19.0,1.0
IND385320AAA,IND385340AAB,FTL,night,0.972972972972973,8,29.815150000000003,37.0,0.0
IND385340AAB,IND384205AAA,FTL,night,1.4444444444444444,3,109.3271,90.0,0.6666666666666666
IND385340AAB,IND384205AAA,FTL,morning,1.5176470588235291,1,106.0967,85.0,1.0
IND385535AAA,IND384205AAA,FTL,night,1.95,17,92.1865,79.0,1.0
IND387001AAA,IND388220AAA,Carting,night,1.76,14,27.0742,24.5,1.0
IND387620AAB,IND389230AAB,Carting,night,2.1846153846153844,1,70.7195,65.0,1.0
IND388121AAA,IND388620AAB,Carting,night,1.558139534883721,11,54.1935,44.0,1.0
IND388220AAA,IND388320AAA,Carting,night,1.72,13,27.0761,25.0,1.0
IND388220AAA,IND388320AAA,Carting,morning,2.16,1,27.0999,25.0,1.0
IND388320AAA,IND387001AAA,Carting,night,1.6923076923076923,11,19.9784,15.0,1.0
IND388320AAA,IND388121AAA,Carting,night,4.25,1,10.2572,12.0,1.0
IND388320AAA,IND388220AAA,Carting,night,2.0,1,24.6267,22.0,1.0
IND388320AAA,IND390022AAA,FTL,evening,2.091578947368421,6,38.718,31.0,1.0
IND388620AAB,IND388320AAA,Carting,night,1.8046129374337223,12,54.4213,46.0,1.0
IND388620AAB,IND388320AAA,Carting,morning,1.608695652173913,1,54.5635,46.0,1.0
IND389001AAA,IND389151AAA,FTL,night,1.7254901960784317,21,68.0501,50.0,1.0
IND389151AAA,IND457661AAA,FTL,night,2.8484848484848486,11,43.518800000000006,32.0,1.0
IND390020AAA,IND390018AAB,Carting,morning,3.363636363636364,1,11.3636,11.0,1.0
IND390020AAA,IND390022AAA,Carting,morning,5.4071428571428575,2,12.5421,12.0,1.0
IND390020AAA,IND391110AAD,Carting,night,1.8529411764705883,7,35.3396,34.0,1.0
IND390022AAA,IND382430AAB,FTL,evening,1.5857142857142859,8,99.4065,70.0,1.0
IND390022AAA,IND388320AAA,Carting,night,2.1153846153846154,7,36.1407,26.0,1.0
IND390022AAA,IND388320AAA,Carting,evening,1.9230769230769231,11,35.9826,26.0,1.0
IND390022AAA,IND390020AAA,Carting,night,3.3901515151515156,2,11.738050000000001,11.5,1.0
IND390022AAA,IND390020AAA,Carting,morning,6.8,1,13.4591,15.0,1.0
IND390022AAA,IND395023AAA,FTL,night,1.7508953168044077,2,166.7385,120.5,1.0
IND390022AAA,IND395023AAA,FTL,evening,1.775,19,167.0285,121.0,1.0
IND391110AAD,IND390020AAA,Carting,night,3.142857142857143,4,35.69425,33.5,1.0
IND391110AAD,IND390022AAA,Carting,night,3.882352941176471,1,34.9421,34.0,1.0
IND395001AAA,IND395023AAD,Carting,night,10.285714285714286,13,14.4435,14.0,1.0
IND395001AAA,IND395023AAD,Carting,morning,4.071428571428571,1,14.5116,14.0,1.0
IND395004AAB,IND395023AAD,Carting,night,9.505882352941176,2,16.92055,16.0,1.0
IND395004AAB,IND395023AAD,Carting,morning,4.705882352941176,2,17.462,17.0,1.0
IND395006AAA,IND395023AAD,Carting,night,8.566666666666666,2,15.7562,15.0,1.0
IND395006AAA,IND395023AAD,Carting,morning,70.0,1,11.19,11.0,1.0
IND395009AAA,IND395023AAD,Carting,night,9.666666666666666,15,17.518,17.0,1.0
IND395009AAA,IND395023AAD,Carting,morning,3.2777777777777777,1,19.5315,18.0,1.0
IND395010AAB,IND395023AAA,Carting,morning,1.4375,1,17.769299999999998,16.0,1.0
IND395023AAA,IND110037AAM,FTL,afternoon,1.8358147896495103,18,1118.7184499999998,841.0,1.0
IND395023AAA,IND382430AAB,FTL,night,1.7311827956989247,7,260.0197,187.0,1.0
IND395023AAA,IND382430AAB,FTL,morning,1.821300563236047,14,259.97450000000003,187.0,1.0
IND395023AAA,IND390022AAA,FTL,afternoon,1.735854045478583,8,169.30975,122.5,1.0
IND395023AAA,IND394221AAA,Carting,afternoon,1.9090909090909087,1,10.9696,11.0,1.0
IND395023AAA,IND396191AAC,FTL,night,2.272727272727273,1,104.9459,77.0,1.0
IND395023AAA,IND396191AAC,FTL,morning,2.36,3,104.0541,76.0,1.0
IND395023AAA,IND396191AAC,FTL,evening,1.986842105263158,6,104.17615,76.0,1.0
IND395023AAA,IND411033AAA,FTL,night,2.79553264604811,6,395.04685,291.5,1.0
IND395023AAA,IND411033AAA,FTL,morning,2.668965517241379,5,394.0844,290.0,1.0
IND395023AAA,IND421302AAG,FTL,night,2.466424870466321,2,263.19745,196.5,1.0
IND395023AAA,IND421302AAG,FTL,morning,2.45771144278607,1,266.7674,201.0,1.0
IND395023AAA,IND562132AAA,FTL,night,1.749710312862109,1,1193.0202,863.0,1.0
IND395023AAA,IND562132AAA,FTL,morning,1.9445086705202312,19,1193.1037,863.0,1.0
IND395023AAD,IND395001AAA,Carting,night,1.8571428571428568,3,15.3009,13.0,1.0
IND395023AAD,IND395001AAA,Carting,morning,2.5384615384615383,5,13.5643,12.0,1.0
IND395023AAD,IND395004AAB,Carting,night,2.4285714285714284,17,15.7924,15.0,1.0
IND395023AAD,IND395006AAA,Carting,night,1.8461538461538465,17,15.0746,13.0,1.0
IND395023AAD,IND395006AAA,Carting,morning,2.1394230769230766,10,15.183499999999999,13.0,1.0
IND395023AAD,IND395009AAA,Carting,night,2.3666666666666667,2,15.3666,15.0,1.0
IND395023AAD,IND395009AAA,Carting,morning,2.9375,2,16.60685,16.0,1.0
IND395023AAD,IND396445AAA,Carting,evening,1.875,7,22.5559,17.0,1.0
IND396001AAA,IND395023AAD,Carting,night,2.4262295081967213,5,78.87710000000001,60.0,1.0
IND396105AAA,IND396191AAC,Carting,night,2.1587301587301586,2,14.5899,11.5,1.0
IND396191AAB,IND421302AAG,FTL,night,2.384,1,162.90679999999998,125.0,1.0
IND396191AAB,IND421302AAG,FTL,morning,1.9047619047619049,1,163.7404,126.0,1.0
IND396191AAC,IND395023AAA,FTL,morning,2.3421052631578947,1,104.9843,76.0,1.0
IND396191AAC,IND396105AAA,Carting,night,0.782608695652174,2,21.412999999999997,23.0,0.0
IND396191AAC,IND396210AAA,Carting,night,3.909090909090909,1,10.2921,11.0,1.0
IND396191AAC,IND396232AAA,Carting,night,2.6923076923076925,17,15.536,13.0,1.0
IND396191AAC,IND421302AAG,FTL,night,2.704,5,162.75529999999998,125.0,1.0
IND396191AAC,IND421302AAG,FTL,morning,2.3253968253968256,3,164.1773,127.0,1.0
IND396232AAA,IND396191AAC,Carting,morning,4.071428571428571,2,16.364449999999998,14.0,1.0
IND396232AAA,IND396191AAC,Carting,afternoon,3.5,13,15.63,14.0,1.0
IND396321AAA,IND396001AAA,Carting,night,1.455026455026455,8,25.732750000000003,26.5,1.0
IND396321AAA,IND396580AAB,Carting,night,1.8666666666666667,17,42.9025,32.0,1.0
IND396445AAA,IND396321AAA,Carting,night,2.2,7,27.1495,25.0,1.0
IND396580AAB,IND396321AAA,Carting,night,2.032258064516129,8,42.0994,31.5,1.0
IND400011AAA,IND400072AAB,Carting,afternoon,2.6830357142857144,4,16.2423,14.5,1.0
IND400011AAA,IND400072AAB,Carting,evening,2.2666666666666666,8,16.68645,15.0,1.0
IND400011AAA,IND400072AAD,Carting,afternoon,3.055555555555556,38,19.530900000000003,18.0,1.0
IND400011AAA,IND400072AAD,Carting,evening,2.3157894736842106,15,20.3609,19.0,1.0
IND400015AAA,IND400072AAB,Carting,night,4.411764705882353,9,17.9555,17.0,1.0
IND400015AAA,IND400072AAB,Carting,morning,4.205882352941177,6,17.43175,17.0,1.0
IND400015AAA,IND400072AAB,Carting,evening,2.3529411764705883,21,18.1514,17.0,1.0
IND400015AAA,IND421302AAG,Carting,morning,3.7586206896551726,1,40.5514,29.0,1.0
IND400015AAB,IND400072AAB,Carting,night,4.139215686274509,4,18.591450000000002,17.0,1.0
IND400015AAB,IND400072AAB,Carting,morning,5.411764705882353,2,18.265900000000002,17.0,1.0
IND400015AAB,IND421302AAG,Carting,night,2.466666666666667,3,42.509,31.0,1.0
IND400015AAB,IND421302AAG,Carting,morning,3.414331896551724,6,42.6777,32.0,1.0
IND400015AAB,IND421302AAG,Carting,afternoon,3.5,5,42.62,32.0,1.0
IND400015AAB,IND421302AAG,Carting,evening,2.5161290322580645,9,42.6888,32.0,1.0
IND400016AAA,IND400015AAA,Carting,night,1.8,1,12.2279,10.0,1.0
IND400016AAB,IND400072AAB,Carting,afternoon,5.0,1,11.184,12.0,1.0
IND400016AAB,IND400072AAD,Carting,afternoon,2.923076923076923,13,14.9929,13.0,1.0
IND400016AAB,IND400072AAD,Carting,evening,2.0544871794871793,2,14.57965,12.5,1.0
IND400037AAA,IND400072AAJ,Carting,night,2.6956521739130435,9,13.0393,13.0,1.0
IND400037AAA,IND400072AAJ,Carting,morning,3.4038461538461537,4,12.338049999999999,12.5,1.0
IND400064AAB,IND400072AAB,Carting,afternoon,3.083916083916084,4,12.6353,12.5,1.0
IND400064AAB,IND400072AAD,Carting,afternoon,3.076923076923077,17,13.2933,14.0,1.0
IND400072AAA,IND421302AAG,Carting,night,4.0,1,26.4331,21.0,1.0
IND400072AAB,IND000000AFT,Carting,night,2.8499999999999996,30,22.25055,19.5,1.0
IND400072AAB,IND000000AFT,Carting,morning,3.263157894736842,1,21.9204,19.0,1.0
IND400072AAB,IND000000AFT,Carting,afternoon,2.4536340852130323,18,22.790399999999998,20.0,1.0
IND400072AAB,IND000000AFT,Carting,evening,2.2744360902255636,18,22.5368,20.0,1.0
IND400072AAB,IND400011AAA,Carting,night,3.7058823529411766,2,19.04925,17.0,1.0
IND400072AAB,IND400015AAA,Carting,night,4.283088235294118,12,18.84465,17.0,1.0
IND400072AAB,IND400015AAA,Carting,afternoon,3.117647058823529,19,18.6778,17.0,1.0
IND400072AAB,IND400015AAA,Carting,evening,2.823529411764706,29,18.6134,17.0,1.0
IND400072AAB,IND400015AAB,Carting,night,2.9411764705882355,1,19.3415,17.0,1.0
IND400072AAB,IND400701AAB,Carting,night,2.421052631578948,3,22.2049,19.0,1.0
IND400072AAB,IND401104AAA,Carting,night,3.1,30,19.71365,15.0,1.0
IND400072AAB,IND401104AAA,Carting,afternoon,3.2222222222222223,17,21.7027,17.0,1.0
IND400072AAB,IND401104AAA,Carting,evening,2.533333333333333,25,20.5643,16.0,1.0
IND400072AAB,IND401104AAB,Carting,night,3.466666666666667,1,19.5201,15.0,1.0
IND400072AAB,IND411033AAA,FTL,evening,1.98,8,132.78965,100.0,1.0
IND400072AAB,IND421302AAG,Carting,night,3.54,10,27.3883,22.0,1.0
IND400072AAB,IND421302AAG,Carting,morning,3.1314285714285717,18,27.835050000000003,23.5,1.0
IND400072AAB,IND421302AAG,Carting,afternoon,3.8043478260869565,16,27.33325,23.0,1.0
IND400072AAB,IND421302AAG,Carting,evening,2.2,19,27.6478,23.0,1.0
IND400072AAB,IND421302AAR,Carting,night,2.318181818181818,4,27.36105,23.0,1.0
IND400072AAB,IND421302AAR,Carting,morning,2.0434782608695654,1,27.32,23.0,1.0
IND400072AAB,IND421302AAR,Carting,evening,2.117892976588629,16,28.917949999999998,25.0,1.0
IND400072AAB,IND421302AAS,Carting,night,7.416666666666667,1,28.1215,24.0,1.0
IND400072AAB,IND421302AAS,Carting,evening,1.4583333333333333,1,28.4958,24.0,1.0
IND400072AAC,IND400011AAA,Carting,night,3.35,17,18.637,17.0,1.0
IND400072AAD,IND421302AAG,Carting,night,2.4761904761904763,14,25.5178,21.0,1.0
IND400072AAD,IND421302AAG,Carting,morning,3.9565217391304346,19,26.0169,21.0,1.0
IND400072AAD,IND421302AAG,Carting,afternoon,4.016746411483253,22,26.23285,22.0,1.0
IND400072AAD,IND421302AAG,Carting,evening,2.375,44,25.49655,21.0,1.0
IND400072AAJ,IND400037AAA,Carting,night,8.166666666666666,1,13.9093,12.0,1.0
IND400072AAJ,IND400037AAA,Carting,morning,9.833333333333334,1,14.0146,12.0,1.0
IND400102AAB,IND421302AAG,Carting,morning,3.0,9,32.6967,29.0,1.0
IND400102AAB,IND421302AAG,Carting,evening,1.6774193548387095,11,33.464,31.0,1.0
IND400102AAC,IND400052AAA,Carting,night,3.3809523809523805,2,11.1734,13.0,1.0
IND400102AAC,IND400052AAA,Carting,evening,5.684065934065934,2,11.075849999999999,13.5,1.0
IND400102AAC,IND421302AAG,Carting,night,4.90625,5,33.3181,31.0,1.0
IND400102AAC,IND421302AAG,Carting,morning,5.533333333333333,15,32.6634,29.0,1.0
IND400102AAC,IND421302AAG,Carting,evening,2.7816820276497696,8,32.24405,29.0,1.0
IND400612AAA,IND421302AAR,Carting,night,2.375,10,14.38555,12.0,1.0
IND400701AAA,IND410206AAA,Carting,night,2.1666666666666665,13,23.3962,20.0,1.0
IND400701AAA,IND410206AAA,Carting,morning,2.825,4,23.68775,20.0,1.0
IND400701AAB,IND421302AAG,Carting,night,3.238095238095238,5,22.91,20.0,1.0
IND400701AAB,IND421302AAG,Carting,morning,2.475,10,22.626,20.0,1.0
IND400701AAB,IND421302AAG,Carting,afternoon,4.067857142857143,2,23.3731,20.5,1.0
IND400701AAB,IND421302AAG,Carting,evening,2.15,9,22.8298,20.0,1.0
IND400705AAA,IND421302AAH,Carting,afternoon,3.1075,12,27.251800000000003,26.0,1.0
IND400706AAA,IND000000AFT,Carting,morning,4.712121212121212,2,10.32765,10.0,1.0
IND401104AAA,IND400072AAB,Carting,night,6.375,14,20.29205,16.0,1.0
IND401104AAA,IND400072AAB,Carting,morning,5.84375,2,19.9088,16.0,1.0
IND401104AAA,IND400072AAB,Carting,evening,2.375,15,20.6247,16.0,1.0
IND401104AAA,IND401208AAA,Carting,night,3.611111111111111,1,24.6721,18.0,1.0
IND401104AAA,IND401208AAA,Carting,morning,2.411764705882353,19,23.4985,18.0,1.0
IND401104AAA,IND401208AAA,Carting,evening,2.6666666666666665,17,23.6117,18.0,1.0
IND401104AAA,IND401209AAA,Carting,night,2.761904761904762,1,25.3485,21.0,1.0
IND401104AAA,IND421302AAG,Carting,night,6.090909090909091,3,27.0255,22.0,1.0
IND401104AAA,IND421302AAG,Carting,morning,3.096153846153846,2,29.24315,26.0,1.0
IND401104AAA,IND421302AAG,Carting,afternoon,2.5416666666666665,3,28.1505,24.0,1.0
IND401104AAA,IND421302AAG,Carting,evening,1.9383333333333335,6,28.258650000000003,24.5,1.0
IND401104AAB,IND400072AAB,Carting,night,9.5,1,20.7416,16.0,1.0
IND401104AAB,IND400072AAB,Carting,evening,2.2333333333333334,4,20.06155,15.0,1.0
IND401104AAB,IND421302AAG,Carting,morning,2.0416666666666665,1,27.7434,24.0,1.0
IND401104AAB,IND421302AAG,Carting,afternoon,4.340909090909091,14,29.0579,25.5,1.0
IND401104AAB,IND421302AAG,Carting,evening,2.1752380952380954,8,28.40245,25.0,1.0
IND401209AAA,IND401104AAA,Carting,night,6.7727272727272725,17,27.077,21.0,1.0
IND401209AAA,IND401104AAA,Carting,morning,2.9264069264069263,6,26.588050000000003,21.5,1.0
IND401209AAB,IND401104AAA,Carting,morning,8.142857142857142,12,25.748649999999998,19.5,1.0
IND401209AAB,IND421302AAG,Carting,afternoon,2.4571428571428573,1,36.4639,35.0,1.0
IND401209AAB,IND421302AAH,Carting,afternoon,2.595798319327731,16,35.530699999999996,34.0,1.0
IND401209AAB,IND421302AAH,Carting,evening,3.4857142857142858,3,35.8384,34.0,1.0
IND401501AAA,IND401602AAA,Carting,night,2.0384615384615383,16,28.0011,25.5,1.0
IND401501AAA,IND401602AAA,Carting,morning,2.3461538461538463,1,28.2679,26.0,1.0
IND401602AAA,IND401501AAA,Carting,night,8.0,7,29.7526,29.0,1.0
IND401602AAA,IND401501AAA,Carting,morning,6.845714285714285,10,28.168,26.0,1.0
IND402107AAA,IND402109AAA,Carting,night,2.2666666666666666,17,39.9778,30.0,1.0
IND402107AAA,IND402109AAA,Carting,morning,2.4375,1,42.2295,32.0,1.0
IND402109AAA,IND402301AAA,Carting,night,2.520833333333333,5,64.3216,48.0,1.0
IND402109AAA,IND402301AAA,Carting,morning,1.875,15,62.7266,47.0,1.0
IND402301AAA,IND402107AAA,Carting,morning,2.0,13,95.8701,67.0,1.0
IND403002AAA,IND403726AAB,Carting,night,3.1666666666666665,1,20.7813,24.0,1.0
IND403401AAA,IND403726AAB,Carting,night,13.37037037037037,3,24.8751,29.0,1.0
IND403507AAA,IND403726AAB,Carting,night,1.6129032258064515,3,26.0509,30.0,1.0
IND403507AAB,IND403726AAB,Carting,morning,4.613636363636363,1,36.4867,44.0,1.0
IND403601AAA,IND403726AAB,Carting,night,1.7833333333333332,4,15.2855,14.0,1.0
IND403702AAA,IND575004AAB,FTL,night,2.11787072243346,6,301.36225,264.0,1.0
IND403702AAA,IND575004AAB,FTL,morning,1.8089622641509435,2,302.53655,264.5,1.0
IND403702AAA,IND581314AAA,FTL,night,1.476923076923077,1,69.7005,65.0,1.0
IND403726AAA,IND403702AAA,FTL,night,1.8,9,51.2449,49.0,1.0
IND403726AAA,IND411033AAA,FTL,night,2.2798982188295165,1,512.1197,393.0,1.0
IND403726AAA,IND411033AAA,FTL,afternoon,3.031007751937985,1,508.3997,387.0,1.0
IND403726AAA,IND411033AAA,FTL,evening,1.9385467899534397,12,510.20285,390.0,1.0
IND403726AAA,IND416510AAA,FTL,night,2.8947368421052637,3,76.5168,76.0,1.0
IND403726AAA,IND416510AAA,FTL,evening,2.210526315789474,1,77.13539999999999,76.0,1.0
IND403726AAA,IND575004AAB,FTL,night,1.9553017311775274,2,353.0259,313.0,1.0
IND403726AAA,IND581303AAA,FTL,night,1.7560975609756098,1,86.25760000000001,82.0,1.0
IND403726AAA,IND581303AAA,FTL,evening,1.6440831074977416,12,85.8172,81.5,1.0
IND403726AAA,IND581400AAB,FTL,evening,1.908256880733945,1,115.8,109.0,1.0
IND403726AAB,IND403002AAA,Carting,night,1.2916666666666667,1,19.1746,24.0,1.0
IND403726AAB,IND403002AAA,Carting,evening,1.2916666666666667,3,16.008399999999998,24.0,0.6666666666666666
IND403726AAB,IND403401AAA,Carting,night,1.962962962962963,1,24.4879,27.0,1.0
IND403726AAB,IND403401AAA,Carting,evening,2.1739130434782608,5,22.683,24.0,1.0
IND403726AAB,IND403507AAA,Carting,night,1.2758620689655171,1,25.0992,29.0,1.0
IND403726AAB,IND403507AAA,Carting,evening,1.3763440860215055,4,25.133850000000002,29.5,0.75
IND403726AAB,IND403507AAB,Carting,evening,0.9302325581395348,1,35.105599999999995,43.0,0.0
IND403726AAB,IND403601AAA,Carting,evening,1.492063492063492,6,15.925049999999999,15.0,1.0
IND410206AAA,IND000000AFT,Carting,night,2.363636363636364,13,18.9412,15.0,1.0
IND410206AAB,IND000000AFT,Carting,night,2.263157894736842,27,20.2698,17.0,1.0
IND410206AAB,IND000000AFT,Carting,morning,2.7777777777777777,9,20.4962,17.0,1.0
IND410401AAA,IND421302AAG,FTL,night,2.4776119402985075,9,84.9857,67.0,1.0
IND410501AAF,IND411033AAA,Carting,morning,4.714285714285714,3,17.2363,15.0,1.0
IND410501AAF,IND411033AAA,Carting,afternoon,6.066666666666666,1,16.5842,15.0,1.0
IND410503AAA,IND410505AAB,Carting,night,4.108695652173913,2,33.13135,23.0,1.0
IND410505AAB,IND410501AAF,Carting,morning,4.1,5,15.5234,10.0,1.0
IND410505AAB,IND411033AAA,Carting,night,2.189230769230769,2,24.3627,25.5,1.0
IND411014AAA,IND411033AAA,Carting,night,19.054505005561737,2,30.85175,30.0,1.0
IND411014AAA,IND411033AAA,Carting,morning,2.060606060606061,11,30.3193,30.0,1.0
IND411014AAA,IND411033AAA,Carting,evening,3.790322580645161,2,31.854750000000003,31.0,1.0
IND411014AAA,IND411043AAA,Carting,night,4.333333333333333,3,15.8151,15.0,1.0
IND411014AAA,IND411043AAA,Carting,morning,5.125,3,15.3473,15.0,1.0
IND411014AAA,IND411043AAA,Carting,evening,6.352941176470588,1,16.955,17.0,1.0
IND411014AAA,IND411048AAA,Carting,night,9.133333333333333,4,14.0083,15.0,1.0
IND411014AAA,IND411048AAA,Carting,morning,7.321428571428572,2,14.0687,14.0,1.0
IND411017AAA,IND412105AAC,Carting,night,3.117647058823529,1,15.8953,17.0,1.0
IND411017AAA,IND412105AAC,Carting,morning,2.588235294117647,1,18.4886,17.0,1.0
IND411021AAA,IND411033AAA,Carting,night,2.533333333333333,8,13.111999999999998,15.0,0.875
IND411021AAA,IND411033AAA,Carting,morning,1.4545454545454546,11,10.9601,12.0,0.8181818181818182
IND411021AAA,IND411033AAA,Carting,evening,2.4166666666666665,9,13.3857,15.0,0.7777777777777778
IND411033AAA,IND000000AAL,Carting,night,2.5,11,23.9306,25.0,1.0
IND411033AAA,IND000000AAL,Carting,afternoon,4.16547619047619,6,26.31915,28.0,1.0
IND411033AAA,IND000000ACB,FTL,night,1.7472906403940887,14,1361.3026,1014.5,1.0
IND411033AAA,IND000000ACB,FTL,morning,1.683743842364532,3,1361.927,1015.0,1.0
IND411033AAA,IND000000ACB,FTL,evening,1.7645320197044334,1,1361.8406,1015.0,1.0
IND411033AAA,IND400072AAB,FTL,evening,1.8640776699029127,8,130.8845,103.0,1.0
IND411033AAA,IND403726AAA,FTL,night,1.9974358974358972,5,511.4808,389.0,1.0
IND411033AAA,IND403726AAA,FTL,morning,2.0488435104414484,4,511.35685,389.5,1.0
IND411033AAA,IND403726AAA,FTL,evening,2.0591259640102826,11,511.5234,389.0,1.0
IND411033AAA,IND410503AAA,Carting,evening,2.6808510638297878,3,58.2686,47.0,1.0
IND411033AAA,IND410505AAB,Carting,morning,1.5689655172413794,6,31.7271,29.0,1.0
IND411033AAA,IND410505AAB,Carting,evening,1.862068965517241,1,31.4708,29.0,1.0
IND411033AAA,IND411014AAA,Carting,night,2.566666666666667,17,26.1128,29.0,1.0
IND411033AAA,IND411014AAA,Carting,morning,2.9642857142857144,9,25.9723,28.0,1.0
IND411033AAA,IND411014AAA,Carting,evening,1.9333333333333331,17,25.8807,28.0,1.0
IND411033AAA,IND411021AAA,Carting,night,2.833333333333333,19,11.1787,12.0,0.8421052631578947
IND411033AAA,IND411021AAA,Carting,morning,2.1538461538461537,7,11.2123,13.0,0.8571428571428571
IND411033AAA,IND411021AAA,Carting,evening,3.5,8,11.129650000000002,12.5,0.75
IND411033AAA,IND411036AAA,Carting,night,2.7720306513409962,10,25.855800000000002,29.0,1.0
IND411033AAA,IND411036AAA,Carting,morning,2.35,5,25.4763,28.0,1.0
IND411033AAA,IND411036AAA,Carting,evening,1.5,17,25.9354,29.0,1.0
IND411033AAA,IND413002AAA,FTL,night,1.9811320754716981,2,281.04385,212.0,1.0
IND411033AAA,IND413002AAA,FTL,afternoon,1.778301886792453,21,281.2565,212.0,1.0
IND411033AAA,IND413002AAA,FTL,evening,1.6336068139139766,4,280.3755,211.0,1.0
IND411033AAA,IND413501AAA,FTL,afternoon,2.7452830188679247,1,276.3396,212.0,1.0
IND411033AAA,IND414001AAA,FTL,evening,1.7757009345794392,3,141.5488,107.0,1.0
IND411033AAA,IND416012AAA,FTL,night,1.6545454545454543,5,249.1285,220.0,1.0
IND411033AAA,IND416012AAA,FTL,morning,1.610006170300288,8,249.36894999999998,220.5,1.0
IND411033AAA,IND421302AAG,FTL,night,2.125,38,129.3306,100.5,1.0
IND411033AAA,IND421302AAG,FTL,morning,2.1514372739387015,20,130.00045,102.0,1.0
IND411033AAA,IND421302AAG,FTL,afternoon,1.96,35,128.8433,101.0,1.0
IND411033AAA,IND421302AAG,FTL,evening,1.8748499399759904,14,129.60225,101.5,1.0
IND411033AAA,IND431136AAC,FTL,night,2.2151162790697674,5,234.9666,171.0,1.0
IND411033AAA,IND431136AAC,FTL,morning,2.1695906432748537,7,235.7499,172.0,1.0
IND411033AAA,IND431603AAA,FTL,night,2.343653250773994,5,447.1099,321.0,1.0
IND411033AAA,IND431603AAA,FTL,morning,2.2608695652173916,10,446.76144999999997,322.0,1.0
IND411033AAA,IND501359AAE,FTL,night,1.646875,8,632.26675,480.0,1.0
IND411033AAA,IND501359AAE,FTL,evening,1.6645833333333333,3,632.6568000000001,480.0,1.0
IND411033AAA,IND521225AAB,FTL,night,1.945906432748538,9,911.9286,684.0,1.0
IND411033AAA,IND521225AAB,FTL,morning,1.9283625730994152,1,911.9385,684.0,1.0
IND411033AAA,IND562132AAA,FTL,night,2.2195121951219514,3,840.5065999999999,615.0,1.0
IND411033AAA,IND562132AAA,FTL,evening,1.7577235772357724,7,840.9802,615.0,1.0
IND411033AAA,IND580028AAA,FTL,night,1.88135593220339,2,487.72025,354.0,1.0
IND411033AAA,IND580028AAA,FTL,evening,1.7175141242937852,3,487.6291,354.0,1.0
IND411033AAB,IND411057AAF,Carting,morning,5.266666666666667,1,13.4217,15.0,1.0
IND411036AAA,IND411033AAA,Carting,night,2.387315270935961,12,27.8652,28.5,1.0
IND411036AAA,IND411033AAA,Carting,morning,3.4285714285714284,7,29.0988,28.0,1.0
IND411036AAA,IND411033AAA,Carting,afternoon,3.230769230769231,1,29.0608,26.0,1.0
IND411036AAA,IND411033AAA,Carting,evening,1.7419354838709675,13,27.247,31.0,1.0
IND411043AAA,IND411014AAA,Carting,night,3.9,2,15.54335,15.5,1.0
IND411043AAA,IND411014AAA,Carting,morning,4.25,1,15.5423,16.0,1.0
IND411048AAA,IND411014AAA,Carting,night,5.0,1,16.3611,16.0,1.0
IND411048AAA,IND411014AAA,Carting,morning,4.625,1,14.8534,16.0,1.0
IND412105AAC,IND411017AAA,Carting,night,2.533333333333333,21,18.0398,16.0,1.0
IND412105AAC,IND411017AAA,Carting,morning,2.125490196078431,12,17.8631,15.5,1.0
IND412210AAC,IND411033AAA,FTL,night,2.4761904761904763,2,82.65045,63.0,1.0
IND412803AAB,IND421802AAA,FTL,night,1.1150537634408602,2,23.64775,30.5,0.0
IND413002AAA,IND413304AAA,Carting,night,1.9245283018867925,7,72.8588,53.0,1.0
IND413002AAA,IND413304AAA,Carting,evening,2.2264150943396226,3,72.7534,53.0,1.0
IND413002AAA,IND413307AAC,Carting,evening,2.0,1,89.4707,64.0,1.0
IND413002AAA,IND413501AAA,FTL,evening,1.553191489361702,21,64.6965,48.0,1.0
IND413002AAA,IND421302AAG,FTL,night,2.442953020134228,9,397.4751,297.0,1.0
IND413002AAA,IND501359AAE,FTL,morning,1.8042340197429794,14,350.5146,269.0,1.0
IND413002AAA,IND501359AAE,FTL,afternoon,1.7238805970149254,3,349.9181,269.0,1.0
IND413304AAA,IND413002AAA,Carting,morning,2.0,5,73.5145,52.0,1.0
IND413304AAA,IND415301AAB,Carting,night,1.4803921568627452,6,56.6026,52.0,1.0
IND413307AAB,IND413304AAA,Carting,night,2.260869565217391,3,32.9096,24.0,1.0
IND413307AAC,IND413002AAA,Carting,night,2.828125,1,88.20819999999999,64.0,1.0
IND413401AAA,IND411033AAA,FTL,night,2.134831460674157,19,237.8504,175.0,1.0
IND413501AAA,IND411033AAA,FTL,night,2.2180094786729856,1,277.2859,211.0,1.0
IND413501AAA,IND413401AAA,FTL,night,1.4285714285714286,21,38.1812,35.0,1.0
IND413517AAA,IND431603AAA,Carting,morning,3.1294117647058823,1,110.0454,85.0,1.0
IND413517AAA,IND431717AAA,Carting,morning,2.8998257839721253,2,59.78545,41.5,1.0
IND413531AAA,IND413517AAA,Carting,night,2.613636363636364,1,63.0983,44.0,1.0
IND413531AAA,IND413517AAA,Carting,morning,2.5434782608695654,3,65.3623,46.0,1.0
IND413709AAA,IND423109AAA,Carting,night,1.8846153846153848,13,29.5612,27.0,1.0
IND413709AAA,IND423601AAA,Carting,morning,1.5135135135135136,1,43.3419,37.0,1.0
IND413709AAA,IND423701AAB,Carting,night,2.15,1,42.8293,40.0,1.0
IND413709AAA,IND423701AAB,Carting,morning,2.3931623931623935,2,41.058350000000004,37.5,1.0
IND414001AAA,IND411033AAA,FTL,night,2.480769230769231,1,140.2953,104.0,1.0
IND414001AAA,IND414203AAB,FTL,night,1.813953488372093,1,60.9673,43.0,1.0
IND414001AAA,IND414302AAB,FTL,night,1.5588235294117647,1,42.0274,34.0,1.0
IND414203AAB,IND414302AAB,FTL,night,1.7837837837837838,1,98.2615,74.0,1.0
IND414302AAB,IND411033AAA,FTL,morning,2.3962994836488813,2,106.7019,83.5,1.0
IND414302AAB,IND412210AAC,FTL,night,1.736842105263158,1,22.8751,19.0,1.0
IND414502AAA,IND431107AAB,FTL,night,1.5769230769230769,7,26.9384,25.0,1.0
IND415003AAA,IND411033AAA,FTL,night,1.3675213675213675,1,125.9738,117.0,1.0
IND415003AAA,IND411033AAA,FTL,evening,1.3305084745762712,1,126.7383,118.0,1.0
IND415003AAA,IND412803AAB,FTL,night,1.282392026578073,6,35.7283,43.0,0.8333333333333334
IND415003AAA,IND412803AAB,FTL,evening,1.119047619047619,1,35.0461,42.0,0.0
IND415124AAA,IND415605AAA,FTL,night,1.1017964071856288,13,89.166,167.0,0.23076923076923078
IND415124AAA,IND415605AAA,FTL,evening,1.0710059171597632,3,90.2316,169.0,0.0
IND415301AAB,IND413307AAB,Carting,night,1.7663003663003662,4,36.72985,36.0,1.0
IND415408AAC,IND416012AAA,FTL,morning,4.36734693877551,9,54.2421,48.0,1.0
IND415409AAB,IND415124AAA,FTL,night,2.260869565217391,1,30.2576,23.0,1.0
IND415409AAB,IND415124AAA,FTL,evening,1.7028985507246377,10,30.17805,23.0,1.0
IND415605AAA,IND415709AAA,FTL,night,2.42,16,33.86665000000001,24.0,1.0
IND415612AAA,IND415408AAC,FTL,night,2.611742424242424,8,117.19865,90.0,1.0
IND415709AAA,IND416012AAA,FTL,night,2.5167775314116776,4,197.7034,163.5,1.0
IND415709AAA,IND416012AAA,FTL,morning,2.296969696969697,1,198.6963,165.0,1.0
IND415709AAA,IND416122AAA,FTL,night,1.7341040462427746,1,201.6547,173.0,1.0
IND416012AAA,IND395023AAA,FTL,afternoon,1.713995943204868,15,623.4032,492.0,1.0
IND416012AAA,IND415003AAA,FTL,afternoon,1.90625,5,121.3855,96.0,1.0
IND416012AAA,IND415003AAA,FTL,evening,1.9166666666666667,3,121.4066,96.0,1.0
IND416012AAA,IND415409AAB,FTL,evening,1.8285984848484849,4,44.77955,33.0,1.0
IND416012AAA,IND415612AAA,FTL,night,2.7032967032967035,1,127.7225,91.0,1.0
IND416012AAA,IND415612AAA,FTL,evening,2.8762886597938144,9,134.29379999999998,97.0,1.0
IND416012AAA,IND591237AAB,FTL,afternoon,2.25,1,41.3307,32.0,1.0
IND416012AAA,IND591237AAB,FTL,evening,2.3529411764705883,9,39.9123,31.0,1.0
IND416122AAA,IND395023AAA,FTL,afternoon,1.888655462184874,1,603.1991999999999,476.0,1.0
IND416404AAA,IND416012AAA,FTL,night,5.22,1,138.20729999999998,100.0,1.0
IND416404AAA,IND416012AAA,FTL,morning,4.77,5,138.423,100.0,1.0
IND416510AAA,IND416602AAC,FTL,night,2.9775641025641026,4,52.323750000000004,39.5,1.0
IND416510AAA,IND416602AAC,FTL,morning,2.5375,2,53.5843,40.0,1.0
IND416510AAA,IND416606AAA,Carting,night,2.0851063829787235,11,47.1987,45.0,1.0
IND416510AAA,IND416606AAA,Carting,morning,2.0638297872340425,3,47.836,47.0,1.0
IND416602AAC,IND411033AAA,FTL,morning,2.243150684931507,7,357.5046,292.0,1.0
IND416606AAA,IND416510AAA,Carting,night,20.34505087881591,2,48.283150000000006,46.5,1.0
IND416606AAA,IND416510AAA,Carting,morning,26.880917874396133,8,47.0317,45.0,1.0
IND421301AAA,IND421302AAR,Carting,night,3.75,15,12.5025,10.0,1.0
IND421302AAG,IND000000ACB,FTL,night,1.9767561983471071,12,1322.5684999999999,968.0,1.0
IND421302AAG,IND000000ACB,FTL,morning,2.0309597523219813,13,1322.7022,968.0,1.0
IND421302AAG,IND000000ACB,FTL,evening,1.883264462809917,1,1322.2942,968.0,1.0
IND421302AAG,IND000000AFT,Carting,night,2.4285714285714284,21,22.6794,20.0,1.0
IND421302AAG,IND000000AFT,Carting,morning,3.3,5,21.8962,19.0,1.0
IND421302AAG,IND000000AFT,Carting,afternoon,5.7368421052631575,12,22.761000000000003,20.0,1.0
IND421302AAG,IND000000AFT,Carting,evening,2.2554347826086953,16,22.62775,20.5,1.0
IND421302AAG,IND110037AAM,FTL,night,2.091320084803203,18,1366.47305,1007.5,1.0
IND421302AAG,IND110037AAM,FTL,morning,2.076616915422885,1,1365.6935,1005.0,1.0
IND421302AAG,IND131028AAB,FTL,night,1.8979788257940329,3,1427.3548,1038.0,1.0
IND421302AAG,IND131028AAB,FTL,evening,1.9171483622350676,11,1427.0493,1038.0,1.0
IND421302AAG,IND160002AAC,FTL,night,1.888695652173913,1,1583.6609,1150.0,1.0
IND421302AAG,IND382430AAB,FTL,morning,2.037957154692863,4,492.85125000000005,358.0,1.0
IND421302AAG,IND382430AAB,FTL,afternoon,2.0515320334261835,6,492.74845000000005,357.5,1.0
IND421302AAG,IND382430AAB,FTL,evening,2.081132045945354,8,492.95075,358.0,1.0
IND421302AAG,IND395023AAA,FTL,night,2.22295395699651,4,253.22629999999998,188.0,1.0
IND421302AAG,IND395023AAA,FTL,morning,2.723756906077348,1,248.6147,181.0,1.0
IND421302AAG,IND395023AAA,FTL,afternoon,2.255263157894737,6,253.55155000000002,189.0,1.0
IND421302AAG,IND400015AAA,Carting,night,2.586206896551724,13,42.9937,32.0,1.0
IND421302AAG,IND400015AAA,Carting,morning,3.1875,7,42.771800000000006,32.0,1.0
IND421302AAG,IND400015AAA,Carting,afternoon,2.575757575757576,15,42.5012,31.0,1.0
IND421302AAG,IND400015AAA,Carting,evening,2.2535282258064515,14,42.75305,32.0,1.0
IND421302AAG,IND400015AAB,Carting,night,2.764367816091954,10,42.4724,31.0,1.0
IND421302AAG,IND400015AAB,Carting,morning,2.9375,5,42.5998,32.0,1.0
IND421302AAG,IND400015AAB,Carting,afternoon,2.171875,2,43.0026,32.0,1.0
IND421302AAG,IND400015AAB,Carting,evening,1.8597262952101663,14,42.373850000000004,31.0,1.0
IND421302AAG,IND400072AAA,Carting,night,3.3043478260869565,9,27.4749,22.0,1.0
IND421302AAG,IND400072AAA,Carting,morning,2.6,1,25.7165,20.0,1.0
IND421302AAG,IND400072AAA,Carting,afternoon,2.392391304347826,6,27.0584,22.0,1.0
IND421302AAG,IND400072AAA,Carting,evening,2.090909090909091,13,27.6125,23.0,1.0
IND421302AAG,IND400072AAB,Carting,night,2.784090909090909,28,27.21135,22.0,1.0
IND421302AAG,IND400072AAB,Carting,morning,2.834782608695652,28,27.1096,22.0,1.0
IND421302AAG,IND400072AAB,Carting,afternoon,2.4,17,27.3622,22.0,1.0
IND421302AAG,IND400072AAB,Carting,evening,1.9,32,27.628149999999998,23.0,1.0
IND421302AAG,IND400072AAJ,Carting,night,3.0,11,27.3361,22.0,1.0
IND421302AAG,IND400072AAJ,Carting,morning,4.0,1,21.9663,16.0,1.0
IND421302AAG,IND400072AAJ,Carting,afternoon,3.375,11,27.4716,23.0,1.0
IND421302AAG,IND400072AAJ,Carting,evening,1.9166666666666667,15,27.7513,23.0,1.0
IND421302AAG,IND400078AAB,Carting,night,2.4615384615384617,1,16.2015,13.0,1.0
IND421302AAG,IND400102AAB,Carting,night,3.0,11,32.772400000000005,29.0,1.0
IND421302AAG,IND400102AAB,Carting,morning,3.326190476190476,6,33.048,29.0,1.0
IND421302AAG,IND400102AAB,Carting,afternoon,4.464285714285714,1,32.644400000000005,28.0,1.0
IND421302AAG,IND400102AAB,Carting,evening,1.962962962962963,15,32.9795,28.0,1.0
IND421302AAG,IND400102AAC,Carting,night,3.103448275862069,15,33.3357,29.0,1.0
IND421302AAG,IND400102AAC,Carting,morning,3.3687002652519897,10,32.9302,29.0,1.0
IND421302AAG,IND400102AAC,Carting,afternoon,2.577658303464755,20,32.80125,27.5,1.0
IND421302AAG,IND400102AAC,Carting,evening,1.8461538461538465,17,32.6995,28.0,1.0
IND421302AAG,IND400701AAB,Carting,night,2.312252964426878,6,23.098149999999997,20.5,1.0
IND421302AAG,IND400701AAB,Carting,morning,3.523809523809524,1,23.1661,21.0,1.0
IND421302AAG,IND400701AAB,Carting,afternoon,3.075,6,22.7516,20.0,1.0
IND421302AAG,IND400701AAB,Carting,evening,2.238095238095238,9,22.8184,21.0,1.0
IND421302AAG,IND401104AAA,Carting,night,2.56,22,28.384900000000002,25.0,1.0
IND421302AAG,IND401104AAA,Carting,morning,2.727272727272727,14,28.88065,25.0,1.0
IND421302AAG,IND401104AAA,Carting,afternoon,3.0,19,29.2177,25.0,1.0
IND421302AAG,IND401104AAA,Carting,evening,2.4444444444444446,23,29.0712,25.0,1.0
IND421302AAG,IND401104AAB,Carting,night,2.48,4,28.2427,24.5,1.0
IND421302AAG,IND401104AAB,Carting,morning,2.185185185185185,1,29.6053,27.0,1.0
IND421302AAG,IND401104AAB,Carting,evening,2.04,5,28.793,25.0,1.0
IND421302AAG,IND410401AAA,FTL,evening,2.462686567164179,11,88.8,67.0,1.0
IND421302AAG,IND411033AAA,FTL,night,2.676099305701662,4,130.76195,97.5,1.0
IND421302AAG,IND411033AAA,FTL,morning,2.4105263157894736,17,130.6374,97.0,1.0
IND421302AAG,IND411033AAA,FTL,afternoon,2.2626262626262625,13,130.7857,97.0,1.0
IND421302AAG,IND411033AAA,FTL,evening,2.0408205769030507,38,130.86545,98.0,1.0
IND421302AAG,IND413002AAA,FTL,evening,2.064935064935065,7,411.7283,310.0,1.0
IND421302AAG,IND421401AAC,Carting,night,2.5710685483870965,10,42.894499999999994,31.0,1.0
IND421302AAG,IND422011AAD,FTL,afternoon,1.731958762886598,19,136.90279999999998,97.0,1.0
IND421302AAG,IND422011AAD,FTL,evening,1.685374149659864,2,136.28825,97.0,1.0
IND421302AAG,IND444005AAB,FTL,afternoon,2.3807106598984773,11,550.0405,391.0,1.0
IND421302AAG,IND444005AAB,FTL,evening,2.381679389312977,9,549.8996999999999,392.0,1.0
IND421302AAG,IND462022AAA,FTL,night,2.18625678119349,1,768.5335,553.0,1.0
IND421302AAG,IND462022AAA,FTL,afternoon,2.1392405063291138,1,768.0694,553.0,1.0
IND421302AAG,IND462022AAA,FTL,evening,2.2117632413449693,10,768.08645,553.0,1.0
IND421302AAG,IND501359AAE,FTL,morning,1.9901369342934179,12,778.2689,557.0,1.0
IND421302AAG,IND501359AAE,FTL,afternoon,1.9560143626570916,10,778.6564000000001,557.0,1.0
IND421302AAG,IND501359AAE,FTL,evening,2.2179526778762315,2,777.91065,557.5,1.0
IND421302AAG,IND562132AAA,FTL,night,1.9012693935119889,15,968.8083,709.0,1.0
IND421302AAG,IND562132AAA,FTL,morning,1.7821837004935595,6,969.0418500000001,709.0,1.0
IND421302AAG,IND562132AAA,FTL,afternoon,1.777150916784203,1,968.6691,709.0,1.0
IND421302AAG,IND562132AAA,FTL,evening,1.7301454669005516,8,970.922,711.5,1.0
IND421302AAG,IND712311AAA,FTL,night,2.1114327062228653,7,1933.3156,1382.0,1.0
IND421302AAG,IND712311AAA,FTL,evening,2.1157742402315485,2,1933.22435,1382.0,1.0
IND421302AAG,IND834002AAB,FTL,night,2.333494293239684,4,1589.8352499999999,1140.0,1.0
IND421302AAN,IND400072AAB,Carting,morning,2.5454545454545454,16,27.908,22.0,1.0
IND421302AAR,IND400612AAA,Carting,night,2.363636363636364,13,14.2456,12.0,1.0
IND421302AAR,IND400612AAA,Carting,evening,2.1538461538461537,1,15.0645,13.0,1.0
IND421302AAR,IND421004AAA,Carting,night,3.7348484848484844,24,14.04985,11.0,1.0
IND421302AAR,IND421004AAA,Carting,evening,1.9230769230769234,2,14.87555,13.0,1.0
IND421302AAR,IND421301AAA,Carting,night,4.033333333333333,16,12.847199999999999,10.0,1.0
IND421302AAR,IND421301AAA,Carting,morning,3.7777777777777777,1,11.9567,9.0,1.0
IND421302AAR,IND421302AAF,Carting,night,4.235294117647059,1,20.5132,17.0,1.0
IND421401AAC,IND421601AAB,Carting,night,2.6666666666666665,11,26.2065,18.0,1.0
IND421502AAA,IND421302AAR,Carting,night,3.294117647058824,17,19.28,17.0,1.0
IND421601AAB,IND421302AAG,Carting,night,3.870967741935484,13,42.650400000000005,31.0,1.0
IND421601AAB,IND421302AAG,Carting,morning,1.9,1,42.2594,30.0,1.0
IND421802AAA,IND411033AAA,FTL,night,1.6933333333333334,7,80.0409,75.0,1.0
IND422011AAD,IND413709AAA,Carting,night,1.9696969696969695,1,121.9114,99.0,1.0
IND422011AAD,IND421302AAG,FTL,evening,2.288659793814433,21,136.2216,97.0,1.0
IND422011AAD,IND422103AAC,Carting,night,1.4054054054054057,11,40.5612,36.0,1.0
IND422011AAD,IND423109AAA,Carting,night,1.7269298245614035,2,97.58670000000001,75.5,1.0
IND422103AAC,IND422605AAA,Carting,night,1.796551724137931,10,38.886300000000006,30.0,1.0
IND422103AAC,IND423601AAA,Carting,night,2.0,1,57.0574,42.0,1.0
IND422605AAA,IND413709AAA,Carting,night,1.826086956521739,9,50.1062,46.0,1.0
IND422605AAA,IND423109AAA,Carting,night,3.6222222222222222,1,53.5613,45.0,1.0
IND423105AAA,IND423106AAA,FTL,night,1.3529411764705883,1,36.8306,34.0,1.0
IND423105AAA,IND423301AAB,FTL,night,1.4705882352941178,7,34.463,34.0,1.0
IND423106AAA,IND423105AAA,FTL,night,1.5276497695852536,8,36.7953,34.0,1.0
IND423109AAA,IND413709AAA,Carting,night,1.7857142857142858,1,30.2185,28.0,1.0
IND423109AAA,IND423601AAA,Carting,night,1.7777777777777777,3,12.3491,9.0,1.0
IND423109AAA,IND423601AAA,Carting,morning,2.25,9,12.49,9.0,1.0
IND423109AAA,IND423701AAB,Carting,morning,2.6153846153846154,1,37.5551,26.0,1.0
IND423601AAA,IND413709AAA,Carting,night,1.7837837837837838,3,43.7242,38.0,1.0
IND423601AAA,IND423701AAB,Carting,night,2.08,1,32.8097,25.0,1.0
IND423601AAA,IND423701AAB,Carting,morning,2.208333333333333,11,32.786300000000004,24.0,1.0
IND423701AAB,IND422011AAD,Carting,morning,2.2550154320987654,18,110.30085,79.0,1.0
IND424006AAA,IND421302AAG,FTL,morning,2.2170731707317075,8,284.77470000000005,201.5,1.0
IND424006AAA,IND423105AAA,FTL,night,4.205882352941177,1,47.7911,34.0,1.0
IND424006AAA,IND423106AAA,FTL,night,1.3128054740957968,4,79.78535,64.0,1.0
IND424006AAA,IND423106AAA,FTL,evening,1.4426229508196722,1,75.8377,61.0,1.0
IND424006AAA,IND424101AAA,Carting,night,1.9639953542392568,6,56.9686,40.0,1.0
IND424006AAA,IND424101AAA,Carting,evening,2.451219512195122,2,57.5256,41.0,1.0
IND424006AAA,IND424304AAC,FTL,night,1.948717948717949,1,52.4524,39.0,1.0
IND424006AAA,IND424304AAC,FTL,evening,2.073170731707317,7,55.0694,41.0,1.0
IND424006AAA,IND425401AAA,Carting,morning,1.7714285714285714,1,41.2941,35.0,1.0
IND424006AAA,IND425405AAA,FTL,night,1.897623862487361,2,60.458600000000004,44.5,1.0
IND424006AAA,IND425405AAA,FTL,evening,1.9090909090909087,1,59.5702,44.0,1.0
IND424006AAA,IND425412AAA,FTL,night,1.736842105263158,1,104.8513,76.0,1.0
IND424006AAA,IND425412AAA,FTL,evening,2.113160173160173,2,104.86465000000001,76.0,1.0
IND424006AAA,IND452001AAC,Carting,morning,2.9722222222222223,1,100.5391,72.0,1.0
IND424101AAA,IND431103AAA,Carting,night,1.625,1,31.2776,24.0,1.0
IND424201AAA,IND424006AAA,Carting,morning,10.552238805970148,1,85.721,67.0,1.0
IND424304AAC,IND424006AAA,FTL,morning,22.313662790697673,2,56.7526,41.5,1.0
IND424304AAC,IND425412AAA,FTL,night,1.7714285714285714,9,52.9921,37.0,1.0
IND425109AAA,IND424201AAA,Carting,morning,1.35,1,37.1863,40.0,1.0
IND425201AAA,IND425508AAB,Carting,night,1.947368421052632,8,41.588499999999996,38.0,1.0
IND425201AAA,IND425508AAB,Carting,morning,2.216216216216216,1,40.3645,37.0,1.0
IND425401AAA,IND425109AAA,Carting,morning,1.5483870967741935,1,33.7629,31.0,1.0
IND425405AAA,IND424006AAA,FTL,night,21.5,11,62.6996,46.0,1.0
IND425405AAA,IND424006AAA,FTL,morning,21.18367346938776,3,65.52080000000001,49.0,1.0
IND425405AAA,IND425409AAA,FTL,night,2.313725490196078,1,56.0325,51.0,1.0
IND425406AAA,IND425405AAA,FTL,night,1.9484126984126984,4,20.7417,20.5,1.0
IND425406AAA,IND425409AAA,FTL,night,2.3142857142857145,1,49.3457,35.0,1.0
IND425406AAA,IND425412AAA,FTL,night,2.1113095238095236,2,56.899550000000005,41.0,1.0
IND425409AAA,IND424006AAA,FTL,morning,12.08108108108108,1,94.5602,74.0,1.0
IND425409AAA,IND424304AAC,FTL,night,2.2028985507246377,1,92.9899,69.0,1.0
IND425409AAA,IND425406AAA,FTL,night,2.2777777777777777,9,50.2143,36.0,1.0
IND425409AAA,IND425412AAA,FTL,night,2.066666666666667,1,38.2279,30.0,1.0
IND425412AAA,IND424006AAA,FTL,night,13.835443037974684,1,109.1615,79.0,1.0
IND425412AAA,IND424304AAC,FTL,night,2.125,1,57.6705,40.0,1.0
IND425412AAA,IND425406AAA,FTL,night,2.157285803627267,2,55.9246,40.0,1.0
IND425412AAA,IND425409AAA,FTL,night,2.268075639599555,10,39.068650000000005,30.0,1.0
IND425508AAB,IND450331AAA,Carting,night,3.105263157894737,10,24.204250000000002,18.0,1.0
IND425508AAB,IND450331AAA,Carting,morning,2.647058823529412,6,23.424500000000002,17.0,1.0
IND431001AAB,IND431136AAC,Carting,night,3.2613636363636367,18,14.47925,11.0,1.0
IND431107AAB,IND431136AAC,FTL,night,1.87,6,49.06375,50.0,1.0
IND431112AAB,IND431136AAC,Carting,night,3.272727272727273,11,75.4698,56.0,1.0
IND431122AAA,IND431127AAA,FTL,night,2.095238095238096,7,29.9666,21.0,1.0
IND431127AAA,IND414502AAA,FTL,night,2.107142857142857,7,62.2876,56.0,1.0
IND431131AAB,IND431603AAA,Carting,morning,8.135135135135135,1,156.47979999999998,111.0,1.0
IND431136AAC,IND411033AAA,FTL,afternoon,1.8649820574162679,4,235.57675,172.0,1.0
IND431136AAC,IND411033AAA,FTL,evening,1.9415204678362568,9,235.4623,172.0,1.0
IND431136AAC,IND431001AAA,Carting,afternoon,2.5454545454545454,1,15.1314,11.0,1.0
IND431136AAC,IND431001AAA,Carting,evening,3.111111111111111,19,13.4026,9.0,1.0
IND431136AAC,IND431112AAB,Carting,evening,3.9649122807017534,1,77.4368,57.0,1.0
IND431136AAC,IND431122AAA,FTL,afternoon,2.04040404040404,1,138.24820000000005,99.0,1.0
IND431136AAC,IND431122AAA,FTL,evening,2.2346938775510203,8,137.67935,98.0,1.0
IND431136AAC,IND431203AAA,Carting,morning,3.607142857142857,1,76.1735,56.0,1.0
IND431136AAC,IND431203AAA,Carting,evening,2.132761578044597,14,74.15565000000001,54.0,1.0
IND431203AAA,IND431112AAB,Carting,night,1.979591836734694,10,66.99465,48.0,1.0
IND431203AAA,IND431136AAC,Carting,night,1.8796296296296298,2,74.3947,54.0,1.0
IND431514AAA,IND431515AAA,FTL,night,2.046536796536796,16,30.58895,21.0,1.0
IND431515AAA,IND431517AAB,FTL,night,2.933333333333333,13,21.5716,15.0,1.0
IND431515AAA,IND431517AAB,FTL,morning,2.533333333333333,1,21.2081,15.0,1.0
IND431517AAB,IND411033AAA,FTL,night,2.715217391304348,4,318.3061,230.0,1.0
IND431517AAB,IND411033AAA,FTL,morning,2.8046898025346305,8,318.91495,231.5,1.0
IND431603AAA,IND413517AAA,Carting,night,2.7976190476190474,1,107.4206,84.0,1.0
IND431603AAA,IND413531AAA,Carting,night,2.8210526315789473,4,134.177,95.0,1.0
IND431603AAA,IND431401AAA,Carting,night,3.5254237288135597,1,74.0993,59.0,1.0
IND431603AAA,IND431708AAA,FTL,night,2.0652173913043477,12,32.40689999999999,23.0,1.0
IND431603AAA,IND431708AAA,FTL,evening,2.0,3,32.3826,23.0,1.0
IND431708AAA,IND431514AAA,FTL,night,2.0689655172413794,16,41.4229,29.0,1.0
IND431717AAA,IND431603AAA,Carting,morning,13.79245283018868,1,76.2414,53.0,1.0
IND431717AAA,IND431603AAA,Carting,afternoon,2.1153846153846154,1,74.0107,52.0,1.0
IND441206AAB,IND441603AAA,Carting,night,2.746268656716418,1,88.601,67.0,1.0
IND441206AAB,IND442605AAA,Carting,night,2.6246376811594203,6,58.26025,45.5,1.0
IND441206AAB,IND442605AAA,Carting,morning,2.7333333333333334,1,57.9116,45.0,1.0
IND441603AAA,IND442605AAA,Carting,morning,1.8333333333333333,1,31.9113,24.0,1.0
IND441614AAA,IND481001AAA,FTL,night,2.2962962962962963,9,38.9986,27.0,1.0
IND441904AAB,IND441912AAA,Carting,night,1.7857142857142856,12,31.0344,29.0,1.0
IND441912AAA,IND441107AAB,Carting,night,2.851351351351351,10,103.66045,75.0,1.0
IND441912AAA,IND441107AAB,Carting,morning,2.5733333333333333,1,103.8352,75.0,1.0
IND442001AAA,IND442101AAB,FTL,night,3.7142857142857135,5,18.009900000000002,14.0,1.0
IND442101AAB,IND445001AAB,FTL,night,2.1998577524893315,12,52.046800000000005,37.0,1.0
IND442605AAA,IND441603AAA,Carting,morning,2.090909090909091,3,31.538400000000003,23.0,1.0
IND443201AAA,IND000000AAZ,FTL,night,6.25,1,23.79,16.0,1.0
IND443301AAA,IND443201AAA,FTL,night,2.680947580645161,2,44.5664,31.5,1.0
IND444005AAB,IND000000AAZ,FTL,evening,5.2,1,103.1567,75.0,1.0
IND444005AAB,IND421302AAG,FTL,morning,2.306996248068859,20,549.66545,392.0,1.0
IND444005AAB,IND443301AAA,FTL,evening,2.375,5,110.207,81.0,1.0
IND444203AAA,IND444005AAB,FTL,morning,2.1930555555555555,4,50.36265,39.5,1.0
IND444203AAA,IND444005AAB,FTL,afternoon,2.5,1,50.743300000000005,40.0,1.0
IND444303AAA,IND444203AAA,FTL,morning,3.242424242424242,2,16.9471,11.5,1.0
IND444602AAA,IND444005AAB,FTL,night,2.0805405405405404,20,96.88765000000001,74.0,1.0
IND444602AAA,IND444005AAB,FTL,morning,2.287671232876712,1,96.3009,73.0,1.0
IND445101AAA,IND440014AAA,Carting,morning,4.2105263157894735,1,22.4185,19.0,1.0
IND450331AAA,IND452001AAC,Carting,morning,2.242857142857143,13,96.8774,69.0,1.0
IND451666AAA,IND421302AAG,FTL,night,2.525,2,395.46655,280.0,1.0
IND451666AAA,IND424006AAA,FTL,night,2.6073471845829572,8,111.6546,79.0,1.0
IND452001AAC,IND425201AAA,Carting,night,2.823529411764706,5,22.8304,16.0,1.0
IND452001AAC,IND425201AAA,Carting,morning,32.787581699346404,4,24.5996,17.5,1.0
IND452001AAC,IND425508AAB,Carting,night,2.047169811320755,2,61.51690000000001,53.0,1.0
IND454001AAA,IND457001AAA,FTL,night,1.146067415730337,17,87.4747,89.0,0.35294117647058826
IND457001AAA,IND382430AAB,FTL,night,1.9809885931558933,3,371.6415,264.0,1.0
IND457001AAA,IND457226AAA,FTL,night,1.0645270270270268,14,38.054500000000004,40.0,0.2857142857142857
IND457001AAA,IND457226AAA,FTL,morning,1.4078947368421053,2,37.3729,38.0,0.5
IND457226AAA,IND382430AAB,FTL,morning,1.7952218430034128,16,391.91970000000003,294.0,1.0
IND458001AAB,IND458990AAA,FTL,night,1.5185185185185186,11,31.0757,28.0,1.0
IND458664AAA,IND312403AAA,FTL,night,2.466666666666667,7,53.049800000000005,44.0,1.0
IND458990AAA,IND312605AAB,FTL,night,1.736842105263158,5,61.976,57.0,1.0
IND458990AAA,IND312605AAB,FTL,morning,2.446428571428572,5,61.5882,56.0,1.0
IND460001AAA,IND480334AAA,FTL,morning,1.578125,3,86.2015,65.0,1.0
IND460001AAA,IND480334AAA,FTL,afternoon,2.29009324009324,18,86.85499999999999,65.0,1.0
IND461001AAA,IND461111AAA,FTL,morning,4.785714285714286,1,21.1863,14.0,1.0
IND461111AAA,IND460001AAA,FTL,morning,1.8782390269698572,16,86.01419999999999,61.5,1.0
IND461111AAA,IND460001AAA,FTL,afternoon,1.895161290322581,4,86.11085,62.0,1.0
IND462001AAA,IND462022AAA,Carting,night,3.5384615384615383,17,14.0321,13.0,1.0
IND462001AAA,IND462022AAA,Carting,morning,8.142857142857142,11,15.7594,15.0,1.0
IND462011AAA,IND462022AAA,Carting,night,2.25,7,12.6942,12.0,1.0
IND462011AAA,IND462022AAA,Carting,morning,2.5224358974358974,4,12.9576,12.0,1.0
IND462021AAA,IND462001AAA,Carting,night,6.727272727272728,1,11.7024,11.0,1.0
IND462022AAA,IND000000ACB,FTL,night,1.8424657534246576,1,814.3226999999999,584.0,1.0
IND462022AAA,IND000000ACB,FTL,evening,1.9156626506024097,25,814.2021,584.0,1.0
IND462022AAA,IND209304AAA,FTL,night,2.1262886597938144,16,544.9899499999999,388.0,1.0
IND462022AAA,IND209304AAA,FTL,evening,2.069408740359897,9,545.6703,389.0,1.0
IND462022AAA,IND461001AAA,FTL,night,2.877450980392157,2,73.3092,51.5,1.0
IND462022AAA,IND461001AAA,FTL,morning,2.4901960784313726,3,72.5534,51.0,1.0
IND462022AAA,IND462001AAA,Carting,night,2.3076923076923075,3,14.5169,13.0,1.0
IND462022AAA,IND462011AAA,Carting,night,2.480769230769231,24,12.66095,12.0,1.0
IND462022AAA,IND462011AAA,Carting,morning,2.2272727272727275,4,12.83935,11.5,1.0
IND462022AAA,IND462042AAA,Carting,morning,3.5666666666666664,2,20.4617,20.5,1.0
IND462022AAA,IND465669AAB,FTL,morning,2.125,10,97.11585,68.0,1.0
IND462022AAA,IND466001AAA,FTL,morning,2.8488372093023253,14,49.6907,43.0,1.0
IND462022AAA,IND842003AAB,FTL,night,2.555299539170507,6,289.1155,217.0,1.0
IND462022AAA,IND842003AAB,FTL,morning,2.4368261954086163,2,290.0096,217.5,1.0
IND462042AAA,IND462022AAA,Carting,night,3.2,8,18.77255,20.0,1.0
IND462042AAA,IND462022AAA,Carting,morning,6.8,9,19.3638,20.0,1.0
IND464001AAA,IND464221AAA,FTL,morning,1.8421052631578947,1,60.0418,57.0,1.0
IND464221AAA,IND470004AAA,FTL,morning,1.6538461538461535,1,150.7004,130.0,1.0
IND464668AAA,IND462022AAA,FTL,night,2.7857142857142856,1,119.6575,84.0,1.0
IND464668AAA,IND462022AAA,FTL,morning,2.321428571428572,1,118.6695,84.0,1.0
IND465001AAA,IND462022AAA,FTL,afternoon,1.6458374858813367,4,213.95544999999998,173.5,1.0
IND465001AAA,IND465333A1B,FTL,afternoon,1.056100981767181,2,69.26985,81.0,0.5
IND465001AAA,IND465333AAA,FTL,afternoon,1.3428571428571427,3,66.4411,69.0,1.0
IND465333A1B,IND462022AAA,FTL,afternoon,1.2524271844660195,1,145.6182,103.0,1.0
IND465333A1B,IND465333AAA,FTL,afternoon,0.6388888888888888,1,58.2535,72.0,0.0
IND465333AAA,IND462022AAA,FTL,afternoon,1.8653846153846156,3,146.42010000000002,103.0,1.0
IND465669AAB,IND465683AAA,FTL,morning,1.5277777777777777,11,39.0004,35.0,1.0
IND465683AAA,IND465001AAA,FTL,morning,1.3913043478260871,6,54.682050000000004,68.0,0.8333333333333334
IND465683AAA,IND465001AAA,FTL,afternoon,1.5294117647058822,7,55.214,69.0,1.0
IND466001AAA,IND466116AAA,FTL,morning,1.7666666666666666,15,43.0466,32.0,1.0
IND466116AAA,IND462022AAA,FTL,morning,2.3857142857142857,9,103.1771,74.0,1.0
IND466116AAA,IND462022AAA,FTL,afternoon,2.381340244353943,4,103.526,74.0,1.0
IND470004AAA,IND462022AAA,FTL,afternoon,2.126984126984127,1,177.7757,126.0,1.0
IND470004AAA,IND470113AAA,FTL,evening,2.25,2,82.45490000000001,58.0,1.0
IND470004AAA,IND470117AAA,FTL,night,2.1777777777777776,1,59.3051,45.0,1.0
IND470004AAA,IND473443AAA,FTL,evening,2.0466101694915255,2,159.04235,118.0,1.0
IND470113AAA,IND470117AAA,FTL,night,2.5142857142857142,2,20.7331,14.5,1.0
IND470113AAA,IND470227AAB,FTL,night,1.6727272727272726,1,143.9026,110.0,1.0
IND470117AAA,IND470227AAB,FTL,night,1.7894736842105263,5,122.5636,95.0,1.0
IND470117AAA,IND470227AAB,FTL,morning,1.7157894736842103,1,122.7914,95.0,1.0
IND471001AAA,IND472001AAA,FTL,night,1.6053073051700473,8,96.93244999999999,80.5,1.0
IND471001AAA,IND472001AAA,FTL,morning,1.927710843373494,1,98.5222,83.0,1.0
IND472001AAA,IND474003AAA,FTL,morning,2.5402661064425773,2,228.15715,207.0,1.0
IND472001AAA,IND474003AAA,FTL,afternoon,2.257425742574257,1,223.8061,202.0,1.0
IND472001AAA,IND485001AAC,FTL,night,2.327065723650164,12,242.53915,186.5,1.0
IND472001AAA,IND485001AAC,FTL,morning,2.300064288010286,4,241.49394999999998,185.0,1.0
IND473001AAA,IND473331AAA,FTL,morning,1.9102564102564101,10,42.73955,39.0,1.0
IND473001AAA,IND473331AAA,FTL,afternoon,2.025641025641025,1,43.1102,39.0,1.0
IND473226AAA,IND473001AAA,FTL,morning,1.3038461538461539,10,32.3411,39.0,0.8
IND473226AAA,IND474003AAA,FTL,morning,1.6711940748995846,10,248.76915000000002,294.0,1.0
IND473331AAA,IND473226AAA,FTL,morning,1.981707317073171,2,78.2367,82.0,1.0
IND473331AAA,IND473226AAA,FTL,afternoon,11.024390243902438,15,77.1888,81.0,1.0
IND473443AAA,IND470113AAA,FTL,night,1.8135593220338984,7,74.93780000000001,59.0,1.0
IND474003AAA,IND000000ACB,FTL,night,1.4749034749034748,1,314.01,259.0,1.0
IND474003AAA,IND000000ACB,FTL,afternoon,1.7323345324793076,12,315.9284,261.0,1.0
IND474003AAA,IND000000ACB,FTL,evening,1.6030534351145038,13,316.5947,261.0,1.0
IND474003AAA,IND328001AAA,FTL,evening,1.373134328358209,1,61.6966,67.0,1.0
IND474003AAA,IND473551AAA,FTL,evening,1.4338235294117647,1,117.6841,136.0,1.0
IND474003AAA,IND475661AAB,FTL,evening,2.8253968253968256,1,81.44810000000001,63.0,1.0
IND474003AAA,IND476001AAA,FTL,night,1.5945945945945943,3,34.6902,37.0,1.0
IND474003AAA,IND476111AAA,FTL,night,2.278688524590164,3,68.9292,61.0,1.0
IND474003AAA,IND476111AAA,FTL,evening,2.46875,5,70.92660000000001,63.0,1.0
IND476001AAA,IND476111AAA,FTL,night,2.208333333333333,1,34.6501,24.0,1.0
IND476111AAA,IND477001AAA,FTL,night,1.9598039215686274,6,65.12755000000001,51.5,1.0
IND476111AAA,IND477001AAB,FTL,night,2.1730769230769234,2,74.38285,52.0,1.0
IND477001AAA,IND474003AAA,FTL,night,3.363636363636364,1,76.084,55.0,1.0
IND477001AAB,IND474003AAA,FTL,night,3.596192722371968,6,75.67575,54.0,1.0
IND477001AAB,IND474003AAA,FTL,morning,5.518518518518518,5,77.69330000000001,56.0,1.0
IND480001AAA,IND480661AAA,FTL,night,1.5384615384615383,7,73.44619999999999,52.0,1.0
IND480001AAA,IND480661AAA,FTL,morning,2.1666666666666665,3,72.57169999999999,51.0,1.0
IND480001AAA,IND481661AAA,FTL,night,1.6337882547559965,2,197.0908,155.5,1.0
IND480334AAA,IND480106AAA,FTL,afternoon,1.4226190476190477,20,38.927949999999996,36.0,0.95
IND480334AAA,IND480106AAA,FTL,evening,1.3428571428571427,1,38.467,35.0,1.0
IND480661AAA,IND480001AAA,FTL,night,1.826923076923077,2,73.28705000000001,52.0,1.0
IND480661AAA,IND481661AAA,FTL,morning,1.3964245705750562,6,123.729,103.5,0.8333333333333334
IND480886AAA,IND480001AAA,FTL,night,1.5778282828282828,6,137.035,98.0,1.0
IND480886AAA,IND480661AAA,FTL,night,1.5274376417233562,2,65.41799999999999,47.0,1.0
IND481661AAA,IND842003AAB,FTL,morning,3.6228248796741953,8,104.10820000000001,73.0,1.0
IND481661AAA,IND842003AAB,FTL,afternoon,3.5,1,105.1839,74.0,1.0
IND482002AAA,IND842003AAB,Carting,morning,15.75,1,10.4909,8.0,1.0
IND483225AAA,IND483501AAA,FTL,night,2.121212121212121,3,44.759,33.0,1.0
IND483501AAA,IND483770AAA,FTL,night,2.0,3,52.5915,46.0,1.0
IND483770AAA,IND842003AAB,FTL,night,2.485253709470599,2,131.93885,104.5,1.0
IND484001AAA,IND484224AAA,FTL,night,1.4047619047619049,1,46.8249,42.0,1.0
IND484001AAA,IND484224AAA,FTL,morning,1.4285714285714286,1,46.9012,42.0,1.0
IND484001AAA,IND484446AAA,FTL,night,2.1298701298701297,1,105.3927,77.0,1.0
IND484001AAA,IND484446AAA,FTL,morning,2.025641025641025,3,106.0722,78.0,1.0
IND484224AAA,IND484446AAA,FTL,morning,0.96875,1,67.1484,64.0,0.0
IND484446AAA,IND842003AAB,FTL,morning,2.025531914893617,3,322.8283,235.0,1.0
IND484551AAA,IND484001AAA,FTL,night,2.0384615384615383,1,37.4561,26.0,1.0
IND484661AAE,IND484001AAA,FTL,night,2.5488394584139265,2,65.60575,45.5,1.0
IND484661AAE,IND484551AAA,FTL,night,3.333333333333333,1,30.4302,21.0,1.0
IND485001AAC,IND471001AAA,FTL,afternoon,2.1346153846153846,7,144.08020000000002,104.0,1.0
IND485001AAC,IND471001AAA,FTL,evening,2.048076923076923,1,144.4007,104.0,1.0
IND485001AAC,IND485771AAA,FTL,morning,3.060606060606061,3,43.3326,33.0,1.0
IND485001AAC,IND486001AAA,FTL,afternoon,14.061764705882354,2,46.0454,34.5,1.0
IND485001AAC,IND486771AAA,FTL,morning,7.4924382716049385,4,104.69825,80.5,1.0
IND485001AAC,IND486771AAA,FTL,afternoon,5.566265060240964,1,109.1471,83.0,1.0
IND485001AAC,IND488001AAA,FTL,afternoon,2.109090909090909,1,75.4958,55.0,1.0
IND485001AAC,IND488001AAA,FTL,evening,2.0628654970760234,2,76.57169999999999,55.5,1.0
IND485771AAA,IND486001AAA,FTL,night,2.1333333333333333,1,64.4999,45.0,1.0
IND485771AAA,IND486771AAA,FTL,evening,5.285714285714286,1,124.0555,91.0,1.0
IND486001AAA,IND486771AAA,FTL,night,2.6642619311875695,2,72.82249999999999,52.0,1.0
IND486661AAA,IND211002AAB,FTL,night,6.925465838509317,3,195.7311,161.0,1.0
IND486661AAA,IND211002AAB,FTL,morning,4.983637422360248,2,195.62775,160.5,1.0
IND486771AAA,IND486661AAA,FTL,night,1.6875,6,25.976300000000002,20.5,1.0
IND486886AAA,IND486889AAA,FTL,night,2.4,7,24.7239,20.0,1.0
IND486889AAA,IND231205AAA,FTL,night,2.2153846153846155,3,87.5156,71.0,1.0
IND486889AAA,IND231205AAA,FTL,morning,1.7246376811594204,1,86.8009,69.0,1.0
IND486889AAA,IND231216AAA,FTL,night,2.593406593406593,3,110.3874,91.0,1.0
IND487001AAA,IND487551AAA,FTL,night,1.3765032377428308,4,50.0591,46.0,0.75
IND487001AAB,IND487551AAA,FTL,night,1.627659574468085,4,51.79905,47.0,1.0
IND487551AAA,IND464668AAA,FTL,night,2.4642857142857144,6,75.41435,63.0,1.0
IND487551AAA,IND464668AAA,FTL,morning,2.3870967741935485,1,74.99289999999999,62.0,1.0
IND488001AAA,IND471001AAA,FTL,night,2.1686613475177303,4,67.27359999999999,47.0,1.0
IND491001AAA,IND494334AAB,FTL,night,1.439252336448598,1,135.07379999999998,107.0,1.0
IND493118AAC,IND495334AAB,Carting,night,1.6326530612244898,11,54.8625,50.0,1.0
IND493445AAB,IND490023AAA,FTL,morning,14.40983606557377,1,86.438,61.0,1.0
IND494334AAB,IND493445AAB,FTL,morning,1.7692307692307692,11,173.8199,131.0,1.0
IND495004AAA,IND495671AAA,FTL,night,2.558139534883721,1,61.5664,43.0,1.0
IND495334AAB,IND491995AAB,Carting,night,1.6043478260869566,12,64.10135,45.0,1.0
IND495677AAA,IND496001AAA,FTL,night,2.1891891891891895,6,132.15574999999998,111.0,1.0
IND495677AAA,IND496001AAA,FTL,morning,2.18018018018018,1,132.0614,111.0,1.0
IND500008AAC,IND500084AAB,Carting,evening,2.736842105263158,1,12.0553,19.0,1.0
IND500008AAC,IND501359AAE,Carting,night,12.538537549407113,2,25.3978,22.5,1.0
IND500008AAC,IND501359AAE,Carting,morning,4.377470355731225,6,24.247700000000002,22.0,1.0
IND500008AAC,IND501359AAE,Carting,afternoon,2.739130434782609,1,24.4376,23.0,1.0
IND500008AAC,IND501359AAE,Carting,evening,2.2704347826086955,4,24.950699999999998,22.5,1.0
IND500008AAD,IND501359AAE,Carting,morning,5.045454545454546,1,25.5756,22.0,1.0
IND500008AAD,IND501359AAE,Carting,afternoon,2.909090909090909,5,25.8901,22.0,1.0
IND500008AAF,IND500039AAC,Carting,night,3.598039215686274,12,20.3906,17.0,1.0
IND500008AAF,IND500039AAC,Carting,morning,2.9411764705882355,7,18.6534,15.0,1.0
IND500010AAA,IND500055AAA,Carting,morning,1.8235294117647056,1,15.9111,17.0,1.0
IND500010AAA,IND501359AAE,Carting,morning,10.542857142857144,1,44.5034,35.0,1.0
IND500010AAA,IND501359AAE,Carting,evening,2.391891891891892,8,45.3463,37.0,1.0
IND500010AAA,IND501401AAC,Carting,morning,3.8,1,20.0311,15.0,1.0
IND500010AAB,IND501359AAE,Carting,morning,3.3783783783783785,13,45.5835,37.0,1.0
IND500010AAB,IND501359AAE,Carting,afternoon,3.5128205128205128,17,44.16,35.0,1.0
IND500010AAB,IND501359AAE,Carting,evening,3.088235294117647,9,44.3136,35.0,1.0
IND500018AAA,IND500080AAB,Carting,night,2.4,1,14.1177,15.0,1.0
IND500018AAA,IND500080AAB,Carting,morning,6.625,1,14.8371,16.0,1.0
IND500032AAA,IND502295AAA,Carting,night,1.9795454545454543,4,26.69585,21.0,1.0
IND500035AAA,IND500039AAC,Carting,morning,2.75,1,15.0909,12.0,1.0
IND500039AAB,IND501301AAC,Carting,morning,2.325,2,13.078050000000001,9.0,1.0
IND500039AAC,IND500035AAA,Carting,morning,4.230769230769231,1,16.3709,13.0,1.0
IND500039AAC,IND500035AAD,Carting,night,3.142857142857143,5,13.4516,13.0,1.0
IND500039AAC,IND500035AAD,Carting,morning,2.4335664335664333,2,12.592500000000001,12.0,1.0
IND500039AAC,IND501359AAE,Carting,night,2.5161290322580645,1,35.593300000000006,31.0,1.0
IND500039AAC,IND501359AAE,Carting,morning,4.018518518518519,6,35.2491,27.0,1.0
IND500039AAC,IND501359AAE,Carting,afternoon,3.8846153846153846,5,33.1948,27.0,1.0
IND500039AAC,IND501359AAE,Carting,evening,8.125,3,30.6923,24.0,1.0
IND500039AAC,IND508116AAA,FTL,night,2.321428571428572,13,36.8972,28.0,1.0
IND500039AAD,IND501359AAE,Carting,night,2.65625,3,37.3312,32.0,1.0
IND500039AAD,IND501359AAE,Carting,morning,4.074074074074074,2,35.929950000000005,29.0,1.0
IND500039AAD,IND501359AAE,Carting,afternoon,2.685763888888889,2,34.95455,29.5,1.0
IND500039AAD,IND501359AAE,Carting,evening,1.967741935483871,1,35.9535,31.0,1.0
IND500050AAA,IND501218AAC,Carting,evening,5.566666666666666,5,33.2229,30.0,1.0
IND500050AAA,IND501359AAE,Carting,night,1.8465073529411766,2,36.32575,33.0,1.0
IND500050AAA,IND501359AAE,Carting,morning,2.740512333965844,8,36.04105,32.0,1.0
IND500050AAA,IND501359AAE,Carting,afternoon,2.5625,7,36.0406,32.0,1.0
IND500050AAA,IND501359AAE,Carting,evening,1.5539314516129032,4,35.69975,31.5,1.0
IND500055AAA,IND500010AAA,Carting,night,2.933333333333333,1,12.4969,15.0,1.0
IND500055AAA,IND501401AAC,Carting,morning,2.0588235294117645,1,20.228900000000003,17.0,1.0
IND500055AAC,IND501401AAC,Carting,night,2.5,11,15.4876,11.0,1.0
IND500055AAC,IND501401AAC,Carting,morning,2.602564102564102,6,15.3692,11.0,1.0
IND500080AAB,IND501359AAE,Carting,night,2.2857142857142856,1,25.9508,21.0,1.0
IND500080AAB,IND501359AAE,Carting,morning,4.109307359307359,10,26.387500000000003,21.0,1.0
IND500080AAB,IND501359AAE,Carting,afternoon,5.545454545454545,2,28.096249999999998,24.0,1.0
IND500080AAB,IND501359AAE,Carting,evening,1.95,7,25.6836,20.0,1.0
IND501101AAB,IND501359AAE,Carting,night,1.9285714285714288,1,72.1443,56.0,1.0
IND501101AAB,IND509216AAC,Carting,night,1.471698113207547,5,56.152,53.0,0.8
IND501141AAA,IND501101AAB,Carting,night,1.5365853658536586,5,38.9117,41.0,1.0
IND501301AAC,IND500039AAC,Carting,morning,3.5314685314685317,2,14.8667,12.0,1.0
IND501359AAE,IND000000ACB,FTL,evening,2.1486146095717884,1,1635.114,1191.0,1.0
IND501359AAE,IND411033AAA,FTL,afternoon,2.0616591928251125,2,595.5097499999999,446.0,1.0
IND501359AAE,IND411033AAA,FTL,evening,2.042466068093521,18,596.2501,447.0,1.0
IND501359AAE,IND413002AAA,FTL,afternoon,1.9477911646586343,11,327.37690000000003,250.0,1.0
IND501359AAE,IND462022AAA,FTL,night,2.016260162601626,1,866.7086999999999,615.0,1.0
IND501359AAE,IND462022AAA,FTL,afternoon,2.2878048780487807,2,866.9906000000001,615.0,1.0
IND501359AAE,IND462022AAA,FTL,evening,2.102272727272727,17,865.8591,614.0,1.0
IND501359AAE,IND500008AAC,Carting,night,2.1,5,27.5739,21.0,1.0
IND501359AAE,IND500008AAC,Carting,afternoon,1.833333333333333,8,27.1032,21.0,1.0
IND501359AAE,IND500008AAC,Carting,evening,1.6333333333333333,6,25.8384,21.0,1.0
IND501359AAE,IND500010AAA,Carting,night,2.8205128205128203,2,47.432500000000005,39.0,1.0
IND501359AAE,IND500010AAA,Carting,afternoon,1.9203778677462888,4,47.5533,39.0,1.0
IND501359AAE,IND500010AAA,Carting,evening,1.7948717948717947,6,46.768600000000006,38.0,1.0
IND501359AAE,IND500010AAB,Carting,night,2.8,14,48.459649999999996,40.0,1.0
IND501359AAE,IND500010AAB,Carting,afternoon,2.9625,12,48.336650000000006,40.0,1.0
IND501359AAE,IND500010AAB,Carting,evening,2.775,7,47.3804,39.0,1.0
IND501359AAE,IND500039AAC,Carting,night,2.5,3,36.2961,30.0,1.0
IND501359AAE,IND500039AAC,Carting,evening,1.9642857142857144,7,36.1862,29.0,1.0
IND501359AAE,IND500039AAD,Carting,afternoon,2.432795698924731,2,36.7072,30.5,1.0
IND501359AAE,IND500039AAD,Carting,evening,2.810344827586207,4,36.184250000000006,29.5,1.0
IND501359AAE,IND500050AAA,Carting,night,1.870967741935484,9,34.648,30.0,1.0
IND501359AAE,IND500050AAA,Carting,afternoon,1.5151515151515151,1,35.8158,33.0,1.0
IND501359AAE,IND500050AAA,Carting,evening,1.5758620689655172,8,34.0078,30.0,1.0
IND501359AAE,IND500080AAB,Carting,night,2.7608695652173916,8,28.942,23.5,1.0
IND501359AAE,IND500080AAB,Carting,afternoon,1.875,9,28.6691,23.0,1.0
IND501359AAE,IND500080AAB,Carting,evening,1.826086956521739,7,28.9318,24.0,1.0
IND501359AAE,IND501141AAA,Carting,evening,1.6085106382978722,8,109.3512,94.0,1.0
IND501359AAE,IND503111AAC,FTL,morning,1.625,1,138.882,104.0,1.0
IND501359AAE,IND503111AAC,FTL,afternoon,1.841121495327103,1,141.4649,107.0,1.0
IND501359AAE,IND505001AAB,FTL,morning,1.3827486615948157,2,186.9071,168.5,1.0
IND501359AAE,IND506002AAA,FTL,morning,1.7754898040783686,14,168.72965,122.0,1.0
IND501359AAE,IND506002AAA,FTL,afternoon,1.790983606557377,2,173.5714,122.0,1.0
IND501359AAE,IND508252AAB,FTL,night,2.0434782608695654,7,66.4524,46.0,1.0
IND501359AAE,IND509001AAA,FTL,evening,1.5357142857142858,17,76.3792,56.0,1.0
IND501359AAE,IND509358AAA,FTL,evening,1.5555555555555556,17,36.8336,27.0,1.0
IND501359AAE,IND515004AAA,FTL,night,1.786008230452675,7,337.884,243.0,1.0
IND501359AAE,IND515004AAA,FTL,evening,1.6753018957026244,2,337.78589999999997,243.5,1.0
IND501359AAE,IND518002AAA,FTL,morning,1.7789855072463767,16,194.0363,138.0,1.0
IND501359AAE,IND523002AAA,FTL,night,1.6204379562043796,1,363.7029,274.0,1.0
IND501359AAE,IND523002AAA,FTL,evening,1.7216117216117215,11,363.3334,273.0,1.0
IND501359AAE,IND533106AAA,FTL,night,2.2142857142857144,12,421.56845,299.0,1.0
IND501359AAE,IND562132AAA,FTL,night,1.7452830188679245,1,541.4944,424.0,1.0
IND501359AAE,IND562132AAA,FTL,morning,1.6305882352941177,3,542.2618,425.0,1.0
IND501359AAE,IND562132AAA,FTL,evening,1.8376470588235292,1,542.4174,425.0,1.0
IND501359AAE,IND585104AAA,FTL,morning,1.7724550898203593,3,210.2996,167.0,1.0
IND501359AAE,IND585104AAA,FTL,afternoon,1.6676706827309238,18,210.58499999999998,168.0,1.0
IND501359AAE,IND712311AAA,FTL,night,1.979167151030219,2,1471.3070500000001,1057.5,1.0
IND501359AAE,IND751002AAB,FTL,night,2.026566757493188,8,1037.9544,735.0,1.0
IND501359AAG,IND000000ACN,Carting,afternoon,2.75,11,25.3848,19.0,1.0
IND501401AAC,IND500010AAA,Carting,night,11.285714285714286,9,13.785,13.0,1.0
IND501401AAC,IND500010AAA,Carting,morning,2.1333333333333333,5,14.4387,14.0,1.0
IND502110AAA,IND502313AAA,FTL,night,1.6388888888888888,3,40.2522,37.0,1.0
IND502110AAA,IND502313AAA,FTL,morning,1.3472222222222223,16,39.488299999999995,36.0,0.875
IND502220AAC,IND501359AAE,FTL,morning,1.320453190220632,22,147.02459999999996,128.0,0.8181818181818182
IND502286AAB,IND502220AAC,FTL,night,2.18,9,57.4387,49.0,1.0
IND502286AAB,IND502220AAC,FTL,morning,2.0576923076923075,13,57.4331,49.0,1.0
IND502295AAA,IND500050AAA,Carting,night,2.0,2,29.533900000000003,25.0,1.0
IND502313AAA,IND503111AAC,FTL,morning,1.6958525345622117,6,85.2439,62.0,1.0
IND503111AAC,IND501359AAE,FTL,night,2.271844660194174,11,137.8339,103.0,1.0
IND503111AAC,IND501359AAE,FTL,evening,2.0,2,137.9265,103.0,1.0
IND503111AAC,IND503185AAA,FTL,night,1.8852459016393444,17,79.5098,60.0,1.0
IND503111AAC,IND503185AAA,FTL,evening,1.5254237288135593,3,78.8786,60.0,1.0
IND503111AAC,IND505001AAB,FTL,evening,1.404494382022472,1,97.1468,89.0,1.0
IND503122AAA,IND502110AAA,FTL,night,1.5162162162162163,4,39.6245,36.0,1.0
IND503122AAA,IND502110AAA,FTL,morning,1.5526315789473684,15,40.6875,37.0,1.0
IND503185AAA,IND503187AAA,FTL,night,1.5,18,32.17265,27.5,1.0
IND503185AAA,IND503187AAA,FTL,morning,1.5,1,32.3554,28.0,1.0
IND503187AAA,IND503122AAA,FTL,night,1.52,9,28.4915,26.0,1.0
IND503187AAA,IND503122AAA,FTL,morning,1.5384615384615383,11,28.4741,26.0,1.0
IND504201AAA,IND505001AAB,FTL,night,2.136986301369863,1,100.4252,73.0,1.0
IND504201AAA,IND505184AAC,FTL,night,1.1578947368421053,5,59.6035,75.0,0.4
IND504208AAB,IND504251AAA,FTL,night,1.7894736842105263,1,21.5952,19.0,1.0
IND504208AAB,IND505001AAB,FTL,night,2.022248243559719,2,85.39195,62.0,1.0
IND504208AAB,IND505001AAB,FTL,morning,2.3852459016393444,4,85.642,61.5,1.0
IND504215AAA,IND505001AAB,FTL,night,1.8983050847457628,5,65.1326,59.0,1.0
IND504215AAA,IND505001AAB,FTL,morning,2.042372881355932,10,65.5894,59.0,1.0
IND504215AAA,IND505326AAB,FTL,morning,2.706896551724138,1,64.6296,58.0,1.0
IND504251AAA,IND504293AAA,FTL,night,2.305263157894737,2,40.2221,36.5,1.0
IND504251AAA,IND504296AAA,FTL,night,1.186046511627907,3,39.631,43.0,0.3333333333333333
IND504293AAA,IND504208AAB,FTL,morning,1.3621753246753245,2,60.62925,55.5,0.5
IND504293AAA,IND505001AAB,FTL,night,2.083333333333333,5,147.70729999999998,119.0,1.0
IND504293AAA,IND505001AAB,FTL,morning,2.3307577268195416,2,147.26375000000002,118.5,1.0
IND504296AAA,IND504208AAB,FTL,night,1.2459016393442623,1,59.8443,61.0,1.0
IND504296AAA,IND504293AAA,FTL,night,1.1,1,25.5973,30.0,0.0
IND504296AAA,IND504293AAA,FTL,morning,1.1,1,25.6829,30.0,0.0
IND504296AAA,IND505001AAB,FTL,night,1.6,1,145.8669,125.0,1.0
IND505001AAA,IND505302AAB,FTL,night,1.3823529411764706,9,34.6662,34.0,1.0
IND505001AAA,IND505327AAA,FTL,night,1.6046511627906976,1,46.6178,43.0,1.0
IND505001AAB,IND501359AAE,FTL,evening,2.048192771084337,1,185.6649,166.0,1.0
IND505001AAB,IND503111AAC,FTL,evening,1.388034188034188,2,98.4647,90.5,0.5
IND505001AAB,IND504208AAB,FTL,night,1.4833543505674653,6,84.511,61.0,1.0
IND505001AAB,IND504208AAB,FTL,evening,1.721311475409836,5,84.43639999999999,61.0,1.0
IND505001AAB,IND504251AAA,FTL,evening,2.216867469879518,1,109.7287,83.0,1.0
IND505001AAB,IND505172AAA,FTL,night,1.7083333333333333,1,34.1481,24.0,1.0
IND505001AAB,IND505184AAC,FTL,evening,2.571428571428572,3,69.744,63.0,1.0
IND505001AAB,IND505209AAA,FTL,night,2.590909090909091,3,61.5547,44.0,1.0
IND505001AAB,IND505209AAA,FTL,evening,3.783514492753623,4,64.07445,46.0,1.0
IND505001AAB,IND505302AAB,FTL,night,1.712121212121212,2,34.6161,33.0,1.0
IND505001AAB,IND505302AAB,FTL,evening,1.676470588235294,2,35.1352,34.0,0.5
IND505122AAA,IND506002AAA,FTL,night,3.2321428571428568,16,48.40615,40.0,1.0
IND505184AAC,IND505001AAB,FTL,night,1.9,3,68.18469999999999,61.0,1.0
IND505184AAC,IND505001AAB,FTL,morning,2.16263440860215,6,68.85265000000001,62.0,1.0
IND505184AAC,IND505209AAA,FTL,night,0.8941375968992248,2,22.036949999999997,45.5,0.0
IND505209AAA,IND504201AAA,FTL,night,1.4137931034482758,5,38.546,29.0,1.0
IND505209AAA,IND505001AAB,FTL,night,1.9555555555555555,3,64.2987,46.0,1.0
IND505302AAB,IND505325AAA,FTL,night,1.1290322580645162,5,60.1525,62.0,0.2
IND505302AAB,IND505326AAB,FTL,night,1.2116161616161616,4,50.4236,54.5,0.5
IND505302AAB,IND505327AAA,FTL,night,2.0,1,38.234300000000005,42.0,1.0
IND505325AAA,IND505327AAA,FTL,night,1.434782608695652,3,31.7868,22.0,1.0
IND505326AAA,IND505425AAA,FTL,night,2.8285714285714287,1,49.0874,35.0,1.0
IND505326AAB,IND505001AAB,FTL,morning,4.389830508474576,1,63.4686,59.0,1.0
IND505326AAB,IND505327AAA,FTL,night,2.0434782608695654,1,32.9725,23.0,1.0
IND505326AAB,IND505425AAA,FTL,night,1.8235294117647056,1,24.6623,17.0,1.0
IND505327AAA,IND505425AAA,FTL,night,2.005952380952381,6,28.771,20.5,1.0
IND505327AAA,IND505425AAA,FTL,morning,2.823529411764706,1,23.9076,17.0,1.0
IND505425AAA,IND504215AAA,FTL,night,3.4166666666666665,1,18.1203,12.0,1.0
IND505425AAA,IND505001AAB,FTL,night,1.8571428571428568,1,70.7628,63.0,1.0
IND505467AAA,IND505122AAA,FTL,night,1.7333333333333334,13,51.0574,46.0,1.0
IND505503AAA,IND506164AAA,FTL,night,2.282051282051282,1,55.3318,39.0,1.0
IND506001AAC,IND505122AAA,FTL,night,2.0588235294117645,2,41.804249999999996,34.0,1.0
IND506001AAC,IND505467AAA,FTL,night,1.588235294117647,13,41.8916,35.0,1.0
IND506002AAA,IND506132AAA,FTL,night,1.5960960960960962,2,34.807900000000004,36.5,0.5
IND506002AAA,IND506132AAA,FTL,evening,1.1265873015873016,18,34.435300000000005,36.0,0.3333333333333333
IND506002AAA,IND506143AAA,FTL,evening,2.0,17,29.544,21.0,1.0
IND506002AAA,IND506343AAA,FTL,evening,1.5896825396825398,2,49.3209,35.5,1.0
IND506132AAA,IND122001AAJ,FTL,night,1.8235294117647056,19,48.4109,34.0,1.0
IND506143AAA,IND506167AAB,FTL,night,1.8235294117647056,9,26.0748,18.0,1.0
IND506167AAB,IND501359AAE,FTL,night,2.2183133322373827,16,109.03565,79.0,1.0
IND506169AAB,IND505503AAA,FTL,night,2.125,1,23.4994,16.0,1.0
IND506314AAA,IND506002AAA,FTL,night,4.0,11,33.9836,24.0,1.0
IND506314AAA,IND506002AAA,FTL,morning,2.52,5,35.0748,25.0,1.0
IND506343AAA,IND506169AAB,FTL,night,1.347560975609756,2,49.64275000000001,41.5,0.5
IND507002AAA,IND507117AAB,FTL,evening,1.4594594594594594,1,135.5658,111.0,1.0
IND507002AAA,IND507159AAA,FTL,evening,1.9411764705882355,3,23.1748,17.0,1.0
IND507002AAA,IND507167AAA,FTL,night,2.642857142857143,2,30.0732,21.0,1.0
IND507002AAA,IND507167AAA,FTL,evening,2.727272727272727,7,30.8791,22.0,1.0
IND507002AAA,IND508001AAA,FTL,evening,2.469879518072289,1,115.3405,83.0,1.0
IND507002AAA,IND508206AAA,FTL,evening,2.1311827956989244,12,38.65689999999999,30.0,1.0
IND507002AAA,IND508207AAB,FTL,night,1.9701492537313432,1,94.2267,67.0,1.0
IND507002AAA,IND508207AAB,FTL,evening,1.8805970149253728,1,90.2342,67.0,1.0
IND507002AAA,IND508213AAB,FTL,evening,1.818181818181818,14,63.823949999999996,45.0,1.0
IND507111AAA,IND507117AAB,FTL,night,1.7147177419354838,18,36.327,31.0,1.0
IND507111AAA,IND507117AAB,FTL,morning,1.4516129032258065,1,36.4709,31.0,1.0
IND507111AAA,IND507303AAA,FTL,night,1.88,1,105.4585,75.0,1.0
IND507117AAB,IND507303AAA,FTL,night,2.074468085106383,15,123.2758,93.0,1.0
IND507117AAB,IND507303AAA,FTL,morning,1.819148936170213,3,123.5266,93.0,1.0
IND507123AAA,IND506314AAA,FTL,night,1.424142031940197,12,130.59375,108.5,0.9166666666666666
IND507159AAA,IND507002AAA,FTL,night,5.166666666666667,9,24.4406,18.0,1.0
IND507159AAA,IND507002AAA,FTL,morning,2.0625,1,23.2324,16.0,1.0
IND507159AAA,IND508206AAA,FTL,night,1.135135135135135,5,51.6448,38.0,0.2
IND507303AAA,IND507002AAA,FTL,morning,2.537037037037037,17,77.7476,55.0,1.0
IND507303AAA,IND507002AAA,FTL,afternoon,2.4,1,77.77680000000001,55.0,1.0
IND508001AAA,IND501359AAE,FTL,night,1.7543103448275863,14,116.5094,87.0,1.0
IND508116AAA,IND508223AAA,FTL,night,1.5254237288135593,1,83.4561,59.0,1.0
IND508116AAA,IND508277AAB,FTL,night,1.0674242424242424,14,43.6049,44.0,0.0
IND508206AAA,IND507002AAA,FTL,night,1.9464285714285714,2,36.44285000000001,28.0,1.0
IND508206AAA,IND507159AAA,FTL,night,1.3243243243243243,11,51.0024,37.0,0.8181818181818182
IND508206AAA,IND507159AAA,FTL,morning,1.5,1,34.540699999999994,38.0,1.0
IND508206AAA,IND508207AAB,FTL,night,2.0857142857142854,4,49.835,35.0,1.0
IND508207AAB,IND507002AAA,FTL,night,3.0,5,88.86810000000001,66.0,1.0
IND508207AAB,IND508206AAA,FTL,night,2.628571428571429,1,49.8549,35.0,1.0
IND508207AAB,IND521225AAB,FTL,morning,2.1695652173913045,10,154.89954999999998,113.5,1.0
IND508213AAB,IND508001AAA,FTL,night,1.8441295546558707,14,51.31175,37.0,1.0
IND508223AAA,IND500039AAC,FTL,night,1.8045977011494247,13,122.2833,89.0,1.0
IND508223AAA,IND500039AAC,FTL,morning,1.6292134831460674,1,123.9189,89.0,1.0
IND508248AAB,IND508377AAB,FTL,night,1.7647058823529411,15,48.5311,34.0,1.0
IND508252AAB,IND508207AAB,FTL,morning,1.3634293270643552,6,109.42665,82.0,1.0
IND508277AAB,IND508223AAA,FTL,night,1.3846153846153846,11,25.7175,25.0,1.0
IND508377AAB,IND501359AAE,FTL,night,1.8,11,155.3699,115.0,1.0
IND508377AAB,IND501359AAE,FTL,morning,2.11965811965812,1,158.5683,117.0,1.0
IND509001AAA,IND509203AAA,FTL,night,1.542857142857143,19,38.028,34.0,1.0
IND509103AAB,IND509103AAC,FTL,night,1.9411764705882355,1,18.9512,17.0,1.0
IND509103AAB,IND518002AAA,FTL,night,2.2241379310344827,9,76.4494,58.0,1.0
IND509103AAC,IND518002AAA,FTL,night,2.016731855714907,6,77.458,59.0,1.0
IND509124AAA,IND509103AAB,FTL,night,1.8205128205128205,9,45.4648,39.0,1.0
IND509124AAA,IND509103AAC,FTL,night,1.6153846153846154,4,45.011449999999996,39.0,1.0
IND509124AAA,IND518002AAA,FTL,night,4.222222222222222,1,59.5891,45.0,1.0
IND509124AAA,IND584101AAA,FTL,evening,1.5,2,51.77565,56.0,1.0
IND509203AAA,IND509301AAA,FTL,night,1.5,19,28.6229,26.0,1.0
IND509216AAC,IND501359AAE,Carting,night,1.5555555555555556,7,33.3485,25.0,1.0
IND509216AAC,IND501359AAE,FTL,night,2.88,5,31.4254,25.0,1.0
IND509301AAA,IND501359AAE,FTL,night,1.8583673469387754,14,66.7873,49.0,1.0
IND509301AAA,IND509216AAC,FTL,night,2.023148148148148,4,33.926100000000005,25.0,1.0
IND509324AAA,IND508248AAB,FTL,night,2.3362745098039217,6,47.964349999999996,34.0,1.0
IND509324AAA,IND508248AAB,FTL,evening,2.0571428571428574,2,49.28060000000001,35.0,1.0
IND509358AAA,IND508248AAB,FTL,evening,2.2000907441016335,8,82.47475,58.0,1.0
IND509358AAA,IND509324AAA,FTL,night,1.2857142857142858,1,37.6993,28.0,1.0
IND509358AAA,IND509324AAA,FTL,evening,1.7089947089947088,8,36.977000000000004,27.0,1.0
IND515004AAA,IND501359AAE,FTL,afternoon,1.7407407407407407,17,338.8175,243.0,1.0
IND515004AAA,IND515401AAB,FTL,afternoon,1.4761735419630155,2,51.667500000000004,37.5,0.5
IND515004AAA,IND515401AAB,FTL,evening,1.763157894736842,15,53.5241,40.0,1.0
IND515004AAA,IND515411AAA,FTL,evening,2.419642857142857,2,57.568,41.0,1.0
IND515004AAA,IND515671AAA,FTL,afternoon,5.695833333333333,2,35.140350000000005,31.0,1.0
IND515004AAA,IND515671AAA,FTL,evening,1.875,11,35.7158,32.0,1.0
IND515004AAA,IND515801AAA,FTL,evening,2.581818181818182,2,77.024,55.0,1.0
IND515004AAA,IND562132AAA,FTL,morning,1.7391304347826086,7,206.3138,184.0,1.0
IND515004AAA,IND562132AAA,FTL,afternoon,1.711111111111111,1,202.7352,180.0,1.0
IND515134AAA,IND515201AAA,Carting,night,1.629348795718109,10,62.15775,58.0,1.0
IND515134AAA,IND515201AAA,Carting,evening,1.694915254237288,5,63.2772,59.0,1.0
IND515134AAA,IND515591AAA,FTL,night,1.3673469387755102,3,44.9009,48.0,1.0
IND515134AAA,IND515591AAA,FTL,evening,1.625,5,44.963,48.0,1.0
IND515201AAA,IND515134AAA,Carting,night,1.7592592592592593,5,63.7012,60.0,1.0
IND515201AAA,IND515301AAA,Carting,night,2.7456709956709955,14,31.1112,21.5,1.0
IND515301AAA,IND561202AAB,Carting,night,1.7573529411764706,16,17.39235,17.0,1.0
IND515401AAB,IND515801AAA,FTL,night,2.260869565217391,3,30.2982,22.0,1.0
IND515401AAB,IND515801AAA,FTL,evening,2.4782608695652173,15,30.598,22.0,1.0
IND515411AAA,IND516360AAB,FTL,evening,2.073148974130241,2,78.65844999999999,58.0,1.0
IND515591AAA,IND516269AAA,FTL,night,1.6769230769230767,10,71.29515,65.0,1.0
IND515671AAA,IND515134AAA,FTL,night,1.3333333333333333,1,37.8122,36.0,1.0
IND515671AAA,IND515134AAA,FTL,evening,1.5306878306878309,12,37.075500000000005,35.0,1.0
IND515671AAA,IND515591AAA,FTL,evening,2.6,1,79.4562,60.0,1.0
IND515761AAA,IND515004AAA,FTL,night,1.7735849056603774,18,57.67375,53.0,1.0
IND515761AAA,IND515004AAA,FTL,morning,2.1153846153846154,1,56.3634,52.0,1.0
IND515801AAA,IND515761AAA,FTL,evening,2.083333333333333,1,94.8697,96.0,1.0
IND515801AAA,IND515865AAB,FTL,night,1.5632183908045978,9,103.8898,87.0,1.0
IND515801AAA,IND515865AAB,FTL,evening,1.568181818181818,9,103.7267,87.0,1.0
IND515865AAB,IND515761AAA,FTL,night,1.696969696969697,18,39.9959,32.0,1.0
IND516001AAA,IND516227AAA,FTL,night,1.7319611470860314,2,53.609899999999996,46.5,1.0
IND516101AAA,IND516115AAA,Carting,night,2.230769230769231,1,36.575,26.0,1.0
IND516101AAA,IND516115AAA,Carting,morning,2.5,17,35.9696,25.0,1.0
IND516115AAA,IND517501AAB,Carting,morning,2.227272727272727,17,90.1461,67.0,1.0
IND516227AAA,IND515004AAA,FTL,night,2.159491193737769,2,194.69715000000002,146.5,1.0
IND516269AAA,IND516390AAA,FTL,night,1.5921052631578947,15,82.3948,75.0,1.0
IND516360AAB,IND516001AAA,FTL,night,1.6129568106312293,2,53.0375,42.5,1.0
IND516390AAA,IND515004AAA,FTL,night,1.8941176470588237,7,99.858,86.0,1.0
IND516390AAA,IND515004AAA,FTL,morning,1.952796234772979,8,98.82925,85.5,1.0
IND517325AAA,IND517408AAA,FTL,morning,2.15625,1,46.6587,32.0,1.0
IND517501AAB,IND517583AAA,Carting,night,2.1538461538461537,19,34.6674,26.0,1.0
IND517501AAB,IND517644AAA,FTL,night,2.447619047619048,16,39.90905,32.0,1.0
IND517583AAA,IND516101AAA,Carting,night,2.145833333333333,17,68.1343,48.0,1.0
IND517583AAA,IND516101AAA,Carting,morning,2.213691026827012,2,66.4325,46.5,1.0
IND517644AAA,IND524132AAA,FTL,night,1.9714285714285715,9,45.1176,35.0,1.0
IND517644AAA,IND524132AAA,FTL,morning,2.280952380952381,6,45.088499999999996,35.0,1.0
IND518002AAA,IND501359AAE,FTL,morning,1.84375,12,199.60555,143.5,1.0
IND518002AAA,IND509103AAB,FTL,morning,7.120689655172414,2,76.32075,58.0,1.0
IND518002AAA,IND509124AAA,FTL,evening,1.6,3,61.3278,47.0,1.0
IND518002AAA,IND518206AAA,FTL,morning,22.56,1,57.683800000000005,50.0,1.0
IND518002AAA,IND518401AAA,FTL,evening,1.7586206896551724,13,31.7487,31.0,1.0
IND518002AAA,IND518501AAA,FTL,evening,1.5259216589861753,18,71.3009,56.5,1.0
IND518002AAA,IND562132AAA,FTL,afternoon,1.5211267605633805,11,346.6438,285.0,1.0
IND518002AAA,IND584101AAA,FTL,evening,1.7765957446808511,14,100.68424999999999,91.5,0.9285714285714286
IND518102AAA,IND518002AAA,FTL,night,1.9694656488549618,14,175.91154999999998,131.5,1.0
IND518124AAA,IND518002AAA,FTL,night,1.4788732394366195,1,80.2581,71.0,1.0
IND518124AAA,IND518206AAA,FTL,night,1.65,6,19.491799999999998,21.0,1.0
IND518206AAA,IND518002AAA,FTL,night,2.74,1,62.962900000000005,50.0,1.0
IND518206AAA,IND518222AAA,FTL,night,1.2666666666666666,4,35.9696,44.5,0.75
IND518222AAA,IND518002AAA,FTL,night,1.5135135135135136,5,54.0689,41.0,0.8
IND518401AAA,IND518422AAB,FTL,night,1.9416666666666664,8,34.0916,23.5,1.0
IND518401AAA,IND518422AAB,FTL,evening,2.0315384615384615,4,35.77835,25.0,1.0
IND518422AAB,IND518102AAA,FTL,night,2.0455465587044532,14,108.5009,76.0,1.0
IND518501AAA,IND518124AAA,FTL,night,2.2974137931034484,14,37.825900000000004,28.0,1.0
IND518501AAA,IND518124AAA,FTL,evening,3.2857142857142856,1,37.6356,28.0,1.0
IND520011AAA,IND521185AAA,Carting,night,2.0,8,45.6232,32.0,1.0
IND521001AAA,IND521165AAA,FTL,night,1.807692307692308,3,36.5649,26.0,1.0
IND521001AAA,IND521225AAB,FTL,night,2.25,5,74.22810000000001,55.0,1.0
IND521105AAA,IND521333AAA,FTL,night,2.41540404040404,4,43.65745,44.0,1.0
IND521105AAA,IND534001AAA,FTL,night,1.941176470588235,4,18.16985,17.0,1.0
IND521165AAA,IND521225AAB,FTL,night,8.615384615384615,3,34.3613,26.0,1.0
IND521185AAA,IND520011AAA,Carting,night,1.7241379310344829,1,41.8469,29.0,1.0
IND521185AAA,IND521225AAB,Carting,night,2.227272727272727,7,58.609300000000005,44.0,1.0
IND521201AAA,IND521105AAA,FTL,night,1.7954545454545452,2,22.719250000000002,22.0,1.0
IND521201AAA,IND521105AAA,FTL,evening,1.736842105263158,1,19.945400000000003,19.0,1.0
IND521225AAB,IND501359AAE,FTL,night,1.7490196078431373,10,315.93510000000003,254.5,1.0
IND521225AAB,IND501359AAE,FTL,morning,1.9372549019607843,1,316.1283,255.0,1.0
IND521225AAB,IND507002AAA,FTL,afternoon,1.8008620689655173,14,154.21025,115.0,1.0
IND521225AAB,IND521001AAA,FTL,evening,2.830188679245283,1,72.8774,53.0,1.0
IND521225AAB,IND521165AAA,FTL,morning,7.551724137931035,1,38.4822,29.0,1.0
IND521225AAB,IND521185AAA,Carting,evening,2.0454545454545454,1,59.401,44.0,1.0
IND521225AAB,IND521201AAA,FTL,evening,1.5660377358490567,21,52.8921,53.0,1.0
IND521225AAB,IND521301AAA,FTL,evening,1.7333333333333334,19,61.3633,45.0,1.0
IND521225AAB,IND523002AAA,FTL,morning,1.8130841121495327,3,140.60629999999998,107.0,1.0
IND521301AAA,IND521001AAA,FTL,night,1.8238461538461541,12,36.33625,25.0,1.0
IND521301AAA,IND521001AAA,FTL,evening,1.92,7,36.134800000000006,25.0,1.0
IND521333AAA,IND521225AAB,FTL,night,2.522388059701492,14,94.2752,68.0,1.0
IND522647AAA,IND523201AAA,FTL,night,1.56,19,60.1131,50.0,1.0
IND523002AAA,IND523105AAA,FTL,afternoon,4.785714285714286,1,54.0026,42.0,1.0
IND523002AAA,IND523226AAA,FTL,afternoon,2.575396825396825,2,20.23625,19.5,1.0
IND523002AAA,IND523226AAA,FTL,evening,1.631578947368421,3,20.5219,19.0,1.0
IND523002AAA,IND523230AAA,FTL,afternoon,1.6323529411764706,14,77.97885,68.5,1.0
IND523002AAA,IND523230AAA,FTL,evening,1.588235294117647,7,78.3206,69.0,1.0
IND523002AAA,IND523316AAB,FTL,afternoon,2.225,1,93.528,80.0,1.0
IND523002AAA,IND600056AAB,FTL,morning,1.7312252964426875,11,331.1279,253.0,1.0
IND523105AAA,IND524201AAA,FTL,night,1.3066239316239316,18,55.82645,41.5,0.7777777777777778
IND523105AAA,IND524201AAA,FTL,evening,1.425,1,56.3869,40.0,1.0
IND523201AAA,IND523002AAA,FTL,night,6.242456896551724,2,37.216300000000004,30.5,1.0
IND523226AAA,IND523316AAB,FTL,evening,1.88135593220339,13,72.10289999999999,59.0,1.0
IND523230AAA,IND523105AAA,FTL,night,1.3803782505910167,14,46.74635,43.0,1.0
IND523230AAA,IND523105AAA,FTL,evening,1.6222222222222222,5,48.4906,45.0,1.0
IND523316AAB,IND522647AAA,FTL,night,1.6513468013468011,14,77.51745,54.0,1.0
IND524003AAA,IND501359AAE,FTL,night,1.6933701657458564,14,495.9099,361.5,1.0
IND524101AAB,IND517501AAB,FTL,morning,2.126600284495021,16,98.97705,75.0,1.0
IND524132AAA,IND524101AAB,FTL,morning,1.6714285714285713,14,39.838449999999995,36.0,1.0
IND524201AAA,IND523002AAA,FTL,night,1.1666666666666667,18,89.7765,70.5,0.3333333333333333
IND530012AAA,IND501359AAE,FTL,night,1.9722222222222223,1,602.3859,432.0,1.0
IND530012AAA,IND501359AAE,FTL,afternoon,1.9861751152073728,1,602.8096999999999,434.0,1.0
IND530012AAA,IND501359AAE,FTL,evening,2.0740965943942182,8,602.37535,432.5,1.0
IND530012AAA,IND530043AAA,Carting,night,2.888888888888889,13,21.653,18.0,1.0
IND530012AAA,IND531001AAA,Carting,night,2.0,5,23.4458,21.0,1.0
IND530012AAA,IND531036AAA,Carting,morning,2.9722222222222223,1,38.9425,36.0,1.0
IND530012AAA,IND531162AAA,Carting,night,1.75,6,16.0898,16.0,1.0
IND530012AAA,IND531162AAA,Carting,morning,2.117647058823529,1,16.9028,17.0,1.0
IND530012AAA,IND532001AAB,Carting,night,2.2962962962962963,1,111.2234,81.0,1.0
IND530012AAA,IND532001AAB,Carting,morning,2.432098765432099,1,111.0567,81.0,1.0
IND530012AAA,IND532001AAB,Carting,evening,1.75,22,112.04005000000001,82.0,1.0
IND530012AAA,IND533106AAA,FTL,evening,1.699248120300752,2,181.73559999999998,133.0,1.0
IND530012AAA,IND535001AAA,Carting,morning,4.96412037037037,2,67.01495,51.0,1.0
IND530012AAA,IND751002AAB,FTL,night,1.5799373040752351,1,445.798,319.0,1.0
IND530012AAA,IND751002AAB,FTL,evening,1.5906295260202765,2,445.52305,317.5,1.0
IND530012AAA,IND764001AAC,Carting,evening,2.8263473053892216,3,231.3367,167.0,1.0
IND530012AAA,IND764020AAC,Carting,evening,4.2631578947368425,1,211.1522,152.0,1.0
IND530012AAC,IND501359AAE,FTL,night,2.250574712643678,1,603.5103,435.0,1.0
IND530012AAC,IND533106AAA,FTL,night,1.893891402714932,2,181.7174,133.0,1.0
IND530012AAC,IND533106AAA,FTL,evening,1.7979463584333968,2,181.89405,133.5,1.0
IND530026AAA,IND531036AAA,Carting,night,2.8699596774193545,4,38.5391,31.0,1.0
IND530043AAA,IND530012AAA,Carting,morning,5.9523809523809526,1,24.6676,21.0,1.0
IND530043AAA,IND531163AAA,Carting,night,1.681818181818182,11,25.956,22.0,1.0
IND530043AAA,IND531163AAA,Carting,morning,1.5909090909090908,1,21.1807,22.0,1.0
IND531001AAA,IND530012AAA,Carting,morning,8.636363636363637,1,24.7421,22.0,1.0
IND531001AAA,IND531116AAA,Carting,night,2.0,5,42.7166,37.0,1.0
IND531036AAA,IND530012AAA,Carting,night,2.4054054054054053,3,39.9797,37.0,1.0
IND531036AAA,IND530012AAA,Carting,morning,2.3157894736842106,1,40.0396,38.0,1.0
IND531116AAA,IND530012AAA,Carting,night,2.55,3,67.6514,60.0,1.0
IND531116AAA,IND530012AAA,Carting,morning,2.3389830508474576,1,67.68560000000001,59.0,1.0
IND531116AAA,IND531001AAA,Carting,night,1.5348837209302326,1,48.3598,43.0,1.0
IND531163AAA,IND535001AAA,Carting,night,2.2409090909090907,12,26.84995,21.0,1.0
IND531163AAA,IND535001AAA,Carting,morning,1.9,1,25.788,20.0,1.0
IND532001AAB,IND530012AAA,Carting,night,2.0843373493975905,21,114.7736,84.0,1.0
IND532001AAB,IND530012AAA,Carting,morning,2.156626506024097,1,113.9259,83.0,1.0
IND532001AAB,IND532127AAA,FTL,night,1.9166666666666665,20,34.4401,30.0,1.0
IND532001AAB,IND532127AAA,FTL,morning,2.4642857142857144,1,32.4571,28.0,1.0
IND532001AAB,IND532201AAA,FTL,night,2.5609756097560976,1,57.6639,41.0,1.0
IND532001AAB,IND532421AAA,FTL,night,3.0,19,27.0357,19.0,1.0
IND532127AAA,IND535591AAA,FTL,night,1.6785714285714286,18,48.595349999999996,43.0,1.0
IND532127AAA,IND535591AAA,FTL,morning,1.6744186046511629,3,48.6747,43.0,1.0
IND532201AAA,IND532222AAA,FTL,night,1.72,15,27.6032,24.0,1.0
IND532201AAA,IND532222AAA,FTL,morning,1.6666666666666667,5,27.2831,24.0,1.0
IND532201AAA,IND761200AAA,FTL,morning,1.170731707317073,1,31.4101,41.0,0.0
IND532222AAA,IND532001AAB,FTL,morning,3.1587301587301586,1,88.9962,63.0,1.0
IND532222AAA,IND761200AAA,FTL,night,1.45,1,59.1684,60.0,1.0
IND532222AAA,IND761200AAA,FTL,morning,2.039925965097832,10,59.61685,60.5,1.0
IND532421AAA,IND532201AAA,FTL,night,2.2,11,27.8046,20.0,1.0
IND532421AAA,IND532201AAA,FTL,morning,2.5166666666666666,2,27.08055,19.0,1.0
IND532440AAA,IND532001AAB,FTL,morning,1.5277777777777777,15,41.307300000000005,37.0,1.0
IND532440AAA,IND532001AAB,FTL,afternoon,1.6218253968253968,2,39.77975,35.5,1.0
IND533003AAA,IND533106AAA,FTL,night,2.12,3,56.1647,50.0,1.0
IND533003AAA,IND533401AAA,FTL,night,2.021276595744681,17,62.6212,48.0,1.0
IND533003AAA,IND533401AAA,FTL,evening,1.8571428571428568,1,63.7312,49.0,1.0
IND533106AAA,IND501359AAE,FTL,night,2.205387205387205,7,419.7355,298.0,1.0
IND533106AAA,IND501359AAE,FTL,morning,2.11744966442953,1,419.8634,298.0,1.0
IND533106AAA,IND530012AAA,FTL,afternoon,1.7803030303030305,11,181.7005,132.0,1.0
IND533106AAA,IND533003AAA,FTL,evening,4.160377358490566,2,60.48480000000001,53.0,1.0
IND533106AAA,IND533201AAA,FTL,evening,2.7011494252873565,1,100.5016,87.0,1.0
IND533106AAA,IND533242AAA,FTL,evening,3.056027306027306,4,94.4863,76.5,1.0
IND533106AAA,IND533262AAA,FTL,evening,2.675531914893617,6,53.2187,46.5,1.0
IND533106AAA,IND533308AAB,FTL,evening,3.636904761904762,14,33.004149999999996,27.5,1.0
IND533106AAA,IND534260AAC,FTL,evening,3.433333333333333,5,72.3474,59.0,1.0
IND533201AAA,IND533242AAA,FTL,night,2.373809523809524,2,21.0756,14.5,1.0
IND533201AAA,IND533262AAA,FTL,night,1.973684210526316,9,46.47,39.0,1.0
IND533242AAA,IND533201AAA,FTL,night,2.2476190476190476,2,21.0233,14.5,1.0
IND533262AAA,IND533106AAA,FTL,night,1.7659574468085104,6,53.570550000000004,47.0,1.0
IND533262AAA,IND533106AAA,FTL,morning,1.8478260869565215,1,53.4667,46.0,1.0
IND533262AAA,IND533201AAA,FTL,night,2.1538461538461537,3,46.9324,39.0,1.0
IND533262AAA,IND533201AAA,FTL,evening,1.7019736842105264,2,46.6281,39.0,1.0
IND533308AAB,IND533003AAA,FTL,night,1.7,5,43.552800000000005,41.0,1.0
IND533308AAB,IND533003AAA,FTL,evening,1.6097560975609757,10,43.82775,41.0,1.0
IND533308AAB,IND533106AAA,FTL,morning,1.962962962962963,1,33.3582,27.0,1.0
IND533401AAA,IND533106AAA,FTL,night,2.2739726027397262,17,92.659,68.0,1.0
IND533401AAA,IND533308AAB,FTL,night,2.698795180722892,1,96.2851,83.0,1.0
IND534001AAA,IND521225AAB,FTL,night,2.2,1,63.769400000000005,50.0,1.0
IND534001AAA,IND521333AAA,FTL,night,1.7541666666666667,14,24.587400000000002,25.5,1.0
IND534260AAC,IND533106AAA,FTL,night,2.440829297820823,2,70.5323,57.5,1.0
IND534260AAC,IND533106AAA,FTL,morning,2.7844827586206895,2,72.04954999999998,58.0,1.0
IND535001AAA,IND530012AAA,Carting,night,3.5102915951972555,8,71.7734,56.0,1.0
IND535001AAA,IND530012AAA,Carting,morning,3.50109649122807,2,68.14695,52.5,1.0
IND535501AAB,IND532001AAB,FTL,morning,1.9506172839506173,1,88.7522,81.0,1.0
IND535501AAB,IND532440AAA,FTL,morning,1.5,17,45.971,42.0,1.0
IND535558AAA,IND535501AAB,FTL,night,1.619047619047619,3,25.165,23.0,1.0
IND535558AAA,IND535501AAB,FTL,morning,1.565217391304348,17,25.8126,23.0,1.0
IND535591AAA,IND535558AAA,FTL,night,2.1333333333333333,3,19.0487,16.0,1.0
IND560002AAA,IND560099AAB,Carting,night,2.6220238095238093,6,18.2789,22.0,1.0
IND560002AAA,IND560099AAB,Carting,morning,2.7777777777777777,9,17.6143,21.0,1.0
IND560002AAA,IND560099AAB,Carting,afternoon,1.368421052631579,1,18.5643,19.0,1.0
IND560002AAA,IND560099AAB,Carting,evening,2.66,2,19.15315,23.5,1.0
IND560002AAA,IND562132AAA,Carting,morning,2.610452586206897,14,25.7902,33.0,1.0
IND560002AAA,IND562132AAA,Carting,afternoon,1.4242424242424243,7,26.539,34.0,1.0
IND560002AAA,IND562132AAA,Carting,evening,0.9722222222222222,1,27.9351,36.0,0.0
IND560027AAA,IND560099AAA,Carting,afternoon,3.0277777777777777,2,16.301000000000002,18.0,1.0
IND560027AAA,IND560099AAA,Carting,evening,1.44,2,20.457,25.0,0.5
IND560043AAC,IND560064AAA,Carting,night,1.4246323529411766,10,13.5314,18.0,1.0
IND560043AAC,IND560064AAA,Carting,morning,1.7777777777777777,18,13.6134,18.0,1.0
IND560043AAC,IND560064AAA,Carting,evening,1.4736842105263157,9,13.374,17.0,1.0
IND560043AAC,IND560099AAB,Carting,morning,2.411764705882353,13,28.4267,32.0,1.0
IND560043AAC,IND560099AAB,Carting,evening,1.2941176470588236,11,28.2255,30.0,0.7272727272727273
IND560043AAC,IND562132AAA,Carting,morning,2.026315789473684,9,29.3151,40.0,1.0
IND560043AAC,IND562132AAA,Carting,afternoon,2.0921052631578947,6,29.2957,40.0,1.0
IND560043AAC,IND562132AAA,Carting,evening,4.878048780487805,1,30.1187,41.0,1.0
IND560048AAB,IND560099AAB,Carting,night,2.310344827586207,3,26.9811,29.0,0.6666666666666666
IND560048AAB,IND560099AAB,Carting,morning,3.333333333333333,11,24.5562,32.0,1.0
IND560048AAB,IND560099AAB,Carting,evening,1.121168582375479,12,26.838749999999997,32.0,0.4166666666666667
IND560048AAB,IND562132AAA,Carting,night,1.8,3,35.8841,45.0,1.0
IND560048AAB,IND562132AAA,Carting,morning,2.74468085106383,7,37.0497,47.0,1.0
IND560048AAB,IND562132AAA,Carting,afternoon,1.39356884057971,4,36.9273,46.0,1.0
IND560048AAB,IND562132AAA,Carting,evening,1.5,3,36.6959,46.0,0.6666666666666666
IND560058AAB,IND560060AAB,Carting,night,1.588235294117647,21,15.150799999999998,17.0,1.0
IND560058AAB,IND560060AAB,Carting,afternoon,1.3125,1,16.871,16.0,1.0
IND560058AAB,IND560060AAB,Carting,evening,1.1715686274509804,22,16.77335,16.0,0.3181818181818182
IND560058AAB,IND560099AAB,Carting,morning,1.837837837837838,13,38.151900000000005,37.0,1.0
IND560058AAB,IND560099AAB,Carting,evening,1.3125,9,37.6762,37.0,0.6666666666666666
IND560058AAB,IND562132AAA,Carting,night,1.6421052631578947,2,12.5655,17.0,1.0
IND560058AAB,IND562132AAA,Carting,morning,1.7272727272727273,3,15.1878,22.0,1.0
IND560058AAB,IND562132AAA,Carting,afternoon,1.5454545454545454,9,13.6761,20.0,0.8888888888888888
IND560058AAD,IND562132AAA,Carting,night,2.090909090909091,7,15.1598,23.0,1.0
IND560058AAD,IND562132AAA,Carting,morning,1.5238095238095235,13,15.0078,22.0,1.0
IND560058AAD,IND562132AAA,Carting,afternoon,1.825098814229249,16,15.4417,23.0,0.875
IND560060AAB,IND560099AAB,Carting,morning,1.3052083333333333,12,30.5505,32.0,0.75
IND560060AAB,IND560099AAB,Carting,evening,1.5517241379310345,3,30.6787,30.0,1.0
IND560060AAB,IND562132AAA,Carting,night,1.75,8,24.74635,30.0,1.0
IND560060AAB,IND562132AAA,Carting,morning,1.9310344827586208,5,23.9756,29.0,0.8
IND560060AAB,IND562132AAA,Carting,afternoon,1.6724137931034484,6,25.3995,30.0,1.0
IND560064AAD,IND560043AAC,Carting,night,2.569230769230769,22,13.90235,14.5,1.0
IND560064AAD,IND560043AAC,Carting,morning,2.25625,18,14.39455,15.0,1.0
IND560064AAD,IND560043AAC,Carting,afternoon,2.625,1,15.0354,16.0,1.0
IND560067AAC,IND562114AAA,Carting,night,2.7777777777777777,13,12.665299999999998,10.0,1.0
IND560067AAC,IND562114AAA,Carting,morning,2.7777777777777777,7,12.6328,10.0,1.0
IND560077AAA,IND560099AAB,Carting,night,3.4545454545454546,1,40.1245,44.0,1.0
IND560078AAC,IND560099AAB,Carting,night,3.06280193236715,4,22.1127,23.5,1.0
IND560078AAC,IND560099AAB,Carting,morning,3.3535714285714286,6,20.923299999999998,19.5,1.0
IND560078AAC,IND560099AAB,Carting,afternoon,4.333333333333333,7,21.2354,20.0,1.0
IND560078AAC,IND560099AAB,Carting,evening,3.72,3,23.1166,25.0,1.0
IND560078AAC,IND562132AAA,Carting,night,1.6600221483942414,8,34.6699,42.0,1.0
IND560078AAC,IND562132AAA,Carting,morning,1.5910852713178294,2,34.9548,42.5,1.0
IND560078AAC,IND562132AAA,Carting,afternoon,1.255813953488372,6,34.76155,43.0,0.8333333333333334
IND560083AAB,IND560058AAD,Carting,night,1.5806451612903225,1,26.1444,31.0,1.0
IND560083AAB,IND562132AAA,Carting,night,1.4556277056277056,4,41.77119999999999,44.0,1.0
IND560083AAB,IND562132AAA,Carting,morning,1.302325581395349,11,40.8508,43.0,0.8181818181818182
IND560083AAB,IND562132AAA,Carting,afternoon,2.161205073995771,16,41.4764,43.5,1.0
IND560085AAA,IND562132AAA,Carting,night,1.5962406015037591,4,29.92895,38.0,1.0
IND560085AAA,IND562132AAA,Carting,morning,2.9722222222222223,3,30.1364,36.0,1.0
IND560099AAB,IND000000ACS,Carting,afternoon,1.5714285714285714,1,19.4741,21.0,1.0
IND560099AAB,IND515004AAA,FTL,night,1.5414634146341464,1,240.1094,205.0,1.0
IND560099AAB,IND560002AAA,Carting,night,2.4375,14,18.6801,20.5,1.0
IND560099AAB,IND560002AAA,Carting,evening,1.1,11,18.8263,21.0,0.36363636363636365
IND560099AAB,IND560043AAC,Carting,night,3.2058823529411766,11,28.6599,32.0,1.0
IND560099AAB,IND560043AAC,Carting,afternoon,1.7272727272727273,13,26.8529,29.0,1.0
IND560099AAB,IND560043AAC,Carting,evening,1.1875,13,27.0453,30.0,0.46153846153846156
IND560099AAB,IND560048AAB,Carting,night,2.647058823529412,13,26.8443,33.0,1.0
IND560099AAB,IND560048AAB,Carting,afternoon,1.6551724137931034,9,24.7762,30.0,1.0
IND560099AAB,IND560048AAB,Carting,evening,1.1495535714285714,12,26.456899999999997,30.0,0.3333333333333333
IND560099AAB,IND560058AAB,Carting,night,1.661976235146967,12,32.162400000000005,37.5,1.0
IND560099AAB,IND560058AAB,Carting,afternoon,2.4612299465240643,12,31.5092,35.0,1.0
IND560099AAB,IND560058AAB,Carting,evening,1.2431891025641026,14,31.5313,35.5,0.5714285714285714
IND560099AAB,IND560058AAD,Carting,morning,1.4285714285714286,1,30.4206,35.0,1.0
IND560099AAB,IND560058AAD,Carting,evening,1.6923076923076923,1,32.5017,39.0,1.0
IND560099AAB,IND560060AAB,Carting,night,1.3599137931034484,12,31.4436,32.0,0.8333333333333334
IND560099AAB,IND560060AAB,Carting,afternoon,2.210181451612903,6,32.445949999999996,32.0,1.0
IND560099AAB,IND560060AAB,Carting,evening,1.2666666666666666,13,32.7128,33.0,0.6923076923076923
IND560099AAB,IND560077AAA,Carting,evening,4.65,1,34.6252,40.0,1.0
IND560099AAB,IND560078AAC,Carting,night,2.636363636363636,9,20.6874,22.0,1.0
IND560099AAB,IND560078AAC,Carting,afternoon,1.75,7,20.0239,22.0,1.0
IND560099AAB,IND560078AAC,Carting,evening,1.3333333333333335,12,20.57515,22.5,0.6666666666666666
IND560099AAB,IND560083AAB,Carting,evening,2.3125,1,16.3424,16.0,1.0
IND560099AAB,IND560085AAA,Carting,night,3.421052631578948,9,18.449,20.0,1.0
IND560099AAB,IND560085AAA,Carting,evening,1.6695652173913045,8,18.42595,21.5,1.0
IND560099AAB,IND560300AAA,Carting,night,2.6213962690785753,20,53.43075,58.0,1.0
IND560099AAB,IND560300AAA,Carting,morning,2.525869759143622,36,53.4172,58.0,1.0
IND560099AAB,IND560300AAA,Carting,afternoon,1.6326910074374579,24,51.705600000000004,55.0,1.0
IND560099AAB,IND560300AAA,Carting,evening,1.3448275862068966,41,51.09,55.0,0.7804878048780488
IND560099AAB,IND562132AAA,Carting,night,1.7968358395989976,10,46.91160000000001,57.0,0.9
IND560099AAB,IND562132AAA,Carting,morning,2.052631578947368,14,46.5567,56.5,1.0
IND560099AAB,IND562132AAA,Carting,afternoon,1.7964901477832513,24,46.2571,56.0,0.9583333333333334
IND560099AAB,IND562132AAA,Carting,evening,1.4655172413793105,29,46.0362,56.0,0.896551724137931
IND560099AAB,IND562132AAA,FTL,night,1.3272727272727274,19,46.4553,57.0,0.7894736842105263
IND560099AAB,IND562132AAA,FTL,morning,1.490909090909091,1,46.1776,55.0,1.0
IND560099AAB,IND562132AAA,FTL,evening,1.2407407407407407,5,47.7665,58.0,0.6
IND560099AAB,IND632006AAA,FTL,morning,1.3214285714285714,3,197.5928,166.0,1.0
IND560099AAB,IND632006AAA,FTL,afternoon,1.4705882352941178,3,199.073,170.0,1.0
IND560099AAB,IND632006AAA,FTL,evening,1.5393207282913166,2,198.0029,169.0,1.0
IND560099AAB,IND635001AAA,FTL,night,2.118026603136787,4,71.2072,68.5,1.0
IND560099AAB,IND683511AAA,FTL,night,1.6651270207852191,5,472.0581,433.0,1.0
IND560099AAB,IND683511AAA,FTL,afternoon,1.5237550485520321,8,472.04819999999995,432.0,1.0
IND560099AAB,IND683511AAA,FTL,evening,1.7043879907621249,1,472.5899,433.0,1.0
IND560099AAB,IND683511AAB,FTL,night,1.6412037037037035,1,471.0635,432.0,1.0
IND560099AAH,IND562125AAA,Carting,morning,1.7647058823529411,1,11.646,17.0,1.0
IND560300AAA,IND000000ACS,Carting,night,2.4318181818181817,1,41.2743,44.0,1.0
IND560300AAA,IND560002AAA,Carting,evening,1.1525735294117647,20,31.802300000000002,32.5,0.4
IND560300AAA,IND560043AAC,Carting,night,1.7419354838709675,14,29.48095,31.0,1.0
IND560300AAA,IND560043AAC,Carting,evening,1.09375,19,29.713,31.0,0.10526315789473684
IND560300AAA,IND560048AAB,Carting,evening,1.1602564102564101,4,37.9599,40.5,0.25
IND560300AAA,IND560058AAB,Carting,night,1.8529411764705883,17,31.1888,34.0,0.9411764705882353
IND560300AAA,IND560058AAB,Carting,afternoon,1.393939393939394,1,31.1042,33.0,1.0
IND560300AAA,IND560058AAB,Carting,evening,1.121212121212121,19,31.6785,34.0,0.2631578947368421
IND560300AAA,IND560078AAC,Carting,night,2.8536585365853657,15,39.8196,41.0,1.0
IND560300AAA,IND560078AAC,Carting,afternoon,2.023809523809524,1,40.0897,42.0,1.0
IND560300AAA,IND560085AAA,Carting,evening,1.4324324324324325,18,36.19114999999999,37.0,1.0
IND560300AAA,IND560099AAB,Carting,night,2.4914021164021163,26,52.584149999999994,54.0,1.0
IND560300AAA,IND560099AAB,Carting,morning,3.170779220779221,10,52.9234,56.0,1.0
IND560300AAA,IND560099AAB,Carting,afternoon,2.972883597883598,24,53.2817,57.5,1.0
IND560300AAA,IND560099AAB,Carting,evening,1.521624780829924,26,52.1892,55.5,0.6538461538461539
IND560300AAA,IND562132AAA,Carting,night,2.52,23,41.0119,51.0,1.0
IND560300AAA,IND562132AAA,Carting,morning,1.8933962264150943,50,40.605000000000004,50.0,1.0
IND560300AAA,IND562132AAA,Carting,afternoon,1.6,16,40.447599999999994,50.0,1.0
IND560300AAA,IND562132AAA,Carting,evening,1.34,19,40.1508,50.0,0.9473684210526315
IND560300AAA,IND563101AAB,Carting,evening,1.9661016949152543,5,64.2559,55.0,1.0
IND560300AAA,IND563130AAA,Carting,evening,1.759308510638298,2,56.30395,47.5,1.0
IND560300AAA,IND563131AAB,Carting,evening,1.525,1,80.017,80.0,1.0
IND560300AAB,IND563101AAB,Carting,evening,1.7655844155844156,14,64.614,56.0,1.0
IND560300AAB,IND563116AAA,Carting,evening,1.8461538461538465,1,102.9923,91.0,1.0
IND560300AAB,IND563125AAB,Carting,evening,1.4150943396226414,1,60.5913,53.0,1.0
IND560300AAB,IND563130AAA,Carting,evening,1.8709528214616098,8,54.9833,45.5,1.0
IND561202AAB,IND515134AAA,Carting,night,1.792376893939394,12,65.7316,64.0,1.0
IND561202AAB,IND515134AAA,Carting,morning,2.094993894993895,2,65.5303,64.0,1.0
IND561203AAB,IND562101AAA,Carting,night,1.52,12,27.75835,26.0,1.0
IND561207AAB,IND562108AAA,Carting,night,1.326086956521739,11,47.9889,46.0,0.8181818181818182
IND561207AAB,IND562108AAA,Carting,afternoon,1.4680851063829787,1,48.5831,47.0,1.0
IND561207AAB,IND572101AAA,Carting,night,2.25,1,115.9037,104.0,1.0
IND562101AAA,IND561207AAB,Carting,night,1.1578947368421053,12,40.75865,38.0,0.25
IND562101AAA,IND561207AAB,Carting,morning,1.0789473684210529,1,40.5604,38.0,0.0
IND562108AAA,IND572101AAA,Carting,night,3.1206896551724137,1,68.88189999999999,58.0,1.0
IND562108AAA,IND572101AAA,Carting,afternoon,2.736842105263158,1,67.5514,57.0,1.0
IND562114AAA,IND560048AAB,Carting,night,7.1752136752136755,2,17.9657,15.5,1.0
IND562114AAA,IND560048AAB,Carting,morning,3.076923076923077,7,16.8508,14.0,1.0
IND562114AAA,IND560067AAC,Carting,night,3.6222222222222222,8,11.4293,10.0,1.0
IND562117AAA,IND562132AAA,FTL,night,1.0777777777777775,3,85.7073,90.0,0.3333333333333333
IND562117AAA,IND562132AAA,FTL,morning,1.164835164835165,7,85.3413,90.0,0.42857142857142855
IND562125AAA,IND000000ACS,Carting,night,7.125,1,16.7946,24.0,1.0
IND562132AAA,IND000000ACB,FTL,night,1.8491182233834096,13,2072.8556,1528.0,1.0
IND562132AAA,IND000000ACB,FTL,morning,1.8860510805500983,5,2072.2963,1527.0,1.0
IND562132AAA,IND000000ACB,FTL,afternoon,1.7868369351669942,12,2072.35535,1527.0,1.0
IND562132AAA,IND000000ACB,FTL,evening,1.8464336489079973,14,2072.94835,1528.0,1.0
IND562132AAA,IND000000ACS,Carting,morning,2.6333333333333333,1,31.655900000000003,30.0,1.0
IND562132AAA,IND000000ACS,Carting,afternoon,1.9265232974910393,2,28.81415,29.0,1.0
IND562132AAA,IND000000ACS,Carting,evening,1.7037037037037035,3,32.6798,31.0,1.0
IND562132AAA,IND302014AAA,FTL,evening,1.9447489506362587,14,1854.67585,1366.0,1.0
IND562132AAA,IND395023AAA,FTL,evening,1.9502890173410403,1,1188.1769,865.0,1.0
IND562132AAA,IND411033AAA,FTL,morning,1.6914556962025316,13,852.093,631.0,1.0
IND562132AAA,IND416012AAA,FTL,evening,1.6183087259542543,12,598.2662,437.0,1.0
IND562132AAA,IND421302AAG,FTL,afternoon,1.7945205479452055,1,978.7564,730.0,1.0
IND562132AAA,IND421302AAG,FTL,evening,1.6944157089211487,6,976.59205,726.5,1.0
IND562132AAA,IND462022AAA,FTL,night,2.0329776915615905,5,1394.1728,1032.0,1.0
IND562132AAA,IND462022AAA,FTL,morning,1.9325897187196897,8,1393.5906999999997,1031.0,1.0
IND562132AAA,IND501359AAE,FTL,afternoon,1.6654442760710841,6,543.6284499999999,425.0,1.0
IND562132AAA,IND501359AAE,FTL,evening,1.868185700509712,2,544.624,426.0,1.0
IND562132AAA,IND515004AAA,FTL,morning,1.5370676195051647,12,203.4261,183.0,1.0
IND562132AAA,IND518002AAA,FTL,night,1.534965034965035,11,346.2613,286.0,1.0
IND562132AAA,IND518002AAA,FTL,evening,1.6654929577464788,1,345.25140000000005,284.0,1.0
IND562132AAA,IND560002AAA,Carting,night,3.2222222222222223,11,24.3501,26.0,1.0
IND562132AAA,IND560002AAA,Carting,morning,3.111111111111111,3,24.7602,27.0,1.0
IND562132AAA,IND560002AAA,Carting,afternoon,2.3461538461538463,7,24.8548,27.0,1.0
IND562132AAA,IND560002AAA,Carting,evening,1.4563492063492065,4,25.6691,28.0,0.75
IND562132AAA,IND560043AAC,Carting,night,2.462121212121212,8,27.8471,33.5,1.0
IND562132AAA,IND560043AAC,Carting,morning,1.9393939393939397,1,28.3138,33.0,1.0
IND562132AAA,IND560043AAC,Carting,afternoon,1.7970588235294118,6,27.9925,33.0,1.0
IND562132AAA,IND560043AAC,Carting,evening,1.3823529411764706,7,28.3429,34.0,0.5714285714285714
IND562132AAA,IND560048AAB,Carting,night,2.6486486486486487,7,35.4657,40.0,1.0
IND562132AAA,IND560048AAB,Carting,morning,2.571479374110953,2,34.022949999999994,37.5,1.0
IND562132AAA,IND560048AAB,Carting,afternoon,2.257371794871795,2,35.2179,39.5,1.0
IND562132AAA,IND560048AAB,Carting,evening,1.5,7,35.079699999999995,39.0,0.8571428571428571
IND562132AAA,IND560058AAB,Carting,night,2.4166666666666665,6,13.8101,16.5,0.8333333333333334
IND562132AAA,IND560058AAB,Carting,morning,1.8928571428571428,6,14.00385,16.5,0.8333333333333334
IND562132AAA,IND560058AAB,Carting,afternoon,1.6428571428571428,3,13.4428,16.0,0.6666666666666666
IND562132AAA,IND560058AAB,Carting,evening,1.4285714285714286,5,13.3727,15.0,0.6
IND562132AAA,IND560058AAD,Carting,night,1.6842105263157894,17,15.6491,20.0,1.0
IND562132AAA,IND560058AAD,Carting,morning,2.0526315789473686,19,15.8682,20.0,1.0
IND562132AAA,IND560058AAD,Carting,afternoon,1.3157894736842106,1,15.229,19.0,1.0
IND562132AAA,IND560058AAD,Carting,evening,1.4355263157894735,20,15.6894,20.0,0.7
IND562132AAA,IND560060AAB,Carting,night,2.25,9,25.0305,28.0,1.0
IND562132AAA,IND560060AAB,Carting,morning,1.5113960113960114,4,24.59345,27.0,1.0
IND562132AAA,IND560060AAB,Carting,afternoon,1.75,3,25.7127,28.0,1.0
IND562132AAA,IND560060AAB,Carting,evening,1.3620689655172415,8,26.28145,29.0,1.0
IND562132AAA,IND560066AAB,Carting,afternoon,3.069767441860465,1,40.1764,43.0,1.0
IND562132AAA,IND560066AAB,Carting,evening,1.627906976744186,1,39.0973,43.0,1.0
IND562132AAA,IND560078AAC,Carting,night,2.25,10,33.06125,31.0,1.0
IND562132AAA,IND560078AAC,Carting,morning,2.404301075268817,2,32.58055,30.5,1.0
IND562132AAA,IND560078AAC,Carting,afternoon,2.145161290322581,4,32.46125,31.0,1.0
IND562132AAA,IND560078AAC,Carting,evening,1.59375,9,32.435,31.0,1.0
IND562132AAA,IND560083AAB,Carting,night,1.375,19,41.7735,39.0,0.9473684210526315
IND562132AAA,IND560083AAB,Carting,morning,1.625,15,41.9783,40.0,1.0
IND562132AAA,IND560083AAB,Carting,evening,1.4935897435897436,16,41.38405,39.0,1.0
IND562132AAA,IND560085AAA,Carting,night,2.4482758620689653,3,30.3659,29.0,1.0
IND562132AAA,IND560085AAA,Carting,morning,3.0,1,30.9303,30.0,1.0
IND562132AAA,IND560085AAA,Carting,evening,1.8417487684729064,14,30.713549999999998,30.0,1.0
IND562132AAA,IND560099AAB,Carting,night,1.8844444444444444,24,50.073,50.0,1.0
IND562132AAA,IND560099AAB,Carting,morning,1.9375,19,49.8806,50.0,1.0
IND562132AAA,IND560099AAB,Carting,afternoon,1.7674074074074073,22,49.8643,50.0,1.0
IND562132AAA,IND560099AAB,Carting,evening,1.581699346405229,24,50.06165,50.5,1.0
IND562132AAA,IND560099AAB,FTL,night,1.5094562647754137,4,51.7393,52.5,1.0
IND562132AAA,IND560099AAB,FTL,morning,1.679245283018868,11,50.0508,50.0,1.0
IND562132AAA,IND560099AAB,FTL,afternoon,1.510204081632653,9,50.6301,49.0,1.0
IND562132AAA,IND560099AAB,FTL,evening,1.422222222222222,14,50.72515,51.5,0.9285714285714286
IND562132AAA,IND560300AAA,Carting,night,2.1851615646258504,18,38.132999999999996,48.0,1.0
IND562132AAA,IND560300AAA,Carting,morning,1.9795918367346936,46,38.319050000000004,48.0,1.0
IND562132AAA,IND560300AAA,Carting,afternoon,1.7217021276595745,38,37.89795,48.0,1.0
IND562132AAA,IND560300AAA,Carting,evening,1.3877551020408163,49,37.6817,48.0,0.8979591836734694
IND562132AAA,IND570020AAA,FTL,afternoon,1.4420289855072463,6,166.91764999999998,137.5,1.0
IND562132AAA,IND570020AAA,FTL,evening,1.6058394160583942,3,166.4726,137.0,1.0
IND562132AAA,IND572101AAA,Carting,evening,1.1929824561403508,3,59.9982,57.0,0.3333333333333333
IND562132AAA,IND573201AAB,FTL,morning,1.481203007518797,9,166.5404,134.0,1.0
IND562132AAA,IND573201AAB,FTL,afternoon,1.553030303030303,7,165.0252,132.0,1.0
IND562132AAA,IND577002AAA,FTL,afternoon,1.5789473684210529,1,248.9406,190.0,1.0
IND562132AAA,IND577501AAA,FTL,evening,1.6887417218543046,1,191.4271,151.0,1.0
IND562132AAA,IND577598AAC,FTL,afternoon,1.6440677966101696,5,146.208,118.0,1.0
IND562132AAA,IND577598AAC,FTL,evening,1.641025641025641,5,145.74970000000002,117.0,1.0
IND562132AAA,IND580028AAA,FTL,night,1.7162954980842913,2,389.56714999999997,289.0,1.0
IND562132AAA,IND580028AAA,FTL,afternoon,2.118466898954704,1,387.387,287.0,1.0
IND562132AAA,IND583101AAA,FTL,afternoon,1.4895566181264943,10,292.50020000000006,219.5,1.0
IND562132AAA,IND600056AAB,FTL,night,1.9421487603305785,11,319.407,242.0,1.0
IND562132AAA,IND600056AAB,FTL,morning,1.9938524590163933,2,320.63009999999997,243.0,1.0
IND562132AAA,IND600056AAB,FTL,afternoon,1.6983471074380163,1,319.2831,242.0,1.0
IND562132AAA,IND683511AAA,FTL,morning,2.1666666666666665,1,482.7015,426.0,1.0
IND562132AAA,IND683511AAA,FTL,evening,2.4168618266978923,1,484.8937,427.0,1.0
IND562132AAA,IND712311AAA,FTL,morning,2.026258205689278,1,1851.8891,1371.0,1.0
IND562132AAA,IND712311AAA,FTL,afternoon,2.3183995990466695,2,1851.16005,1369.5,1.0
IND562132AAA,IND751002AAB,FTL,morning,2.10592104303827,2,1412.42185,1047.5,1.0
IND562132AAA,IND751002AAB,FTL,afternoon,2.0912481441101862,12,1416.7336500000001,1046.0,1.0
IND562132AAA,IND751002AAB,FTL,evening,2.062082139446036,1,1406.5165,1047.0,1.0
IND562132AAC,IND000000ACB,FTL,afternoon,1.774869109947644,1,2073.0558,1528.0,1.0
IND562159AAA,IND562117AAA,FTL,night,1.9259259259259256,11,28.5816,27.0,1.0
IND563101AAB,IND560300AAB,Carting,night,6.163636363636364,1,63.8641,55.0,1.0
IND563101AAB,IND563125AAB,Carting,night,1.5,1,36.7522,36.0,1.0
IND563101AAB,IND563131AAA,Carting,night,1.565217391304348,14,31.27705,24.0,1.0
IND563116AAA,IND563131AAB,Carting,night,1.9166666666666665,14,17.99505,18.0,1.0
IND563125AAB,IND560300AAA,Carting,night,3.849056603773585,3,59.1122,53.0,1.0
IND563125AAB,IND560300AAB,Carting,night,4.358320251177394,12,54.20675,48.5,1.0
IND563130AAA,IND563131AAB,Carting,night,1.4090909090909092,10,33.60645,33.0,0.8
IND563131AAA,IND563125AAB,Carting,night,1.8163319238900633,14,51.47735,43.0,1.0
IND563131AAB,IND560300AAA,Carting,night,1.4521360759493671,2,84.07585,79.5,1.0
IND563131AAB,IND560300AAA,Carting,morning,2.389610389610389,1,77.0522,77.0,1.0
IND563131AAB,IND560300AAB,Carting,night,1.9016447368421052,4,77.75909999999999,76.0,1.0
IND563131AAB,IND560300AAB,Carting,morning,1.6363636363636365,1,76.7755,77.0,1.0
IND563131AAB,IND563116AAA,Carting,night,2.0,16,18.01115,18.0,1.0
IND570020AAA,IND571301AAA,FTL,night,2.95,9,28.2456,25.0,1.0
IND570020AAA,IND571430AAA,FTL,night,3.46,1,52.2919,50.0,1.0
IND570020AAA,IND571602AAA,FTL,night,2.6372549019607843,14,40.865700000000004,32.5,1.0
IND571104AAA,IND573142AAA,FTL,night,1.625,1,33.8127,32.0,1.0
IND571104AAA,IND577598AAB,FTL,night,1.85,15,28.02,20.0,1.0
IND571104AAA,IND577598AAB,FTL,morning,2.7,1,27.9623,20.0,1.0
IND571105AAA,IND571114AAA,FTL,night,8.208333333333334,1,26.2458,24.0,1.0
IND571105AAA,IND571213AAA,FTL,night,1.6961538461538461,12,43.636700000000005,39.0,1.0
IND571111AAB,IND571313AAB,FTL,night,1.7169076751946608,10,33.75485,31.0,1.0
IND571114AAA,IND570020AAA,FTL,morning,4.13499245852187,8,56.6674,52.0,1.0
IND571124AAA,IND570020AAA,FTL,morning,4.137931034482759,11,38.6996,30.0,1.0
IND571213AAA,IND570020AAA,FTL,night,8.47887323943662,1,85.0601,71.0,1.0
IND571213AAA,IND571114AAA,FTL,night,1.6091135232926277,8,73.65189999999998,67.0,1.0
IND571301AAA,IND571111AAB,FTL,night,1.9130434782608696,8,33.89045,23.0,1.0
IND571313AAB,IND571440AAA,FTL,night,1.3297872340425534,4,40.943749999999994,45.5,0.75
IND571313AAB,IND571440AAA,FTL,morning,1.380851063829787,6,40.9519,45.5,1.0
IND571401AAA,IND562160AAB,FTL,night,0.9891304347826086,10,38.14795,47.0,0.0
IND571426AAA,IND571104AAA,FTL,night,1.8974358974358971,15,86.6617,80.0,1.0
IND571430AAA,IND571124AAA,FTL,morning,1.621505376344086,10,33.03275,31.0,1.0
IND571432AAB,IND571426AAA,FTL,night,1.3783783783783785,17,40.7991,37.0,0.8235294117647058
IND571438AAB,IND571401AAA,FTL,night,1.274193548387097,8,24.7989,31.0,0.75
IND571440AAA,IND571430AAA,FTL,morning,1.0298039215686274,10,35.80535,50.0,0.1
IND572101AAA,IND561203AAB,Carting,night,2.009359047078843,6,57.302800000000005,42.5,1.0
IND572101AAA,IND561203AAB,Carting,evening,1.951219512195122,6,56.7482,42.0,1.0
IND572101AAA,IND562101AAA,Carting,morning,2.5454545454545454,1,84.3502,66.0,1.0
IND572201AAB,IND573103AAA,FTL,night,2.857142857142857,1,30.1455,21.0,1.0
IND572201AAB,IND573201AAB,FTL,night,1.9498039215686274,2,55.7285,50.5,1.0
IND572201AAB,IND577101AAA,FTL,evening,2.4025974025974026,1,92.4324,77.0,1.0
IND572201AAB,IND577116AAA,FTL,night,1.8653846153846156,1,68.9439,52.0,1.0
IND573103AAA,IND572201AAB,FTL,night,1.8333333333333333,1,26.2228,18.0,1.0
IND573103AAA,IND577116AAA,FTL,night,1.3846153846153846,5,37.5891,27.0,1.0
IND573116AAA,IND571426AAA,FTL,evening,5.586206896551724,1,32.2457,29.0,1.0
IND573116AAA,IND571432AAB,FTL,night,1.9333333333333331,1,59.8588,45.0,1.0
IND573116AAA,IND571432AAB,FTL,evening,1.6363636363636365,11,58.9167,44.0,1.0
IND573116AAA,IND573142AAA,FTL,night,2.333333333333333,1,53.4551,54.0,1.0
IND573134AAB,IND573201AAB,FTL,night,2.3479960899315735,14,43.64245,32.0,1.0
IND573134AAB,IND577101AAA,FTL,night,1.7037037037037035,1,68.3756,54.0,1.0
IND573142AAA,IND573201AAB,FTL,morning,1.8157894736842104,17,42.5804,39.0,1.0
IND573201AAB,IND572201AAB,FTL,evening,1.5918367346938775,11,54.5318,49.0,1.0
IND573201AAB,IND573103AAA,FTL,evening,2.85,3,44.1091,40.0,1.0
IND573201AAB,IND573116AAA,FTL,evening,2.083916083916084,14,37.8587,29.0,1.0
IND573201AAB,IND573134AAB,FTL,evening,1.6774193548387095,3,43.0938,32.0,1.0
IND573201AAB,IND575004AAB,FTL,afternoon,3.274193548387097,7,173.42860000000002,124.0,1.0
IND573201AAB,IND575004AAB,FTL,evening,2.936,7,172.9654,123.0,1.0
IND574104AAA,IND574216AAA,Carting,night,1.9673913043478262,10,54.019149999999996,46.5,1.0
IND574104AAA,IND574216AAA,FTL,night,1.9090909090909087,1,50.8341,44.0,1.0
IND574117AAA,IND576101AAA,FTL,night,1.6614906832298137,2,24.751350000000002,22.0,1.0
IND574117AAA,IND576201AAA,FTL,night,3.023809523809524,1,53.204800000000006,42.0,1.0
IND574202AAA,IND574239AAA,FTL,night,1.5620723362658846,6,33.981049999999996,31.0,1.0
IND574211AAA,IND574202AAA,FTL,night,2.473684210526316,5,26.3832,19.0,1.0
IND574211AAA,IND574216AAA,FTL,night,2.892857142857143,1,40.8913,28.0,1.0
IND574216AAA,IND562132AAA,FTL,morning,1.9681818181818185,1,290.45340000000004,220.0,1.0
IND574216AAA,IND575004AAB,Carting,night,2.3769657724329325,4,66.65355,47.0,1.0
IND574216AAA,IND575004AAB,FTL,night,2.4,1,57.4061,40.0,1.0
IND574221AAA,IND562132AAA,FTL,night,2.5903247038174637,6,275.259,215.0,1.0
IND574227AAA,IND574104AAA,Carting,night,1.7857142857142858,9,18.3005,14.0,1.0
IND574239AAA,IND574221AAA,FTL,night,1.5128205128205128,7,33.2592,35.0,1.0
IND575004AAB,IND562132AAA,FTL,night,2.204,3,333.9915,250.0,1.0
IND575004AAB,IND562132AAA,FTL,evening,2.36,1,334.20840000000004,250.0,1.0
IND575004AAB,IND574117AAA,FTL,afternoon,2.3448275862068964,3,33.8991,30.0,1.0
IND575004AAB,IND574117AAA,FTL,evening,2.59375,2,34.7743,31.0,1.0
IND575004AAB,IND574211AAA,FTL,night,2.176470588235294,5,24.9587,17.0,1.0
IND575004AAB,IND574211AAA,FTL,evening,1.8823529411764703,3,24.599,17.0,1.0
IND575004AAB,IND574227AAA,Carting,night,2.074074074074074,1,32.916599999999995,27.0,1.0
IND575004AAB,IND574227AAA,Carting,evening,2.1875,1,44.6882,32.0,1.0
IND575004AAB,IND575014AAA,FTL,afternoon,2.5175438596491224,2,19.896349999999998,18.5,1.0
IND575004AAB,IND576101AAA,FTL,afternoon,2.08,1,56.354,50.0,1.0
IND575004AAB,IND671323AAD,FTL,night,1.9230769230769231,1,23.9772,26.0,1.0
IND575004AAB,IND671323AAD,FTL,afternoon,1.4615384615384617,1,24.3258,26.0,1.0
IND575004AAB,IND671323AAD,FTL,evening,1.7407407407407407,1,24.719900000000003,27.0,1.0
IND575014AAA,IND403726AAA,FTL,night,1.7508532423208192,1,331.5916,293.0,1.0
IND576101AAA,IND576201AAA,FTL,night,1.6833333333333336,2,39.456,30.0,1.0
IND576101AAA,IND576201AAA,FTL,morning,1.4516129032258065,1,40.3114,31.0,1.0
IND576201AAA,IND581320AAA,FTL,night,2.027027027027027,3,48.948,36.0,1.0
IND576201AAA,IND581320AAA,FTL,morning,2.6578947368421053,1,50.9691,38.0,1.0
IND577002AAA,IND580028AAA,FTL,morning,1.613861386138614,11,140.7195,101.0,1.0
IND577002AAA,IND581110AAE,Carting,evening,2.423076923076923,1,72.43780000000001,52.0,1.0
IND577002AAA,IND581115AAC,Carting,night,2.142857142857143,1,37.8594,28.0,1.0
IND577002AAA,IND581115AAC,Carting,morning,1.7413793103448276,2,38.60775,29.0,1.0
IND577002AAA,IND581115AAC,Carting,evening,2.6995073891625623,16,37.65055,29.0,1.0
IND577101AAA,IND577116AAA,FTL,night,1.6480978260869565,2,35.97675,31.0,0.5
IND577101AAA,IND577132AAD,FTL,night,2.142857142857143,7,30.1342,21.0,1.0
IND577116AAA,IND577101AAA,FTL,night,0.950609756097561,8,44.165800000000004,40.0,0.125
IND577126AAA,IND577201AAA,FTL,night,2.707692307692308,1,68.85130000000001,65.0,1.0
IND577132AAD,IND573134AAB,FTL,night,1.84,11,37.1751,31.0,0.9090909090909091
IND577201AAA,IND562132AAA,FTL,night,1.794392523364486,10,288.7749,214.5,1.0
IND577201AAA,IND577432AAA,FTL,night,2.355555555555556,1,62.0251,45.0,1.0
IND577401AAA,IND562132AAA,FTL,night,2.261744966442953,1,371.1157,298.0,1.0
IND577401AAA,IND577201AAA,FTL,night,1.125,7,84.8653,88.0,0.14285714285714285
IND577432AAA,IND577126AAA,FTL,night,2.1,1,27.2213,20.0,1.0
IND577501AAA,IND577002AAA,FTL,night,1.8222222222222224,3,60.8247,43.0,1.0
IND577501AAA,IND577002AAA,FTL,morning,1.6222222222222222,7,61.8303,45.0,1.0
IND577522AAA,IND562132AAA,FTL,night,1.4928571428571429,10,183.659,140.0,1.0
IND577535AAC,IND577522AAA,FTL,night,1.5823717948717948,10,56.0231,39.0,1.0
IND577598AAB,IND573142AAA,FTL,night,2.0892857142857144,11,65.7834,56.0,1.0
IND577598AAB,IND573142AAA,FTL,morning,1.8245614035087718,6,66.54465,57.0,1.0
IND577598AAC,IND577501AAA,FTL,night,1.8387096774193548,11,43.3243,32.0,1.0
IND580002AAA,IND580028AAA,FTL,morning,4.979166666666666,2,23.8393,20.5,1.0
IND580028AAA,IND403726AAA,FTL,morning,2.4532374100719423,13,183.2936,141.0,1.0
IND580028AAA,IND421302AAG,FTL,afternoon,2.247240618101545,2,616.7914,453.0,1.0
IND580028AAA,IND562132AAA,FTL,afternoon,1.7789473684210526,3,382.8824,285.0,1.0
IND580028AAA,IND562132AAA,FTL,evening,1.7832167832167831,1,384.1876,286.0,1.0
IND580028AAA,IND580002AAA,FTL,morning,4.0,7,26.2889,21.0,1.0
IND580028AAA,IND580002AAA,FTL,afternoon,3.3571428571428568,2,26.2464,21.0,1.0
IND580028AAA,IND581402AAA,FTL,morning,1.4759036144578312,2,92.9582,83.0,1.0
IND580028AAA,IND581402AAA,FTL,afternoon,1.4216867469879515,13,93.092,83.0,1.0
IND580028AAA,IND590016AAA,FTL,morning,2.2171417993335805,8,102.57745,73.5,1.0
IND580028AAA,IND590016AAA,FTL,afternoon,2.1542342342342344,4,103.0842,74.0,1.0
IND580028AAA,IND590016AAA,FTL,evening,2.391891891891892,1,102.5962,74.0,1.0
IND580028AAA,IND591115AAB,FTL,morning,1.7045454545454546,1,59.6501,44.0,1.0
IND580028AAA,IND591115AAB,FTL,afternoon,1.7948320413436694,2,59.7348,44.0,1.0
IND580028AAA,IND591115AAB,FTL,evening,1.813953488372093,1,58.8694,43.0,1.0
IND580028AAA,IND591123AAC,FTL,morning,1.9655172413793105,10,111.8957,87.0,1.0
IND580028AAA,IND591123AAC,FTL,afternoon,1.862068965517241,7,111.9689,87.0,1.0
IND580028AAA,IND591123AAC,FTL,evening,1.9310344827586208,1,111.9458,87.0,1.0
IND581110AAE,IND577002AAA,Carting,night,2.526315789473684,3,71.2743,57.0,1.0
IND581110AAE,IND577002AAA,Carting,morning,6.745454545454545,1,69.24119999999999,55.0,1.0
IND581110AAE,IND581119AAB,Carting,night,1.8636363636363635,16,54.0105,43.0,1.0
IND581115AAC,IND581110AAE,Carting,night,1.7307692307692308,17,33.812400000000004,25.0,1.0
IND581115AAC,IND581110AAE,Carting,morning,2.625,1,32.288,24.0,1.0
IND581115AAC,IND581110AAE,Carting,afternoon,2.0,1,34.0983,26.0,1.0
IND581115AAC,IND581110AAE,Carting,evening,1.76,1,33.3739,25.0,1.0
IND581119AAB,IND577002AAA,Carting,night,1.8180878552971578,14,38.93295,45.0,1.0
IND581303AAA,IND581325AAA,FTL,night,1.4893617021276595,2,101.2739,94.0,1.0
IND581303AAA,IND581400AAB,FTL,night,1.3982469512195121,12,44.258300000000006,41.0,0.75
IND581314AAA,IND403726AAA,FTL,morning,1.8307254623044096,8,120.1533,113.5,1.0
IND581314AAA,IND403726AAA,FTL,afternoon,1.6194690265486726,1,119.9598,113.0,1.0
IND581314AAA,IND581334AAA,FTL,morning,1.5178571428571428,1,59.4354,56.0,1.0
IND581320AAA,IND575004AAB,FTL,afternoon,2.333333333333333,1,137.9959,111.0,1.0
IND581320AAA,IND581334AAA,FTL,night,1.9473684210526314,2,41.49125,38.0,1.0
IND581320AAA,IND581334AAA,FTL,morning,1.5584795321637426,2,39.848,37.0,1.0
IND581325AAA,IND580028AAA,FTL,night,1.911764705882353,5,77.7237,68.0,1.0
IND581325AAA,IND580028AAA,FTL,morning,1.9275362318840576,9,77.80680000000001,68.0,1.0
IND581334AAA,IND581314AAA,FTL,night,1.9038461538461535,1,55.408,52.0,1.0
IND581334AAA,IND581314AAA,FTL,morning,1.588235294117647,1,55.1553,51.0,1.0
IND581334AAA,IND581314AAA,FTL,afternoon,1.92,1,53.9571,50.0,1.0
IND581334AAA,IND581320AAA,FTL,afternoon,1.5161290322580645,1,34.0561,31.0,1.0
IND581334AAA,IND581343AAC,FTL,morning,2.2656641604010024,2,21.346899999999998,20.0,1.0
IND581343AAC,IND581314AAA,FTL,morning,1.7288306451612905,6,34.6189,32.5,0.8333333333333334
IND581400AAB,IND581325AAA,FTL,night,1.1727272727272728,12,120.85589999999999,108.0,0.5
IND581402AAA,IND577201AAA,FTL,night,1.75,1,137.2396,128.0,1.0
IND581402AAA,IND577401AAA,FTL,night,1.625,9,76.6258,72.0,1.0
IND582101AAB,IND580028AAA,FTL,night,2.9035615171137836,18,62.06345,46.0,1.0
IND582209AAA,IND582101AAB,FTL,night,1.8406827880512093,16,40.262249999999995,37.0,1.0
IND583101AAA,IND577535AAC,FTL,night,1.813953488372093,5,60.3377,43.0,1.0
IND583101AAA,IND577535AAC,FTL,evening,1.9534883720930232,5,59.4536,43.0,1.0
IND583101AAA,IND583201AAA,FTL,night,2.6666666666666665,17,64.3962,46.0,1.0
IND583101AAA,IND583201AAA,FTL,evening,3.5531914893617023,1,64.8454,47.0,1.0
IND583119AAA,IND583101AAA,FTL,night,4.232558139534884,9,53.5761,44.0,1.0
IND583201AAA,IND583101AAA,FTL,night,2.8222222222222224,1,62.6445,45.0,1.0
IND583201AAA,IND583101AAA,FTL,morning,3.6666666666666665,1,61.7848,45.0,1.0
IND583201AAA,IND583119AAA,FTL,night,2.333333333333333,9,29.0712,27.0,1.0
IND583201AAA,IND583227AAA,Carting,night,2.0,16,27.62415,30.0,1.0
IND583227AAA,IND583201AAA,Carting,night,2.4838709677419355,1,28.583,31.0,1.0
IND583227AAA,IND583231AAA,Carting,night,1.6666666666666667,13,45.0613,39.0,1.0
IND583227AAA,IND583231AAA,Carting,morning,1.7435897435897436,2,44.6789,39.0,1.0
IND583231AAA,IND583201AAA,Carting,night,2.5563241106719365,12,30.60745,22.0,1.0
IND583231AAA,IND583201AAA,Carting,morning,2.1818181818181817,3,29.7425,22.0,1.0
IND584101AAA,IND509124AAA,FTL,night,1.428389154704944,10,51.21095,56.0,1.0
IND584101AAA,IND509124AAA,FTL,evening,1.4772727272727273,4,50.8452,55.0,1.0
IND584101AAA,IND518002AAA,FTL,night,3.802197802197802,1,100.1564,91.0,1.0
IND584101AAA,IND584123AAA,Carting,night,1.5465116279069768,2,47.1756,43.0,1.0
IND584123AAA,IND584128AAA,Carting,night,1.4444444444444444,1,39.7207,36.0,1.0
IND584128AAA,IND583121AAA,Carting,night,2.224308300395257,2,32.5108,22.5,1.0
IND585104AAA,IND585211AAA,Carting,night,1.945945945945946,17,47.4594,38.0,1.0
IND585104AAA,IND585307AAB,Carting,night,1.5151515151515151,4,71.89869999999999,66.0,1.0
IND585104AAA,IND585314AAA,Carting,night,1.8421052631578947,4,41.28625,38.5,1.0
IND585104AAA,IND585330AAE,FTL,evening,1.837209302325581,20,59.76635,43.0,1.0
IND585104AAA,IND586128AAA,Carting,night,1.9324324324324325,15,92.5224,73.0,1.0
IND585211AAA,IND585104AAA,Carting,night,2.210526315789474,1,47.3861,38.0,1.0
IND585211AAA,IND585104AAA,Carting,morning,3.8475398475398475,2,48.038399999999996,38.0,1.0
IND585211AAA,IND585222AAA,Carting,night,1.5,17,25.1841,24.0,1.0
IND585222AAA,IND585211AAA,Carting,night,1.4123076923076923,4,26.2468,26.0,0.75
IND585222AAA,IND585307AAB,Carting,night,1.5270270270270272,18,39.6913,36.5,1.0
IND585307AAB,IND585104AAA,Carting,night,5.561538461538461,10,72.96955,67.0,1.0
IND585307AAB,IND585104AAA,Carting,morning,4.276923076923077,7,72.50439999999999,66.0,1.0
IND585307AAB,IND585222AAA,Carting,night,1.4106606606606606,4,39.698949999999996,37.0,1.0
IND585314AAA,IND585104AAA,Carting,morning,4.757309941520468,16,40.924150000000004,37.5,1.0
IND585314AAA,IND586211AAA,Carting,night,1.9381443298969072,3,104.968,97.0,1.0
IND585330AAE,IND585401AAA,FTL,night,1.8088235294117645,20,48.5286,34.0,1.0
IND585330AAE,IND585401AAA,FTL,morning,1.7647058823529411,1,47.8471,34.0,1.0
IND585401AAA,IND502286AAB,FTL,night,2.4186046511627906,21,40.887,42.0,1.0
IND585401AAA,IND502286AAB,FTL,morning,2.2439024390243905,1,39.583,41.0,1.0
IND586101AAA,IND416404AAA,FTL,night,2.2519762845849804,4,62.198,44.5,1.0
IND586101AAB,IND416404AAA,FTL,night,2.046247357293869,4,60.4678,43.5,1.0
IND586101AAB,IND416404AAA,FTL,morning,2.3255813953488373,1,60.6525,43.0,1.0
IND586128AAA,IND585104AAA,Carting,morning,3.0410958904109586,4,92.7846,73.0,1.0
IND586128AAA,IND586211AAA,Carting,night,1.6382978723404256,15,48.0951,47.0,1.0
IND586211AAA,IND585314AAA,Carting,night,1.8041237113402064,15,104.2285,96.0,1.0
IND586211AAA,IND585314AAA,Carting,morning,1.8125,1,103.9969,96.0,1.0
IND586211AAA,IND586128AAA,Carting,night,1.6595744680851063,1,48.083400000000005,47.0,1.0
IND586211AAA,IND586128AAA,Carting,morning,1.8426418439716312,2,48.664500000000004,47.5,1.0
IND587103AAB,IND582101AAB,FTL,night,2.1630434782608696,2,109.555,92.0,1.0
IND587103AAB,IND582209AAA,FTL,night,1.901639344262295,17,66.4212,61.0,1.0
IND590016AAA,IND591302AAB,FTL,night,1.4516129032258065,5,35.9801,31.0,1.0
IND591102AAA,IND591307AAC,FTL,night,1.9764673311184944,18,45.7631,42.0,1.0
IND591115AAB,IND580028AAA,FTL,night,1.916666666666667,2,58.072199999999995,42.0,1.0
IND591115AAB,IND590016AAA,FTL,night,1.7870967741935484,2,43.010949999999994,30.5,1.0
IND591115AAB,IND590016AAA,FTL,evening,1.8849462365591398,2,42.8174,30.5,1.0
IND591123AAC,IND587103AAB,FTL,evening,1.7058823529411764,19,60.9414,52.0,1.0
IND591126AAA,IND591102AAA,FTL,night,1.522549019607843,2,35.09055,32.0,1.0
IND591201AAA,IND586101AAB,FTL,night,1.7301587301587302,1,147.7175,126.0,1.0
IND591201AAA,IND591304AAA,FTL,night,1.4426229508196722,9,73.81339999999999,60.0,1.0
IND591201AAA,IND591304AAA,FTL,evening,1.4262295081967211,1,74.19760000000001,61.0,1.0
IND591237AAB,IND591201AAA,FTL,night,1.6363636363636365,1,24.008,22.0,1.0
IND591237AAB,IND591201AAA,FTL,evening,1.63,2,25.76855,23.5,1.0
IND591302AAB,IND580028AAA,FTL,night,1.9442186088527553,8,100.1954,80.5,1.0
IND591302AAB,IND591115AAB,FTL,night,1.6973684210526316,2,41.165350000000004,38.0,1.0
IND591304AAA,IND586101AAA,FTL,night,1.5010332950631458,8,76.62555,67.0,1.0
IND591304AAA,IND586101AAB,FTL,night,1.446969696969697,4,75.21465,66.0,1.0
IND591307AAC,IND580002AAA,FTL,night,2.52247191011236,2,95.9118,89.0,1.0
IND591307AAC,IND580028AAA,FTL,night,2.624854045037531,4,125.1754,109.5,1.0
IND591307AAC,IND580030AAA,FTL,night,2.4343434343434343,1,112.3366,99.0,1.0
IND600008AAA,IND600044AAC,Carting,afternoon,2.080014224751067,14,43.91465,37.0,1.0
IND600008AAC,IND600056AAB,Carting,night,2.3513513513513518,9,44.1983,37.0,1.0
IND600008AAC,IND600056AAB,Carting,morning,2.3640350877192984,4,44.379400000000004,37.0,1.0
IND600008AAC,IND600056AAB,Carting,evening,3.5291607396870552,2,44.507400000000004,37.5,1.0
IND600016AAA,IND600119AAA,Carting,morning,2.3636363636363633,8,18.85755,22.0,1.0
IND600016AAB,IND600044AAC,Carting,afternoon,2.21875,21,36.8057,33.0,1.0
IND600016AAB,IND600044AAC,Carting,evening,1.7333333333333334,1,34.1039,30.0,1.0
IND600016AAC,IND600056AAB,Carting,morning,2.242424242424242,1,36.8879,33.0,1.0
IND600016AAC,IND600119AAA,Carting,morning,4.115131578947368,2,27.36845,25.5,1.0
IND600016AAC,IND600119AAA,Carting,evening,1.7272727272727273,9,23.887400000000003,22.0,0.7777777777777778
IND600032AAB,IND600008AAC,Carting,morning,6.0,1,10.0476,8.0,1.0
IND600032AAB,IND600044AAD,Carting,night,1.7,3,9.8509,10.0,1.0
IND600032AAB,IND600044AAD,Carting,morning,2.090909090909091,1,10.1735,11.0,1.0
IND600032AAB,IND600044AAD,Carting,afternoon,2.5,7,9.8759,10.0,1.0
IND600032AAB,IND600044AAD,Carting,evening,1.2727272727272727,5,10.2367,11.0,0.6
IND600032AAB,IND600056AAB,Carting,night,1.818181818181818,3,36.0111,32.0,1.0
IND600032AAB,IND600056AAB,Carting,morning,2.3233901515151514,20,36.365899999999996,32.0,1.0
IND600032AAB,IND600056AAB,Carting,afternoon,1.7464349376114083,18,36.555800000000005,33.0,1.0
IND600032AAB,IND600056AAB,Carting,evening,1.75,23,36.948,33.0,1.0
IND600032AAB,IND600076AAB,Carting,night,2.2604166666666665,12,16.1508,15.5,1.0
IND600032AAB,IND600076AAB,Carting,morning,2.125,12,16.787300000000002,16.0,1.0
IND600032AAB,IND600076AAB,Carting,afternoon,3.2,10,16.5728,15.5,1.0
IND600032AAB,IND600076AAB,Carting,evening,1.4142857142857141,8,16.330799999999996,15.5,0.875
IND600044AAD,IND600032AAB,Carting,morning,3.2,5,11.2206,12.0,1.0
IND600044AAD,IND600032AAB,Carting,afternoon,1.7272727272727273,2,10.3818,11.0,1.0
IND600044AAD,IND600048AAA,Carting,night,6.215909090909091,2,14.26785,11.5,1.0
IND600044AAD,IND600048AAA,Carting,morning,4.392307692307693,6,12.9361,11.5,1.0
IND600044AAD,IND600048AAA,Carting,evening,5.909090909090909,1,12.6471,11.0,1.0
IND600044AAD,IND600056AAB,Carting,night,1.6484126984126983,4,36.286699999999996,35.5,1.0
IND600044AAD,IND600056AAB,Carting,morning,1.8857142857142857,3,36.3874,35.0,1.0
IND600044AAD,IND600056AAB,Carting,afternoon,2.225,2,36.54155,35.5,1.0
IND600044AAD,IND600056AAB,Carting,evening,1.6365546218487395,8,36.37715,35.0,1.0
IND600044AAD,IND603001AAA,Carting,night,3.0999999999999996,4,37.99745,30.0,1.0
IND600044AAD,IND603001AAA,Carting,evening,2.517857142857143,8,38.42325,30.0,1.0
IND600044AAD,IND603203AAA,Carting,morning,3.670955882352941,2,19.01395,16.5,1.0
IND600044AAE,IND600056AAB,Carting,night,2.2794117647058822,12,36.20075,35.0,1.0
IND600044AAE,IND600056AAB,Carting,morning,1.8546218487394956,6,36.402100000000004,35.0,1.0
IND600044AAE,IND600056AAB,Carting,afternoon,1.7394957983193278,10,36.103300000000004,35.0,1.0
IND600044AAE,IND600056AAB,Carting,evening,1.7714285714285714,1,36.4841,35.0,1.0
IND600048AAA,IND600044AAD,Carting,night,2.5,1,11.5396,10.0,1.0
IND600056AAA,IND602105AAB,Carting,night,3.0,7,16.0988,12.0,1.0
IND600056AAB,IND501359AAE,FTL,night,1.8515463917525772,1,676.9348,485.0,1.0
IND600056AAB,IND501359AAE,FTL,evening,1.7733995163548424,6,678.2582500000001,486.0,1.0
IND600056AAB,IND524003AAA,FTL,afternoon,1.5894039735099337,1,186.6602,151.0,1.0
IND600056AAB,IND524003AAA,FTL,evening,1.6133333333333333,13,186.6495,150.0,1.0
IND600056AAB,IND530012AAA,FTL,evening,1.7159715242881073,2,814.08745,598.5,1.0
IND600056AAB,IND560099AAB,FTL,afternoon,1.7191489361702128,13,313.45320000000004,235.0,1.0
IND600056AAB,IND562132AAA,FTL,night,1.8005498007968126,2,322.96659999999997,250.5,1.0
IND600056AAB,IND562132AAA,FTL,afternoon,1.8839518072289156,2,322.13795,249.5,1.0
IND600056AAB,IND562132AAA,FTL,evening,1.845694779116466,12,321.62154999999996,249.0,1.0
IND600056AAB,IND600008AAC,Carting,night,4.205882352941177,13,43.426,35.0,1.0
IND600056AAB,IND600008AAC,Carting,morning,3.0,6,42.1926,33.0,1.0
IND600056AAB,IND600008AAC,Carting,afternoon,2.4411764705882355,1,43.147,34.0,1.0
IND600056AAB,IND600008AAC,Carting,evening,2.1789516789516794,12,44.9133,35.0,1.0
IND600056AAB,IND600016AAC,Carting,night,2.5161290322580645,5,35.600199999999994,31.0,1.0
IND600056AAB,IND600016AAC,Carting,morning,2.575757575757576,1,37.1475,33.0,1.0
IND600056AAB,IND600016AAC,Carting,afternoon,3.060606060606061,1,36.7301,33.0,1.0
IND600056AAB,IND600016AAC,Carting,evening,2.0176470588235293,6,37.1707,33.0,1.0
IND600056AAB,IND600032AAB,Carting,night,2.691341991341991,6,36.94935,33.0,1.0
IND600056AAB,IND600032AAB,Carting,morning,2.6766098484848486,20,36.56035,33.0,1.0
IND600056AAB,IND600032AAB,Carting,afternoon,1.818181818181818,13,36.168,32.0,1.0
IND600056AAB,IND600032AAB,Carting,evening,1.4545454545454546,13,36.7051,33.0,1.0
IND600056AAB,IND600044AAD,Carting,night,2.117647058823529,1,35.7299,34.0,1.0
IND600056AAB,IND600044AAD,Carting,evening,1.7247899159663866,6,35.6035,34.0,1.0
IND600056AAB,IND600044AAE,Carting,night,2.057142857142857,13,36.1065,35.0,1.0
IND600056AAB,IND600044AAE,Carting,morning,2.1621621621621623,5,35.746900000000004,34.0,1.0
IND600056AAB,IND600044AAE,Carting,afternoon,1.9987394957983193,6,35.766850000000005,34.5,1.0
IND600056AAB,IND600044AAE,Carting,evening,1.6617647058823528,10,35.6456,34.0,1.0
IND600056AAB,IND600076AAB,Carting,night,2.5619047619047617,2,45.67895,35.5,1.0
IND600056AAB,IND600076AAB,Carting,evening,1.8633633633633635,14,46.066599999999994,36.0,1.0
IND600056AAB,IND600110AAA,Carting,night,2.5945945945945947,17,45.4143,36.0,1.0
IND600056AAB,IND600110AAA,Carting,morning,2.835960960960961,6,45.82925,37.0,1.0
IND600056AAB,IND600110AAA,Carting,afternoon,2.2222222222222223,1,45.860800000000005,36.0,1.0
IND600056AAB,IND600110AAA,Carting,evening,2.518018018018018,4,44.690200000000004,36.5,1.0
IND600056AAB,IND600116AAB,Carting,night,3.993368700265252,12,32.155699999999996,28.5,1.0
IND600056AAB,IND600116AAB,Carting,afternoon,1.9615384615384617,4,30.52435,26.0,1.0
IND600056AAB,IND600116AAB,Carting,evening,1.8674074074074074,6,31.45185,27.0,1.0
IND600056AAB,IND605010AAB,FTL,morning,1.4316546762589928,13,152.5844,139.0,1.0
IND600056AAB,IND605601AAA,FTL,evening,1.3458093763821317,6,152.96405,135.0,1.0
IND600056AAB,IND631501AAA,Carting,night,1.9411764705882355,1,44.9023,34.0,1.0
IND600056AAB,IND631501AAA,Carting,evening,2.409090909090909,8,44.332049999999995,33.5,1.0
IND600056AAB,IND632006AAA,FTL,morning,1.7202380952380953,12,107.3483,84.0,1.0
IND600056AAB,IND632006AAA,FTL,evening,1.619047619047619,1,107.3825,84.0,1.0
IND600056AAB,IND635802AAB,FTL,night,1.3174603174603174,3,153.35670000000002,127.0,1.0
IND600073AAA,IND603203AAA,Carting,morning,1.9166666666666667,1,15.6886,12.0,1.0
IND600076AAB,IND600032AAB,Carting,morning,2.611111111111111,5,19.5027,18.0,1.0
IND600076AAB,IND600032AAB,Carting,afternoon,2.4576023391812862,10,19.3365,18.0,1.0
IND600076AAB,IND600032AAB,Carting,evening,1.5333333333333334,1,16.2511,15.0,1.0
IND600076AAB,IND600056AAB,Carting,evening,2.075537075537076,2,48.61005,38.0,1.0
IND600110AAA,IND600056AAB,Carting,night,2.364864864864865,2,47.794399999999996,37.0,1.0
IND600110AAA,IND600056AAB,Carting,morning,2.527027027027027,4,47.2222,37.0,1.0
IND600110AAA,IND600056AAB,Carting,afternoon,2.512127512127512,2,48.1452,38.0,1.0
IND600110AAA,IND600056AAB,Carting,evening,2.0650782361308675,2,48.094300000000004,37.5,1.0
IND600110AAA,IND600056AAD,Carting,night,2.263157894736842,1,48.5266,38.0,1.0
IND600116AAB,IND600056AAA,Carting,night,1.9090909090909087,1,11.8422,11.0,1.0
IND600116AAB,IND600056AAA,Carting,morning,4.352272727272727,2,11.44255,11.5,1.0
IND600116AAB,IND600056AAB,Carting,night,2.111111111111111,3,32.2173,28.0,1.0
IND600116AAB,IND602024AAA,Carting,night,3.6912280701754385,4,21.3445,18.0,1.0
IND600116AAB,IND602024AAA,Carting,morning,3.523809523809524,1,24.5065,21.0,1.0
IND600116AAB,IND602024AAA,Carting,evening,1.875,5,21.835,18.0,1.0
IND600119AAA,IND600016AAC,Carting,night,8.854761904761904,2,21.7999,20.5,1.0
IND600119AAA,IND600016AAC,Carting,morning,2.6184210526315788,8,22.157049999999998,21.0,1.0
IND602001AAA,IND600116AAB,Carting,night,3.6666666666666665,3,37.2719,29.0,1.0
IND602001AAB,IND609001AAA,FTL,night,2.2962962962962963,11,36.5822,27.0,1.0
IND602024AAA,IND600116AAB,Carting,night,3.3684210526315788,1,21.1626,19.0,1.0
IND602024AAA,IND600116AAB,Carting,morning,2.0,3,19.5747,17.0,1.0
IND602024AAA,IND602001AAA,Carting,night,2.5,9,16.4017,11.0,1.0
IND603001AAA,IND603301AAA,Carting,night,1.4285714285714286,13,37.4867,35.0,0.5384615384615384
IND603102AAA,IND600056AAB,FTL,night,1.8582089552238807,12,73.2681,68.0,1.0
IND603203AAA,IND600044AAD,Carting,night,3.75625,6,18.387900000000002,15.0,1.0
IND603203AAA,IND600044AAD,Carting,morning,3.4285714285714284,5,17.3601,14.0,1.0
IND603203AAA,IND600044AAD,Carting,afternoon,3.0666666666666664,2,17.903750000000002,14.5,1.0
IND603203AAA,IND600048AAA,Carting,morning,1.6666666666666667,1,14.162,12.0,1.0
IND603301AAA,IND600044AAD,Carting,night,2.3561705989110706,14,74.9248,58.0,1.0
IND604303AAA,IND603102AAA,FTL,night,1.9483805668016196,4,53.4901,39.0,1.0
IND605010AAB,IND600056AAB,FTL,night,1.6923076923076923,3,152.2299,130.0,1.0
IND605010AAB,IND604303AAA,FTL,night,1.400462962962963,4,34.0346,50.5,0.5
IND605010AAB,IND607001AAA,FTL,night,1.7413793103448276,12,25.6858,29.0,1.0
IND605601AAA,IND600056AAB,FTL,afternoon,1.72,6,151.9599,125.0,1.0
IND605601AAA,IND607106AAA,Carting,night,2.1363636363636362,14,27.29655,20.5,1.0
IND605601AAA,IND636102AAA,FTL,night,1.6653558052434458,6,121.38215,89.5,1.0
IND606003AAA,IND606105AAA,Carting,night,1.6,10,15.971800000000002,14.5,1.0
IND606003AAA,IND606105AAA,Carting,morning,1.606060606060606,4,14.8981,13.0,1.0
IND606105AAA,IND606201AAC,Carting,morning,1.6791310541310542,14,72.69925,54.0,1.0
IND606201AAC,IND605601AAA,Carting,morning,2.276315789473684,15,98.1184,73.0,1.0
IND606801AAB,IND632006AAA,FTL,night,2.314814814814815,13,64.4629,55.0,1.0
IND606803AAA,IND606801AAB,FTL,night,1.375,9,25.007900000000003,24.0,1.0
IND607001AAA,IND608001AAA,FTL,night,1.8571428571428568,11,39.5553,28.0,1.0
IND607106AAA,IND607801AAA,Carting,night,2.16025641025641,14,17.6402,12.0,1.0
IND607801AAA,IND606003AAA,Carting,night,2.130434782608696,15,32.398900000000005,23.0,0.9333333333333333
IND608001AAA,IND609110AAA,FTL,night,2.7333333333333334,7,21.1767,16.0,1.0
IND608301AAA,IND639104AAB,FTL,night,1.7333333333333334,15,148.4674,119.0,1.0
IND608301AAA,IND639104AAB,FTL,morning,1.949579831932773,1,148.53779999999998,119.0,1.0
IND609001AAA,IND614018AAA,FTL,night,2.1880479251899474,12,71.81790000000001,59.0,1.0
IND609110AAA,IND609602AAA,FTL,night,2.033908045977011,2,42.0763,29.5,1.0
IND609110AAA,IND609602AAA,FTL,morning,1.8571428571428572,6,41.72395,29.5,1.0
IND609602AAA,IND611001AAA,FTL,morning,3.111111111111111,11,21.607,16.0,1.0
IND610001AAA,IND605010AAB,FTL,morning,2.071428571428571,10,149.45915000000002,126.0,1.0
IND610001AAA,IND614715AAA,Carting,morning,1.6538461538461535,15,27.5909,25.0,1.0
IND610001AAA,IND614715AAA,Carting,afternoon,1.8333333333333333,2,26.754849999999998,24.0,1.0
IND611001AAA,IND610001AAA,FTL,morning,2.34375,10,23.65435,17.0,1.0
IND614018AAA,IND613104AAA,FTL,night,1.859562841530055,6,65.6447,60.5,1.0
IND614018AAA,IND613104AAA,FTL,morning,2.1867816091954024,4,64.6647,60.0,1.0
IND614602AAA,IND614804AAA,FTL,night,1.5,16,22.69815,24.0,1.0
IND614616AAA,IND630002AAA,FTL,night,1.6985887096774195,16,31.28555,32.0,1.0
IND614620AAA,IND630561AAA,Carting,night,1.9044798222880415,16,105.14405,74.0,1.0
IND614715AAA,IND614809AAA,Carting,morning,1.4736842105263157,15,32.944199999999995,38.0,0.8666666666666667
IND614715AAA,IND614809AAA,Carting,afternoon,1.5526315789473684,2,32.5492,38.0,1.0
IND614804AAA,IND614616AAA,FTL,night,1.2857142857142858,14,25.418599999999998,27.0,0.6428571428571429
IND614809AAA,IND610001AAA,Carting,morning,2.1824289405684754,12,55.0867,44.0,1.0
IND614809AAA,IND610001AAA,Carting,afternoon,2.159090909090909,5,54.639300000000006,43.0,1.0
IND620020AAA,IND621112AAA,Carting,night,2.0,13,15.6644,12.0,1.0
IND620020AAA,IND621112AAA,Carting,morning,1.7083333333333335,12,15.612,14.0,1.0
IND621010AAA,IND621212AAA,FTL,night,1.4642857142857144,16,37.38365,35.0,1.0
IND621112AAA,IND620012AAA,Carting,morning,6.458333333333333,1,22.6467,24.0,1.0
IND621211AAA,IND621010AAA,FTL,night,1.7613636363636362,2,23.426650000000002,21.0,1.0
IND621211AAA,IND621010AAA,FTL,evening,1.8636363636363635,6,24.299,22.0,1.0
IND621212AAA,IND621704AAA,FTL,night,1.5553359683794468,16,30.62555,23.0,1.0
IND621306AAA,IND625106AAA,FTL,morning,1.3373538011695907,12,72.35735,73.0,0.8333333333333334
IND621704AAA,IND621802AAA,FTL,night,2.033333333333333,17,38.5318,30.0,1.0
IND621802AAA,IND608301AAA,FTL,night,2.555555555555556,10,24.29,17.0,1.0
IND621802AAA,IND621212AAA,FTL,night,1.8557692307692308,2,68.50954999999999,51.5,1.0
IND622407AAA,IND622001AAA,FTL,night,1.4705882352941178,13,36.7775,34.0,1.0
IND622407AAA,IND622001AAA,FTL,morning,1.8529411764705883,1,36.7359,34.0,1.0
IND623315AAB,IND614620AAA,Carting,night,1.5172413793103448,15,35.1174,30.0,1.0
IND623407AAA,IND623315AAB,Carting,night,1.0416666666666667,15,18.1756,25.0,0.06666666666666667
IND623503AAA,IND623526AAA,FTL,night,0.9014084507042254,7,52.6836,71.0,0.0
IND623526AAA,IND623704AAA,FTL,night,1.0607789142407553,8,113.12165,125.0,0.0
IND623701AAA,IND623503AAA,FTL,night,1.1432367149758456,6,46.513000000000005,46.0,0.3333333333333333
IND623701AAA,IND623503AAA,FTL,evening,1.2666666666666666,1,46.213,45.0,1.0
IND623704AAA,IND626607AAB,FTL,night,1.1224489795918366,1,37.4471,49.0,0.0
IND623704AAA,IND626607AAB,FTL,morning,1.2909722222222222,6,48.827349999999996,47.0,0.8333333333333334
IND624001AAA,IND624619AAA,FTL,night,1.5555555555555556,9,29.1058,27.0,1.0
IND624001AAA,IND624703AAA,FTL,night,1.2666666666666666,2,38.69215,35.5,0.5
IND624001AAA,IND625008AAA,FTL,afternoon,1.3958333333333333,9,67.7051,49.0,1.0
IND624101AAA,IND624202AAA,FTL,night,0.7119918699186991,10,55.520250000000004,119.5,0.0
IND624202AAA,IND625218AAA,FTL,morning,1.5217391304347827,10,26.152700000000003,23.0,1.0
IND624601AAA,IND624001AAA,FTL,night,4.385077186963979,2,56.6268,54.0,1.0
IND624601AAA,IND624101AAA,FTL,night,0.7835820895522388,15,60.0035,133.0,0.0
IND624619AAA,IND624601AAA,FTL,night,1.3461538461538465,7,28.2786,27.0,0.8571428571428571
IND624703AAA,IND624619AAA,FTL,night,1.3125,1,47.02,48.0,1.0
IND625008AAA,IND625516AAA,FTL,evening,1.25,1,115.5107,120.0,1.0
IND625008AAA,IND626123AAA,FTL,afternoon,1.8333333333333333,1,60.207,48.0,1.0
IND625008AAA,IND626123AAA,FTL,evening,1.8125,16,60.073499999999996,49.0,1.0
IND625008AAA,IND685514AAA,FTL,evening,1.4733727810650887,1,143.3816,169.0,1.0
IND625106AAA,IND625008AAA,FTL,morning,1.7173913043478262,13,44.142300000000006,43.0,1.0
IND625218AAA,IND624703AAA,FTL,morning,3.365079365079365,1,75.782,63.0,1.0
IND625516AAA,IND685514AAA,FTL,night,1.934782608695652,7,33.3321,47.0,1.0
IND625531AAA,IND625516AAA,FTL,night,1.2826086956521738,7,41.4115,46.0,1.0
IND625532AAA,IND625531AAA,FTL,night,1.5018939393939394,6,41.76305,45.5,1.0
IND625532AAA,IND685514AAA,FTL,night,1.6590909090909092,1,110.6122,132.0,1.0
IND626117AAA,IND626138AAA,FTL,night,1.24,9,20.7746,25.0,0.6666666666666666
IND626123AAA,IND627756AAA,FTL,night,1.86,17,48.291,49.0,1.0
IND626138AAA,IND625008AAA,FTL,night,1.4800437397484965,16,66.46045000000001,61.0,0.9375
IND626607AAB,IND625008AAA,FTL,night,1.5535714285714286,1,57.7451,56.0,1.0
IND626607AAB,IND625008AAA,FTL,morning,1.4946938775510206,6,53.76405,50.0,1.0
IND627005AAA,IND627117AAA,FTL,evening,1.6341463414634143,11,49.8261,41.0,1.0
IND627005AAA,IND627811AAA,FTL,night,1.2586206896551724,3,62.4446,58.0,1.0
IND627005AAA,IND627811AAA,FTL,evening,1.4745762711864407,7,63.1265,59.0,0.8571428571428571
IND627005AAA,IND628801AAA,Carting,night,1.4,1,45.8636,45.0,1.0
IND627005AAA,IND628801AAA,Carting,evening,1.6207716701902748,16,45.749300000000005,44.0,1.0
IND627005AAA,IND629001AAA,FTL,evening,2.0142857142857142,1,84.5501,70.0,1.0
IND627117AAA,IND629001AAA,FTL,night,1.9375,11,35.1044,32.0,1.0
IND627401AAA,IND627005AAA,FTL,night,2.2222222222222223,13,38.1062,36.0,1.0
IND627657AAA,IND628613AAA,Carting,night,1.0428571428571427,16,28.49435,35.0,0.0
IND627756AAA,IND626117AAA,FTL,night,1.6551724137931034,17,31.2303,29.0,1.0
IND627811AAA,IND627401AAA,FTL,night,1.5231854838709677,10,34.2061,31.5,0.9
IND628204AAA,IND627657AAA,Carting,night,1.2439024390243902,17,42.590300000000006,41.0,0.8235294117647058
IND628613AAA,IND627005AAA,Carting,night,1.7553191489361704,14,40.1597,47.0,1.0
IND628801AAA,IND628204AAA,Carting,night,1.4375,17,17.8417,16.0,1.0
IND629179AAA,IND627005AAA,FTL,night,2.0416666666666665,11,109.6053,95.0,1.0
IND630002AAA,IND622407AAA,FTL,night,1.4255319148936172,14,49.713100000000004,47.0,1.0
IND630561AAA,IND623407AAA,Carting,night,1.7121212121212122,6,46.93395,33.0,1.0
IND630561AAA,IND623407AAA,Carting,evening,1.78125,9,46.0717,32.0,1.0
IND630561AAA,IND623701AAA,FTL,night,1.3846153846153846,1,43.0402,39.0,1.0
IND630561AAA,IND623701AAA,FTL,evening,1.4751131221719458,4,42.639,38.5,1.0
IND631003AAA,IND600056AAB,Carting,night,2.2601214574898787,10,41.84395,39.0,1.0
IND631102AAA,IND600056AAB,FTL,night,2.0707196029776673,12,76.02340000000001,62.0,1.0
IND631501AAA,IND600056AAB,Carting,night,48.5,1,44.9726,34.0,1.0
IND631501AAA,IND631003AAA,Carting,night,2.7115384615384617,10,28.60865,26.0,1.0
IND632006AAA,IND562132AAA,FTL,evening,2.0274725274725274,2,226.7142,182.0,1.0
IND632006AAA,IND600056AAB,FTL,morning,1.783132530120482,7,106.1098,83.0,1.0
IND632006AAA,IND600056AAB,FTL,afternoon,1.7560975609756098,7,105.9415,83.0,1.0
IND632006AAA,IND600056AAB,FTL,evening,1.9390243902439024,3,105.7899,82.0,1.0
IND632006AAA,IND632301AAA,FTL,afternoon,1.935483870967742,13,40.2626,32.0,1.0
IND632006AAA,IND632301AAA,FTL,evening,1.78125,1,39.5774,32.0,1.0
IND632006AAA,IND632402AAA,FTL,evening,2.9523809523809526,8,23.6773,21.5,1.0
IND632006AAA,IND635802AAB,FTL,night,1.0555555555555556,1,57.7254,54.0,0.0
IND632006AAA,IND635802AAB,FTL,evening,1.3562367864693445,2,46.802350000000004,43.5,1.0
IND632301AAA,IND606803AAA,FTL,night,2.1578947368421053,11,22.8137,19.0,1.0
IND632301AAA,IND632006AAA,FTL,night,4.636363636363637,1,41.1081,33.0,1.0
IND632402AAA,IND631102AAA,FTL,night,1.52,11,26.6491,25.0,1.0
IND635001AAA,IND562132AAA,FTL,afternoon,1.7584745762711864,4,113.72505,118.0,1.0
IND635001AAA,IND636705AAB,FTL,night,1.3942307692307694,4,55.552800000000005,52.0,1.0
IND635207AAA,IND635802AAB,Carting,morning,3.803921568627451,1,65.70439999999999,51.0,1.0
IND635601AAB,IND635207AAA,Carting,night,3.125,1,23.8404,16.0,1.0
IND635601AAB,IND635802AAB,Carting,night,4.367647058823529,10,41.46655,34.0,1.0
IND635802AAB,IND562132AAA,FTL,night,1.809523809523809,3,197.0866,168.0,1.0
IND635802AAB,IND562132AAA,FTL,morning,1.6211180124223603,3,194.2684,165.0,1.0
IND635802AAB,IND635601AAB,Carting,night,1.9112042682926829,10,49.869550000000004,41.0,1.0
IND636016AAA,IND636402AAA,Carting,morning,3.813953488372093,1,46.469,43.0,1.0
IND636016AAA,IND637211AAA,Carting,morning,1.488888888888889,15,53.3461,46.0,1.0
IND636102AAA,IND605601AAA,FTL,morning,1.3523809523809525,5,130.5501,105.0,1.0
IND636352AAA,IND636705AAB,FTL,morning,1.7407407407407407,1,29.317400000000003,27.0,1.0
IND636352AAA,IND636705AAB,FTL,afternoon,1.52,4,27.2622,25.0,1.0
IND636705AAB,IND562132AAA,FTL,afternoon,1.8376623376623376,5,151.5052,155.0,1.0
IND636705AAB,IND635001AAA,FTL,afternoon,1.4330612244897958,4,53.146950000000004,50.0,0.75
IND637211AAA,IND636402AAA,Carting,morning,1.459016393442623,14,65.1329,61.0,1.0
IND637211AAA,IND636402AAA,Carting,afternoon,1.3629032258064515,2,66.07095,62.0,1.0
IND637301AAA,IND638001AAA,FTL,morning,1.8529411764705879,10,21.73915,18.0,1.0
IND637408AAA,IND637001AAA,FTL,morning,1.396551724137931,6,34.4436,29.0,1.0
IND637408AAA,IND637001AAA,FTL,afternoon,2.0099469496021225,4,33.72580000000001,28.5,1.0
IND638001AAA,IND638052AAA,FTL,afternoon,2.1666666666666665,3,18.6761,17.0,1.0
IND638401AAA,IND638452AAA,Carting,night,1.02,12,26.667749999999998,25.0,0.3333333333333333
IND638452AAA,IND638501AAB,Carting,night,1.1666666666666667,3,22.7246,24.0,0.3333333333333333
IND638501AAB,IND641062AAD,Carting,night,1.4258447488584474,14,80.1926,75.0,0.7857142857142857
IND638657AAA,IND638701AAA,Carting,night,1.457471264367816,16,31.94735,29.5,1.0
IND638701AAA,IND641607AAA,Carting,night,2.2,17,25.3237,23.0,1.0
IND639001AAA,IND624001AAA,FTL,morning,1.7454545454545454,5,75.3585,55.0,1.0
IND639001AAA,IND624001AAA,FTL,afternoon,1.5545454545454547,4,75.0068,55.0,1.0
IND639104AAB,IND620012AAA,FTL,morning,1.5,1,51.0134,44.0,1.0
IND641001AAA,IND641062AAD,Carting,night,4.333333333333333,3,34.2831,35.0,1.0
IND641006AAD,IND641062AAD,Carting,morning,4.839285714285714,2,26.39985,28.0,1.0
IND641006AAD,IND641062AAD,Carting,afternoon,4.521739130434782,3,26.5995,27.0,1.0
IND641008AAA,IND641001AAA,Carting,night,2.0588235294117645,3,12.6194,12.0,1.0
IND641008AAA,IND641011AAA,Carting,night,2.0588235294117645,1,12.5596,17.0,1.0
IND641011AAA,IND641062AAD,Carting,night,4.105263157894737,9,35.4555,34.0,1.0
IND641062AAD,IND638401AAA,Carting,evening,1.8112320633349825,12,53.81155,43.0,1.0
IND641062AAD,IND641001AAA,Carting,morning,3.888888888888889,3,32.0921,27.0,1.0
IND641062AAD,IND641008AAA,Carting,morning,2.585714285714286,2,37.6824,35.0,1.0
IND641062AAD,IND641607AAA,FTL,afternoon,1.7333333333333334,11,29.9112,30.0,1.0
IND641062AAD,IND641607AAA,FTL,evening,1.6666666666666667,1,29.801,30.0,1.0
IND641062AAD,IND642001AAA,Carting,evening,1.5818181818181818,1,64.0517,55.0,1.0
IND641062AAD,IND642126AAA,Carting,evening,1.4794520547945205,17,71.4911,72.0,0.9411764705882353
IND641062AAD,IND643217AAA,Carting,evening,2.602311643835616,2,70.01915,68.5,1.0
IND641062AAD,IND643231AAA,Carting,evening,2.473684210526316,15,70.3282,60.0,1.0
IND641607AAA,IND641062AAD,FTL,afternoon,2.9065628476084537,20,33.912850000000006,29.0,1.0
IND641607AAA,IND641654AAA,Carting,evening,2.0,11,18.1842,16.0,1.0
IND641607AAA,IND641664AAA,Carting,evening,1.9,4,21.59195,20.0,1.0
IND641654AAA,IND641664AAA,Carting,night,1.44,11,29.409,25.0,1.0
IND641664AAA,IND638657AAA,Carting,night,1.5,15,40.5711,37.0,1.0
IND642001AAA,IND641062AAD,Carting,night,1.5789473684210529,17,64.7177,57.0,1.0
IND642001AAA,IND642126AAA,Carting,night,1.5161290322580645,1,30.5466,31.0,1.0
IND642126AAA,IND642001AAA,Carting,night,1.3870967741935485,17,30.2969,30.0,0.8823529411764706
IND643001AAA,IND643212AAA,Carting,night,2.5,6,49.01245,36.0,1.0
IND643212AAA,IND641062AAD,Carting,night,3.4441441441441443,2,138.74235000000002,110.5,1.0
IND643212AAA,IND641062AAD,Carting,morning,3.1401869158878504,1,134.9326,107.0,1.0
IND643217AAA,IND643001AAA,Carting,night,0.9799919967987196,10,41.390299999999996,49.0,0.1
IND643231AAA,IND643217AAA,Carting,night,1.0689655172413792,11,22.3329,34.0,0.45454545454545453
IND670643AAA,IND673632AAA,Carting,night,1.879120879120879,5,93.509,91.0,1.0
IND670645AAB,IND673592AAA,Carting,night,3.2782397782397785,4,35.8557,37.0,1.0
IND670645AAB,IND673592AAA,Carting,morning,2.5717255717255716,2,36.903800000000004,38.0,1.0
IND671315AAA,IND575004AAB,FTL,night,8.01923076923077,2,80.5539,78.0,1.0
IND671323AAD,IND000000ACO,FTL,night,1.5625,1,29.3602,32.0,1.0
IND673027AAB,IND673104AAA,Carting,evening,5.523076923076923,1,61.9803,65.0,1.0
IND673027AAB,IND673305AAA,Carting,afternoon,8.511627906976743,1,41.2035,43.0,1.0
IND673027AAB,IND673305AAA,Carting,evening,7.585365853658536,1,39.5037,41.0,1.0
IND673104AAA,IND673506AAA,Carting,night,1.7142857142857142,17,15.4347,16.0,0.9411764705882353
IND673121AAA,IND670645AAB,Carting,night,2.207157258064516,8,30.5652,31.5,1.0
IND673305AAA,IND673104AAA,Carting,night,1.2792207792207793,14,20.81545,22.0,0.7142857142857143
IND673506AAA,IND670643AAA,Carting,night,1.4583333333333333,17,21.6196,23.0,1.0
IND673573AAA,IND673592AAA,FTL,night,1.60193019566367,12,59.90395,62.0,1.0
IND673592AAA,IND562132AAA,FTL,night,2.07847533632287,12,285.06345,224.0,1.0
IND673592AAA,IND670645AAB,Carting,night,3.5,1,38.0694,38.0,1.0
IND673592AAA,IND673121AAA,Carting,night,2.0,11,18.16,17.0,1.0
IND673632AAA,IND673104AAA,Carting,evening,1.238095238095238,1,60.3227,63.0,1.0
IND673632AAA,IND673305AAA,Carting,evening,1.1408730158730158,4,37.3946,38.5,0.0
IND673632AAA,IND676306AAA,Carting,evening,1.100250626566416,4,19.907500000000002,20.0,0.25
IND673632AAA,IND683511AAA,FTL,night,1.7303030303030305,6,164.83585,165.0,1.0
IND676306AAA,IND676509AAA,Carting,night,1.4285714285714286,3,20.5067,20.0,1.0
IND676306AAA,IND676509AAA,Carting,evening,2.0,4,19.0698,18.0,1.0
IND676509AAA,IND678583AAA,Carting,night,1.181818181818182,1,33.4675,33.0,0.0
IND676509AAA,IND679322AAA,Carting,night,2.095238095238096,3,21.070400000000003,20.0,1.0
IND678683AAA,IND000000ABD,FTL,night,1.2121212121212122,13,32.2254,34.0,0.5384615384615384
IND679303AAA,IND679531AAA,Carting,night,2.564705882352941,14,16.738100000000003,16.0,1.0
IND679322AAA,IND673639AAA,Carting,night,2.230769230769231,1,39.0028,39.0,1.0
IND679329AAA,IND673639AAA,Carting,night,1.619047619047619,3,22.4575,21.0,1.0
IND679531AAA,IND680587AAA,Carting,night,1.36,15,21.198,24.0,0.9333333333333333
IND680012AAA,IND679303AAA,Carting,night,1.4385964912280702,11,54.9834,56.0,1.0
IND68004AAA,IND678683AAA,FTL,night,2.419590643274854,14,32.89785,37.0,1.0
IND68004AAA,IND683511AAA,Carting,night,2.4423076923076925,1,55.5812,52.0,1.0
IND68004AAA,IND683511AAA,Carting,morning,2.2962962962962963,9,55.2973,51.0,1.0
IND680104AAA,IND679576AAA,FTL,night,1.4705882352941178,17,30.2562,33.0,0.8823529411764706
IND680307AAA,IND680712AAA,Carting,night,1.619047619047619,7,19.3533,20.0,1.0
IND680307AAA,IND683511AAA,Carting,night,1.6666666666666667,5,21.4975,18.0,1.0
IND680587AAA,IND68004AAA,Carting,night,1.8653846153846152,10,42.49605,43.0,1.0
IND680587AAA,IND683511AAA,Carting,night,2.7,4,91.67695,80.0,1.0
IND680712AAA,IND683511AAA,Carting,night,1.6578947368421053,9,41.6721,38.0,1.0
IND683511AAA,IND000000ABA,Carting,afternoon,1.1612903225806452,5,29.0204,30.0,0.4
IND683511AAA,IND000000ABA,Carting,evening,1.1935483870967742,11,28.3181,29.0,0.45454545454545453
IND683511AAA,IND000000ADM,Carting,afternoon,1.76,5,22.5882,25.0,1.0
IND683511AAA,IND000000ADM,Carting,evening,1.4166666666666665,8,21.255499999999998,24.5,0.875
IND683511AAA,IND562132AAA,FTL,morning,2.062069097594607,10,483.47540000000004,426.0,1.0
IND683511AAA,IND680012AAA,Carting,afternoon,1.5272727272727271,5,59.4959,57.0,1.0
IND683511AAA,IND680012AAA,Carting,evening,1.4732057416267943,6,59.0201,56.5,1.0
IND683511AAA,IND68004AAA,FTL,afternoon,1.41875,12,53.586,48.0,1.0
IND683511AAA,IND68004AAA,FTL,evening,1.18,1,54.317800000000005,50.0,0.0
IND683511AAA,IND680104AAA,FTL,afternoon,1.4969135802469136,12,79.79155,80.0,0.9166666666666666
IND683511AAA,IND680104AAA,FTL,evening,1.5429754649163931,4,80.32585,80.5,1.0
IND683511AAA,IND686028AAB,FTL,morning,1.9873417721518989,5,80.1735,79.0,1.0
IND683511AAA,IND686028AAB,FTL,afternoon,1.9375791139240506,2,80.8295,79.5,1.0
IND683565AAA,IND683511AAA,Carting,night,1.894736842105263,13,15.8113,20.0,1.0
IND683572AAA,IND680307AAA,Carting,night,1.8461538461538465,9,13.9758,12.0,0.8888888888888888
IND685514AAA,IND625008AAA,FTL,night,1.5057773109243697,8,151.12824999999998,169.0,1.0
IND685514AAA,IND625008AAA,FTL,morning,1.5823529411764703,1,151.1178,170.0,1.0
IND686028AAB,IND686632AAA,FTL,evening,6.095238095238095,1,21.2599,21.0,1.0
IND686028AAB,IND689101AAA,Carting,evening,1.3675000000000002,16,26.97595,24.5,0.875
IND686507AAA,IND686513AAA,Carting,night,2.375,15,13.0191,9.0,1.0
IND686507AAA,IND686540AAA,Carting,night,1.6538461538461535,1,26.7197,26.0,1.0
IND686513AAA,IND686507AAA,Carting,night,2.8,1,14.0458,10.0,1.0
IND686513AAA,IND686540AAA,Carting,night,2.2285714285714286,8,39.8562,35.0,1.0
IND686540AAA,IND686028AAB,Carting,night,1.9459064327485383,2,19.7342,18.5,1.0
IND686632AAA,IND686141AAA,FTL,night,2.5,1,21.8507,20.0,1.0
IND688009AAA,IND686028AAB,Carting,night,3.6755050505050506,16,45.36175,45.0,1.0
IND688524AAA,IND683511AAA,FTL,night,2.269230769230769,7,54.2155,51.0,1.0
IND689101AAA,IND689650AAA,Carting,night,1.3666666666666667,6,16.116600000000002,15.0,0.6666666666666666
IND689101AAA,IND690548AAA,Carting,night,1.44,4,25.1496,25.0,1.0
IND689503AAB,IND683511AAA,FTL,night,2.25,1,125.4579,120.0,1.0
IND689645AAA,IND691551AAA,Carting,night,1.75,15,26.547,25.0,1.0
IND689650AAA,IND690548AAA,Carting,night,1.6046511627906976,3,41.879,41.0,1.0
IND690537AAA,IND689503AAB,FTL,night,2.071428571428572,1,28.2977,28.0,1.0
IND690548AAA,IND688009AAA,Carting,night,1.21875,15,28.1353,32.0,0.5333333333333333
IND691001AAB,IND683511AAA,FTL,afternoon,1.2142857142857142,3,176.02620000000002,168.0,0.6666666666666666
IND691001AAB,IND683511AAA,FTL,evening,1.3735383206537053,6,175.87345,168.0,1.0
IND691001AAB,IND690573AAA,FTL,evening,1.0810810810810811,1,30.4345,37.0,0.0
IND691001AAB,IND691506AAA,Carting,evening,1.36,21,23.4979,25.0,0.9047619047619048
IND691001AAB,IND695012AAA,FTL,evening,1.34375,1,63.5282,64.0,1.0
IND691305AAA,IND689645AAA,Carting,night,2.269230769230769,15,29.1326,27.0,1.0
IND691305AAA,IND691551AAA,Carting,night,4.0,1,28.8962,27.0,1.0
IND691506AAA,IND691305AAA,Carting,night,1.5278637770897832,20,17.80335,19.0,1.0
IND691551AAA,IND691001AAB,Carting,night,2.431578947368421,20,41.65145,39.5,1.0
IND691574AAA,IND695614AAA,Carting,night,1.55,21,21.6803,20.0,1.0
IND695012AAA,IND691001AAB,FTL,afternoon,1.5384615384615383,11,63.714,65.0,1.0
IND695012AAA,IND691001AAB,FTL,evening,1.7076923076923076,1,63.8785,65.0,1.0
IND695012AAA,IND695101AAB,Carting,night,2.230769230769231,1,28.079,26.0,1.0
IND695012AAA,IND695101AAB,Carting,evening,2.6153846153846154,1,28.4388,26.0,1.0
IND695101AAB,IND691574AAA,Carting,night,1.2583333333333333,20,14.506599999999999,15.0,0.6
IND695101AAB,IND695012AAA,Carting,night,10.73076923076923,1,28.1568,26.0,1.0
IND695121AAA,IND695541AAA,Carting,night,1.6363636363636365,1,30.6281,33.0,1.0
IND695121AAA,IND695572AAB,Carting,night,1.75,17,12.489,13.0,1.0
IND695541AAA,IND695012AAA,Carting,night,3.1333333333333333,1,14.8704,15.0,1.0
IND695541AAA,IND695572AAB,Carting,night,1.318181818181818,1,20.6558,22.0,1.0
IND695572AAB,IND000000AFJ,Carting,night,1.6923076923076923,1,22.0203,26.0,1.0
IND695572AAB,IND695541AAA,Carting,night,1.4761904761904765,13,20.2082,22.0,0.8461538461538461
IND695582AAA,IND691574AAA,Carting,evening,1.6666666666666667,1,35.4313,39.0,1.0
IND695582AAA,IND695101AAB,Carting,night,1.094155844155844,4,19.814349999999997,22.0,0.25
IND695582AAA,IND695101AAB,Carting,evening,1.173913043478261,15,19.4406,22.0,0.3333333333333333
IND695609AAA,IND695012AAA,Carting,night,2.076923076923077,3,34.433800000000005,39.0,1.0
IND695614AAA,IND695609AAA,Carting,night,1.3157894736842106,3,15.3016,19.0,1.0
IND700026AAC,IND700065AAA,Carting,morning,2.0,1,13.6097,19.0,1.0
IND700026AAC,IND700065AAA,Carting,evening,1.1904761904761905,1,14.7162,21.0,0.0
IND700026AAC,IND712311AAA,Carting,night,4.013888888888889,2,33.60485,36.0,1.0
IND700026AAC,IND712311AAA,Carting,morning,6.46939586645469,2,34.17,35.5,1.0
IND700028AAB,IND712311AAA,Carting,night,2.9411764705882355,7,22.4491,18.0,1.0
IND700028AAB,IND712311AAA,Carting,morning,5.277777777777778,3,22.7545,18.0,1.0
IND700028AAB,IND712311AAA,Carting,evening,23.63157894736842,1,23.412,19.0,1.0
IND700053AAA,IND700144AAA,FTL,night,3.4943100995732577,2,29.4213,37.5,1.0
IND700053AAA,IND700144AAA,FTL,evening,2.236842105263158,3,29.3944,38.0,1.0
IND700053AAA,IND712311AAA,Carting,morning,6.586206896551724,3,29.2015,29.0,1.0
IND700053AAA,IND712311AAA,Carting,afternoon,9.689655172413794,2,28.8306,29.0,1.0
IND700053AAA,IND712311AAA,Carting,evening,2.0,1,29.6407,30.0,1.0
IND700053AAA,IND743513AAA,Carting,evening,3.0,4,31.329950000000004,27.0,1.0
IND700065AAA,IND700026AAC,Carting,evening,2.1873065015479876,2,12.34675,18.0,1.0
IND700065AAA,IND712311AAA,Carting,night,2.5857142857142863,8,21.05975,20.5,1.0
IND700065AAA,IND712311AAA,Carting,morning,3.9782608695652173,8,21.899250000000002,21.5,1.0
IND700065AAA,IND712311AAA,Carting,afternoon,4.833333333333334,2,21.361449999999998,21.0,1.0
IND700065AAA,IND712311AAA,Carting,evening,2.5995670995671,6,22.23375,22.0,1.0
IND700065AAB,IND712310AAA,Carting,afternoon,5.416666666666667,15,22.3084,22.0,1.0
IND700088AAA,IND712311AAA,Carting,afternoon,3.607142857142857,3,29.6182,29.0,1.0
IND700088AAA,IND712311AAA,Carting,evening,3.103448275862069,6,29.5013,29.0,1.0
IND700136AAB,IND712311AAA,Carting,afternoon,5.535714285714286,1,29.8727,28.0,1.0
IND700136AAG,IND712310AAA,Carting,afternoon,4.238888888888889,22,23.6114,20.0,1.0
IND700136AAG,IND712310AAA,Carting,evening,4.2631578947368425,1,23.3686,19.0,1.0
IND700144AAA,IND743395AAA,FTL,night,3.047619047619048,4,22.008850000000002,20.0,1.0
IND711303AAA,IND721134AAB,Carting,night,0.8333333333333334,17,44.986,37.0,0.11764705882352941
IND712103AAA,IND712124AAA,Carting,morning,2.363636363636364,1,11.4154,11.0,1.0
IND712103AAA,IND712310AAE,Carting,night,3.066666666666667,13,31.2773,30.0,1.0
IND712103AAA,IND712310AAE,Carting,morning,3.7666666666666666,10,31.0324,29.5,1.0
IND712124AAA,IND712103AAA,Carting,night,2.727272727272727,14,11.84805,11.0,1.0
IND712124AAA,IND712103AAA,Carting,morning,2.9545454545454546,10,11.3369,11.0,1.0
IND712124AAA,IND712103AAA,Carting,afternoon,2.8,1,10.7959,10.0,1.0
IND712124AAA,IND712310AAE,Carting,night,8.578947368421053,1,19.0162,19.0,1.0
IND712124AAA,IND712310AAE,Carting,morning,4.370629370629371,2,17.44195,17.5,1.0
IND712310AAE,IND711303AAA,Carting,evening,2.402439024390244,18,54.09055,40.0,1.0
IND712310AAE,IND711409AAA,Carting,night,1.1875,1,19.579,16.0,0.0
IND712310AAE,IND712103AAA,Carting,night,3.533333333333333,1,31.1943,30.0,1.0
IND712310AAE,IND712124AAA,Carting,night,3.7777777777777777,21,19.1571,19.0,1.0
IND712310AAE,IND712124AAA,Carting,morning,3.1578947368421053,2,19.010150000000003,19.0,1.0
IND712310AAE,IND712124AAA,Carting,evening,4.0,7,19.135900000000003,19.0,1.0
IND712311AAA,IND000000ACB,FTL,afternoon,1.8842504743833015,11,1435.1908999999998,1054.0,1.0
IND712311AAA,IND421302AAG,FTL,night,2.282835820895522,3,1884.2165,1342.0,1.0
IND712311AAA,IND421302AAG,FTL,evening,2.4077156202802588,2,1884.1129500000002,1341.5,1.0
IND712311AAA,IND700026AAC,Carting,night,2.9411764705882355,11,33.5897,35.0,1.0
IND712311AAA,IND700026AAC,Carting,afternoon,2.333333333333333,9,33.6686,36.0,1.0
IND712311AAA,IND700026AAC,Carting,evening,2.117647058823529,9,33.6401,36.0,1.0
IND712311AAA,IND700028AAB,Carting,night,3.0789473684210527,6,18.75775,18.5,1.0
IND712311AAA,IND700028AAB,Carting,afternoon,6.947368421052632,1,18.9007,19.0,1.0
IND712311AAA,IND700028AAB,Carting,evening,4.226006191950464,16,19.033050000000003,19.0,1.0
IND712311AAA,IND700053AAA,Carting,night,2.7666666666666666,8,29.365099999999998,30.0,1.0
IND712311AAA,IND700053AAA,Carting,afternoon,5.966666666666667,1,30.8463,30.0,1.0
IND712311AAA,IND700053AAA,Carting,evening,3.203817733990148,6,29.19895,29.0,1.0
IND712311AAA,IND700065AAA,Carting,night,3.272727272727273,8,21.21875,22.0,1.0
IND712311AAA,IND700065AAA,Carting,afternoon,5.458498023715415,8,21.284350000000003,22.0,1.0
IND712311AAA,IND700065AAA,Carting,evening,3.2857142857142856,13,21.1087,22.0,1.0
IND712311AAA,IND700088AAA,Carting,night,4.137931034482759,3,28.8253,29.0,1.0
IND712311AAA,IND700088AAA,Carting,morning,3.362068965517241,6,29.271500000000003,29.0,1.0
IND712311AAA,IND700088AAA,Carting,afternoon,4.103448275862069,10,29.33275,29.5,1.0
IND712311AAA,IND700088AAA,Carting,evening,3.3793103448275863,11,29.3387,30.0,1.0
IND712311AAA,IND712410AAC,FTL,night,5.25,9,44.0195,38.0,1.0
IND712311AAA,IND713103AAA,FTL,afternoon,2.1293103448275863,4,81.35305,58.5,1.0
IND712311AAA,IND713103AAA,FTL,evening,2.296610169491525,2,83.4653,59.0,1.0
IND712311AAA,IND713145AAB,FTL,evening,2.1666666666666665,3,90.912,72.0,1.0
IND712311AAA,IND713205AAB,FTL,morning,2.123809523809524,1,148.2102,105.0,1.0
IND712311AAA,IND713205AAB,FTL,afternoon,1.933917340521114,6,148.8432,105.5,1.0
IND712311AAA,IND713205AAB,FTL,evening,2.1333333333333333,5,148.6536,105.0,1.0
IND712311AAA,IND721306AAA,FTL,afternoon,2.0394098233352747,8,130.64339999999999,101.0,1.0
IND712311AAA,IND721306AAA,FTL,evening,2.103377984857309,6,130.6646,101.0,1.0
IND712311AAA,IND732103AAB,FTL,night,3.0651162790697675,1,303.1576,215.0,1.0
IND712311AAA,IND732103AAB,FTL,morning,2.733021102497847,2,304.41814999999997,215.5,1.0
IND712311AAA,IND742101AAC,FTL,morning,2.9466398799010953,8,211.84115,152.5,1.0
IND712311AAA,IND742102AAB,FTL,morning,3.2337662337662336,3,211.7647,153.0,1.0
IND712311AAA,IND743235AAA,FTL,evening,2.586206896551724,5,79.817,57.0,1.0
IND712311AAA,IND751002AAB,FTL,night,1.9096774193548387,16,433.5549,310.0,1.0
IND712311AAA,IND751002AAB,FTL,evening,2.2492012779552715,11,435.9028,313.0,1.0
IND712311AAA,IND781018AAB,FTL,night,3.087644598113288,6,953.3620000000001,686.0,1.0
IND712311AAA,IND781018AAB,FTL,evening,3.466618287373004,2,955.1557,689.0,1.0
IND712311AAA,IND821115AAB,FTL,night,1.6878048780487804,1,564.3462,410.0,1.0
IND712311AAA,IND826004AAA,FTL,night,1.7840909090909092,7,249.7493,176.0,1.0
IND712311AAA,IND834002AAB,FTL,afternoon,2.1779359430604983,1,393.7708,281.0,1.0
IND712311AAA,IND834002AAB,FTL,evening,2.3553297873697367,12,395.2602,283.0,1.0
IND712406AAA,IND712602AAA,FTL,morning,2.3225806451612905,3,30.8105,31.0,1.0
IND712406AAA,IND712612AAA,FTL,morning,2.577777777777778,1,43.541,45.0,1.0
IND712410AAC,IND712406AAA,FTL,morning,1.6375338753387534,6,37.1378,41.0,0.6666666666666666
IND712602AAA,IND712311AAA,FTL,afternoon,5.206896551724138,1,61.4109,58.0,1.0
IND712602AAA,IND722154AAA,FTL,morning,3.5,2,26.46225,24.0,1.0
IND712612AAA,IND722154AAA,FTL,morning,1.6842105263157894,3,19.7134,19.0,1.0
IND713103AAA,IND713205AAB,FTL,night,1.9361702127659572,1,66.086,47.0,1.0
IND713103AAA,IND713205AAB,FTL,evening,2.07843137254902,3,70.0435,51.0,1.0
IND713128AAB,IND731204AAB,FTL,night,3.8333333333333335,8,24.919249999999998,18.0,1.0
IND713128AAB,IND731204AAB,FTL,morning,2.8,5,25.2632,18.0,1.0
IND713128AAB,IND731301AAA,FTL,night,4.385714285714286,2,40.57755,35.0,1.0
IND713128AAB,IND731301AAA,FTL,morning,3.611111111111111,1,41.1667,36.0,1.0
IND713130AAA,IND741123AAB,Carting,night,2.1640625,8,73.2379,64.0,1.0
IND713130AAA,IND741123AAB,Carting,evening,2.03125,9,73.1161,64.0,1.0
IND713130AAA,IND741126AAB,Carting,night,3.6666666666666665,1,81.7059,69.0,1.0
IND713145AAB,IND741101AAB,FTL,night,2.088235294117647,1,37.7374,34.0,1.0
IND713145AAB,IND741316AAA,FTL,night,1.591485507246377,2,25.98685,23.5,1.0
IND713148AAA,IND713128AAB,FTL,night,2.6527777777777777,16,41.038700000000006,35.0,1.0
IND713148AAA,IND713128AAB,FTL,morning,2.628571428571429,1,40.5476,35.0,1.0
IND713205AAB,IND712311AAA,FTL,night,1.7692307692307692,1,148.0019,104.0,1.0
IND713205AAB,IND712311AAA,FTL,afternoon,7.622641509433962,11,148.6113,105.0,1.0
IND713205AAB,IND713148AAA,FTL,night,4.444444444444445,3,22.3882,18.0,1.0
IND713205AAB,IND713303AAA,FTL,night,2.6538461538461537,5,36.3498,27.0,1.0
IND713205AAB,IND722101AAA,Carting,night,2.2127659574468086,1,47.2586,47.0,1.0
IND713205AAB,IND722101AAA,Carting,evening,3.306122448979592,1,51.1261,49.0,1.0
IND713205AAB,IND722101AAB,Carting,night,5.62,1,52.231300000000005,50.0,1.0
IND713205AAB,IND722101AAC,Carting,night,2.7745098039215685,4,53.3044,51.0,1.0
IND713205AAB,IND722101AAC,Carting,evening,1.6122448979591837,1,49.6259,49.0,1.0
IND713205AAB,IND722122AAA,Carting,night,2.557142857142857,1,80.4067,70.0,1.0
IND713205AAB,IND722143AAB,FTL,night,3.84,7,32.4446,25.0,1.0
IND713205AAB,IND722143AAB,FTL,evening,2.9904347826086957,2,32.220299999999995,24.0,1.0
IND713205AAB,IND722202AAA,Carting,night,3.1527777777777777,4,17.4869,18.5,1.0
IND713205AAB,IND723130AAA,FTL,night,2.3294117647058825,1,99.7735,85.0,1.0
IND713205AAB,IND723130AAA,FTL,evening,4.303370786516854,1,104.0542,89.0,1.0
IND713205AAB,IND723133AAA,FTL,evening,2.591549295774648,1,82.39,71.0,1.0
IND713303AAA,IND713364AAB,FTL,night,4.0,5,23.3792,18.0,1.0
IND713303AAA,IND713364AAB,FTL,morning,4.611111111111111,1,23.2859,18.0,1.0
IND713364AAB,IND712311AAA,FTL,night,4.832214765100671,9,207.3223,146.0,1.0
IND713364AAB,IND712311AAA,FTL,morning,1.86986301369863,3,207.6364,146.0,1.0
IND721102AAA,IND712311AAA,FTL,night,8.073655913978495,12,125.3044,92.0,1.0
IND721102AAA,IND712311AAA,FTL,afternoon,3.193548387096774,1,126.0473,93.0,1.0
IND721133AAA,IND721434AAB,FTL,night,2.9147633234028465,2,55.6613,55.0,1.0
IND721134AAB,IND712310AAE,Carting,night,2.9074074074074074,1,68.92110000000001,54.0,1.0
IND721134AAB,IND721139AAC,Carting,night,1.6125,16,18.41035,16.0,0.875
IND721139AAC,IND721602AAB,Carting,night,2.827966101694915,2,70.58865,59.5,1.0
IND721139AAC,IND721636AAB,Carting,night,2.857142857142857,1,43.314800000000005,35.0,1.0
IND721212AAA,IND712310AAE,Carting,night,2.326666666666666,10,100.27135,78.0,1.0
IND721253AAC,IND721306AAA,FTL,morning,2.238095238095238,9,51.9279,42.0,1.0
IND721253AAC,IND721306AAA,FTL,afternoon,2.7904761904761903,2,53.877700000000004,43.5,1.0
IND721253AAC,IND721501AAC,FTL,morning,1.7849462365591398,1,101.1111,93.0,1.0
IND721306AAA,IND721102AAA,FTL,night,1.9444444444444444,4,19.027,18.0,1.0
IND721306AAA,IND721102AAA,FTL,morning,5.222222222222222,1,17.7645,18.0,1.0
IND721306AAA,IND721133AAA,FTL,night,2.167763157894737,2,19.788800000000002,17.5,1.0
IND721306AAA,IND721253AAC,FTL,night,3.238095238095238,1,52.998,42.0,1.0
IND721306AAA,IND721507AAA,FTL,night,2.4893617021276597,12,50.5007,43.5,1.0
IND721306AAA,IND721507AAA,FTL,morning,1.9090909090909087,1,50.4425,44.0,1.0
IND721401AAA,IND721306AAA,FTL,morning,1.9301957831325303,2,88.13534999999999,81.5,1.0
IND721434AAB,IND721401AAA,FTL,morning,2.4699999999999998,2,49.69545,50.0,1.0
IND721501AAC,IND721253AAC,FTL,morning,1.8853917821309125,6,100.69075000000001,92.5,1.0
IND721501AAC,IND721306AAA,FTL,morning,1.9090909090909087,1,98.5015,88.0,1.0
IND721602AAB,IND721139AAC,Carting,morning,1.8271505376344086,4,70.1466,60.0,1.0
IND721636AAB,IND721602AAB,Carting,night,1.875,1,27.116,24.0,1.0
IND721636AAB,IND721602AAB,Carting,morning,1.5646551724137931,2,30.52565,28.5,1.0
IND722101AAA,IND722122AAA,Carting,night,1.8130434782608695,6,31.4585,22.0,1.0
IND722101AAA,IND722122AAA,Carting,morning,2.0722222222222224,2,30.51475,21.5,1.0
IND722101AAB,IND713205AAB,Carting,night,1.5555555555555556,1,50.6013,45.0,1.0
IND722122AAA,IND713205AAB,Carting,night,2.085714285714286,1,85.5741,70.0,1.0
IND722122AAA,IND713205AAB,Carting,morning,1.8857142857142857,7,85.67460000000001,70.0,1.0
IND722140AAA,IND722151AAA,FTL,night,0.9545454545454546,1,46.4407,44.0,0.0
IND722140AAA,IND722151AAA,FTL,morning,0.9302325581395348,5,46.0941,43.0,0.2
IND722140AAA,IND722151AAA,FTL,afternoon,1.068181818181818,3,46.1753,43.0,0.3333333333333333
IND722140AAA,IND723130AAA,FTL,morning,19.130434782608692,1,77.2476,69.0,1.0
IND722143AAB,IND723133AAA,FTL,night,1.3997599039615847,10,45.16095,52.0,1.0
IND722151AAA,IND723130AAA,FTL,night,1.536231884057971,1,87.74810000000001,69.0,1.0
IND722151AAA,IND723130AAA,FTL,morning,16.359937888198758,4,89.67385,70.0,1.0
IND722151AAA,IND723130AAA,FTL,afternoon,13.457142857142856,3,89.5693,70.0,1.0
IND722154AAA,IND712311AAA,FTL,morning,5.162790697674419,1,93.142,86.0,1.0
IND722154AAA,IND712602AAA,FTL,morning,2.071428571428572,1,31.1137,28.0,1.0
IND722202AAA,IND713205AAB,Carting,night,2.7058823529411766,1,20.1729,17.0,1.0
IND722202AAA,IND722101AAC,Carting,night,1.5091954022988505,4,32.539,29.0,1.0
IND723101AAA,IND723202AAA,FTL,night,1.9230769230769231,1,46.530800000000006,39.0,1.0
IND723101AAA,IND723202AAA,FTL,morning,1.7435897435897436,13,46.325,39.0,1.0
IND723130AAA,IND723101AAA,FTL,night,1.7142857142857142,2,30.4528,21.0,1.0
IND723130AAA,IND723101AAA,FTL,morning,2.619047619047619,13,30.639,21.0,1.0
IND723130AAA,IND723131AAA,FTL,night,0.8958333333333334,1,32.8813,48.0,0.0
IND723130AAA,IND723131AAA,FTL,morning,1.12,5,34.073699999999995,49.0,0.4
IND723131AAA,IND722140AAA,FTL,night,1.2903225806451613,1,33.6006,31.0,1.0
IND723131AAA,IND722140AAA,FTL,morning,1.34375,11,33.7176,31.0,0.8181818181818182
IND723133AAA,IND723130AAA,FTL,night,1.1704545454545456,8,30.224600000000002,44.0,0.375
IND723133AAA,IND723130AAA,FTL,morning,1.7954545454545454,5,31.0401,45.0,1.0
IND723202AAA,IND713205AAB,FTL,night,1.7534246575342465,1,182.8828,146.0,1.0
IND723202AAA,IND713205AAB,FTL,morning,2.29514742014742,12,195.5828,144.5,1.0
IND723202AAA,IND713205AAB,FTL,afternoon,1.7986111111111112,1,195.2387,144.0,1.0
IND731204AAB,IND731301AAA,FTL,night,1.619047619047619,1,19.0649,21.0,1.0
IND731204AAB,IND731301AAA,FTL,morning,2.5,12,19.04365,21.0,1.0
IND731224AAA,IND742147AAA,Carting,night,2.221774193548387,10,28.87925,31.0,1.0
IND731224AAA,IND742147AAA,Carting,evening,2.4375,1,29.443900000000003,32.0,1.0
IND731237AAB,IND731224AAA,Carting,night,3.0,5,28.1994,20.0,1.0
IND731237AAB,IND731224AAA,Carting,evening,3.0842105263157893,10,28.035899999999998,20.0,1.0
IND731301AAA,IND713205AAB,FTL,night,2.157142857142857,3,76.1497,70.0,1.0
IND731301AAA,IND713205AAB,FTL,morning,1.8428571428571427,15,76.6392,71.0,1.0
IND731301AAA,IND713205AAB,FTL,afternoon,1.943661971830986,1,76.5807,71.0,1.0
IND732103AAA,IND732138AAA,FTL,night,2.8513513513513518,2,40.13805000000001,37.0,1.0
IND732103AAB,IND732123AAC,Carting,morning,4.015384615384615,1,59.7155,65.0,1.0
IND732103AAB,IND732202AAA,Carting,night,3.7777777777777777,3,23.9596,18.0,1.0
IND732103AAB,IND732202AAA,Carting,evening,4.111111111111111,5,23.5353,18.0,1.0
IND732103AAB,IND733128AAA,Carting,evening,2.282608695652174,6,62.049350000000004,46.0,1.0
IND732123AAC,IND732139AAA,Carting,night,1.3529411764705883,1,11.7622,17.0,1.0
IND732138AAA,IND733102AAA,FTL,night,1.564516129032258,1,59.7106,62.0,1.0
IND732138AAA,IND733102AAA,FTL,morning,2.555555555555556,1,60.6165,63.0,1.0
IND732138AAA,IND733124AAA,Carting,night,2.0727124183006533,2,40.094800000000006,35.0,1.0
IND732138AAA,IND733124AAA,FTL,night,1.805555555555556,1,41.3573,36.0,1.0
IND732138AAA,IND733140AAA,Carting,night,2.500598086124402,2,48.24595,41.0,1.0
IND732139AAA,IND732103AAB,Carting,night,5.346938775510204,1,48.7287,49.0,1.0
IND732139AAA,IND732123AAC,Carting,night,1.3157894736842106,1,12.792,19.0,1.0
IND732202AAA,IND732204AAB,Carting,night,3.0,10,20.4292,15.0,1.0
IND732202AAA,IND732204AAB,Carting,morning,2.6,1,20.5331,15.0,1.0
IND732204AAB,IND732123AAC,Carting,night,1.9086509376890501,2,50.2299,57.5,1.0
IND732204AAB,IND732139AAA,Carting,night,0.6323787258912916,6,40.521,58.0,0.0
IND733102AAA,IND732103AAB,Carting,night,3.075,1,108.6367,80.0,1.0
IND733128AAA,IND733129AAB,Carting,night,2.479432624113475,2,53.3454,46.0,1.0
IND733128AAA,IND733134AAA,Carting,night,1.809523809523809,5,26.6655,21.0,1.0
IND733129AAA,IND732103AAB,Carting,night,4.558139534883721,3,60.451800000000006,43.0,1.0
IND733129AAA,IND732103AAB,Carting,morning,2.976744186046512,1,60.4425,43.0,1.0
IND733129AAB,IND733129AAA,Carting,night,1.8608058608058609,4,24.39285,22.0,1.0
IND733129AAB,IND733129AAA,Carting,morning,2.0,1,24.9562,23.0,1.0
IND733134AAA,IND733129AAB,Carting,night,1.4782608695652173,3,23.596400000000003,23.0,1.0
IND733140AAA,IND732103AAA,FTL,afternoon,2.8545454545454545,1,77.8815,55.0,1.0
IND733140AAA,IND733102AAA,Carting,night,1.8113043478260868,8,33.5235,24.5,1.0
IND733140AAA,IND733102AAA,FTL,night,1.5,1,33.0799,24.0,1.0
IND733201AAA,IND733202AAB,FTL,morning,2.0,1,59.9294,42.0,1.0
IND733202AAB,IND733210AAA,FTL,morning,1.3225806451612905,1,30.623,31.0,1.0
IND733202AAC,IND733210AAA,FTL,morning,2.1538461538461537,1,25.6387,26.0,1.0
IND734214AAB,IND000000AFF,FTL,morning,3.1794871794871797,3,40.4697,36.0,1.0
IND735224AAA,IND736146AAA,FTL,morning,1.5091185410334347,8,57.6228,48.5,1.0
IND736135AAA,IND736101AAA,FTL,morning,2.130434782608696,5,22.625,23.0,1.0
IND736135AAA,IND736101AAA,FTL,afternoon,1.92,1,23.063,25.0,1.0
IND736135AAA,IND736165AAA,FTL,morning,2.5526315789473686,5,38.8109,37.0,1.0
IND736146AAA,IND736135AAA,FTL,morning,1.6315789473684212,8,52.1802,57.0,1.0
IND741101AAB,IND741502AAB,FTL,night,2.6666666666666665,1,16.773400000000002,12.0,1.0
IND741121AAA,IND741201AAC,FTL,night,2.789473684210526,1,20.7476,19.0,1.0
IND741123AAB,IND741126AAB,Carting,night,2.4157196969696972,18,43.6723,32.0,1.0
IND741126AAB,IND741156AAA,Carting,night,2.627450980392157,16,23.83095,17.0,1.0
IND741126AAB,IND741156AAA,Carting,morning,2.176470588235294,4,23.868850000000002,16.5,1.0
IND741156AAA,IND742101AAC,Carting,night,2.8125,7,44.2555,32.0,1.0
IND741156AAA,IND742101AAC,Carting,morning,2.064516129032258,1,43.438,31.0,1.0
IND741156AAA,IND742102AAB,Carting,night,3.647058823529412,7,45.2127,33.0,1.0
IND741156AAA,IND742102AAB,Carting,morning,2.954545454545454,6,45.213950000000004,33.0,1.0
IND741165AAB,IND742121AAB,Carting,night,1.391304347826087,15,81.4277,69.0,0.9333333333333333
IND741201AAC,IND712311AAA,FTL,night,15.807017543859647,3,80.2476,57.0,1.0
IND741201AAC,IND712311AAA,FTL,morning,14.298245614035087,1,79.70410000000001,57.0,1.0
IND742101AAC,IND712311AAA,FTL,afternoon,2.919254658385093,7,218.2368,160.0,1.0
IND742101AAC,IND713130AAA,Carting,evening,1.684782608695652,3,96.0117,92.0,1.0
IND742101AAC,IND731237AAB,Carting,evening,2.6333333333333333,7,42.0135,30.0,1.0
IND742101AAC,IND741123AAB,Carting,evening,4.375,1,109.6979,80.0,1.0
IND742101AAC,IND742202AAA,FTL,afternoon,2.566666666666667,1,83.81660000000001,60.0,1.0
IND742101AAC,IND742303AAB,Carting,evening,2.5,7,38.274,29.0,1.0
IND742102AAB,IND712311AAA,FTL,afternoon,2.61875,3,218.6457,160.0,1.0
IND742102AAB,IND712311AAA,FTL,evening,2.38125,1,219.101,160.0,1.0
IND742102AAB,IND713130AAA,Carting,evening,2.010752688172043,13,96.5407,93.0,1.0
IND742102AAB,IND731237AAB,Carting,evening,2.838709677419355,11,42.2272,30.0,1.0
IND742102AAB,IND742121AAB,Carting,evening,10.243243243243244,1,41.0415,37.0,1.0
IND742102AAB,IND742303AAB,Carting,evening,2.1071428571428577,12,38.11835,28.5,1.0
IND742121AAA,IND742101AAC,Carting,night,3.6818181818181817,6,25.135550000000002,22.0,1.0
IND742121AAA,IND742102AAB,Carting,night,3.727272727272727,11,25.3586,22.0,1.0
IND742121AAA,IND742102AAB,Carting,morning,4.181818181818182,1,25.6944,22.0,1.0
IND742121AAB,IND742101AAC,Carting,night,3.388888888888889,1,40.9957,36.0,1.0
IND742121AAB,IND742121AAA,Carting,night,3.1538461538461537,16,14.441849999999999,13.0,1.0
IND742137AAA,IND742401AAA,Carting,night,2.3089743589743588,6,26.84795,29.5,1.0
IND742147AAA,IND742137AAA,Carting,night,1.8333333333333333,3,15.5169,18.0,1.0
IND742148AAA,IND742225AAA,Carting,night,3.25,12,20.64985,14.0,1.0
IND742148AAA,IND742225AAA,Carting,evening,5.314285714285715,4,21.52745,14.5,1.0
IND742149AAA,IND742148AAA,Carting,night,2.8095238095238093,1,28.1734,21.0,1.0
IND742149AAA,IND742148AAA,Carting,evening,2.833333333333333,13,29.9207,22.0,1.0
IND742149AAA,IND742225AAA,Carting,evening,4.1,1,54.9441,40.0,1.0
IND742202AAA,IND712311AAA,FTL,night,2.9034383777277077,2,253.411,180.0,1.0
IND742202AAA,IND732103AAA,FTL,evening,4.722222222222222,1,51.1885,36.0,1.0
IND742223AAA,IND742226AAA,Carting,night,1.5169191919191918,16,46.1197,44.5,1.0
IND742223AAA,IND742226AAA,Carting,morning,1.5909090909090908,1,45.9506,44.0,1.0
IND742225AAA,IND742223AAA,Carting,night,4.611111111111111,16,13.9083,9.0,1.0
IND742226AAA,IND742101AAC,Carting,night,2.0945945945945947,6,33.30995,36.5,1.0
IND742226AAA,IND742102AAB,Carting,night,2.027027027027027,11,33.2894,36.0,1.0
IND742226AAA,IND742102AAB,Carting,morning,3.0448717948717947,2,33.628299999999996,37.5,1.0
IND742303AAB,IND741165AAB,Carting,night,3.3341216216216214,2,54.66775,38.5,1.0
IND742303AAB,IND741165AAB,Carting,evening,3.065433854907539,16,53.0193,37.0,1.0
IND742401AAA,IND742101AAC,Carting,night,3.067796610169492,5,59.2229,66.0,1.0
IND742401AAA,IND742102AAB,Carting,night,3.0151515151515156,10,59.0667,66.0,1.0
IND742401AAA,IND742102AAB,Carting,morning,4.355350378787879,2,58.111599999999996,65.0,1.0
IND743235AAA,IND743270AAA,FTL,night,2.1,6,18.13735,17.5,1.0
IND743270AAA,IND712311AAA,FTL,night,15.35135135135135,5,98.5604,73.0,1.0
IND743347AAA,IND700053AAA,Carting,night,3.6583638583638582,6,83.87065,63.5,1.0
IND743395AAA,IND700053AAA,FTL,night,3.2363636363636363,3,55.6592,55.0,1.0
IND743395AAA,IND700053AAA,FTL,morning,5.836363636363636,1,55.1683,55.0,1.0
IND743513AAA,IND743347AAA,Carting,night,2.1686507936507935,12,52.1252,36.0,1.0
IND751002AAB,IND530012AAA,FTL,morning,1.693939393939394,7,453.9089,332.0,1.0
IND751002AAB,IND530012AAA,FTL,afternoon,1.6371681415929205,3,454.4973,332.0,1.0
IND751002AAB,IND562132AAA,FTL,afternoon,2.3115530303030303,9,1423.1406000000002,1058.0,1.0
IND751002AAB,IND562132AAA,FTL,evening,2.1440341228572803,4,1423.28705,1057.5,1.0
IND751002AAB,IND712311AAA,FTL,night,1.9285714285714288,7,433.5605,322.0,1.0
IND751002AAB,IND712311AAA,FTL,morning,2.0713276157144778,14,433.60485,322.0,1.0
IND751002AAB,IND712311AAA,FTL,afternoon,1.7934782608695652,4,433.21335,322.5,1.0
IND751002AAB,IND754103AAA,FTL,afternoon,10.121951219512194,7,58.5252,42.0,1.0
IND751002AAB,IND756100AAC,FTL,night,1.8296703296703294,12,123.18665,87.0,1.0
IND751002AAB,IND760003AAB,FTL,morning,2.030075187969925,12,181.1402,135.0,1.0
IND751014AAA,IND751002AAB,Carting,morning,2.642857142857143,4,10.69915,7.0,1.0
IND751015AAA,IND751002AAB,Carting,morning,2.0,4,10.178149999999999,7.0,1.0
IND751015AAA,IND752050AAA,Carting,night,1.6363636363636365,1,15.095,11.0,1.0
IND751015AAA,IND752055AAA,Carting,night,1.9347826086956523,2,26.3951,22.5,1.0
IND751015AAA,IND752056AAA,Carting,night,1.9572192513368982,6,25.29655,17.5,1.0
IND752030AAA,IND754022AAA,FTL,night,1.681818181818182,1,25.5137,22.0,1.0
IND752050AAA,IND751002AAB,Carting,night,2.176190476190476,2,29.30995,20.5,1.0
IND752050AAA,IND752056AAA,Carting,night,2.333333333333333,1,9.6907,6.0,1.0
IND752055AAA,IND751002AAB,Carting,night,1.9230769230769231,1,35.7081,26.0,1.0
IND752055AAA,IND752050AAA,Carting,night,1.0,1,19.4503,16.0,0.0
IND752056AAA,IND751002AAB,Carting,night,1.894736842105263,1,27.2786,19.0,1.0
IND754022AAA,IND751002AAB,FTL,night,2.2413273001508296,2,69.20005,51.5,1.0
IND754103AAA,IND754142AAA,FTL,evening,2.185185185185185,1,57.1658,54.0,1.0
IND754142AAA,IND754211AAA,FTL,night,2.9696296296296296,2,37.515950000000004,26.0,1.0
IND754160AAA,IND754142AAA,FTL,night,2.0,1,30.898,28.0,1.0
IND754202AAA,IND751002AAB,FTL,morning,3.2580645161290325,1,38.6596,31.0,1.0
IND754211AAA,IND754202AAA,FTL,night,2.606060606060606,1,36.1261,33.0,1.0
IND756019AAA,IND756032AAA,FTL,morning,1.5277777777777777,1,51.325300000000006,36.0,1.0
IND756019AAA,IND757001AAA,FTL,morning,2.608695652173913,1,65.5301,46.0,1.0
IND756019AAA,IND757025AAA,FTL,morning,2.333333333333333,3,27.0131,19.0,1.0
IND756019AAA,IND757025AAA,FTL,afternoon,2.0,5,27.5732,20.0,1.0
IND756019AAA,IND757041AAA,FTL,morning,1.140625,1,61.327,64.0,0.0
IND756029AAA,IND712311AAA,FTL,afternoon,1.8026315789473684,1,211.2056,152.0,1.0
IND756032AAA,IND712311AAA,FTL,afternoon,2.375,9,189.0949,137.0,1.0
IND756100AAC,IND756045AAB,FTL,morning,1.162790697674419,1,42.6292,43.0,0.0
IND756100AAC,IND757037AAA,FTL,evening,1.6638655462184877,1,165.5648,119.0,1.0
IND756100AAC,IND758001AAA,FTL,afternoon,3.9521739130434783,2,158.5353,115.0,1.0
IND756100AAC,IND758001AAA,FTL,evening,2.4418076441102756,2,156.3184,113.0,1.0
IND756100AAC,IND758034AAA,FTL,afternoon,3.7080745341614905,5,222.8385,160.0,1.0
IND756100AAC,IND758034AAA,FTL,evening,2.1656250000000004,8,222.8801,162.0,1.0
IND757001AAA,IND757041AAA,FTL,night,1.9199363732767762,2,46.4456,43.5,1.0
IND757024AAA,IND756019AAA,FTL,night,2.677419354838709,1,82.7979,62.0,1.0
IND757025AAA,IND757001AAA,FTL,night,2.088888888888889,6,25.09635,17.0,1.0
IND757037AAA,IND756100AAC,FTL,night,2.8618552294100885,8,167.30700000000002,120.0,1.0
IND757037AAA,IND756100AAC,FTL,morning,2.3914240185426623,4,166.94504999999998,119.5,1.0
IND757037AAA,IND758001AAA,FTL,evening,1.880952380952381,1,53.2173,42.0,1.0
IND757041AAA,IND756019AAA,FTL,night,1.5918367346938775,3,44.3792,49.0,1.0
IND757041AAA,IND756019AAA,FTL,evening,1.6,1,44.938300000000005,50.0,1.0
IND757041AAA,IND757001AAA,FTL,night,1.761904761904762,1,44.9652,42.0,1.0
IND758001AAA,IND757037AAA,FTL,night,2.0,3,54.2271,43.0,1.0
IND758001AAA,IND758035AAA,FTL,night,2.076923076923077,3,72.2535,52.0,1.0
IND758034AAA,IND756100AAC,FTL,night,2.0552147239263805,1,224.601,163.0,1.0
IND758034AAA,IND757037AAA,FTL,night,2.05,2,118.57985,90.0,1.0
IND758034AAA,IND758001AAA,FTL,evening,2.127659574468085,1,64.2655,47.0,1.0
IND758035AAA,IND758001AAA,FTL,night,1.7142857142857142,1,68.1101,49.0,1.0
IND759122AAC,IND767017AAA,Carting,evening,1.7466666666666666,1,183.6755,150.0,1.0
IND760003AAB,IND754022AAA,FTL,afternoon,2.76,1,104.374,75.0,1.0
IND760003AAB,IND761020AAA,FTL,evening,2.5,1,20.2236,14.0,1.0
IND761200AAA,IND532001AAB,FTL,morning,2.1153846153846154,11,71.6556,50.0,1.0
IND761200AAA,IND532001AAB,FTL,afternoon,2.333333333333333,1,68.90060000000001,48.0,1.0
IND762001AAA,IND759122AAC,Carting,morning,3.6782608695652175,1,135.1682,115.0,1.0
IND764001AAC,IND764059AAA,Carting,night,2.4166666666666665,4,43.88505,30.5,1.0
IND764001AAC,IND764059AAA,Carting,morning,2.717741935483871,2,43.8802,30.5,1.0
IND764001AAC,IND764059AAA,Carting,afternoon,3.625,1,45.5125,32.0,1.0
IND764020AAC,IND764001AAC,Carting,night,2.25,1,17.1324,12.0,1.0
IND764059AAA,IND764071AAB,Carting,morning,1.8333333333333333,2,12.850449999999999,9.0,1.0
IND764059AAA,IND764071AAB,Carting,afternoon,2.125,1,12.2266,8.0,1.0
IND764071AAB,IND530012AAA,Carting,morning,2.924882629107981,1,293.792,213.0,1.0
IND764071AAB,IND530012AAA,Carting,afternoon,12.04265402843602,1,293.3271,211.0,1.0
IND764071AAB,IND764073AAA,Carting,morning,1.6950757575757576,2,46.8806,32.5,1.0
IND767001AAA,IND762001AAA,Carting,night,2.2,1,169.7732,120.0,1.0
IND767001AAA,IND767017AAA,FTL,night,1.8571428571428568,3,49.2466,35.0,1.0
IND767017AAA,IND767001AAA,Carting,night,2.4285714285714284,1,49.4966,35.0,1.0
IND767017AAA,IND768004AAD,FTL,night,2.107189224277832,2,87.1403,78.5,1.0
IND768004AAD,IND768028AAA,FTL,evening,2.813793103448276,2,43.97515,32.0,1.0
IND768004AAD,IND768028AAB,FTL,afternoon,2.53125,1,44.0923,32.0,1.0
IND768028AAA,IND767001AAA,FTL,night,0.8456375838926175,1,159.1798,149.0,0.0
IND768028AAB,IND767001AAA,FTL,evening,0.9802631578947368,1,162.7031,152.0,0.0
IND768201AAA,IND770001AAA,FTL,night,4.333333333333333,1,32.3288,30.0,1.0
IND768216AAA,IND770001AAA,FTL,night,2.2058823529411766,5,39.775,35.0,1.0
IND770001AAA,IND770017AAB,FTL,night,1.5530142781597038,6,65.24605,62.0,1.0
IND781001AAA,IND781018AAB,Carting,night,2.9473684210526314,5,28.358,37.0,1.0
IND781001AAA,IND781018AAB,Carting,morning,1.2105263157894737,5,28.3507,37.0,0.6
IND781003AAA,IND781018AAB,Carting,night,3.108108108108108,3,28.2131,37.0,1.0
IND781005AAA,IND781018AAB,Carting,night,1.3333333333333333,3,35.4596,36.0,0.6666666666666666
IND781005AAA,IND781018AAB,Carting,morning,1.3333333333333333,7,35.4637,36.0,0.7142857142857143
IND781014AAA,IND781102AAA,Carting,morning,2.3153594771241828,4,22.766849999999998,17.5,1.0
IND781014AAA,IND781124AAA,Carting,night,2.215217391304348,8,33.03685,23.0,1.0
IND781018AAB,IND110037AAM,FTL,evening,2.5298563869992443,17,1807.9374,1323.0,1.0
IND781018AAB,IND712311AAA,FTL,morning,2.5297532656023223,1,954.6646,689.0,1.0
IND781018AAB,IND712311AAA,FTL,afternoon,3.4674500304117117,4,955.5699,690.5,1.0
IND781018AAB,IND712311AAA,FTL,evening,2.8415697674418605,1,954.0086,688.0,1.0
IND781018AAB,IND781003AAA,Carting,night,0.975609756097561,1,32.7961,41.0,0.0
IND781018AAB,IND781003AAA,Carting,morning,2.0,5,32.4961,41.0,0.8
IND781018AAB,IND781003AAA,Carting,evening,0.926829268292683,1,40.0627,41.0,0.0
IND781018AAB,IND781005AAA,Carting,night,1.5625,4,39.3125,40.0,0.5
IND781018AAB,IND781005AAA,Carting,evening,1.4143437862950057,2,41.7215,41.5,0.5
IND781018AAB,IND781022AAA,Carting,night,1.0555555555555556,3,39.222,37.0,0.0
IND781018AAB,IND781022AAA,Carting,morning,1.1312233285917497,6,38.65275,37.0,0.5
IND781018AAB,IND781102AAA,Carting,morning,1.3076923076923077,1,42.9364,39.0,1.0
IND781018AAB,IND781354AAA,FTL,night,1.5,3,64.7673,54.0,1.0
IND781018AAB,IND781354AAA,FTL,morning,1.9444444444444444,5,65.0257,54.0,1.0
IND781018AAB,IND784001AAA,FTL,morning,2.162991346053592,4,177.5864,138.5,1.0
IND781018AAB,IND784125AAA,FTL,morning,1.7384615384615385,3,80.4141,65.0,1.0
IND781018AAB,IND784125AAA,FTL,afternoon,1.676923076923077,1,80.405,65.0,1.0
IND781018AAB,IND784168AAB,FTL,morning,2.28125,1,299.235,224.0,1.0
IND781018AAB,IND785001AAA,FTL,night,2.2180984933510186,2,331.44264999999996,242.5,1.0
IND781018AAB,IND785612AAB,FTL,night,2.5566878139043085,2,263.75815,194.5,1.0
IND781018AAB,IND785621AAA,FTL,night,1.943722943722944,1,312.81690000000003,231.0,1.0
IND781018AAB,IND788026AAC,FTL,night,2.7214859437751002,12,341.1541,249.0,1.0
IND781018AAB,IND793001AAA,FTL,afternoon,2.0251020408163267,10,126.4936,99.5,1.0
IND781022AAA,IND781018AAB,Carting,night,0.8823529411764706,5,35.953,34.0,0.4
IND781022AAA,IND781018AAB,Carting,morning,1.0588235294117647,7,35.034699999999994,34.0,0.2857142857142857
IND781102AAA,IND781018AAB,Carting,morning,4.345588235294118,2,38.87455,35.0,1.0
IND781124AAA,IND781018AAB,Carting,night,4.77671370967742,6,32.38275,30.5,1.0
IND781335AAA,IND000000AET,FTL,afternoon,1.8025490196078433,4,69.3818,51.0,1.0
IND781354AAA,IND781335AAA,FTL,morning,3.733333333333333,1,19.6564,15.0,1.0
IND781354AAA,IND781335AAA,FTL,afternoon,2.533333333333333,1,19.4503,15.0,1.0
IND783129AAA,IND794101AAA,FTL,morning,2.0194174757281558,1,127.8196,103.0,1.0
IND783301AAA,IND783348AAA,FTL,night,2.6666666666666665,1,43.753,33.0,1.0
IND783301AAA,IND783348AAA,FTL,evening,1.8920454545454544,10,43.19485,32.5,1.0
IND783348AAA,IND783129AAA,FTL,night,2.204162410623085,2,101.0703,88.5,1.0
IND783348AAA,IND783129AAA,FTL,evening,1.8595505617977528,8,101.6252,89.0,1.0
IND783370AAB,IND783301AAA,FTL,evening,2.127659574468085,2,66.3479,47.0,1.0
IND783370AAC,IND783301AAA,FTL,afternoon,2.8054711246200608,2,68.68265,48.0,1.0
IND783370AAC,IND783301AAA,FTL,evening,2.65625,6,67.64439999999999,48.0,1.0
IND784001AAA,IND784101AAA,Carting,night,7.125,1,21.655,16.0,1.0
IND784001AAA,IND784168AAB,FTL,evening,2.053763440860215,1,131.0965,93.0,1.0
IND784001AAA,IND790114AAA,Carting,night,2.862745098039216,1,59.5592,51.0,1.0
IND784001AAA,IND791111AAC,FTL,evening,2.394957983193277,3,167.8739,119.0,1.0
IND784101AAA,IND790114AAA,Carting,morning,1.28125,1,35.4602,32.0,1.0
IND784110AAA,IND781018AAB,FTL,evening,3.31858407079646,1,141.71679999999998,113.0,1.0
IND784110AAA,IND784001AAA,FTL,evening,2.8600000000000003,2,35.439499999999995,25.0,1.0
IND784125AAA,IND784110AAA,FTL,afternoon,2.583333333333333,3,62.4792,49.0,1.0
IND784168AAB,IND784176AAA,FTL,night,2.552631578947368,2,56.068,39.0,1.0
IND784168AAB,IND784176AAA,FTL,evening,2.5272938443670148,4,59.0452,41.0,1.0
IND784168AAB,IND791111AAC,FTL,evening,3.4400000000000004,2,36.046549999999996,25.0,1.0
IND784176AAA,IND781018AAB,FTL,night,2.337814610190301,4,236.67995,180.0,1.0
IND785001AAA,IND785112AAC,Carting,evening,2.111111111111111,3,27.002,19.0,1.0
IND785001AAA,IND785682AAA,FTL,afternoon,1.7391304347826086,1,62.6307,46.0,1.0
IND785001AAA,IND785682AAA,FTL,evening,2.3488612836438927,10,62.462450000000004,45.5,1.0
IND785001AAA,IND798601AAA,Carting,evening,4.135135135135135,1,103.5959,74.0,1.0
IND785112AAC,IND785001AAA,Carting,night,19.42105263157895,1,26.9936,19.0,1.0
IND785112AAC,IND785001AAA,Carting,morning,10.75,1,29.6068,20.0,1.0
IND785112AAC,IND785634AAA,Carting,night,3.2195402298850575,2,40.69029999999999,29.5,1.0
IND785612AAB,IND781018AAB,FTL,morning,2.144578313253012,1,235.463,166.0,1.0
IND785612AAB,IND785621AAA,FTL,afternoon,1.6944444444444444,1,48.7818,36.0,1.0
IND785621AAA,IND785001AAA,FTL,afternoon,1.5909090909090908,3,49.2488,44.0,1.0
IND785634AAA,IND785001AAA,Carting,night,31.2,3,19.7611,16.0,1.0
IND785675AAA,IND785612AAB,FTL,night,2.190082644628099,1,172.4213,121.0,1.0
IND785682AAA,IND785690AAB,Carting,night,3.494652406417112,2,46.04545,33.5,1.0
IND785682AAA,IND786001AAB,FTL,evening,2.117931547619048,10,88.27799999999999,63.0,1.0
IND785690AAB,IND785682AAA,Carting,night,4.188235294117647,16,46.062200000000004,33.0,1.0
IND786001AAB,IND785675AAA,FTL,night,2.763095238095238,2,40.5523,29.0,1.0
IND786001AAB,IND785675AAA,FTL,evening,3.2142857142857144,1,39.959300000000006,28.0,1.0
IND786001AAB,IND786125AAA,Carting,night,2.2758620689655173,1,41.6915,29.0,1.0
IND786001AAB,IND786171AAA,Carting,night,3.1666666666666665,13,71.246,50.0,1.0
IND786001AAB,IND786184AAA,Carting,night,2.076923076923077,8,20.007550000000002,13.5,1.0
IND786001AAB,IND786184AAA,Carting,evening,2.1373626373626373,2,20.278950000000002,13.5,1.0
IND786001AAB,IND786190AAA,Carting,night,1.8837209302325584,1,62.2556,43.0,1.0
IND786001AAB,IND786602AAA,Carting,night,1.5294117647058822,13,36.9082,35.0,1.0
IND786001AAB,IND792103AAB,Carting,morning,2.259259259259259,1,112.6654,81.0,1.0
IND786125AAA,IND786190AAA,Carting,night,3.0625,7,23.5942,16.0,1.0
IND786171AAA,IND786181AAC,Carting,night,2.3472222222222223,8,13.4604,9.0,1.0
IND786171AAA,IND786181AAC,Carting,morning,2.4444444444444446,3,13.2898,9.0,1.0
IND786181AAC,IND786001AAB,Carting,night,2.6916666666666664,4,83.6936,59.0,1.0
IND786181AAC,IND786001AAB,Carting,morning,3.416666666666667,10,84.9711,60.0,1.0
IND786181AAC,IND792120AAB,Carting,night,4.848484848484849,7,48.081900000000005,33.0,1.0
IND786181AAC,IND792120AAB,Carting,morning,7.1318458417849895,2,45.281949999999995,31.5,1.0
IND786181AAC,IND792121AAB,Carting,night,3.034482758620689,5,42.2057,29.0,1.0
IND786181AAC,IND792121AAB,Carting,morning,3.597701149425287,6,42.23725,29.0,1.0
IND786184AAA,IND786125AAA,Carting,night,2.7333333333333334,5,21.1488,15.0,1.0
IND786184AAA,IND786190AAA,Carting,night,1.9464285714285714,2,38.96300000000001,27.0,1.0
IND786190AAA,IND786001AAB,Carting,morning,2.452380952380953,1,59.6186,42.0,1.0
IND786190AAA,IND792103AAB,Carting,night,2.0181488203266786,8,49.154799999999994,36.5,1.0
IND786190AAA,IND792103AAB,Carting,morning,2.4444444444444446,1,49.073,36.0,1.0
IND787001AAA,IND787057AAA,FTL,night,2.765957446808511,7,66.5501,47.0,1.0
IND787001AAA,IND787057AAA,FTL,morning,2.1702127659574466,1,66.201,47.0,1.0
IND787057AAA,IND787059AAB,FTL,morning,2.12,10,27.167650000000002,24.5,1.0
IND787059AAB,IND791102AAA,FTL,morning,2.718309859154929,1,98.5959,71.0,1.0
IND788026AAC,IND781018AAB,FTL,night,2.4502903600464574,2,337.54655,245.5,1.0
IND788026AAC,IND781018AAB,FTL,morning,2.6897959183673468,1,337.0991,245.0,1.0
IND788026AAC,IND781018AAB,FTL,evening,2.3815261044176705,15,337.3873,245.0,1.0
IND788026AAC,IND788121AAA,FTL,evening,4.023809523809524,2,29.318,21.0,1.0
IND788026AAC,IND788151AAA,FTL,night,2.739130434782609,3,29.9746,22.0,1.0
IND788026AAC,IND788151AAA,FTL,evening,2.5227272727272725,10,29.6348,22.0,1.0
IND788026AAC,IND799250AAA,FTL,night,4.2,1,112.4945,80.0,1.0
IND788121AAA,IND796081AAA,FTL,night,3.4699999999999998,2,71.09125,50.0,1.0
IND788121AAA,IND796081AAA,FTL,morning,3.5,1,73.936,52.0,1.0
IND788151AAA,IND788713AAA,FTL,night,2.7933467741935485,8,46.4666,32.5,1.0
IND788151AAA,IND788713AAA,FTL,morning,2.5530303030303028,4,46.3213,32.5,1.0
IND788151AAA,IND788806AAA,FTL,night,2.611111111111111,1,25.9829,18.0,1.0
IND788713AAA,IND788026AAC,FTL,morning,12.033333333333331,1,43.217,30.0,1.0
IND788713AAA,IND788806AAA,FTL,night,3.626373626373626,4,20.0976,13.5,1.0
IND788713AAA,IND788806AAA,FTL,morning,2.6923076923076925,6,19.6394,13.0,1.0
IND788806AAA,IND788026AAC,FTL,morning,3.75,9,23.4921,16.0,1.0
IND788806AAA,IND788713AAA,FTL,night,4.230769230769231,1,19.7019,13.0,1.0
IND790001AAB,IND784001AAA,Carting,afternoon,7.05,1,153.8969,120.0,1.0
IND791102AAA,IND784168AAB,FTL,afternoon,2.8217821782178216,1,285.3696,202.0,1.0
IND791109AAA,IND787001AAA,FTL,morning,3.575757575757576,1,46.8909,33.0,1.0
IND791110AAA,IND787001AAA,FTL,night,3.5294117647058822,1,48.9821,34.0,1.0
IND791125AAB,IND791102AAA,FTL,morning,1.9503858024691358,4,109.68465,80.5,1.0
IND792001AAA,IND786001AAB,Carting,morning,2.4473684210526314,1,152.7519,114.0,1.0
IND792001AAA,IND792110AAA,Carting,morning,1.5697674418604652,2,61.847449999999995,43.0,1.0
IND792103AAB,IND792001AAA,Carting,night,0.6790780141843972,2,132.15799999999996,95.0,0.0
IND792103AAB,IND792001AAA,Carting,morning,0.6808510638297872,9,130.7449,94.0,0.0
IND792110AAA,IND786001AAB,Carting,morning,2.505098039215686,2,143.4434,101.0,1.0
IND792120AAB,IND786181AAC,Carting,morning,3.088235294117647,3,48.7453,34.0,1.0
IND792121AAB,IND786181AAC,Carting,night,3.6538461538461537,1,37.9237,26.0,1.0
IND792121AAB,IND786181AAC,Carting,morning,33.44827586206897,9,42.0052,29.0,1.0
IND792121AAB,IND786181AAC,Carting,afternoon,28.90322580645161,1,43.4735,31.0,1.0
IND792130AAB,IND786001AAB,Carting,morning,2.882427401340283,10,105.39545000000001,84.5,1.0
IND793001AAA,IND781018AAB,FTL,evening,4.610526315789474,1,123.7875,95.0,1.0
IND793001AAA,IND793150AAA,FTL,evening,2.3171497584541063,2,64.71585,45.5,1.0
IND793150AAA,IND781018AAB,FTL,evening,1.956204379562044,1,182.8514,137.0,1.0
IND794101AAA,IND781018AAB,FTL,night,2.3494277120200007,4,207.59154999999998,159.5,1.0
IND794101AAA,IND781018AAB,FTL,morning,2.408805031446541,5,207.3622,159.0,1.0
IND796009AAA,IND796321AAB,FTL,morning,5.277613925514689,2,186.5019,131.5,1.0
IND796009AAA,IND796321AAB,FTL,afternoon,4.950381679389313,2,186.03695,131.0,1.0
IND796081AAA,IND788026AAC,FTL,morning,2.638888888888889,1,102.1034,72.0,1.0
IND796321AAB,IND796009AAA,FTL,night,4.046875,3,185.792,131.0,1.0
IND798601AAA,IND785001AAA,Carting,night,3.9210526315789473,5,105.1853,76.0,1.0
IND799250AAA,IND799008AAA,FTL,afternoon,2.725806451612903,1,171.3245,124.0,1.0
IND801103AAA,IND802301AAA,FTL,evening,2.6666666666666665,11,22.882900000000003,16.0,1.0
IND802101AAA,IND802119AAA,FTL,night,2.7916666666666665,14,18.3401,13.0,1.0
IND802101AAA,IND802158AAB,FTL,night,2.76,1,70.8523,50.0,1.0
IND802119AAA,IND802158AAB,FTL,night,1.8513513513513513,16,51.8343,37.0,1.0
IND802158AAB,IND821115AAB,FTL,night,2.380281690140845,10,86.56295,71.0,1.0
IND802158AAB,IND821115AAB,FTL,morning,4.041666666666667,1,87.2663,72.0,1.0
IND802212AAA,IND821115AAB,FTL,night,13.236263736263737,2,44.5619,40.5,1.0
IND802212AAA,IND821115AAB,FTL,morning,23.73809523809524,5,44.7679,41.0,1.0
IND802213AAB,IND802212AAA,FTL,night,3.5,5,19.7494,17.0,1.0
IND802301AAA,IND804401AAA,FTL,evening,2.333091436865022,10,70.21005,52.5,1.0
IND803101AAA,IND805110AAD,FTL,night,2.260869565217391,1,32.2741,23.0,1.0
IND803101AAA,IND805110AAD,FTL,evening,2.287878787878788,8,32.3536,23.0,1.0
IND803116AAA,IND803108AAB,FTL,night,2.2285714285714286,13,40.590900000000005,33.0,1.0
IND803213AAA,IND811105AAA,FTL,evening,1.8043478260869563,3,52.7775,46.0,1.0
IND804420AAA,IND803101AAA,FTL,evening,2.8421052631578947,11,55.2679,39.0,1.0
IND804452AAA,IND804420AAA,FTL,evening,2.962121212121212,6,16.881999999999998,11.5,1.0
IND805110AAD,IND803116AAA,FTL,night,2.333333333333333,9,24.829,21.0,1.0
IND811105AAA,IND803212AAB,FTL,evening,2.7136479591836737,2,66.1587,48.5,1.0
IND811201AAB,IND811213AAA,FTL,night,2.134615384615385,2,34.20975,26.0,1.0
IND811201AAB,IND813213AAA,FTL,night,4.46,2,33.0285,25.0,1.0
IND811213AAA,IND811201AAB,FTL,night,2.5,1,34.1936,26.0,1.0
IND811213AAA,IND813213AAA,FTL,night,1.6139162561576355,2,39.1146,28.5,1.0
IND811307AAA,IND811201AAB,FTL,night,2.0172413793103448,1,80.3155,58.0,1.0
IND811307AAA,IND811213AAA,FTL,night,1.96875,1,45.7663,32.0,1.0
IND811399AAA,IND110044AAB,Carting,afternoon,3.1333333333333333,35,13.8264,16.0,1.0
IND811399AAA,IND110044AAB,Carting,evening,3.2777777777777777,5,13.8074,16.0,1.0
IND811399AAA,IND209304AAA,FTL,evening,1.6361138522861398,10,432.65895,322.0,1.0
IND812002AAA,IND813203AAA,FTL,night,3.782608695652174,13,32.1051,23.0,1.0
IND812002AAA,IND813203AAA,FTL,morning,5.909090909090909,5,31.7826,22.0,1.0
IND813102AAA,IND812002AAA,FTL,night,2.025,17,43.492,40.0,1.0
IND813102AAA,IND813203AAA,FTL,night,3.741935483870968,1,74.7621,62.0,1.0
IND814101AAB,IND816107AAA,FTL,night,1.5232558139534884,11,88.8902,86.0,1.0
IND814112AAA,IND814133AAA,FTL,night,2.273652882205514,2,79.6487,56.5,1.0
IND814112AAA,IND814133AAB,FTL,night,2.4,7,78.8509,55.0,1.0
IND814133AAA,IND816109AAA,FTL,morning,2.4375,1,89.8315,64.0,1.0
IND814133AAB,IND816109AAA,FTL,night,2.359375,4,90.7169,64.0,1.0
IND814133AAB,IND816109AAA,FTL,morning,2.634920634920635,9,89.8244,64.0,1.0
IND815301AAA,IND814112AAA,FTL,night,1.9830508474576272,1,65.2192,59.0,1.0
IND815301AAA,IND814133AAB,FTL,night,2.3025112443778113,4,144.8447,115.0,1.0
IND815301AAA,IND815353AAA,FTL,night,2.1142857142857143,3,48.8533,35.0,1.0
IND815351AAA,IND814101AAB,FTL,night,1.0670103092783505,12,80.28614999999999,97.0,0.16666666666666666
IND815353AAA,IND814112AAA,FTL,night,1.2564102564102564,2,38.960300000000004,39.0,1.0
IND815353AAA,IND814133AAB,FTL,night,1.8772495755517826,8,116.3175,93.0,1.0
IND815353AAA,IND826004AAA,FTL,night,1.5529411764705885,1,104.0805,85.0,1.0
IND816107AAA,IND826004AAA,FTL,night,2.066326530612245,3,278.365,196.0,1.0
IND816107AAA,IND826004AAA,FTL,morning,1.9744897959183676,5,277.953,196.0,1.0
IND816109AAA,IND826004AAA,FTL,morning,1.8813469927769435,10,300.7029,236.0,1.0
IND821109AAA,IND802213AAB,FTL,night,5.125,11,45.2398,32.0,1.0
IND821115AAB,IND000000ACB,FTL,night,2.0834621329211744,7,870.3398000000001,647.0,1.0
IND821115AAB,IND209304AAA,FTL,afternoon,1.9814814814814818,2,456.276,324.0,1.0
IND821115AAB,IND209304AAA,FTL,evening,1.9460921177587847,10,457.20105000000007,325.0,1.0
IND821115AAB,IND802101AAA,FTL,evening,2.215675675675676,6,84.54055,76.0,1.0
IND821115AAB,IND821109AAA,FTL,evening,2.3,6,52.990750000000006,40.0,1.0
IND821115AAB,IND824101AAA,FTL,evening,2.0,1,39.4573,29.0,1.0
IND821307AAA,IND824101AAA,FTL,night,2.0,7,28.9448,20.0,1.0
IND824101AAA,IND821115AAB,FTL,night,1.9285714285714288,7,38.8826,29.0,1.0
IND824101AAA,IND821307AAA,FTL,night,1.8903162055335967,4,32.116,22.0,1.0
IND825102AAA,IND827013AAA,Carting,evening,2.12,1,31.5636,25.0,1.0
IND825102AAA,IND827013AAA,FTL,evening,2.0576923076923075,2,32.3568,26.0,1.0
IND825301AAA,IND825409AAA,FTL,night,2.642857142857143,13,58.4598,41.0,1.0
IND825301AAA,IND825409AAA,FTL,evening,2.6923076923076925,1,55.1054,39.0,1.0
IND825409AAA,IND000000ACB,FTL,night,1.9372153349621453,14,1050.3371000000002,772.0,1.0
IND826001AAC,IND828111AAA,Carting,night,2.4444444444444446,1,10.2659,9.0,1.0
IND826004AAA,IND209304AAA,FTL,morning,1.743006993006993,3,796.3543000000001,572.0,1.0
IND826004AAA,IND814112AAA,FTL,evening,1.674721046556368,4,130.34235,115.0,1.0
IND826004AAA,IND815301AAA,FTL,evening,1.963636363636364,5,63.5423,55.0,1.0
IND826004AAA,IND815351AAA,FTL,night,3.236842105263158,1,53.6747,38.0,1.0
IND826004AAA,IND815351AAA,FTL,evening,3.3918128654970765,10,53.739599999999996,38.0,1.0
IND826004AAA,IND815353AAA,FTL,night,1.5058823529411764,1,104.4361,85.0,1.0
IND826004AAA,IND815353AAA,FTL,evening,1.8604651162790695,3,104.3733,85.0,1.0
IND826004AAA,IND821115AAB,FTL,morning,1.5313725490196077,4,343.477,254.5,1.0
IND826004AAA,IND828111AAA,Carting,night,2.409090909090909,2,12.9474,11.0,1.0
IND826004AAA,IND828205AAA,Carting,night,2.95,1,28.4319,20.0,1.0
IND826004AAA,IND828401AAB,Carting,night,0.95,3,36.5092,40.0,0.0
IND827013AAA,IND829121AAA,Carting,night,2.0,1,38.2517,27.0,1.0
IND827013AAA,IND829121AAA,Carting,evening,2.3793103448275863,1,40.057,29.0,1.0
IND827013AAA,IND829121AAA,FTL,night,1.8,3,35.711,25.0,1.0
IND828111AAA,IND826004AAA,Carting,night,10.227272727272727,6,13.520800000000001,11.5,1.0
IND828111AAA,IND826004AAA,Carting,morning,9.25,3,13.8856,12.0,1.0
IND828401AAB,IND826004AAA,Carting,night,2.857142857142857,7,29.7511,22.0,1.0
IND829121AAA,IND834002AAB,Carting,night,7.087301587301587,8,85.52250000000001,62.0,1.0
IND829121AAA,IND834002AAB,FTL,night,7.409836065573771,3,84.4585,61.0,1.0
IND829122AAA,IND825301AAA,FTL,evening,2.0135135135135136,14,48.9122,37.0,1.0
IND832109AAB,IND834002AAB,FTL,night,2.505813953488372,22,120.09115,87.0,1.0
IND834002AAB,IND000000ACB,FTL,morning,1.9589201877934272,5,1162.349,852.0,1.0
IND834002AAB,IND000000ACB,FTL,afternoon,1.9612676056338028,5,1162.5051,853.0,1.0
IND834002AAB,IND781018AAB,FTL,morning,2.9806949806949805,1,1080.3713,777.0,1.0
IND834002AAB,IND825102AAA,Carting,afternoon,2.688888888888889,1,120.4119,90.0,1.0
IND834002AAB,IND825102AAA,FTL,afternoon,3.417582417582418,2,121.304,91.0,1.0
IND834002AAB,IND826004AAA,Carting,morning,2.393700787401575,15,168.6482,126.0,1.0
IND834002AAB,IND826004AAA,Carting,afternoon,2.509811273590801,6,169.1639,127.0,1.0
IND834002AAB,IND827013AAA,Carting,afternoon,4.333333333333333,17,123.3016,89.0,1.0
IND834002AAB,IND829122AAA,FTL,morning,1.953125,2,44.098150000000004,32.0,1.0
IND834002AAB,IND829122AAA,FTL,afternoon,2.4375,12,43.82085,32.0,1.0
IND834002AAB,IND832109AAB,FTL,afternoon,2.298890063424947,10,119.7456,87.0,1.0
IND834002AAB,IND832109AAB,FTL,evening,2.4540229885057467,4,119.8836,87.0,1.0
IND841101AAA,IND841207AAB,FTL,night,2.611111111111111,3,22.268,15.0,1.0
IND841226AAB,IND841428AAA,Carting,night,2.333333333333333,1,33.174800000000005,24.0,1.0
IND841226AAB,IND841428AAA,FTL,night,2.772727272727273,1,31.2457,22.0,1.0
IND841301AAC,IND841226AAB,Carting,evening,2.0,1,65.8993,48.0,1.0
IND841405AAA,IND841301AAC,Carting,night,2.45945945945946,1,101.5664,74.0,1.0
IND841424AAA,IND841226AAB,FTL,evening,2.3488372093023258,3,62.9374,44.0,1.0
IND841424AAA,IND841428AAA,FTL,evening,3.5727882327492972,6,97.31190000000001,69.0,1.0
IND842001AAA,IND843105AAB,FTL,night,3.0,4,22.418100000000003,15.0,1.0
IND842001AAA,IND843105AAB,FTL,evening,2.9375,16,23.59485,16.0,1.0
IND842001AAA,IND843109AAB,Carting,night,2.9714285714285715,6,14.10655,10.0,1.0
IND842001AAA,IND843109AAB,Carting,evening,3.7,9,14.653,10.0,1.0
IND842001AAA,IND843126AAA,Carting,night,3.0,1,25.9933,18.0,1.0
IND842001AAA,IND843126AAA,Carting,evening,6.472222222222222,2,26.2798,18.0,1.0
IND842001AAA,IND843301AAA,FTL,evening,3.7178538390379283,6,63.251599999999996,46.5,1.0
IND842001AAA,IND843320AAA,FTL,evening,6.521739130434782,1,65.86930000000001,46.0,1.0
IND842001AAA,IND843329AAB,FTL,evening,1.3793103448275863,13,70.3882,58.0,0.9230769230769231
IND842001AAA,IND845401AAA,FTL,evening,2.157786885245902,4,84.66895,60.5,1.0
IND842001AAA,IND845412AAB,FTL,night,2.0,1,52.0397,36.0,1.0
IND842001AAA,IND845412AAB,FTL,evening,2.303781512605042,14,49.32705,34.0,1.0
IND842001AAA,IND845418AAB,FTL,evening,1.84375,12,101.48635,80.0,1.0
IND842001AAA,IND845438AAA,FTL,night,2.119565217391304,1,130.1843,92.0,1.0
IND842001AAA,IND845438AAA,FTL,evening,2.5907787864309606,4,130.29145,91.5,1.0
IND842001AAA,IND846004AAA,FTL,evening,2.1900000000000004,22,68.32205,50.0,1.0
IND842001AAA,IND847212AAA,FTL,evening,2.191780821917808,22,98.31475,73.0,1.0
IND842001AAA,IND848101AAA,FTL,evening,3.891891891891892,1,52.4093,37.0,1.0
IND842001AAA,IND848114AAA,FTL,night,2.0217391304347827,3,68.4441,48.0,1.0
IND842001AAA,IND848114AAA,FTL,evening,2.2857142857142856,17,69.109,48.0,1.0
IND842001AAA,IND854326AAB,FTL,morning,1.9019607843137252,19,288.6933,204.0,1.0
IND842003AAB,IND480661AAA,FTL,evening,1.942286036036036,2,156.1569,111.5,1.0
IND842003AAB,IND480886AAA,FTL,night,2.307449494949495,2,96.22285,69.0,1.0
IND842003AAB,IND480886AAA,FTL,evening,2.2037539574853007,6,93.25864999999999,66.5,1.0
IND842003AAB,IND482002AAA,Carting,night,18.125,3,10.3473,8.0,1.0
IND842003AAB,IND482002AAA,Carting,evening,28.25,1,10.5521,8.0,1.0
IND842003AAB,IND483225AAA,FTL,night,2.5416666666666665,1,34.909699999999994,24.0,1.0
IND842003AAB,IND483225AAA,FTL,evening,2.869318181818182,2,33.342,23.0,1.0
IND842003AAB,IND483501AAA,FTL,night,2.6379310344827585,5,80.284,58.0,1.0
IND842003AAB,IND483501AAA,FTL,evening,2.5517241379310347,6,80.47745,58.0,1.0
IND842003AAB,IND484661AAE,FTL,evening,1.824074074074074,2,149.04500000000002,108.0,1.0
IND842003AAB,IND487001AAA,FTL,night,1.974025974025974,1,92.7113,77.0,1.0
IND842003AAB,IND487001AAA,FTL,evening,1.9746835443037976,1,94.0187,79.0,1.0
IND842003AAB,IND487001AAB,FTL,evening,1.818181818181818,5,93.7912,79.0,1.0
IND843105AAB,IND848101AAA,FTL,night,2.0,17,27.8534,20.0,1.0
IND843105AAB,IND848101AAA,FTL,evening,3.090909090909091,3,29.1282,21.0,1.0
IND843109AAB,IND842001AAA,Carting,night,2.65,2,14.592749999999999,10.0,1.0
IND843109AAB,IND843126AAA,Carting,night,1.0909090909090908,9,45.5341,43.0,0.3333333333333333
IND843109AAB,IND843126AAA,Carting,evening,1.0465116279069768,1,45.4917,43.0,0.0
IND843126AAA,IND842001AAA,Carting,night,2.573529411764706,10,25.36705,17.5,1.0
IND843126AAA,IND842001AAA,Carting,morning,2.294117647058824,1,24.8503,17.0,1.0
IND843126AAA,IND843109AAB,Carting,night,2.134615384615384,2,37.3762,26.0,1.0
IND843301AAA,IND843320AAA,FTL,night,2.6,20,28.1768,25.0,1.0
IND843320AAA,IND847223AAA,FTL,night,2.425,8,23.4075,20.0,1.0
IND843329AAB,IND843301AAA,FTL,night,2.7368421052631575,2,26.494,19.0,1.0
IND843329AAB,IND843301AAA,FTL,evening,2.9473684210526314,11,26.6462,19.0,1.0
IND844101AAB,IND841207AAB,FTL,night,2.611111111111111,1,23.8946,18.0,1.0
IND844505AAB,IND842001AAA,FTL,night,12.01923076923077,13,73.7507,52.0,1.0
IND844505AAB,IND842001AAA,FTL,morning,4.294117647058823,1,73.10010000000001,51.0,1.0
IND845305AAA,IND842001AAA,FTL,night,5.96875,17,136.1479,96.0,1.0
IND845305AAA,IND842001AAA,FTL,morning,2.59375,3,135.1308,96.0,1.0
IND845401AAA,IND845305AAA,FTL,night,2.563492063492064,22,48.71155,35.0,1.0
IND845412AAB,IND845401AAA,FTL,night,2.0384615384615383,9,35.857,26.0,0.8888888888888888
IND845412AAB,IND845401AAA,FTL,evening,1.8105413105413106,6,36.74605,27.0,0.8333333333333334
IND845418AAB,IND842001AAA,FTL,morning,2.9851778656126484,2,84.1148,67.5,1.0
IND845418AAB,IND845438AAA,FTL,night,2.1228070175438596,12,72.46015,57.0,1.0
IND845438AAA,IND845455AAB,FTL,night,1.9335288367546433,14,38.44085,32.0,1.0
IND845438AAA,IND845455AAB,FTL,morning,1.5161290322580645,1,37.2672,31.0,1.0
IND845455AAB,IND842001AAA,FTL,night,2.4421417322834644,4,171.0232,126.5,1.0
IND845455AAB,IND842001AAA,FTL,morning,2.3186984126984127,12,169.7731,125.0,1.0
IND845455AAB,IND842001AAA,FTL,afternoon,2.184,1,169.3455,125.0,1.0
IND845455AAB,IND845418AAB,FTL,night,1.9333333333333331,1,111.9915,90.0,1.0
IND845455AAB,IND845418AAB,FTL,morning,2.266304347826087,2,113.50715,92.0,1.0
IND846004AAA,IND847103AAA,FTL,night,1.7916666666666667,21,26.1799,24.0,1.0
IND846004AAA,IND847404AAB,FTL,night,4.466666666666667,1,37.7671,30.0,1.0
IND847103AAA,IND847404AAB,FTL,night,1.9848484848484849,18,33.14125,33.0,1.0
IND847103AAA,IND847404AAB,FTL,morning,2.5,1,34.283199999999994,34.0,1.0
IND847212AAA,IND847226AAA,FTL,night,1.8304843304843308,20,36.898399999999995,27.0,1.0
IND847212AAA,IND847226AAA,FTL,evening,1.7307692307692308,1,36.2454,26.0,1.0
IND847223AAA,IND842001AAA,FTL,night,10.53125,13,85.9415,65.0,1.0
IND847223AAA,IND842001AAA,FTL,morning,6.768509615384616,2,85.21735000000001,64.5,1.0
IND847226AAA,IND842001AAA,FTL,night,8.976190476190476,21,118.7312,84.0,1.0
IND847404AAB,IND842001AAA,FTL,night,8.597142857142856,14,107.91085000000001,76.0,1.0
IND847404AAB,IND842001AAA,FTL,morning,7.233070175438597,4,106.92285000000001,75.5,1.0
IND848101AAA,IND844505AAB,FTL,night,3.301169590643275,16,25.9874,18.0,1.0
IND848114AAA,IND848210AAA,FTL,night,1.72,21,23.5275,24.0,1.0
IND848210AAA,IND842001AAA,FTL,night,4.088235294117647,3,83.91839999999999,69.0,1.0
IND848210AAA,IND851127AAA,FTL,night,1.9038461538461537,16,28.97905,26.0,1.0
IND851127AAA,IND842001AAA,FTL,night,4.333333333333333,16,130.74255,96.0,1.0
IND851127AAA,IND851112AAB,FTL,night,2.3938746438746437,2,32.57285,26.5,1.0
IND851127AAA,IND851112AAB,FTL,morning,2.1923076923076925,2,31.9199,26.0,1.0
IND852111AAA,IND852118AAA,FTL,night,2.057142857142857,1,49.0642,35.0,1.0
IND852111AAA,IND854311AAA,FTL,night,2.8461538461538463,1,74.12110000000001,52.0,1.0
IND852111AAA,IND854326AAB,FTL,night,4.084337349397591,17,117.4359,83.0,1.0
IND852113AAA,IND852139AAB,FTL,night,2.625,15,35.3798,24.0,1.0
IND852113AAA,IND852139AAB,FTL,morning,2.9791666666666665,4,35.022000000000006,24.0,1.0
IND852113AAA,IND852201AAA,FTL,night,3.941176470588236,1,22.5405,17.0,1.0
IND852118A1B,IND854326AAB,FTL,night,3.0588235294117645,1,72.37660000000001,51.0,1.0
IND852118AAA,IND852111AAA,FTL,night,3.7,1,42.0784,30.0,1.0
IND852118AAA,IND854326AAB,FTL,morning,2.4705882352941178,1,72.32,51.0,1.0
IND852131AAA,IND852139AAB,FTL,night,3.380952380952381,1,29.7371,21.0,1.0
IND852131AAA,IND852201AAA,FTL,night,2.8181818181818183,8,36.0287,33.0,1.0
IND852139AAB,IND854326AAB,FTL,night,3.539473684210526,1,107.3297,76.0,1.0
IND852139AAB,IND854326AAB,FTL,morning,3.165526315789474,20,106.52335,75.0,1.0
IND852201AAA,IND852113AAA,FTL,night,3.75,17,22.6556,17.0,1.0
IND852201AAA,IND852131AAA,FTL,night,2.375,1,34.7827,32.0,1.0
IND852201AAA,IND854326AAB,FTL,night,5.6125,1,109.2664,80.0,1.0
IND853204AAA,IND851204AAA,FTL,night,2.0434782608695654,11,65.2145,46.0,1.0
IND854105AAA,IND853204AAA,FTL,night,2.4876923076923076,2,72.029,51.0,1.0
IND854105AAB,IND851204AAA,FTL,night,2.3917693169092944,4,135.0675,95.0,1.0
IND854105AAB,IND853204AAA,FTL,night,3.020408163265306,5,70.35510000000001,49.0,1.0
IND854311AAA,IND852118A1B,FTL,night,3.4166666666666665,3,30.7923,24.0,1.0
IND854311AAA,IND854326AAB,FTL,morning,6.34375,1,45.026,32.0,1.0
IND854311AAA,IND854334AAA,FTL,night,1.9941520467836258,6,25.2532,19.0,1.0
IND854326AAB,IND000000ACB,FTL,afternoon,2.138560687432868,13,1270.199,930.0,1.0
IND854326AAB,IND000000ACB,FTL,evening,2.232508073196986,5,1269.1064,929.0,1.0
IND854326AAB,IND852113AAA,FTL,evening,3.074626865671642,1,92.8987,67.0,1.0
IND854326AAB,IND852131AAA,FTL,evening,2.184938409854423,10,134.6935,95.0,1.0
IND854326AAB,IND852201AAA,FTL,evening,3.987804878048781,6,113.86779999999999,82.0,1.0
IND854326AAB,IND854105AAA,FTL,evening,4.854166666666666,2,24.7521,17.0,1.0
IND854326AAB,IND854105AAB,FTL,evening,2.65,11,29.4944,20.0,1.0
IND854326AAB,IND854311AAA,FTL,evening,1.7,21,43.149,30.0,1.0
IND854326AAB,IND854334AAA,FTL,evening,3.5625,1,67.3785,48.0,1.0
IND854334AAA,IND854335AAA,FTL,night,1.3459051724137931,2,36.50075,30.5,1.0
IND854335AAA,IND852111AAA,FTL,night,2.25,11,28.8529,20.0,1.0
IND854335AAA,IND852118A1B,FTL,night,2.2222222222222223,1,26.7262,18.0,1.0
IND854335AAA,IND854326AAB,FTL,morning,3.262295081967213,1,87.43180000000001,61.0,1.0
