source_center,destination_center,route_type,overall_median_factor,total_trips,median_osrm_dist,median_osrm_time,pct_delayed
IND000000AAL,IND411033AAA,Carting,2.6950000000000003,18,24.50055,27.0,1.0
IND000000AAQ,IND700028AAB,Carting,6.071428571428571,2,13.90065,14.0,1.0
IND000000AAS,IND783370AAC,FTL,1.7666666666666666,9,41.7822,30.0,1.0
IND000000AAZ,IND444203AAA,FTL,6.020833333333333,1,67.4982,48.0,1.0
IND000000AAZ,IND444303AAA,FTL,4.0,1,53.7322,40.0,1.0
IND000000ABA,IND683565AAA,Carting,1.0476190476190474,6,18.4681,21.0,0.3333333333333333
IND000000ABD,IND562132AAA,FTL,1.704054054054054,12,443.66679999999997,370.0,1.0
IND000000ABG,IND501359AAF,Carting,7.0,11,32.6832,27.0,1.0
IND000000ACA,IND140406AAA,FTL,1.7567567567567568,2,51.5829,37.0,1.0
IND000000ACA,IND142001AAB,FTL,1.7457627118644068,9,76.222,56.0,1.0
IND000000ACA,IND142401AAA,FTL,1.9210526315789473,12,27.6177,19.5,0.9166666666666666
IND000000ACA,IND143001AAA,FTL,1.7027027027027026,1,155.23260000000002,111.0,1.0
IND000000ACA,IND144001AAB,FTL,1.6041666666666667,17,69.4616,49.0,1.0
IND000000ACA,IND144514AAA,FTL,1.8174603174603172,12,85.45885,63.0,0.8333333333333334
IND000000ACA,IND147301AAA,FTL,1.7037037037037035,3,37.1418,27.0,1.0
IND000000ACA,IND152026AAA,FTL,1.5299145299145298,1,154.5822,117.0,1.0
IND000000ACA,IND160002AAC,Carting,1.8309859154929575,1,101.2354,71.0,1.0
IND000000ACA,IND160002AAC,FTL,2.07258064516129,70,88.7884,62.0,1.0
IND000000ACB,IND000000AEL,Carting,1.7704918032786885,23,60.6693,62.0,1.0
IND000000ACB,IND110024AAA,Carting,2.07658371040724,6,59.611999999999995,66.5,1.0
IND000000ACB,IND110030AAD,Carting,1.6726844583987441,28,49.427800000000005,50.0,0.9285714285714286
IND000000ACB,IND110037AAK,Carting,1.8157894736842104,39,38.808800000000005,38.0,1.0
IND000000ACB,IND110043AAA,Carting,1.725,17,38.085800000000006,37.0,1.0
IND000000ACB,IND110043AAC,Carting,1.945454545454545,9,52.015,55.0,1.0
IND000000ACB,IND110052AAA,Carting,1.500324464633355,2,65.72460000000001,68.0,1.0
IND000000ACB,IND110064AAA,Carting,1.6032786885245902,48,55.7743,58.0,0.8958333333333334
IND000000ACB,IND110085AAB,Carting,1.622366110623354,24,65.32855,67.0,0.9166666666666666
IND000000ACB,IND110092AAC,Carting,1.6575342465753424,5,69.59060000000001,74.0,1.0
IND000000ACB,IND110095AAB,Carting,1.9802631578947367,36,71.33865,76.0,0.5833333333333334
IND000000ACB,IND121002AAB,Carting,1.876923076923077,57,77.75919999999999,65.0,1.0
IND000000ACB,IND121004AAB,Carting,1.796875,31,77.9212,65.0,1.0
IND000000ACB,IND122001AAA,Carting,1.7352941176470589,57,35.4405,34.0,0.9298245614035088
IND000000ACB,IND122015AAC,Carting,2.4449579831932775,2,35.485749999999996,34.5,1.0
IND000000ACB,IND124103AAA,FTL,1.8333333333333333,13,49.3821,47.0,1.0
IND000000ACB,IND124112AAA,FTL,2.157303370786517,7,112.5815,90.0,1.0
IND000000ACB,IND125001AAA,FTL,2.201492537313433,15,170.2434,135.0,1.0
IND000000ACB,IND125005AAA,FTL,1.9522058823529411,4,170.56535,135.5,1.0
IND000000ACB,IND125033AAA,FTL,2.286087570621469,2,152.07659999999998,119.0,1.0
IND000000ACB,IND127021AAA,FTL,1.9444444444444442,2,123.54990000000001,99.0,1.0
IND000000ACB,IND131028AAB,Carting,2.074076147816349,92,86.35195000000002,97.0,1.0
IND000000ACB,IND160002AAC,FTL,2.205188679245283,58,280.16115,211.0,1.0
IND000000ACB,IND201001AAC,Carting,1.8736263736263736,4,86.0572,91.0,1.0
IND000000ACB,IND201007AAA,Carting,1.5974025974025974,9,72.811,77.0,0.7777777777777778
IND000000ACB,IND201301AAF,Carting,1.425,9,75.2903,78.0,0.8888888888888888
IND000000ACB,IND201301AAM,Carting,2.6202531645569622,39,79.85239999999999,81.0,1.0
IND000000ACB,IND209304AAA,FTL,2.2803738317757007,15,444.1549,321.0,1.0
IND000000ACB,IND282002AAD,FTL,1.905109489051095,9,183.2081,136.0,1.0
IND000000ACB,IND301001AAB,FTL,1.7142857142857142,6,114.76365,91.0,1.0
IND000000ACB,IND301705AAA,FTL,3.75,1,62.9226,56.0,1.0
IND000000ACB,IND302014AAA,FTL,1.8794117647058823,30,221.2688,169.0,1.0
IND000000ACB,IND302022AAD,FTL,1.6913702007749207,20,221.44150000000002,168.5,1.0
IND000000ACB,IND328001AAA,FTL,1.818181818181818,5,244.709,198.0,1.0
IND000000ACB,IND382430AAB,FTL,1.860759493670886,17,873.1134000000001,632.0,1.0
IND000000ACB,IND390022AAA,FTL,1.7827338129496404,11,913.3769,695.0,1.0
IND000000ACB,IND411033AAA,FTL,1.7695691890617633,22,1361.7046,1010.0,1.0
IND000000ACB,IND421302AAG,FTL,1.9273858921161824,33,1322.4025,963.0,1.0
IND000000ACB,IND462022AAA,FTL,1.8545841853631164,18,813.9510499999999,588.0,1.0
IND000000ACB,IND474003AAA,FTL,4.475174978127734,2,304.9602,253.0,1.0
IND000000ACB,IND501359AAE,FTL,1.909871244635193,29,1562.7023000000002,1165.0,1.0
IND000000ACB,IND521225AAB,FTL,1.9508580343213728,11,1728.231,1282.0,1.0
IND000000ACB,IND562132AAA,FTL,1.8991700527248199,66,2064.1822,1509.0,1.0
IND000000ACB,IND600056AAB,FTL,1.8605590062111803,14,2190.2241,1610.0,1.0
IND000000ACB,IND712311AAA,FTL,2.032003219425158,48,1427.93005,1016.0,1.0
IND000000ACB,IND751002AAB,FTL,2.0403087478559176,15,1638.6996,1167.0,1.0
IND000000ACB,IND821115AAB,FTL,2.0533625066393597,18,900.8994499999999,646.0,1.0
IND000000ACB,IND834002AAB,FTL,1.8854289071680377,16,1192.90015,851.0,1.0
IND000000ACB,IND842001AAA,FTL,2.047425474254742,19,995.4546,737.0,1.0
IND000000ACK,IND501359AAF,Carting,3.2739130434782613,32,25.954900000000002,21.0,1.0
IND000000ACN,IND501359AAF,Carting,2.284313725490196,16,21.381,18.0,1.0
IND000000ACT,IND000000ACB,Carting,1.6744186046511629,43,42.7567,41.0,0.9534883720930233
IND000000ACT,IND000000ACB,FTL,1.2093023255813953,57,43.7548,43.0,0.5263157894736842
IND000000ACT,IND131028AAB,Carting,1.648148148148148,39,43.3454,56.0,0.9487179487179487
IND000000ACT,IND160002AAC,FTL,2.0372340425531914,21,226.1991,188.0,1.0
IND000000ADM,IND683511AAA,Carting,3.3076923076923075,1,24.4293,26.0,1.0
IND000000ADV,IND600044AAC,Carting,2.0533428165007113,18,47.5303,37.0,1.0
IND000000AEL,IND000000ACB,Carting,1.8448275862068968,17,63.1293,58.0,1.0
IND000000AEM,IND110037AAB,Carting,4.421052631578948,11,39.8704,39.0,1.0
IND000000AEM,IND110064AAB,Carting,2.092592592592593,11,53.1621,55.0,1.0
IND000000AET,IND000000AAS,FTL,2.4646938775510203,8,68.7217,48.5,1.0
IND000000AFF,IND734203AAA,FTL,4.842105263157895,3,27.8663,19.0,1.0
IND000000AFG,IND673027AAB,FTL,1.826086956521739,1,41.4264,46.0,1.0
IND000000AFG,IND673632AAA,FTL,2.3541666666666665,3,42.6643,48.0,1.0
IND000000AFJ,IND695121AAA,Carting,1.08,20,18.366799999999998,26.0,0.15
IND000000AFJ,IND695572AAB,Carting,2.2222222222222223,1,22.1852,27.0,1.0
IND000000AFR,IND683511AAA,Carting,2.0615530303030303,8,30.16375,32.0,1.0
IND000000AFT,IND400072AAB,Carting,1.973684210526316,10,21.138600000000004,19.0,1.0
IND000000AFT,IND400706AAA,Carting,5.222222222222222,1,18.1351,18.0,1.0
IND000000AFT,IND410206AAA,Carting,6.187179487179487,2,18.41255,14.0,1.0
IND000000AFT,IND410206AAB,Carting,3.117647058823529,1,20.5299,17.0,1.0
IND000000AFT,IND410209AAA,Carting,2.2857142857142856,40,17.56525,14.0,1.0
IND000000AFT,IND410210AAA,Carting,2.875,13,17.6222,16.0,1.0
IND000000AFT,IND421302AAG,Carting,2.523809523809524,15,23.4977,21.0,1.0
IND110014AAA,IND110024AAA,Carting,3.4415584415584415,10,11.13665,10.0,1.0
IND110020AAB,IND110037AAM,Carting,3.937747035573123,4,26.3062,23.5,1.0
IND110024AAA,IND110014AAA,Carting,2.723214285714286,6,9.3819,7.0,1.0
IND110030AAD,IND000000ACB,Carting,3.106382978723404,7,45.9485,47.0,1.0
IND110035AAC,IND110037AAM,Carting,1.6666666666666667,3,20.9077,19.0,1.0
IND110037AAK,IND000000ACB,Carting,2.1842105263157894,43,38.7407,38.0,1.0
IND110037AAM,IND000000ACB,FTL,1.5424418604651162,12,44.05995,43.0,1.0
IND110037AAM,IND110020AAB,Carting,3.4615384615384617,9,26.3706,25.0,1.0
IND110037AAM,IND110024AAA,Carting,2.68,14,24.7372,23.5,1.0
IND110037AAM,IND110035AAC,Carting,2.2857142857142856,36,18.3518,20.0,0.9166666666666666
IND110037AAM,IND110064AAA,Carting,5.39375,2,14.17905,18.0,1.0
IND110037AAM,IND110085AAB,Carting,2.0217391304347827,22,21.9404,24.0,1.0
IND110037AAM,IND110092AAC,Carting,2.193548387096774,1,27.751,31.0,1.0
IND110037AAM,IND121004AAB,Carting,2.1555299539170507,46,28.836100000000002,27.0,1.0
IND110037AAM,IND125001AAA,FTL,4.015037593984962,1,164.5073,133.0,1.0
IND110037AAM,IND131028AAB,Carting,2.210526315789474,1,44.0332,57.0,1.0
IND110037AAM,IND201001AAC,Carting,2.0612244897959187,8,42.266099999999994,49.0,0.875
IND110037AAM,IND201007AAA,Carting,2.492016806722689,6,30.137050000000002,34.5,1.0
IND110037AAM,IND201301AAD,Carting,4.567567567567568,3,32.6532,37.0,1.0
IND110037AAM,IND201301AAF,Carting,2.1538461538461537,5,35.1773,39.0,1.0
IND110037AAM,IND202001AAB,FTL,1.7954382826475848,26,152.92115,129.0,1.0
IND110037AAM,IND209304AAA,FTL,2.1167664670658684,25,464.8352,335.0,1.0
IND110037AAM,IND226004AAC,FTL,1.8293333333333333,1,489.2995,375.0,1.0
IND110037AAM,IND250002AAC,FTL,8.724184782608695,2,90.25325000000001,94.0,0.5
IND110037AAM,IND282001AAA,FTL,2.0405405405405403,4,202.20735000000002,149.0,1.0
IND110037AAM,IND282001AAC,FTL,2.1059602649006623,1,202.6035,151.0,1.0
IND110037AAM,IND282002AAD,FTL,1.966887417218543,1,206.0601,151.0,1.0
IND110037AAM,IND421302AAG,FTL,1.9914744232698098,18,1367.7746,997.0,1.0
IND110037AAM,IND781018AAB,FTL,2.5083459787556905,1,1809.2888,1318.0,1.0
IND110037AAM,IND811399AAA,FTL,2.1333333333333333,11,32.1178,36.0,0.7272727272727273
IND110039AAA,IND110085AAB,Carting,3.733333333333333,3,13.4506,15.0,1.0
IND110043AAA,IND000000ACB,Carting,5.05,5,39.2406,38.0,1.0
IND110043AAA,IND110078AAA,Carting,1.7,33,18.4287,21.0,0.9393939393939394
IND110043AAC,IND000000ACB,Carting,1.6206896551724137,1,55.6689,58.0,1.0
IND110044AAB,IND000000ACB,Carting,1.7295698924731182,76,65.2376,61.0,1.0
IND110044AAB,IND110030AAD,Carting,1.5857142857142859,30,13.43895,15.0,0.9666666666666667
IND110044AAB,IND110037AAM,Carting,2.0476190476190474,3,24.686,23.0,1.0
IND110044AAB,IND131028AAB,Carting,1.623219373219373,40,43.1777,52.0,1.0
IND110044AAB,IND201007AAA,Carting,2.5217391304347827,11,19.7873,23.0,1.0
IND110044AAB,IND201301AAF,Carting,1.9126984126984128,12,12.69995,14.0,1.0
IND110052AAA,IND000000ACB,Carting,1.6617866004962778,10,67.77295000000001,63.5,1.0
IND110064AAA,IND000000ACB,Carting,2.076923076923077,39,56.9809,53.0,1.0
IND110064AAA,IND110005AAA,Carting,3.0,1,10.6435,11.0,1.0
IND110078AAA,IND110043AAA,Carting,2.732919254658385,14,19.388849999999998,21.0,1.0
IND110083AAA,IND110085AAB,Carting,2.9411764705882355,1,14.7983,17.0,1.0
IND110085AAB,IND000000ACB,Carting,2.6984126984126986,7,67.5514,64.0,1.0
IND110085AAB,IND110039AAA,Carting,1.738095238095238,4,13.5774,16.0,0.5
IND110085AAB,IND110083AAA,Carting,4.0,3,11.9201,15.0,1.0
IND110085AAB,IND110085AAA,Carting,2.076923076923077,1,11.4111,13.0,1.0
IND110085AAB,IND110087AAA,Carting,2.0,3,11.7553,13.0,0.6666666666666666
IND110092AAC,IND000000ACB,Carting,2.1962391513982644,6,69.1793,68.0,1.0
IND110092AAC,IND110093AAA,Carting,3.25,1,12.8317,16.0,1.0
IND110093AAA,IND110092AAC,Carting,3.2222222222222223,1,15.547,18.0,1.0
IND110095AAB,IND000000ACB,Carting,1.5211267605633805,1,71.6641,71.0,1.0
IND121001AAA,IND121004AAB,Carting,2.0,23,12.153,11.0,1.0
IND121002AAA,IND121004AAB,Carting,19.08333333333333,1,11.2338,12.0,1.0
IND121002AAB,IND000000ACB,Carting,2.09375,29,75.7733,65.0,1.0
IND121004AAA,IND121004AAB,Carting,2.3833333333333333,10,17.5154,14.5,1.0
IND121004AAB,IND000000ACB,Carting,1.809090909090909,34,75.9811,65.0,1.0
IND121004AAB,IND110037AAM,Carting,2.583333333333333,37,28.2936,25.0,1.0
IND121004AAB,IND121001AAA,Carting,1.809090909090909,22,11.4816,10.5,1.0
IND121004AAB,IND121002AAA,Carting,2.909090909090909,1,10.3547,11.0,1.0
IND121004AAB,IND121004AAA,Carting,1.75,23,16.5446,12.0,1.0
IND121004AAB,IND121004AAC,Carting,1.8461538461538465,9,16.6152,13.0,1.0
IND121004AAB,IND121102AAA,Carting,1.9310344827586208,41,39.8523,28.0,1.0
IND121004AAC,IND121004AAB,Carting,4.095588235294118,6,16.565800000000003,12.5,1.0
IND121102AAA,IND121004AAB,Carting,3.992857142857143,12,40.2281,29.0,1.0
IND122001AAA,IND000000ACB,Carting,1.7235521235521234,20,35.73245,34.0,0.95
IND122001AAA,IND122001AAD,Carting,3.2,3,12.6033,12.0,1.0
IND122001AAA,IND122050AAA,Carting,4.892857142857143,1,24.9983,28.0,1.0
IND122001AAA,IND122101AAC,Carting,1.375,1,13.6755,16.0,1.0
IND122001AAD,IND122050AAA,Carting,1.8872549019607843,10,16.641849999999998,20.0,0.9
IND122001AAJ,IND507123AAA,FTL,0.7758620689655172,13,39.431,58.0,0.0
IND122002AAD,IND122503AAA,Carting,2.285,2,29.54775,22.5,1.0
IND122004AAA,IND000000ACB,Carting,1.6176470588235294,1,35.6947,34.0,1.0
IND122004AAA,IND122413AAE,Carting,1.7647058823529411,43,35.7912,34.0,1.0
IND122503AAA,IND122001AAA,Carting,4.5997150997151,2,34.04905,26.5,1.0
IND123001AAA,IND123401AAB,FTL,1.911764705882353,13,44.1692,34.0,1.0
IND123401AAB,IND000000ACB,FTL,2.0,3,66.0395,62.0,1.0
IND123401AAB,IND123106AAB,FTL,1.96,10,53.46755,50.0,1.0
IND124001AAB,IND126102AAA,FTL,2.520348837209302,4,60.50635,43.5,1.0
IND124103AAA,IND127021AAA,FTL,1.8846153846153848,9,74.3035,52.0,1.0
IND124112AAA,IND125001AAA,FTL,2.816161616161616,2,55.8926,44.5,1.0
IND124112AAA,IND125005AAA,FTL,2.4507246376811596,2,56.3482,45.5,1.0
IND124112AAA,IND125033AAA,FTL,1.7214285714285715,4,36.35185,28.5,1.0
IND124141AAA,IND000000ACB,FTL,2.0652768284347234,10,92.62684999999999,79.0,1.0
IND124507AAA,IND131028AAB,FTL,2.260869565217391,9,36.9301,45.0,1.0
IND124507AAA,IND131028AAE,FTL,2.511627906976744,3,42.099,44.0,1.0
IND125001AAA,IND000000ACB,FTL,2.0037589828634603,10,170.45145000000002,135.0,1.0
IND125001AAA,IND110037AAM,FTL,3.6417910447761193,11,172.4913,132.0,1.0
IND125001AAA,IND125047AAB,FTL,2.057142857142857,7,42.0326,35.0,1.0
IND125001AAA,IND125051AAA,FTL,3.3492063492063493,1,78.5245,63.0,1.0
IND125001AAA,IND335501AAA,FTL,7.949367088607595,1,83.99119999999999,79.0,1.0
IND125001AAA,IND335513AAA,FTL,1.7466666666666666,7,179.8029,151.0,1.0
IND125001AAA,IND335523AAB,FTL,3.147557328015952,4,127.0227,118.0,1.0
IND125001AAA,IND335524AAA,FTL,1.902439024390244,5,167.69289999999998,164.0,1.0
IND125005AAA,IND000000ACB,FTL,1.927007299270073,5,171.9355,137.0,1.0
IND125005AAA,IND125047AAB,FTL,2.1714285714285717,3,42.031400000000005,35.0,1.0
IND125005AAA,IND335513AAA,FTL,1.7733333333333334,3,179.057,150.0,1.0
IND125005AAA,IND335523AAB,FTL,2.6050420168067228,1,127.9463,119.0,1.0
IND125005AAA,IND335524AAA,FTL,1.6818181818181819,2,169.06279999999998,166.5,1.0
IND125033AAA,IND125001AAA,FTL,2.0,3,21.2745,17.0,1.0
IND125033AAA,IND125005AAA,FTL,2.0620915032679736,2,21.5574,17.5,1.0
IND125047AAB,IND125050AAA,FTL,2.7142857142857144,1,44.6977,35.0,1.0
IND125047AAB,IND125051AAA,FTL,2.1842105263157894,10,68.73435,57.0,1.0
IND125050AAA,IND125051AAA,FTL,1.7186147186147185,2,23.45665,21.5,1.0
IND125051AAA,IND125111AAA,FTL,1.0489583333333334,4,21.792,31.0,0.0
IND125104AAA,IND125005AAA,FTL,2.5871559633027523,1,152.1319,109.0,1.0
IND125111AAA,IND125121AAA,FTL,3.295866935483871,2,37.91675,31.5,1.0
IND125121AAA,IND125001AAA,FTL,3.9,3,36.9483,30.0,1.0
IND126102AAA,IND126116AAA,FTL,2.260869565217391,5,32.845,23.0,1.0
IND126102AAA,IND131301AAA,FTL,2.1571428571428575,2,46.69845,35.0,1.0
IND126112AAA,IND131028AAB,FTL,2.2641314553990606,16,89.5139,72.0,0.9375
IND126116AAA,IND131301AAA,FTL,2.819672131147541,5,83.2686,61.0,1.0
IND127021AAA,IND127201AAA,FTL,1.8421052631578947,8,55.09065,38.5,1.0
IND127201AAA,IND124141AAA,FTL,2.4375,3,48.4122,34.0,1.0
IND131021AAA,IND131028AAA,Carting,1.7272727272727273,53,13.0893,11.0,0.8867924528301887
IND131028AAB,IND000000ACB,Carting,1.906426400347373,86,89.73310000000001,97.0,0.9883720930232558
IND131028AAB,IND110037AAM,Carting,2.2758620689655173,7,47.9002,57.0,1.0
IND131028AAB,IND124001AAB,FTL,1.778846153846154,4,65.80325,54.5,1.0
IND131028AAB,IND124507AAA,FTL,1.9404761904761905,10,36.71885,42.0,1.0
IND131028AAB,IND132103AAA,FTL,5.326923076923077,2,59.6565,46.0,1.0
IND131028AAB,IND136118AAA,FTL,1.9893617021276595,17,128.69639999999998,95.0,1.0
IND131028AAB,IND160002AAC,FTL,1.7595419847328244,30,181.91680000000002,130.0,1.0
IND131028AAB,IND201204AAA,FTL,2.0851063829787235,9,62.7057,47.0,1.0
IND131028AAB,IND244001AAA,FTL,1.944099378881988,19,201.2372,159.0,1.0
IND131028AAB,IND244235AAA,FTL,1.7603305785123966,21,153.4476,121.0,1.0
IND131028AAB,IND247667AAA,FTL,1.9640287769784173,5,163.0853,139.0,1.0
IND131028AAB,IND247667AAB,FTL,1.9285714285714288,15,163.7663,140.0,1.0
IND131028AAB,IND248001AAA,FTL,1.7934272300469485,2,245.63925,213.0,1.0
IND131028AAB,IND248001AAD,FTL,1.8726415094339623,1,245.6096,212.0,1.0
IND131028AAB,IND249407AAA,FTL,1.8666666666666667,1,196.1742,180.0,1.0
IND131028AAB,IND250002AAA,FTL,1.808219178082192,1,89.5733,73.0,1.0
IND131028AAB,IND250002AAC,FTL,5.625,1,89.7878,72.0,1.0
IND131028AAB,IND250609AAA,FTL,2.9545454545454546,1,24.9115,22.0,1.0
IND131028AAB,IND250611AAA,FTL,3.3142857142857145,3,38.9892,35.0,1.0
IND131028AAB,IND251001AAA,FTL,1.930565088080531,10,117.0308,95.0,1.0
IND131028AAE,IND124507AAA,FTL,1.7333333333333334,1,42.7911,45.0,1.0
IND131301AAA,IND131028AAB,FTL,3.0358974358974358,2,55.265699999999995,39.5,1.0
IND132001AAA,IND131028AAB,FTL,3.664473684210526,2,95.79400000000001,76.0,1.0
IND132001AAA,IND132103AAA,FTL,3.147058823529412,1,38.0852,34.0,1.0
IND132001AAA,IND132103AAB,FTL,4.0588235294117645,3,37.5003,32.0,1.0
IND132103AAA,IND131028AAB,FTL,2.913793103448276,3,59.3272,45.0,1.0
IND132103AAA,IND132001AAA,FTL,1.7714285714285714,5,39.1595,35.0,1.0
IND132103AAB,IND131028AAB,FTL,3.2981601731601726,6,58.072900000000004,44.0,1.0
IND132103AAB,IND132001AAA,FTL,1.496969696969697,2,39.8086,31.5,1.0
IND133004AAA,IND135001AAA,FTL,1.660774410774411,6,56.6245,54.0,1.0
IND134102AAA,IND174103AAA,FTL,2.75,16,19.85415,14.0,1.0
IND134109AAA,IND160002AAC,Carting,12.83783783783784,15,43.66,37.0,1.0
IND134203AAA,IND140501AAA,Carting,1.575,14,48.934200000000004,40.0,1.0
IND134203AAA,IND160002AAC,Carting,3.324324324324324,1,45.1598,37.0,1.0
IND135001AAA,IND173025AAA,FTL,2.326010101010101,12,58.38055,45.0,1.0
IND136027AAA,IND132039AAA,FTL,1.8235294117647056,21,39.400400000000005,34.0,1.0
IND136118AAA,IND136128AAA,FTL,1.4001322751322751,22,28.10095,27.5,1.0
IND136128AAA,IND136027AAA,FTL,2.0954545454545457,22,28.820050000000002,20.0,1.0
IND140001AAA,IND140118AAA,FTL,1.7575757575757576,19,39.9061,33.0,1.0
IND140118AAA,IND160002AAC,FTL,1.6,17,108.2867,104.0,1.0
IND140301AAA,IND140001AAA,FTL,1.6666666666666667,21,26.4948,24.0,1.0
IND140301AAA,IND140901AAA,Carting,2.066666666666667,19,15.2782,14.0,1.0
IND140401AAA,IND000000ACA,FTL,2.814814814814815,3,74.1838,52.0,1.0
IND140401AAA,IND142401AAA,FTL,1.5757575757575757,3,44.9258,33.0,1.0
IND140401AAA,IND147301AAA,FTL,1.4782608695652173,1,32.8339,23.0,1.0
IND140406AAA,IND140401AAA,FTL,1.5833333333333333,7,30.5845,24.0,0.7142857142857143
IND140501AAA,IND160002AAC,Carting,2.514705882352941,14,19.6787,16.0,1.0
IND140901AAA,IND160002AAC,Carting,1.8390379278445885,20,57.18415,47.0,1.0
IND140901AAA,IND160055AAA,Carting,1.7857142857142858,20,13.593599999999999,14.0,1.0
IND141003AAB,IND000000ACA,Carting,1.813186813186813,2,13.35745,10.0,1.0
IND141003AAB,IND141109AAA,FTL,1.0,1,47.3357,47.0,0.0
IND141003AAB,IND142026AAA,FTL,1.6774193548387095,21,40.7157,31.0,1.0
IND141010AAA,IND000000ACA,Carting,1.818181818181818,1,15.531,11.0,1.0
IND141109AAA,IND000000ACA,FTL,1.2916666666666665,18,59.772549999999995,56.5,0.5555555555555556
IND141115AAA,IND000000ACA,FTL,1.4488095238095235,14,29.4784,30.0,0.8571428571428571
IND142001AAB,IND151001AAA,FTL,2.6515151515151514,1,85.58139999999999,66.0,1.0
IND142001AAB,IND152026AAA,FTL,1.6451612903225807,29,79.5451,62.0,1.0
IND142026AAA,IND000000ACA,FTL,2.75,1,54.4594,40.0,1.0
IND142026AAA,IND141109AAA,FTL,1.436904761904762,18,23.547849999999997,35.0,1.0
IND142401AAA,IND000000ACA,FTL,1.875,6,28.5001,20.0,1.0
IND143001AAA,IND144001AAB,FTL,2.272727272727273,19,85.8845,63.0,1.0
IND144001AAA,IND144040AAA,FTL,1.8723684210526317,16,26.034100000000002,19.5,1.0
IND144001AAB,IND000000ACA,FTL,2.358490566037736,23,75.6466,53.0,1.0
IND144001AAB,IND143001AAA,FTL,1.5,17,85.1994,63.0,1.0
IND144001AAB,IND144401AAB,Carting,2.0,13,14.4596,14.0,0.9230769230769231
IND144001AAB,IND144601AAA,FTL,3.6875,3,19.5231,16.0,1.0
IND144001AAB,IND160002AAC,FTL,5.810344827586207,1,162.17829999999998,116.0,1.0
IND144001AAC,IND000000ACA,Carting,1.649122807017544,1,76.2764,57.0,1.0
IND144001AAC,IND000000ACA,FTL,1.9245283018867925,11,71.1327,53.0,1.0
IND144001AAC,IND160002AAC,Carting,2.544642857142857,15,159.83229999999998,112.0,1.0
IND144040AAA,IND144001AAB,FTL,2.13125,10,27.092750000000002,19.0,1.0
IND144401AAB,IND144001AAB,Carting,1.9166666666666667,17,13.179,11.0,1.0
IND144514AAA,IND000000ACA,FTL,1.7241379310344829,1,55.3215,58.0,1.0
IND144514AAA,IND141115AAA,FTL,1.75,5,26.1322,28.0,1.0
IND144527AAA,IND141115AAA,FTL,1.8676470588235294,4,34.76015,34.0,1.0
IND144601AAA,IND144001AAA,FTL,2.0018382352941178,2,21.46695,16.5,1.0
IND144601AAA,IND144040AAA,FTL,1.7586206896551724,1,41.5967,29.0,1.0
IND145001AAA,IND176201AAA,FTL,1.7916666666666667,7,17.6282,22.0,1.0
IND145001AAA,IND176303AAA,FTL,1.1844660194174756,1,78.1911,103.0,0.0
IND147001AAB,IND147201AAA,FTL,1.3205619412515965,6,27.10445,28.0,0.8333333333333334
IND147001AAB,IND160002AAC,FTL,7.090909090909091,7,45.262800000000006,33.0,1.0
IND147001AAD,IND147201AAA,FTL,1.5,1,26.912,28.0,1.0
IND147001AAD,IND148023AAA,FTL,1.253968253968254,1,58.9258,63.0,1.0
IND147001AAD,IND160002AAC,FTL,4.193548387096774,5,45.5683,33.0,1.0
IND147101AAA,IND147105AAA,FTL,1.4166666666666667,7,26.8678,24.0,1.0
IND147101AAA,IND160002AAC,FTL,7.017241379310345,1,76.0523,58.0,1.0
IND147105AAA,IND147101AAA,FTL,1.4230769230769231,1,28.1092,26.0,1.0
IND147105AAA,IND160002AAC,FTL,8.411764705882353,7,105.6492,85.0,1.0
IND147201AAA,IND148023AAA,FTL,1.121212121212121,6,30.414450000000002,33.0,0.16666666666666666
IND147301AAA,IND000000ACA,FTL,1.5333333333333334,1,36.9875,30.0,1.0
IND147301AAA,IND140401AAA,FTL,1.3333333333333333,1,39.0861,30.0,1.0
IND148023AAA,IND148001AAA,FTL,1.3408045977011493,2,32.92355,29.5,1.0
IND148023AAA,IND148024AAB,FTL,2.0,1,19.4578,18.0,1.0
IND148028AAA,IND147001AAB,FTL,1.8113207547169812,10,65.09275,53.0,1.0
IND148028AAA,IND147001AAD,FTL,1.7980769230769234,2,63.2515,51.5,1.0
IND148102AAA,IND151001AAA,FTL,1.827586206896552,1,68.315,58.0,1.0
IND151001AAA,IND148101AAA,FTL,1.223609872137972,8,60.82,57.5,0.5
IND151001AAA,IND151103AAA,FTL,1.4735449735449735,4,28.423949999999998,27.0,1.0
IND151001AAA,IND151302AAA,FTL,0.8292682926829268,11,54.5126,41.0,0.09090909090909091
IND151001AAA,IND160002AAC,FTL,1.5345911949685536,21,203.2861,159.0,1.0
IND151103AAA,IND151001AAA,FTL,15.672364672364672,2,28.80985,26.5,1.0
IND151302AAA,IND151505AAA,FTL,0.8947368421052632,15,43.9908,38.0,0.06666666666666667
IND151505AAA,IND151506AAA,FTL,1.7692307692307692,5,33.994699999999995,27.0,0.6
IND151506AAA,IND151001AAA,FTL,1.3705985915492958,18,81.8471,73.0,0.9444444444444444
IND152024AAA,IND152123AAA,FTL,1.732258064516129,2,33.01095,30.5,1.0
IND152026AAA,IND000000ACA,FTL,4.533333333333333,19,159.7357,121.0,1.0
IND152026AAA,IND151001AAA,FTL,1.018867924528302,11,51.3308,53.0,0.09090909090909091
IND152026AAA,IND152024AAA,FTL,2.0,2,30.62065,21.0,1.0
IND152026AAA,IND152101AAA,FTL,1.1764705882352942,1,47.0594,34.0,0.0
IND152026AAA,IND152107AAA,FTL,2.095238095238096,1,30.0671,21.0,1.0
IND152026AAA,IND152116AAA,FTL,1.5,2,57.939499999999995,41.0,1.0
IND152026AAA,IND160002AAC,FTL,4.505555555555556,1,243.8385,180.0,1.0
IND152101AAA,IND152026AAA,FTL,2.2272727272727275,2,46.7525,33.0,1.0
IND152107AAA,IND152026AAA,FTL,4.173913043478261,1,33.243,23.0,1.0
IND152116AAA,IND152026AAA,FTL,2.3902439024390243,1,58.2905,41.0,1.0
IND152123AAA,IND152026AAA,FTL,2.480769230769231,1,62.9841,52.0,1.0
IND160002AAC,IND000000ACA,FTL,1.984126984126984,28,89.61054999999999,63.0,1.0
IND160002AAC,IND000000ACB,FTL,1.9905436823750335,66,280.26784999999995,211.0,1.0
IND160002AAC,IND110037AAM,FTL,1.8054054054054052,9,229.1577,185.0,1.0
IND160002AAC,IND131028AAB,FTL,1.9154387833599622,12,182.03404999999998,129.5,1.0
IND160002AAC,IND134203AAA,Carting,2.810810810810811,1,44.8425,37.0,1.0
IND160002AAC,IND135001AAA,FTL,1.8688524590163933,1,67.1824,61.0,1.0
IND160002AAC,IND140301AAA,FTL,1.434782608695652,21,38.183,47.0,0.9523809523809523
IND160002AAC,IND140603AAA,Carting,1.25,29,28.9519,28.0,0.7931034482758621
IND160002AAC,IND140901AAA,Carting,1.446808510638298,21,57.0374,47.0,1.0
IND160002AAC,IND142001AAB,FTL,1.8360875706214688,18,164.47115000000002,118.5,1.0
IND160002AAC,IND143001AAA,FTL,1.9830508474576272,11,246.7401,176.0,1.0
IND160002AAC,IND144001AAB,FTL,2.1621621621621623,13,158.5797,112.0,1.0
IND160002AAC,IND147001AAB,FTL,2.055555555555556,3,46.7842,35.0,1.0
IND160002AAC,IND147001AAD,FTL,2.0526315789473686,7,52.5001,38.0,1.0
IND160002AAC,IND147101AAA,FTL,2.23728813559322,9,73.8163,59.0,1.0
IND160002AAC,IND147105AAA,FTL,2.0595238095238093,3,102.25,85.0,1.0
IND160002AAC,IND151001AAA,FTL,1.7134146341463414,15,203.9193,158.0,1.0
IND160002AAC,IND160003AAA,Carting,2.0,1,41.4919,31.0,1.0
IND160002AAC,IND160055AAA,Carting,1.095292115711855,16,33.87625,42.0,0.1875
IND160002AAC,IND160102AAC,Carting,1.7647058823529411,25,44.638,35.0,1.0
IND160002AAC,IND173212AAA,FTL,2.1426985370950886,18,99.599,88.0,1.0
IND160002AAC,IND174001AAA,FTL,2.043011305241521,16,180.0813,139.0,1.0
IND160002AAC,IND174103AAA,FTL,1.3076923076923077,1,77.5153,65.0,1.0
IND160002AAC,IND174307AAA,FTL,1.3536019536019537,14,194.45555000000002,180.5,1.0
IND160002AAC,IND176041AAA,FTL,1.4383332559111812,2,216.5543,207.5,1.0
IND160002AAC,IND181152AAA,FTL,1.8603896103896105,2,377.77835,308.0,1.0
IND160002AAC,IND184104AAA,FTL,1.8775933609958506,6,307.71580000000006,241.0,1.0
IND160002AAC,IND421302AAG,FTL,2.535964912280701,1,1584.1409,1140.0,1.0
IND160002AAC,IND562132AAA,FTL,2.244365361803084,1,2326.1991000000003,1686.0,1.0
IND160003AAA,IND160002AAC,Carting,3.0,1,44.446,34.0,1.0
IND160055AAA,IND160002AAC,Carting,1.1,21,33.5366,41.0,0.38095238095238093
IND160102AAC,IND160002AAC,Carting,2.0702614379084965,28,44.65575,34.0,1.0
IND160102AAD,IND160002AAC,Carting,1.5900735294117647,12,43.6608,34.0,1.0
IND160102AAD,IND160002AAD,Carting,2.117647058823529,3,44.446,34.0,1.0
IND173025AAA,IND160002AAC,FTL,2.3737373737373737,11,106.4389,100.0,1.0
IND173212AAA,IND134102AAA,FTL,3.8484848484848486,2,43.25705000000001,33.0,1.0
IND173212AAA,IND160002AAC,FTL,2.0105263157894737,1,101.7296,95.0,1.0
IND173212AAA,IND173220AAA,FTL,3.3076923076923075,5,36.8201,28.0,1.0
IND173212AAA,IND174103AAA,FTL,3.375,1,58.7798,48.0,1.0
IND173220AAA,IND173212AAA,FTL,3.53125,1,41.0419,32.0,1.0
IND173220AAA,IND174103AAA,FTL,2.628571428571429,2,21.279449999999997,18.0,1.0
IND174001AAA,IND175018AAA,FTL,2.5185185185185186,15,37.6677,26.0,1.0
IND174021AAA,IND176048AAA,FTL,2.086666666666667,12,28.26305,26.5,1.0
IND174101AAB,IND134102AAA,FTL,2.6666666666666665,1,30.2666,21.0,1.0
IND174101AAB,IND160002AAC,FTL,2.5064935064935066,11,93.2949,77.0,1.0
IND174103AAA,IND160002AAC,FTL,2.7384615384615385,6,77.22575,65.0,1.0
IND174307AAA,IND176041AAA,FTL,1.0769230769230769,17,35.9815,54.0,0.29411764705882354
IND175001AAA,IND175101AAA,FTL,1.9726027397260275,17,63.4834,74.0,1.0
IND175015AAA,IND174001AAA,FTL,7.263157894736842,13,121.195,131.0,1.0
IND175018AAA,IND175001AAA,FTL,2.9333333333333336,16,22.1319,15.0,1.0
IND175101AAA,IND160002AAC,FTL,2.2825844205408004,4,284.94085,264.5,1.0
IND176048AAA,IND175015AAA,FTL,2.021505376344086,11,78.5847,95.0,1.0
IND176061AAA,IND160002AAC,FTL,3.0144210933470865,2,288.7885,278.5,1.0
IND176110AAB,IND177033AAA,FTL,2.1,9,27.3424,30.0,1.0
IND176201AAA,IND176303AAA,FTL,1.6027397260273972,9,65.2679,74.0,1.0
IND176215AAA,IND176061AAA,FTL,1.8695652173913044,3,33.5531,46.0,1.0
IND176303AAA,IND176310AAA,FTL,1.335704291044776,10,45.695350000000005,69.0,0.8
IND176310AAA,IND145001AAA,FTL,6.177514792899408,13,124.2269,172.0,1.0
IND177001AAA,IND176110AAB,FTL,1.809523809523809,7,24.0675,22.0,1.0
IND177033AAA,IND160002AAC,FTL,2.886503443374262,18,214.3071,201.0,1.0
IND177101AAA,IND176001AAA,FTL,1.6966101694915254,2,43.86415,59.5,1.0
IND177101AAA,IND176001AAB,FTL,1.2203389830508475,1,42.9878,59.0,1.0
IND177203AAA,IND177101AAA,FTL,1.5135135135135136,3,32.0739,37.0,1.0
IND181152AAA,IND184121AAA,FTL,1.4666666666666666,5,36.5022,32.0,1.0
IND181152AAB,IND160002AAC,FTL,1.983221476510067,1,376.721,298.0,1.0
IND181152AAB,IND181201AAB,Carting,3.217391304347826,7,32.1035,23.0,1.0
IND181152AAB,IND184121AAA,FTL,1.640625,4,36.462650000000004,32.0,1.0
IND181201AAB,IND181152AAB,Carting,5.08307453416149,8,31.752499999999998,24.0,1.0
IND184104AAA,IND160002AAC,FTL,1.8668192219679636,4,300.79385,229.0,1.0
IND184104AAA,IND181152AAA,FTL,1.4857142857142858,3,77.41760000000001,70.0,1.0
IND184104AAA,IND181152AAB,FTL,1.367907444668008,2,77.80655,70.5,1.0
IND184104AAA,IND184121AAA,FTL,1.575,3,43.1069,40.0,0.6666666666666666
IND184121AAA,IND160002AAC,FTL,1.8226415094339623,5,340.6044,266.0,1.0
IND184121AAA,IND181152AAA,FTL,1.375,1,36.7359,32.0,1.0
IND184121AAA,IND181152AAB,FTL,1.3225806451612905,1,34.7509,31.0,1.0
IND184121AAA,IND184104AAA,FTL,1.205128205128205,3,41.0848,38.0,0.6666666666666666
IND201001AAA,IND201007AAA,Carting,3.2884615384615383,4,10.6157,13.5,1.0
IND201001AAC,IND000000ACB,Carting,2.4705882352941178,1,85.1514,85.0,1.0
IND201001AAC,IND110037AAM,Carting,1.8295454545454546,2,41.81025,44.0,1.0
IND201005AAA,IND201007AAA,Carting,3.2857142857142856,1,10.9884,14.0,1.0
IND201007AAA,IND201001AAA,Carting,1.6553030303030303,2,10.4372,11.5,1.0
IND201007AAA,IND201005AAA,Carting,5.0625,1,12.7747,16.0,1.0
IND201007AAA,IND201007AAB,Carting,5.368421052631579,1,13.7023,19.0,1.0
IND201007AAA,IND245101AAA,Carting,2.047169811320755,2,45.9469,53.0,1.0
IND201007AAA,IND245304AAA,Carting,2.216216216216216,11,32.4253,38.0,1.0
IND201007AAB,IND110044AAB,Carting,1.7543103448275863,10,28.59585,33.5,0.9
IND201007AAB,IND201007AAA,Carting,4.035714285714286,2,11.77685,14.0,1.0
IND201007AAB,IND201301AAF,Carting,2.933333333333333,5,13.0087,16.0,1.0
IND201204AAA,IND250002AAA,FTL,1.6428571428571428,6,23.08345,21.0,0.8333333333333334
IND201301AAD,IND110037AAM,Carting,5.252123552123551,2,35.39905,36.0,1.0
IND201301AAF,IND201301AAL,Carting,1.4166666666666667,1,21.5816,24.0,1.0
IND201301AAF,IND201304AAA,Carting,1.7951388888888888,12,11.358550000000001,16.0,1.0
IND201301AAF,IND203205AAA,FTL,2.0,19,45.0309,45.0,1.0
IND201301AAL,IND201301AAF,Carting,1.68,11,23.3817,26.0,1.0
IND201301AAL,IND201307AAA,Carting,1.263157894736842,5,19.5069,21.0,0.8
IND201301AAM,IND000000ACB,Carting,2.987012987012987,27,79.97489999999999,77.0,1.0
IND201304AAA,IND201301AAF,Carting,2.2225274725274726,18,11.4633,13.0,1.0
IND201306AAA,IND201301AAF,Carting,3.1077694235588975,8,17.5018,19.0,1.0
IND201306AAA,IND201304AAA,Carting,11.6,1,13.3995,15.0,1.0
IND201307AAA,IND201301AAL,Carting,1.256578947368421,28,18.92705,20.5,0.5714285714285714
IND202001AAB,IND110037AAM,FTL,2.0846153846153848,1,147.5217,130.0,1.0
IND202001AAB,IND205001AAB,FTL,2.543269230769231,8,136.7223,104.0,1.0
IND202001AAB,IND207123AAA,FTL,2.8108974358974357,2,71.01745,51.5,1.0
IND202001AAB,IND282002AAD,FTL,2.0675675675675675,10,92.1499,74.0,1.0
IND202001AAC,IND204215AAA,Carting,2.8001672240802673,4,34.220699999999994,24.0,1.0
IND203001AAA,IND203131AAA,FTL,3.615384615384616,5,17.2807,12.0,1.0
IND203131AAA,IND203135AAA,FTL,1.5,16,34.75995,38.0,1.0
IND203135AAA,IND203390AAA,FTL,1.5401509951956074,4,84.21385000000001,92.5,1.0
IND203135AAA,IND203396AAB,FTL,1.5517241379310345,12,55.8355,57.5,1.0
IND203390AAA,IND201301AAF,FTL,2.5958440721649483,20,103.09845,96.0,1.0
IND203396AAB,IND203390AAA,FTL,1.3333333333333333,15,43.1407,39.0,0.9333333333333333
IND204101AAA,IND202001AAB,FTL,2.961337513061651,2,40.3863,31.0,1.0
IND204101AAA,IND282002AAD,FTL,7.888719512195122,2,47.82815000000001,40.5,1.0
IND204215AAA,IND207001AAA,Carting,3.1363636363636367,6,32.1965,22.5,1.0
IND205001AAB,IND110037AAM,FTL,3.3189655172413794,1,285.3218,232.0,1.0
IND205001AAB,IND205135AAA,Carting,2.025,1,43.6495,40.0,1.0
IND205001AAB,IND205135AAA,FTL,2.1578947368421053,7,43.369800000000005,40.0,1.0
IND205001AAB,IND209625AAA,FTL,2.6779661016949152,1,65.611,59.0,1.0
IND205001AAB,IND209721AAB,FTL,2.25,10,52.995850000000004,40.5,1.0
IND205001AAB,IND283203AAA,FTL,4.689655172413793,1,66.034,58.0,1.0
IND205135AAA,IND283203AAA,Carting,2.3157894736842106,1,23.6153,19.0,1.0
IND205135AAA,IND283203AAA,FTL,2.176470588235294,12,22.3859,18.0,1.0
IND206001AAA,IND000000ACB,FTL,1.9594093910491561,20,310.43625,233.0,1.0
IND206122AAA,IND206001AAA,FTL,1.4893617021276595,19,66.91369999999999,47.0,0.8421052631578947
IND207001AAA,IND207302AAA,Carting,1.6667682926829268,6,40.929500000000004,40.5,1.0
IND207123AAA,IND202001AAB,FTL,8.098039215686274,1,70.0116,51.0,1.0
IND207247AAB,IND205001AAB,FTL,2.2685185185185186,10,51.43945,54.0,1.0
IND207302AAA,IND202001AAB,Carting,5.019807923169267,6,68.3236,50.0,1.0
IND208006AAA,IND209304AAA,Carting,7.916666666666667,3,30.0545,24.0,1.0
IND208012AAA,IND209304AAA,Carting,41.5,13,18.1243,15.0,1.0
IND208017AAA,IND209304AAA,Carting,16.947916666666664,6,13.82065,12.0,1.0
IND208019AAA,IND209304AAA,Carting,11.284926470588236,6,16.37985,16.0,1.0
IND209101AAA,IND209111AAA,FTL,0.8333333333333334,14,64.555,45.5,0.14285714285714285
IND209111AAA,IND285001AAD,FTL,2.1714285714285717,21,49.9361,36.0,1.0
IND209206AAB,IND210301AAA,Carting,2.2,15,21.6843,15.0,1.0
IND209304AAA,IND000000ACB,FTL,1.9603658536585369,35,445.7063,328.0,1.0
IND209304AAA,IND110037AAM,FTL,2.2923976608187138,6,467.83875,341.5,1.0
IND209304AAA,IND206122AAA,FTL,1.6274509803921569,20,70.2799,49.0,1.0
IND209304AAA,IND208006AAA,Carting,1.51,14,30.61215,25.0,0.7142857142857143
IND209304AAA,IND208012AAA,Carting,1.75,21,18.8281,16.0,0.5238095238095238
IND209304AAA,IND208019AAA,Carting,4.80625,18,16.2845,16.0,1.0
IND209304AAA,IND209101AAA,FTL,3.0,16,20.869100000000003,14.0,0.875
IND209304AAA,IND209206AAB,Carting,0.7982456140350878,18,57.5607,58.0,0.05555555555555555
IND209304AAA,IND209801AAA,Carting,2.681818181818182,20,47.52345,33.0,0.85
IND209304AAA,IND211002AAB,FTL,1.5755395683453235,21,196.4566,139.0,0.9047619047619048
IND209304AAA,IND212601AAA,FTL,2.2164179104477615,16,96.66810000000001,68.0,0.9375
IND209304AAA,IND221313AAA,FTL,2.0562770562770565,6,326.2649,231.0,1.0
IND209304AAA,IND282001AAA,FTL,2.530054644808743,9,259.3381,183.0,1.0
IND209625AAA,IND241124AAB,FTL,1.3636363636363635,11,52.5103,65.0,0.8181818181818182
IND209721AAB,IND209625AAA,FTL,1.3394886363636362,10,28.744349999999997,32.0,0.8
IND209801AAA,IND209304AAA,Carting,20.75757575757576,5,46.0073,32.0,1.0
IND210001AAA,IND210427AAA,FTL,3.822528883183569,10,54.8667,40.0,1.0
IND210427AAA,IND209304AAA,FTL,2.9915254237288136,9,164.1901,118.0,1.0
IND210431AAA,IND209304AAA,FTL,2.369369369369369,5,125.92,111.0,1.0
IND210501AAB,IND209304AAA,Carting,2.4615384615384617,16,115.4576,91.0,1.0
IND211002AAB,IND209304AAA,FTL,1.855072463768116,16,195.95745,138.0,1.0
IND211002AAB,IND211011AAA,Carting,4.625,13,10.3753,7.0,1.0
IND211002AAB,IND211013AAA,Carting,5.071428571428571,7,20.5758,15.0,1.0
IND211002AAB,IND485001AAC,FTL,2.473684210526316,13,185.3955,133.0,1.0
IND211008AAA,IND211002AAB,Carting,9.28125,6,22.83415,16.0,1.0
IND211011AAA,IND212501AAA,Carting,3.952380952380953,13,30.4269,21.0,1.0
IND212402AAA,IND211002AAB,Carting,29.13888888888889,13,48.8429,36.0,1.0
IND212501AAA,IND212402AAA,Carting,1.72,13,23.4775,25.0,1.0
IND212601AAA,IND210001AAA,FTL,2.335668103448276,16,84.96755,61.0,1.0
IND221010AAB,IND222001AAA,FTL,2.731707317073171,1,57.9928,41.0,1.0
IND221010AAB,IND232101AAB,Carting,27.0,1,25.0859,21.0,1.0
IND221010AAB,IND233001AAA,FTL,11.214285714285714,3,78.42460000000001,55.0,1.0
IND221303AAA,IND231001AAA,FTL,1.625,3,29.2527,23.0,1.0
IND221313AAA,IND211002AAB,FTL,4.054172510518934,6,130.92185,93.0,1.0
IND221313AAA,IND221010AAA,Carting,6.375,1,11.7824,8.0,1.0
IND221313AAA,IND221401AAA,FTL,16.714285714285715,1,47.8665,35.0,1.0
IND221313AAA,IND222136AAA,FTL,18.35,1,56.2867,40.0,1.0
IND221313AAA,IND232101AAB,Carting,28.727272727272727,3,29.6438,22.0,1.0
IND221313AAA,IND276128AAA,FTL,10.120923306031273,2,109.2236,82.0,1.0
IND221401AAA,IND221303AAA,FTL,2.71875,2,17.918,16.0,1.0
IND221706AAA,IND273014AAB,FTL,4.083333333333333,11,116.7072,82.0,1.0
IND222001AAA,IND222136AAA,FTL,2.9166666666666665,1,17.665200000000002,12.0,1.0
IND222125AAB,IND222001AAA,FTL,2.7777777777777777,1,26.3353,18.0,1.0
IND223101AAB,IND222125AAB,FTL,2.074074074074074,7,29.0356,26.0,1.0
IND224001AAA,IND224141AAB,Carting,2.925925925925926,11,36.7309,27.0,1.0
IND224001AAA,IND224141AAB,FTL,3.333333333333333,2,33.92485,24.0,1.0
IND224141AAB,IND224122AAA,Carting,2.95,16,27.6452,19.5,1.0
IND224141AAB,IND224122AAA,FTL,2.8947368421052637,1,27.3162,19.0,1.0
IND226004AAA,IND226016AAA,Carting,4.207608695652174,6,20.3084,20.0,1.0
IND226004AAA,IND226024AAA,Carting,2.6923076923076925,1,19.077,13.0,1.0
IND231205AAA,IND231216AAA,FTL,3.3,3,22.9972,21.0,1.0
IND231208AAA,IND231217AAA,FTL,1.8070652173913042,6,33.65495,23.5,1.0
IND231217AAA,IND231225AAB,FTL,2.4,7,36.3769,26.0,1.0
IND231225AAB,IND486886AAA,FTL,1.6296296296296295,7,23.9771,27.0,1.0
IND232101AAB,IND232104AAB,Carting,3.230769230769231,7,14.0639,11.0,1.0
IND232104AAB,IND221010AAB,Carting,2.4,1,36.537,30.0,1.0
IND232104AAB,IND232327AAA,Carting,2.571428571428572,1,67.4706,63.0,1.0
IND232104AAB,IND233221AAC,Carting,2.747171945701357,2,70.1466,51.5,1.0
IND233001AAA,IND275101AAA,FTL,3.4482758620689653,3,41.6421,29.0,1.0
IND233001AAA,IND275503AAA,FTL,3.452380952380953,1,59.8164,42.0,1.0
IND241124AAB,IND242001AAA,FTL,2.1856617647058822,4,23.759149999999998,16.5,1.0
IND242001AAA,IND242307AAB,FTL,6.230769230769231,1,19.7927,13.0,1.0
IND242221AAA,IND207247AAB,FTL,3.10989010989011,5,89.5042,90.0,1.0
IND242307AAB,IND207247AAB,FTL,2.210526315789474,5,139.6498,132.0,1.0
IND242307AAB,IND242221AAA,FTL,1.4634146341463414,5,50.1024,41.0,1.0
IND243001AAA,IND243503AAB,FTL,2.2962962962962963,13,27.4398,27.0,1.0
IND243001AAA,IND244901AAB,FTL,2.0222222222222226,2,60.4207,45.0,1.0
IND243002AAA,IND243503AAB,FTL,2.185185185185185,1,26.236,27.0,1.0
IND243201AAA,IND262001AAA,Carting,2.0204545454545455,4,45.21255,44.0,1.0
IND243301AAB,IND244901AAB,FTL,1.3430672268907564,10,69.70885000000001,85.0,0.8
IND243301AAB,IND244901AAC,FTL,1.2823529411764705,2,69.31265,85.0,0.5
IND243503AAB,IND244901AAB,FTL,2.772727272727273,11,93.7487,66.0,1.0
IND244001AAA,IND263153AAB,FTL,1.9661686627978763,16,92.33619999999999,89.5,1.0
IND244221AAA,IND131028AAB,FTL,1.873015873015873,21,163.4916,127.0,1.0
IND244235AAA,IND244901AAB,FTL,0.8883495145631068,20,105.6397,103.0,0.2
IND244301AAA,IND244412AAA,FTL,1.6129032258064515,11,28.7669,31.0,1.0
IND244412AAA,IND243301AAB,FTL,0.7329545454545454,10,97.2619,88.0,0.0
IND244412AAA,IND244901AAB,FTL,1.9875,3,81.0512,80.0,1.0
IND244501AAA,IND244601AAB,FTL,1.3099206349206352,8,30.96275,71.5,0.75
IND244601AAB,IND244901AAB,FTL,1.1375,9,70.5827,80.0,0.4444444444444444
IND244713AAA,IND244715AAA,FTL,1.25,1,24.3298,36.0,1.0
IND244713AAA,IND263401AAA,FTL,2.0217391304347827,16,24.23255,22.0,1.0
IND244715AAA,IND244713AAA,FTL,0.9615384615384617,16,26.677100000000003,39.0,0.0
IND244715AAA,IND263401AAA,FTL,1.360655737704918,1,47.7291,61.0,1.0
IND244901AAB,IND243002AAA,FTL,2.3729468599033816,16,60.259299999999996,45.0,1.0
IND244901AAB,IND243201AAA,Carting,2.9365079365079363,1,72.38080000000001,63.0,1.0
IND244901AAB,IND243503AAB,FTL,5.307692307692308,1,93.314,65.0,1.0
IND244901AAB,IND244221AAA,FTL,0.9802436125965538,20,89.691,99.0,0.3
IND244901AAB,IND244301AAA,FTL,0.8984230055658627,10,88.2498,98.5,0.1
IND244901AAB,IND244921AAB,Carting,3.0434782608695654,5,28.2658,23.0,1.0
IND244901AAB,IND246725AAB,FTL,1.148,14,117.8225,126.0,0.21428571428571427
IND244901AAC,IND244921AAB,Carting,1.75,1,28.5055,24.0,1.0
IND244921AAB,IND243201AAA,Carting,2.1373626373626373,2,45.5527,40.5,1.0
IND244921AAB,IND262001AAA,Carting,2.0240963855421685,1,99.3145,83.0,1.0
IND245101AAA,IND201007AAA,Carting,2.719795918367347,2,46.364450000000005,49.5,1.0
IND245101AAA,IND245304AAA,Carting,2.333333333333333,15,14.9945,18.0,1.0
IND245304AAA,IND201007AAA,Carting,2.647058823529412,13,31.869,35.0,1.0
IND245304AAA,IND245101AAA,Carting,1.7104166666666667,14,15.96575,16.0,1.0
IND246001AAA,IND249201AAA,FTL,1.2757265547120622,4,108.9425,161.5,1.0
IND246149AAA,IND249407AAA,FTL,2.689655172413793,15,74.4466,57.0,1.0
IND246174AAA,IND246444AAB,FTL,1.2083524027459955,16,62.1105,92.5,0.5
IND246424AAA,IND246174AAA,FTL,1.2563086548488007,16,92.9496,139.0,0.625
IND246444AAB,IND246424AAA,FTL,1.4090909090909092,15,28.0878,42.0,1.0
IND246701AAA,IND246763AAA,FTL,1.9230769230769234,12,34.26045,25.0,1.0
IND246725AAB,IND246701AAA,FTL,1.4844155844155844,10,37.17675,34.0,1.0
IND246761AAA,IND244501AAA,FTL,0.462113558294605,10,59.060249999999996,99.0,0.0
IND246761AAA,IND244601AAB,FTL,1.2291666666666667,1,46.8614,48.0,1.0
IND246761AAA,IND244901AAB,FTL,1.221311475409836,1,121.4712,122.0,1.0
IND246763AAA,IND244901AAB,FTL,1.4610389610389611,3,166.1058,154.0,1.0
IND246763AAA,IND246761AAA,FTL,2.5161290322580645,11,43.7156,31.0,1.0
IND247554AAA,IND248001AAA,FTL,1.193798449612403,12,91.68485,129.0,0.3333333333333333
IND247554AAA,IND248001AAD,FTL,1.408258560703168,2,91.3592,128.0,0.5
IND247667AAA,IND249407AAA,FTL,1.8439189189189191,14,30.53235,37.0,1.0
IND247667AAB,IND249407AAA,FTL,2.6189939939939944,2,30.3938,36.5,1.0
IND247776AAA,IND251309AAB,FTL,1.8055555555555554,8,24.4969,18.0,1.0
IND248001AAA,IND131028AAB,FTL,2.0512809312687006,12,246.48104999999998,214.0,1.0
IND248001AAD,IND131028AAB,Carting,2.078703703703704,5,245.2824,212.0,1.0
IND248001AAD,IND131028AAB,FTL,2.3468000988386457,4,245.6544,212.5,1.0
IND248122AAB,IND248001AAA,FTL,2.210526315789474,15,35.2443,38.0,1.0
IND248197AAA,IND248122AAB,FTL,2.377068557919622,16,42.378750000000004,45.0,1.0
IND249201AAA,IND246174AAA,FTL,1.6880330689809966,4,110.6677,163.0,1.0
IND249201AAA,IND249407AAA,FTL,7.88,17,21.7934,27.0,1.0
IND249407AAA,IND131028AAB,FTL,2.7338679304500664,18,194.81115,178.0,1.0
IND249407AAA,IND246149AAA,FTL,2.4596491228070176,18,74.87025,57.0,1.0
IND249407AAA,IND249201AAA,FTL,1.8397435897435899,18,20.6716,26.0,1.0
IND250002AAA,IND131028AAB,FTL,2.0,5,81.0077,67.0,1.0
IND250221AAA,IND251201AAA,FTL,3.125,1,19.9858,16.0,1.0
IND250611AAA,IND247776AAA,FTL,1.9090909090909087,11,39.5746,33.0,1.0
IND251001AAA,IND247554AAA,FTL,2.128623188405797,12,25.75985,24.0,1.0
IND251201AAA,IND131028AAB,FTL,6.303030303030303,1,119.8797,99.0,1.0
IND251201AAA,IND250002AAA,FTL,1.902439024390244,1,39.5339,41.0,1.0
IND251309AAB,IND131028AAB,FTL,1.9787581699346406,10,69.26165,69.5,1.0
IND261001AAA,IND262701AAA,FTL,2.4141843971631207,20,50.95265,46.0,1.0
IND261201AAB,IND261001AAA,FTL,2.6451612903225805,19,37.2152,32.0,1.0
IND262001AAA,IND244901AAB,Carting,1.8271604938271604,1,111.7625,81.0,1.0
IND262001AAA,IND262122AAB,Carting,2.382056451612903,6,42.7471,32.0,1.0
IND262122AAB,IND244901AAB,Carting,2.730702681918677,4,143.9487,102.5,1.0
IND262405AAA,IND263153AAB,FTL,7.487804878048781,2,41.5601,41.0,1.0
IND262501AAA,IND263153AAB,FTL,2.004629326345671,8,233.07465000000002,214.0,1.0
IND262701AAA,IND262802AAA,FTL,2.1875,20,32.92,24.0,1.0
IND262802AAA,IND262723AAB,FTL,2.536231884057971,21,92.4517,69.0,1.0
IND263002AAA,IND263645AAA,FTL,1.1666666666666667,13,55.6147,84.0,0.46153846153846156
IND263139AAA,IND263153AAB,FTL,1.3617886178861789,6,35.6109,41.5,0.6666666666666666
IND263153AAB,IND131028AAB,FTL,2.017543859649123,17,273.4533,227.0,1.0
IND263153AAB,IND244713AAA,FTL,3.7358490566037736,1,55.5122,53.0,1.0
IND263153AAB,IND244715AAA,FTL,1.704209065679926,16,80.26915,93.0,1.0
IND263153AAB,IND263002AAA,FTL,1.431578947368421,13,95.3879,99.0,1.0
IND263153AAB,IND263139AAA,FTL,2.261904761904762,7,35.443400000000004,41.0,1.0
IND263153AAB,IND263401AAA,FTL,2.5384615384615383,1,40.8,39.0,1.0
IND263153AAB,IND263645AAA,FTL,1.1886792452830188,1,111.4422,159.0,0.0
IND263401AAA,IND244713AAA,FTL,2.409090909090909,1,24.3682,22.0,1.0
IND263401AAA,IND263153AAB,FTL,1.868421052631579,15,39.9042,38.0,1.0
IND263601AAA,IND262501AAA,FTL,1.9260940251998377,10,112.36295,121.5,1.0
IND263601AAA,IND263153AAB,FTL,2.0,1,118.0853,164.0,1.0
IND263601AAA,IND263645AAA,FTL,2.019230769230769,1,51.088,52.0,1.0
IND263645AAA,IND262501AAA,FTL,2.1,1,153.5916,160.0,1.0
IND263645AAA,IND263601AAA,FTL,2.046634870164282,12,50.05415,50.5,1.0
IND271001AAA,IND271201AAA,Carting,3.5,5,43.4184,32.0,1.0
IND271001AAA,IND271210AAA,Carting,50.72,1,70.69439999999999,50.0,1.0
IND271201AAA,IND271210AAA,Carting,2.3666666666666663,6,29.749250000000004,21.0,1.0
IND271210AAA,IND271001AAA,Carting,3.0733695652173916,12,67.16925,47.0,1.0
IND272001AAA,IND272175AAA,FTL,1.7616459627329193,2,34.901849999999996,25.5,1.0
IND272001AAA,IND273014AAB,FTL,1.6756756756756757,5,109.1028,77.0,0.8
IND272155AAA,IND272001AAA,FTL,1.2916666666666667,3,34.213300000000004,24.0,1.0
IND272207AAB,IND272153AAC,Carting,3.0588235294117645,3,22.9428,17.0,1.0
IND273014AAB,IND209304AAA,FTL,2.339100346020761,3,391.5147,289.0,1.0
IND273014AAB,IND273155AAA,Carting,2.3125,5,46.0674,32.0,1.0
IND273014AAB,IND273304AAA,Carting,3.0081967213114753,2,86.18065,61.0,1.0
IND273014AAB,IND274001AAA,FTL,3.048780487804878,16,56.6973,40.5,1.0
IND273014AAB,IND274301AAB,FTL,2.6486486486486487,1,52.5431,37.0,1.0
IND273014AAB,IND277303AAC,FTL,1.98,18,129.46165000000002,101.0,1.0
IND273155AAA,IND273014AAB,Carting,2.75,1,45.4745,32.0,1.0
IND273155AAA,IND273303AAA,Carting,1.5333333333333334,1,21.8126,15.0,1.0
IND273303AAA,IND273304AAA,Carting,4.041666666666667,1,33.892199999999995,24.0,1.0
IND273304AAA,IND273014AAB,Carting,4.147540983606557,14,86.24709999999999,61.0,1.0
IND274001AAA,IND273014AAB,FTL,5.642857142857143,1,58.3432,42.0,1.0
IND274001AAA,IND274509AAB,FTL,1.875,13,29.2588,24.0,1.0
IND274301AAB,IND273014AAB,FTL,4.711711711711712,16,52.06915000000001,37.0,1.0
IND274304AAA,IND274304AAB,FTL,5.038461538461538,6,19.2075,13.0,1.0
IND274304AAB,IND274301AAB,FTL,2.294117647058824,13,25.0769,17.0,1.0
IND274304AAB,IND274304AAA,FTL,2.909090909090909,1,15.9321,11.0,1.0
IND274402AAA,IND274301AAB,FTL,3.333333333333333,1,43.1058,30.0,1.0
IND274402AAA,IND274304AAB,FTL,2.833333333333333,4,17.829,12.5,1.0
IND274509AAB,IND274001AAA,FTL,2.208333333333333,1,29.4564,24.0,1.0
IND274509AAB,IND274304AAA,FTL,2.208333333333333,2,57.75075,47.5,1.0
IND274509AAB,IND274402AAA,FTL,2.625170068027211,2,57.84385,47.0,1.0
IND275101AAA,IND275503AAA,FTL,4.136363636363637,2,15.9229,11.0,1.0
IND275303AAA,IND276140AAA,FTL,2.1525735294117645,4,23.16285,16.0,1.0
IND275503AAA,IND275303AAA,FTL,4.26923076923077,4,18.88785,13.0,1.0
IND276128AAA,IND276305AAA,FTL,2.0754985754985755,6,29.0091,26.0,1.0
IND276129AAA,IND221010AAB,FTL,3.7066666666666666,1,79.65169999999999,75.0,1.0
IND276140AAA,IND276129AAA,FTL,2.3783783783783785,1,40.740300000000005,37.0,1.0
IND276305AAA,IND223101AAB,FTL,2.076923076923077,7,28.5942,26.0,1.0
IND277201AAA,IND221706AAA,FTL,2.4909090909090907,7,82.2199,58.0,1.0
IND277211AAA,IND277201AAA,FTL,2.523809523809524,5,23.5575,21.0,1.0
IND277303AAC,IND277211AAA,FTL,1.4142156862745099,6,40.5045,37.0,1.0
IND281121AAB,IND110037AAM,FTL,2.15,13,153.0465,119.0,1.0
IND281401AAA,IND121004AAB,Carting,2.261538461538461,3,92.8921,65.0,1.0
IND281401AAA,IND321022AAA,Carting,1.4848484848484849,9,34.5457,33.0,0.8888888888888888
IND282001AAA,IND000000ACB,FTL,1.7245508982035929,5,211.3366,166.0,1.0
IND282001AAA,IND110037AAM,Carting,1.7988826815642458,3,233.202,179.0,1.0
IND282001AAA,IND110037AAM,FTL,1.8100558659217876,4,233.1837,179.0,1.0
IND282001AAC,IND000000ACB,FTL,1.7530120481927711,2,210.9989,166.0,1.0
IND282001AAF,IND283122AAB,Carting,2.5789473684210527,11,23.4746,19.0,1.0
IND282001AAF,IND283122AAB,FTL,2.1666666666666665,7,24.0448,18.0,1.0
IND282002AAD,IND110037AAM,FTL,1.6440677966101696,1,231.4202,177.0,1.0
IND282002AAD,IND204101AAA,FTL,2.0125,4,48.160650000000004,40.5,1.0
IND282002AAD,IND205001AAB,FTL,2.0397727272727275,8,110.16995,88.0,0.75
IND282002AAD,IND281004AAA,FTL,1.3985753052917231,8,80.9576,66.0,1.0
IND282002AAD,IND474003AAA,FTL,1.537190082644628,9,121.6169,123.0,1.0
IND283122AAB,IND282005AAA,Carting,16.708333333333332,3,27.7435,22.0,1.0
IND283122AAB,IND328001AAA,FTL,1.15625,7,72.5083,62.0,0.2857142857142857
IND283203AAA,IND110037AAM,Carting,2.2142857142857144,1,257.054,196.0,1.0
IND283203AAA,IND110037AAM,FTL,2.1964285714285716,12,257.71659999999997,195.5,1.0
IND283203AAA,IND282002AAD,FTL,2.1142857142857143,1,46.7377,35.0,1.0
IND284001AAA,IND284403AAA,FTL,1.8181818181818183,6,102.3657,76.5,1.0
IND284403AAA,IND472001AAA,FTL,1.8555429864253394,2,62.2721,66.5,1.0
IND284403AAA,IND474003AAA,FTL,2.5048076923076925,1,223.2655,208.0,1.0
IND285001AAD,IND285205AAB,FTL,1.4242424242424243,21,29.4027,32.0,0.9047619047619048
IND285205AAB,IND210431AAA,FTL,2.1875,5,82.24430000000001,80.0,1.0
IND301001AAB,IND302014AAA,FTL,2.6730769230769234,2,145.25765,114.5,1.0
IND301001AAB,IND321001AAB,FTL,1.7384615384615385,13,74.101,65.0,1.0
IND301001AAB,IND321606AAA,FTL,2.246376811594203,3,77.25160000000001,69.0,1.0
IND301019AAA,IND123001AAA,FTL,2.4550671550671552,2,77.6375,64.0,1.0
IND301019AAA,IND301705AAA,FTL,3.276595744680851,6,55.1292,47.5,1.0
IND301705AAA,IND123001AAA,FTL,2.7586206896551726,1,41.584,29.0,1.0
IND302004AAA,IND302014AAB,Carting,2.758928571428571,8,17.668100000000003,15.0,1.0
IND302004AAA,IND302033AAB,Carting,2.9,1,12.4162,10.0,1.0
IND302006AAA,IND302014AAB,Carting,3.733333333333333,13,13.7652,12.0,1.0
IND302006AAC,IND302014AAB,Carting,3.5,1,18.8164,18.0,1.0
IND302014AAA,IND000000ACB,FTL,1.9268292682926829,23,221.4515,164.0,1.0
IND302014AAA,IND110037AAM,FTL,1.737104564114948,14,264.93674999999996,202.0,1.0
IND302014AAA,IND301001AAB,FTL,1.913793103448276,21,144.5915,116.0,1.0
IND302014AAA,IND303702AAB,FTL,2.210526315789474,9,51.705,38.0,1.0
IND302014AAA,IND305001AAC,FTL,2.514150943396227,14,144.8116,107.0,1.0
IND302014AAA,IND306401AAB,FTL,2.307726581178005,2,302.1241,214.5,1.0
IND302014AAA,IND313001AAB,FTL,1.9059233449477353,12,404.9376,287.0,1.0
IND302014AAA,IND332404AAA,FTL,2.413793103448276,1,81.1182,58.0,1.0
IND302014AAB,IND302004AAA,Carting,2.4375,25,18.7968,16.0,0.96
IND302014AAB,IND302006AAA,Carting,1.9354166666666666,16,16.0949,16.0,1.0
IND302014AAB,IND302006AAC,Carting,2.333333333333333,22,19.79025,19.0,1.0
IND302014AAB,IND302020AAA,Carting,2.0416666666666665,18,13.3612,12.0,1.0
IND302014AAB,IND302023AAA,Carting,2.736842105263158,19,25.4572,23.0,1.0
IND302014AAB,IND302026AAA,Carting,4.705882352941177,19,19.2342,18.0,1.0
IND302014AAB,IND303008AAB,Carting,1.9230769230769231,5,73.9501,54.0,1.0
IND302014AAB,IND303301AAB,Carting,1.3125,10,39.501900000000006,32.0,0.5
IND302014AAB,IND303303AAA,Carting,3.0,3,71.5093,53.0,1.0
IND302014AAB,IND303603AAB,Carting,1.6944444444444444,1,87.6403,72.0,1.0
IND302014AAB,IND303901AAA,Carting,3.1176470588235294,10,23.92825,19.5,1.0
IND302014AAB,IND304001AAA,Carting,2.4833333333333334,1,84.7665,60.0,1.0
IND302020AAA,IND302014AAB,Carting,5.75,19,12.4656,11.0,1.0
IND302022AAD,IND000000ACB,Carting,1.9090909090909087,7,222.3819,165.0,1.0
IND302026AAA,IND302014AAB,Carting,11.5,3,22.1193,17.0,1.0
IND303002AAA,IND302014AAA,FTL,1.8571428571428572,10,47.8927,35.0,1.0
IND303008AAB,IND303338AAB,Carting,1.5333333333333334,5,32.7092,30.0,0.8
IND303106AAA,IND302014AAA,FTL,2.287280701754386,2,78.13045,58.5,1.0
IND303106AAA,IND303002AAA,FTL,1.75,5,27.280900000000003,21.0,1.0
IND303108AAB,IND303106AAA,FTL,1.5483870967741935,9,43.8546,31.0,1.0
IND303301AAB,IND303303AAA,Carting,1.525,12,30.59585,22.5,1.0
IND303303AAA,IND322230AAA,Carting,1.344155844155844,16,96.97059999999999,77.0,0.8125
IND303338AAB,IND303603AAB,Carting,0.9385964912280702,6,61.8488,57.0,0.3333333333333333
IND303503AAA,IND302014AAB,Carting,1.7272727272727273,11,80.15910000000001,58.0,1.0
IND303603AAB,IND302014AAB,Carting,2.510459089226212,6,87.6323,73.5,1.0
IND303603AAB,IND303338AAB,Carting,0.8771929824561403,1,61.3575,57.0,0.0
IND303702AAB,IND332001AAB,FTL,1.6085509472606248,4,84.54065,62.0,1.0
IND303702AAB,IND332404AAA,FTL,1.5708333333333333,8,33.344350000000006,24.5,1.0
IND303901AAA,IND304001AAA,Carting,1.9047619047619049,3,56.5109,42.0,1.0
IND304001AAA,IND322001AAC,Carting,1.4827586206896552,1,82.14869999999999,58.0,1.0
IND305001AAC,IND305802AAA,FTL,2.142857142857143,11,29.3254,25.0,1.0
IND305001AAC,IND305901AAA,FTL,2.0232558139534884,17,55.7788,44.0,1.0
IND305001AAC,IND306401AAB,FTL,2.0080645161290325,15,166.6069,123.0,1.0
IND305001AAC,IND342602AAC,FTL,1.9114583333333333,2,129.9931,96.0,1.0
IND305404AAA,IND305001AAC,FTL,2.340909090909091,1,97.3513,88.0,1.0
IND305404AAA,IND305601AAC,FTL,1.4464285714285714,13,59.029900000000005,55.0,0.9230769230769231
IND305601AAC,IND305001AAC,FTL,1.957516339869281,18,38.659549999999996,34.0,1.0
IND305624AAA,IND305404AAA,FTL,1.826361151986546,8,81.0336,70.0,1.0
IND305802AAA,IND341512AAA,FTL,2.0165912518853695,6,38.39445,35.0,1.0
IND305901AAA,IND305624AAA,FTL,8.933333333333334,1,49.6392,45.0,1.0
IND305901AAA,IND342602AAC,FTL,1.8686502177068216,6,75.72975,54.0,1.0
IND306116AAA,IND306001AAA,FTL,1.9390243902439024,3,104.691,82.0,1.0
IND306304AAB,IND311302AAA,FTL,1.9130434782608696,1,65.1454,46.0,1.0
IND306401AAB,IND302014AAA,FTL,1.9587155963302751,17,301.4806,214.0,1.0
IND306401AAB,IND305001AAC,Carting,2.9311565696302124,20,166.7295,123.0,1.0
IND306401AAB,IND342005AAD,FTL,1.6865793780687397,18,69.3067,54.0,1.0
IND306401AAB,IND343001AAA,FTL,2.034482758620689,5,118.6815,86.0,1.0
IND306902AAA,IND306116AAA,FTL,1.5185185185185186,1,30.8816,27.0,1.0
IND307001AAA,IND306902AAA,FTL,1.557692307692308,2,34.929550000000006,26.0,1.0
IND311001AAA,IND313324AAA,FTL,1.8461538461538465,5,89.73939999999999,65.0,1.0
IND311301AAA,IND305624AAA,FTL,4.365546218487395,6,46.2675,33.5,1.0
IND311302AAA,IND305624AAA,FTL,7.090909090909091,3,46.4767,33.0,1.0
IND312001AAA,IND311001AAA,FTL,1.565217391304348,13,59.4752,46.0,1.0
IND312001AAA,IND312601AAA,FTL,1.358416130917592,6,50.39765,58.5,0.6666666666666666
IND312403AAA,IND312001AAA,FTL,1.608695652173913,9,83.14089999999999,68.0,1.0
IND312601AAA,IND458664AAA,FTL,1.1615853658536586,6,37.0188,41.0,0.5
IND312605AAB,IND313001AAB,FTL,2.3823529411764706,7,173.2019,137.0,1.0
IND312605AAB,IND458001AAB,FTL,1.7878787878787876,12,33.56765,32.0,1.0
IND313001AAB,IND306401AAB,FTL,2.0492957746478875,17,189.1274,141.0,1.0
IND313001AAB,IND311001AAA,FTL,2.645454545454545,1,152.546,110.0,1.0
IND313001AAB,IND312001AAA,FTL,2.075949367088608,13,108.4147,79.0,1.0
IND313001AAB,IND327001AAB,FTL,2.741721854304636,8,212.60215,151.0,1.0
IND313001AAB,IND382430AAB,FTL,2.1315825923155765,14,268.87104999999997,190.0,1.0
IND313324AAA,IND313001AAB,FTL,1.798758865248227,14,65.0061,48.0,1.0
IND321001AAA,IND301001AAB,FTL,6.206185567010309,3,103.8328,97.0,1.0
IND321001AAA,IND321401AAB,FTL,1.2360150848522942,10,41.85375,39.0,0.6
IND321001AAB,IND321001AAA,FTL,1.3003337041156842,6,32.7987,31.0,0.8333333333333334
IND321001AAB,IND321401AAB,FTL,1.847902097902098,2,71.06865,65.5,1.0
IND321022AAA,IND121004AAB,Carting,3.2439024390243905,9,106.9351,83.0,1.0
IND321408AAB,IND301001AAB,FTL,5.758241758241758,1,114.2395,91.0,1.0
IND321408AAB,IND321606AAA,FTL,2.015625,4,37.7524,32.0,1.0
IND321606AAA,IND301001AAB,FTL,7.297101449275362,6,77.83895000000001,69.0,1.0
IND321606AAA,IND321001AAA,FTL,1.5918367346938775,3,54.4728,49.0,1.0
IND322001AAC,IND302014AAB,Carting,1.817391304347826,3,160.9375,115.0,1.0
IND322201AAA,IND302014AAB,Carting,2.196048043394033,2,123.02584999999999,88.0,1.0
IND322201AAA,IND303503AAA,Carting,1.6942528735632183,12,42.432249999999996,30.0,1.0
IND322230AAA,IND322241AAA,Carting,1.6071428571428572,14,32.2526,28.0,1.0
IND322241AAA,IND322201AAA,Carting,2.347826086956522,15,32.3053,23.0,1.0
IND327001AAB,IND312605AAB,FTL,1.4112903225806452,4,88.51335,62.0,1.0
IND328001AAA,IND000000ACB,FTL,1.5404040404040404,1,257.5175,198.0,1.0
IND328001AAA,IND282002AAD,FTL,2.696969696969697,7,61.4633,63.0,1.0
IND328001AAA,IND474003AAA,FTL,1.5819696084161308,6,60.5127,58.5,1.0
IND331022A1B,IND331001A1C,FTL,2.6122448979591835,1,60.9205,49.0,1.0
IND331023AAA,IND331304AAA,FTL,1.1612903225806452,3,35.1418,31.0,0.3333333333333333
IND331304AAA,IND332001AAB,FTL,4.10402097902098,4,131.8667,106.5,1.0
IND331507AAA,IND302014AAA,FTL,2.4011976047904198,3,215.9508,166.0,1.0
IND331701AAA,IND125001AAA,FTL,5.484375,2,69.5001,64.0,1.0
IND332001AAB,IND333001AAA,FTL,1.271186440677966,3,64.1646,59.0,0.6666666666666666
IND332001AAB,IND333028AAA,FTL,1.4531046717918392,2,91.60605000000001,92.0,1.0
IND332001AAB,IND333031AAA,FTL,2.267508865248227,2,109.61735,95.0,1.0
IND332001AAB,IND333042AAA,FTL,1.5889689578713968,14,32.929950000000005,33.0,0.8571428571428571
IND332001AAB,IND334001AAB,FTL,1.62012987012987,10,213.51,153.5,1.0
IND332001AAB,IND334001AAC,FTL,1.588235294117647,3,213.6351,154.0,1.0
IND332404AAA,IND332001AAB,FTL,1.418918918918919,12,50.62095,37.0,1.0
IND332713AAA,IND332709AAA,FTL,2.917067307692308,6,34.84695000000001,34.5,1.0
IND332713AAA,IND332715AAB,FTL,2.061224489795918,1,50.2197,49.0,1.0
IND333001AAA,IND333028AAA,FTL,1.3783783783783785,3,33.366800000000005,40.0,0.6666666666666666
IND333028AAA,IND333502AAA,FTL,1.148936170212766,1,40.769400000000005,47.0,0.0
IND333028AAA,IND333504AAA,FTL,2.388888888888889,1,37.0051,36.0,1.0
IND333031AAA,IND331023AAA,FTL,2.8,5,39.9622,29.0,1.0
IND333042AAA,IND333031AAA,FTL,1.605263157894737,13,82.6429,73.0,1.0
IND333504AAA,IND332713AAA,FTL,1.75422138836773,2,44.45085,40.0,1.0
IND334001AAB,IND334803AAA,FTL,1.8986105080330007,2,64.6074,48.0,1.0
IND334001AAC,IND334803AAA,FTL,1.7111111111111112,4,60.71335,45.0,1.0
IND334001AAC,IND341001AAC,FTL,1.625,2,115.3777,84.0,1.0
IND334803AAA,IND341001AAC,FTL,1.975,3,53.403400000000005,37.0,1.0
IND335001AAA,IND125104AAA,FTL,1.824264705882353,10,109.451,80.0,1.0
IND335051AAA,IND335513AAA,Carting,1.9666224354394202,10,110.3004,99.5,0.9
IND335501AAA,IND331701AAA,FTL,1.7142857142857142,1,23.5577,21.0,1.0
IND335513AAA,IND335001AAA,FTL,1.790516206482593,6,62.9906,50.0,1.0
IND335513AAA,IND335803AAA,Carting,1.3103448275862069,9,31.757,29.0,1.0
IND335513AAA,IND335804AAD,Carting,1.5,1,56.9831,54.0,1.0
IND335523AAB,IND125001AAA,FTL,3.7542372881355934,1,126.4042,118.0,1.0
IND335524AAA,IND335523AAB,FTL,1.148936170212766,1,41.4874,47.0,0.0
IND335701AAA,IND335051AAA,Carting,1.0638297872340423,7,50.941300000000005,47.0,0.2857142857142857
IND335703AAA,IND335701AAA,Carting,1.15625,9,34.0433,31.0,0.4444444444444444
IND335803AAA,IND335804AAD,Carting,1.1428571428571428,7,24.072,22.0,0.42857142857142855
IND335804AAD,IND335701AAA,Carting,1.1851398244539704,2,76.45384999999999,70.0,0.5
IND335804AAD,IND335703AAA,Carting,1.0789473684210529,9,41.1907,38.0,0.3333333333333333
IND341001AAC,IND341030AAA,FTL,1.8787248787248787,2,41.841,38.0,1.0
IND341001AAC,IND341303AAA,FTL,1.5595238095238095,7,97.9392,84.0,1.0
IND341030AAA,IND341303AAA,FTL,1.4666666666666666,3,55.5569,45.0,1.0
IND341303AAA,IND341306AAA,FTL,1.6733333333333333,14,34.11815,24.0,1.0
IND341306AAA,IND302014AAA,FTL,2.3205882352941174,4,216.50555000000003,170.5,1.0
IND341503AAB,IND341510AAB,FTL,2.060606060606061,12,47.21805,33.0,1.0
IND341505AAA,IND341503AAB,FTL,1.897058823529412,12,80.50874999999999,68.0,1.0
IND341505AAA,IND341510AAB,FTL,2.087378640776699,1,128.96460000000002,103.0,1.0
IND341510AAB,IND305001AAC,FTL,2.372727272727273,14,73.67715,55.0,1.0
IND341512AAA,IND341505AAA,FTL,1.75,5,24.384,23.0,1.0
IND342005AAD,IND342601AAA,FTL,2.142857142857143,9,60.626,49.0,1.0
IND342005AAD,IND342902A1B,FTL,1.680851063829787,1,103.1401,94.0,1.0
IND342005AAD,IND342902AAA,FTL,2.202127659574468,5,102.7041,94.0,1.0
IND342005AAD,IND344022AAB,FTL,1.773333333333333,4,103.79714999999999,75.0,1.0
IND342301AAA,IND342005AAD,FTL,5.859375,14,163.3495,127.0,1.0
IND342601AAA,IND342902A1B,FTL,1.9504283965728275,6,38.84875,40.5,1.0
IND342601AAA,IND342902AAA,FTL,1.9142857142857144,3,39.0015,41.0,1.0
IND342602AAC,IND306304AAB,FTL,2.1627906976744184,1,59.707800000000006,43.0,1.0
IND342602AAC,IND311302AAA,FTL,2.026315789473684,3,107.4594,76.0,1.0
IND342902A1B,IND302014AAA,FTL,2.342391304347826,9,243.8358,185.0,1.0
IND342902AAA,IND302014AAA,FTL,2.3870967741935485,5,244.4337,186.0,1.0
IND343001AAA,IND343029AAB,FTL,1.3153846153846154,2,70.80345,65.0,0.5
IND343029AAB,IND307001AAA,FTL,1.4,2,77.09475,70.0,1.0
IND344001AAA,IND342301AAA,FTL,1.719387755102041,4,235.75594999999998,196.0,1.0
IND344001AAA,IND345001AAA,FTL,0.7725949468511297,6,155.6477,194.5,0.0
IND344001AAA,IND345021AAA,FTL,1.75,3,173.17370000000005,151.0,1.0
IND344022AAB,IND342301AAA,FTL,3.380952380952381,1,168.47979999999998,147.0,1.0
IND344022AAB,IND344001AAA,FTL,1.4492753623188406,9,96.2314,68.0,0.7777777777777778
IND345001AAA,IND342301AAA,FTL,1.75,1,168.0361,120.0,1.0
IND345001AAA,IND345021AAA,FTL,1.3376623376623376,4,109.54884999999999,77.0,1.0
IND345021AAA,IND342301AAA,FTL,1.4492424242424242,10,62.6703,45.0,0.8
IND360003AAA,IND360311AAA,Carting,2.102307692307692,2,37.8864,25.5,1.0
IND360311AAA,IND360050AAA,Carting,1.3777777777777778,1,46.9022,45.0,1.0
IND360370AAA,IND360410AAA,FTL,2.4615384615384617,1,16.2596,13.0,1.0
IND360410AAA,IND360490AAA,FTL,2.824175824175825,2,17.15215,13.5,1.0
IND360490AAA,IND362001AAA,FTL,2.309220985691574,10,43.13885,36.0,1.0
IND360510AAB,IND360530AAB,Carting,1.4230769230769231,13,28.1623,25.0,0.9230769230769231
IND360530AAB,IND362001AAA,Carting,2.0,15,79.48219999999999,69.0,1.0
IND360575AAA,IND360510AAB,Carting,1.7375,10,45.6103,40.5,1.0
IND361001AAA,IND361305AAC,FTL,1.733653846153846,16,54.59615,40.0,1.0
IND361305AAC,IND361315AAA,FTL,1.7029411764705882,10,43.5599,31.0,1.0
IND361305AAC,IND361335AAA,FTL,1.5932203389830508,1,83.76989999999999,59.0,1.0
IND361315AAA,IND361335AAA,FTL,1.5555555555555556,11,40.5179,28.0,1.0
IND361335AAA,IND360002AAB,FTL,1.3368983957219251,1,243.7123,187.0,1.0
IND362001AAA,IND360370AAA,FTL,2.0652173913043477,10,32.8823,23.0,1.0
IND362001AAA,IND360575AAA,Carting,1.4819277108433735,11,103.7216,84.0,1.0
IND362001AAA,IND362220AAA,Carting,2.1291666666666664,14,35.029399999999995,24.0,1.0
IND362001AAA,IND362265AAA,Carting,1.9223057644110275,2,79.90045,56.5,1.0
IND362150AAA,IND362001AAA,Carting,1.626865671641791,11,67.7088,67.0,1.0
IND362220AAA,IND362225AAA,Carting,1.9415384615384617,6,28.35335,25.0,1.0
IND362220AAA,IND362265AAA,Carting,1.578125,2,44.66295,32.0,1.0
IND362225AAA,IND362265AAA,Carting,1.7824074074074074,6,37.5465,27.0,1.0
IND362265AAA,IND362720AAA,Carting,2.4222222222222225,16,47.8387,35.0,1.0
IND362560AAA,IND362150AAA,Carting,1.7704918032786885,11,66.84360000000001,61.0,1.0
IND362720AAA,IND362560AAA,Carting,2.0,17,39.1055,28.0,1.0
IND363001AAA,IND363421AAB,FTL,1.1515151515151516,14,27.15195,33.0,0.2857142857142857
IND363310AAB,IND382430AAB,FTL,1.4097222222222223,9,128.014,143.0,1.0
IND363330AAB,IND363310AAB,FTL,1.6156156156156156,8,29.61915,37.0,0.875
IND363421AAB,IND364710AAA,FTL,1.8974358974358971,13,54.457800000000006,38.0,1.0
IND363520AAC,IND363001AAA,FTL,1.183673469387755,13,58.0516,49.0,0.3076923076923077
IND363621AAB,IND360002AAB,Carting,1.7352941176470589,2,39.1379,34.0,1.0
IND363641AAA,IND360002AAB,Carting,1.82089552238806,1,72.2687,67.0,1.0
IND363641AAA,IND363621AAB,Carting,1.478163992869875,6,33.9684,33.0,0.8333333333333334
IND364004AAB,IND365560AAA,FTL,1.947368421052632,7,109.5179,78.0,1.0
IND364270AAA,IND364001AAA,FTL,1.8967105263157895,2,48.5137,39.0,1.0
IND364290AAA,IND365560AAB,FTL,2.1724137931034484,1,39.544,29.0,1.0
IND365560AAA,IND365560AAB,FTL,1.7142857142857142,7,71.8793,59.0,1.0
IND365560AAB,IND364290AAA,FTL,2.4827586206896552,11,39.9877,29.0,1.0
IND370001AAA,IND370110AAA,FTL,5.838709677419355,4,40.4539,28.0,1.0
IND370001AAA,IND370201AAA,FTL,6.477272727272728,1,53.6104,44.0,1.0
IND370001AAA,IND370615AAB,FTL,1.7727272727272725,8,47.771699999999996,44.0,1.0
IND370110AAA,IND370001AAA,FTL,2.1483870967741936,14,43.24195,32.0,1.0
IND370110AAA,IND370615AAB,FTL,2.095890410958904,1,88.04469999999999,73.0,1.0
IND370201AAA,IND363310AAB,FTL,1.6900584795321638,1,167.2466,171.0,1.0
IND370201AAA,IND363330AAB,FTL,1.4142857142857141,8,137.74325,134.0,1.0
IND370615AAB,IND370001AAA,FTL,6.0625,3,50.003800000000005,46.0,1.0
IND380005AAA,IND382421AAA,Carting,3.127777777777778,6,10.66235,9.0,1.0
IND380005AAA,IND382430AAB,Carting,3.0,1,27.034,23.0,1.0
IND380005AAA,IND382721AAA,Carting,3.2,2,18.5494,19.0,1.0
IND380006AAA,IND382430AAB,Carting,2.090909090909091,18,14.2593,11.0,1.0
IND380006AAB,IND382430AAB,Carting,3.583333333333333,27,15.0139,12.0,1.0
IND380021AAA,IND382430AAB,Carting,3.1666666666666665,32,16.892349999999997,13.0,1.0
IND380054AAA,IND382430AAB,Carting,2.3639705882352944,24,20.25185,17.0,1.0
IND382421AAA,IND382430AAB,Carting,4.53125,15,36.7879,31.0,1.0
IND382421AAA,IND382721AAA,Carting,1.3137254901960784,14,15.994149999999998,16.0,0.5714285714285714
IND382430AAB,IND000000ACB,FTL,1.8523809523809525,17,876.2658,630.0,1.0
IND382430AAB,IND313001AAB,FTL,1.9821166928309786,14,273.405,195.0,1.0
IND382430AAB,IND364004AAB,FTL,1.633587786259542,11,157.4853,131.0,1.0
IND382430AAB,IND370201AAA,FTL,1.49375,12,312.83595,320.5,1.0
IND382430AAB,IND380005AAA,Carting,2.1185897435897436,36,26.6634,23.0,1.0
IND382430AAB,IND380015AAB,Carting,2.333333333333333,35,15.379,12.0,1.0
IND382430AAB,IND380054AAA,Carting,2.235294117647059,40,19.674999999999997,17.0,1.0
IND382430AAB,IND382345AAA,Carting,2.2113970588235294,34,20.07595,16.0,1.0
IND382430AAB,IND384205AAA,FTL,1.5297619047619047,20,95.1368,85.0,1.0
IND382430AAB,IND387620AAB,Carting,2.037735849056604,1,70.0601,53.0,1.0
IND382430AAB,IND388320AAA,FTL,1.25,9,80.1094,64.0,0.8888888888888888
IND382430AAB,IND389001AAA,FTL,1.6938775510204085,21,136.6409,98.0,1.0
IND382430AAB,IND395023AAA,FTL,1.8511157085857843,30,272.69685000000004,201.0,1.0
IND382715AAA,IND382430AAB,FTL,1.981818181818182,18,60.921899999999994,54.0,1.0
IND382721AAA,IND382430AAB,Carting,2.731707317073171,15,43.8054,41.0,1.0
IND383001AAA,IND383315AAC,FTL,1.2195121951219512,13,47.5114,41.0,0.5384615384615384
IND383255AAB,IND384205AAA,FTL,1.4579439252336448,9,102.6941,105.0,0.7777777777777778
IND383315AAC,IND383255AAB,FTL,1.1944834034595606,12,92.0065,92.0,0.5
IND383315AAC,IND384205AAA,FTL,1.3608247422680413,1,127.6222,97.0,1.0
IND384170AAA,IND384265AAB,FTL,1.4166666666666665,6,27.14725,24.0,1.0
IND384205AAA,IND382430AAB,FTL,1.869047619047619,1,92.5036,84.0,1.0
IND384205AAA,IND382715AAA,FTL,1.4935897435897436,18,42.3417,40.0,1.0
IND384205AAA,IND383001AAA,FTL,1.4745762711864407,11,81.1749,59.0,1.0
IND384205AAA,IND384170AAA,FTL,1.25,6,28.23955,28.0,0.6666666666666666
IND384205AAA,IND384355AAB,FTL,1.6764705882352942,13,36.6036,33.0,1.0
IND384205AAA,IND385001AAA,FTL,2.7419354838709675,1,66.1726,62.0,1.0
IND384265AAB,IND385320AAA,FTL,1.2933333333333332,11,81.5054,75.0,0.8181818181818182
IND384265AAB,IND385340AAB,FTL,3.0434782608695654,1,62.0344,46.0,1.0
IND384355AAB,IND384205AAA,FTL,2.290322580645161,1,33.387800000000006,31.0,1.0
IND384355AAB,IND385001AAA,FTL,1.5,12,70.45474999999999,65.0,1.0
IND385001AAA,IND385535AAA,FTL,2.05,5,27.004,19.0,1.0
IND385320AAA,IND385340AAB,FTL,0.972972972972973,8,29.815150000000003,37.0,0.0
IND385340AAB,IND384205AAA,FTL,1.4810457516339868,4,107.7119,89.0,0.75
IND385535AAA,IND384205AAA,FTL,1.95,17,92.1865,79.0,1.0
IND387001AAA,IND388220AAA,Carting,1.76,14,27.0742,24.5,1.0
IND387620AAB,IND389230AAB,Carting,2.1846153846153844,1,70.7195,65.0,1.0
IND388121AAA,IND388620AAB,Carting,1.558139534883721,11,54.1935,44.0,1.0
IND388220AAA,IND388320AAA,Carting,1.7446153846153845,14,27.088,25.0,1.0
IND388320AAA,IND387001AAA,Carting,1.6923076923076923,11,19.9784,15.0,1.0
IND388320AAA,IND388121AAA,Carting,4.25,1,10.2572,12.0,1.0
IND388320AAA,IND388220AAA,Carting,2.0,1,24.6267,22.0,1.0
IND388320AAA,IND390022AAA,FTL,2.091578947368421,6,38.718,31.0,1.0
IND388620AAB,IND388320AAA,Carting,1.8043478260869563,13,54.4807,46.0,1.0
IND389001AAA,IND389151AAA,FTL,1.7254901960784317,21,68.0501,50.0,1.0
IND389151AAA,IND457661AAA,FTL,2.8484848484848486,11,43.518800000000006,32.0,1.0
IND390020AAA,IND390018AAB,Carting,3.363636363636364,1,11.3636,11.0,1.0
IND390020AAA,IND390022AAA,Carting,5.4071428571428575,2,12.5421,12.0,1.0
IND390020AAA,IND391110AAD,Carting,1.8529411764705883,7,35.3396,34.0,1.0
IND390022AAA,IND382430AAB,FTL,1.5857142857142859,8,99.4065,70.0,1.0
IND390022AAA,IND388320AAA,Carting,2.039230769230769,18,36.06165,26.0,1.0
IND390022AAA,IND390020AAA,Carting,4.416666666666667,3,11.9891,12.0,1.0
IND390022AAA,IND395023AAA,FTL,1.775,21,167.0285,121.0,1.0
IND391110AAD,IND390020AAA,Carting,3.142857142857143,4,35.69425,33.5,1.0
IND391110AAD,IND390022AAA,Carting,3.882352941176471,1,34.9421,34.0,1.0
IND395001AAA,IND395023AAD,Carting,10.142857142857142,14,14.47755,14.0,1.0
IND395004AAB,IND395023AAD,Carting,6.764705882352941,4,17.34105,17.0,1.0
IND395006AAA,IND395023AAD,Carting,9.733333333333333,3,14.9404,15.0,1.0
IND395009AAA,IND395023AAD,Carting,9.583333333333332,16,17.523899999999998,17.0,1.0
IND395010AAB,IND395023AAA,Carting,1.4375,1,17.769299999999998,16.0,1.0
IND395023AAA,IND110037AAM,FTL,1.8358147896495103,18,1118.7184499999998,841.0,1.0
IND395023AAA,IND382430AAB,FTL,1.7967914438502677,21,260.0098,187.0,1.0
IND395023AAA,IND390022AAA,FTL,1.735854045478583,8,169.30975,122.5,1.0
IND395023AAA,IND394221AAA,Carting,1.9090909090909087,1,10.9696,11.0,1.0
IND395023AAA,IND396191AAC,FTL,2.0529824561403505,10,104.17615,76.0,1.0
IND395023AAA,IND411033AAA,FTL,2.689655172413793,11,394.827,291.0,1.0
IND395023AAA,IND421302AAG,FTL,2.45771144278607,3,266.27840000000003,200.0,1.0
IND395023AAA,IND562132AAA,FTL,1.94386499574679,20,1193.0835499999998,863.0,1.0
IND395023AAD,IND395001AAA,Carting,2.4358974358974357,8,13.718350000000001,13.0,1.0
IND395023AAD,IND395004AAB,Carting,2.4285714285714284,17,15.7924,15.0,1.0
IND395023AAD,IND395006AAA,Carting,1.9230769230769231,27,15.0746,13.0,1.0
IND395023AAD,IND395009AAA,Carting,2.877083333333333,4,15.74085,15.5,1.0
IND395023AAD,IND396445AAA,Carting,1.875,7,22.5559,17.0,1.0
IND396001AAA,IND395023AAD,Carting,2.4262295081967213,5,78.87710000000001,60.0,1.0
IND396105AAA,IND396191AAC,Carting,2.1587301587301586,2,14.5899,11.5,1.0
IND396191AAB,IND421302AAG,FTL,2.1443809523809523,2,163.3236,125.5,1.0
IND396191AAC,IND395023AAA,FTL,2.3421052631578947,1,104.9843,76.0,1.0
IND396191AAC,IND396105AAA,Carting,0.782608695652174,2,21.412999999999997,23.0,0.0
IND396191AAC,IND396210AAA,Carting,3.909090909090909,1,10.2921,11.0,1.0
IND396191AAC,IND396232AAA,Carting,2.6923076923076925,17,15.536,13.0,1.0
IND396191AAC,IND421302AAG,FTL,2.609936507936508,8,163.11380000000003,126.0,1.0
IND396232AAA,IND396191AAC,Carting,3.5,15,15.6616,14.0,1.0
IND396321AAA,IND396001AAA,Carting,1.455026455026455,8,25.732750000000003,26.5,1.0
IND396321AAA,IND396580AAB,Carting,1.8666666666666667,17,42.9025,32.0,1.0
IND396445AAA,IND396321AAA,Carting,2.2,7,27.1495,25.0,1.0
IND396580AAB,IND396321AAA,Carting,2.032258064516129,8,42.0994,31.5,1.0
IND400011AAA,IND400072AAB,Carting,2.3119047619047617,12,16.6303,15.0,1.0
IND400011AAA,IND400072AAD,Carting,2.7222222222222223,53,19.63,18.0,1.0
IND400015AAA,IND400072AAB,Carting,2.8455882352941178,36,17.990000000000002,17.0,1.0
IND400015AAA,IND421302AAG,Carting,3.7586206896551726,1,40.5514,29.0,1.0
IND400015AAB,IND400072AAB,Carting,4.5,6,18.3151,17.0,1.0
IND400015AAB,IND421302AAG,Carting,3.1724137931034484,23,42.62,32.0,1.0
IND400016AAA,IND400015AAA,Carting,1.8,1,12.2279,10.0,1.0
IND400016AAB,IND400072AAB,Carting,5.0,1,11.184,12.0,1.0
IND400016AAB,IND400072AAD,Carting,2.9166666666666665,15,14.78,13.0,1.0
IND400037AAA,IND400072AAJ,Carting,3.3076923076923075,13,12.7883,13.0,1.0
IND400064AAB,IND400072AAB,Carting,3.083916083916084,4,12.6353,12.5,1.0
IND400064AAB,IND400072AAD,Carting,3.076923076923077,17,13.2933,14.0,1.0
IND400072AAA,IND421302AAG,Carting,4.0,1,26.4331,21.0,1.0
IND400072AAB,IND000000AFT,Carting,2.526315789473684,67,22.367,20.0,1.0
IND400072AAB,IND400011AAA,Carting,3.7058823529411766,2,19.04925,17.0,1.0
IND400072AAB,IND400015AAA,Carting,3.1470588235294112,60,18.6289,17.0,1.0
IND400072AAB,IND400015AAB,Carting,2.9411764705882355,1,19.3415,17.0,1.0
IND400072AAB,IND400701AAB,Carting,2.421052631578948,3,22.2049,19.0,1.0
IND400072AAB,IND401104AAA,Carting,3.0921568627450977,72,20.53295,16.0,1.0
IND400072AAB,IND401104AAB,Carting,3.466666666666667,1,19.5201,15.0,1.0
IND400072AAB,IND411033AAA,FTL,1.98,8,132.78965,100.0,1.0
IND400072AAB,IND421302AAG,Carting,2.958333333333333,63,27.4335,23.0,1.0
IND400072AAB,IND421302AAR,Carting,2.0434782608695654,21,28.5577,24.0,1.0
IND400072AAB,IND421302AAS,Carting,4.4375,2,28.30865,24.0,1.0
IND400072AAC,IND400011AAA,Carting,3.35,17,18.637,17.0,1.0
IND400072AAD,IND421302AAG,Carting,2.727272727272727,99,25.67,21.0,1.0
IND400072AAJ,IND400037AAA,Carting,9.0,2,13.96195,12.0,1.0
IND400102AAB,IND421302AAG,Carting,2.0574074074074074,20,33.19965,30.0,1.0
IND400102AAC,IND400052AAA,Carting,3.821428571428571,4,11.1734,13.5,1.0
IND400102AAC,IND421302AAG,Carting,3.7592592592592595,28,32.823800000000006,29.5,1.0
IND400612AAA,IND421302AAR,Carting,2.375,10,14.38555,12.0,1.0
IND400701AAA,IND410206AAA,Carting,2.235294117647059,17,23.4411,20.0,1.0
IND400701AAB,IND421302AAG,Carting,2.475,26,22.8732,20.0,1.0
IND400705AAA,IND421302AAH,Carting,3.1075,12,27.251800000000003,26.0,1.0
IND400706AAA,IND000000AFT,Carting,4.712121212121212,2,10.32765,10.0,1.0
IND401104AAA,IND400072AAB,Carting,2.875,31,20.3115,16.0,1.0
IND401104AAA,IND401208AAA,Carting,2.555555555555556,37,23.5,18.0,1.0
IND401104AAA,IND401209AAA,Carting,2.761904761904762,1,25.3485,21.0,1.0
IND401104AAA,IND421302AAG,Carting,2.4823717948717947,14,28.064700000000002,24.5,1.0
IND401104AAB,IND400072AAB,Carting,2.2666666666666666,5,20.0807,15.0,1.0
IND401104AAB,IND421302AAG,Carting,2.923076923076923,23,28.4647,25.0,1.0
IND401209AAA,IND401104AAA,Carting,6.727272727272728,23,26.6274,21.0,1.0
IND401209AAB,IND401104AAA,Carting,8.142857142857142,12,25.748649999999998,19.5,1.0
IND401209AAB,IND421302AAG,Carting,2.4571428571428573,1,36.4639,35.0,1.0
IND401209AAB,IND421302AAH,Carting,2.7058823529411766,19,35.5477,34.0,1.0
IND401501AAA,IND401602AAA,Carting,2.076923076923077,17,28.0569,26.0,1.0
IND401602AAA,IND401501AAA,Carting,7.3076923076923075,17,28.2964,26.0,1.0
IND402107AAA,IND402109AAA,Carting,2.283333333333333,18,40.207,30.0,1.0
IND402109AAA,IND402301AAA,Carting,1.903985507246377,20,63.32465,48.0,1.0
IND402301AAA,IND402107AAA,Carting,2.0,13,95.8701,67.0,1.0
IND403002AAA,IND403726AAB,Carting,3.1666666666666665,1,20.7813,24.0,1.0
IND403401AAA,IND403726AAB,Carting,13.37037037037037,3,24.8751,29.0,1.0
IND403507AAA,IND403726AAB,Carting,1.6129032258064515,3,26.0509,30.0,1.0
IND403507AAB,IND403726AAB,Carting,4.613636363636363,1,36.4867,44.0,1.0
IND403601AAA,IND403726AAB,Carting,1.7833333333333332,4,15.2855,14.0,1.0
IND403702AAA,IND575004AAB,FTL,1.9968409617198892,8,301.88185,264.0,1.0
IND403702AAA,IND581314AAA,FTL,1.476923076923077,1,69.7005,65.0,1.0
IND403726AAA,IND403702AAA,FTL,1.8,9,51.2449,49.0,1.0
IND403726AAA,IND411033AAA,FTL,1.9510694831938358,14,510.20285,390.0,1.0
IND403726AAA,IND416510AAA,FTL,2.552631578947369,4,76.8261,76.0,1.0
IND403726AAA,IND575004AAB,FTL,1.9553017311775274,2,353.0259,313.0,1.0
IND403726AAA,IND581303AAA,FTL,1.6585365853658536,13,86.2554,82.0,1.0
IND403726AAA,IND581400AAB,FTL,1.908256880733945,1,115.8,109.0,1.0
IND403726AAB,IND403002AAA,Carting,1.2916666666666667,4,16.11715,24.0,0.75
IND403726AAB,IND403401AAA,Carting,2.128623188405797,6,23.542299999999997,25.5,1.0
IND403726AAB,IND403507AAA,Carting,1.3333333333333333,5,25.0992,29.0,0.8
IND403726AAB,IND403507AAB,Carting,0.9302325581395348,1,35.105599999999995,43.0,0.0
IND403726AAB,IND403601AAA,Carting,1.492063492063492,6,15.925049999999999,15.0,1.0
IND410206AAA,IND000000AFT,Carting,2.363636363636364,13,18.9412,15.0,1.0
IND410206AAB,IND000000AFT,Carting,2.303308823529412,36,20.45785,17.0,1.0
IND410401AAA,IND421302AAG,FTL,2.4776119402985075,9,84.9857,67.0,1.0
IND410501AAF,IND411033AAA,Carting,5.390476190476191,4,16.92465,15.0,1.0
IND410503AAA,IND410505AAB,Carting,4.108695652173913,2,33.13135,23.0,1.0
IND410505AAB,IND410501AAF,Carting,4.1,5,15.5234,10.0,1.0
IND410505AAB,IND411033AAA,Carting,2.189230769230769,2,24.3627,25.5,1.0
IND411014AAA,IND411033AAA,Carting,2.3666666666666667,15,31.003,31.0,1.0
IND411014AAA,IND411043AAA,Carting,5.125,7,15.8151,15.0,1.0
IND411014AAA,IND411048AAA,Carting,8.242857142857144,6,14.0083,14.5,1.0
IND411017AAA,IND412105AAC,Carting,2.852941176470588,2,17.191950000000002,17.0,1.0
IND411021AAA,IND411033AAA,Carting,2.166666666666667,28,13.000599999999999,15.0,0.8214285714285714
IND411033AAA,IND000000AAL,Carting,2.703703703703704,17,24.6205,26.0,1.0
IND411033AAA,IND000000ACB,FTL,1.7198479500407275,18,1361.7058499999998,1015.0,1.0
IND411033AAA,IND400072AAB,FTL,1.8640776699029127,8,130.8845,103.0,1.0
IND411033AAA,IND403726AAA,FTL,2.048906129912808,20,511.48505,389.0,1.0
IND411033AAA,IND410503AAA,Carting,2.6808510638297878,3,58.2686,47.0,1.0
IND411033AAA,IND410505AAB,Carting,1.5862068965517242,7,31.6023,29.0,1.0
IND411033AAA,IND411014AAA,Carting,2.625,43,25.9345,28.0,1.0
IND411033AAA,IND411021AAA,Carting,2.208333333333333,34,11.18675,12.0,0.8235294117647058
IND411033AAA,IND411036AAA,Carting,1.8261904761904764,32,25.87115,29.0,1.0
IND411033AAA,IND413002AAA,FTL,1.7735849056603774,27,281.1588,212.0,1.0
IND411033AAA,IND413501AAA,FTL,2.7452830188679247,1,276.3396,212.0,1.0
IND411033AAA,IND414001AAA,FTL,1.7757009345794392,3,141.5488,107.0,1.0
IND411033AAA,IND416012AAA,FTL,1.6363636363636365,13,249.2718,220.0,1.0
IND411033AAA,IND421302AAG,FTL,1.9904761904761905,107,129.6487,101.0,1.0
IND411033AAA,IND431136AAC,FTL,2.192353461172311,12,235.2019,172.0,1.0
IND411033AAA,IND431603AAA,FTL,2.2639751552795038,15,446.9457,322.0,1.0
IND411033AAA,IND501359AAE,FTL,1.6479166666666667,11,632.2850999999999,480.0,1.0
IND411033AAA,IND521225AAB,FTL,1.9371345029239766,10,911.93355,684.0,1.0
IND411033AAA,IND562132AAA,FTL,1.7863293210854185,10,840.75135,615.0,1.0
IND411033AAA,IND580028AAA,FTL,1.7485875706214689,5,487.672,354.0,1.0
IND411033AAB,IND411057AAF,Carting,5.266666666666667,1,13.4217,15.0,1.0
IND411036AAA,IND411033AAA,Carting,2.310344827586207,33,28.4677,29.0,1.0
IND411043AAA,IND411014AAA,Carting,4.25,3,15.5423,16.0,1.0
IND411048AAA,IND411014AAA,Carting,4.8125,2,15.60725,16.0,1.0
IND412105AAC,IND411017AAA,Carting,2.333333333333333,33,18.0027,16.0,1.0
IND412210AAC,IND411033AAA,FTL,2.4761904761904763,2,82.65045,63.0,1.0
IND412803AAB,IND421802AAA,FTL,1.1150537634408602,2,23.64775,30.5,0.0
IND413002AAA,IND413304AAA,Carting,1.9811320754716983,10,72.8061,53.0,1.0
IND413002AAA,IND413307AAC,Carting,2.0,1,89.4707,64.0,1.0
IND413002AAA,IND413501AAA,FTL,1.553191489361702,21,64.6965,48.0,1.0
IND413002AAA,IND421302AAG,FTL,2.442953020134228,9,397.4751,297.0,1.0
IND413002AAA,IND501359AAE,FTL,1.7695167286245352,17,350.2073,269.0,1.0
IND413304AAA,IND413002AAA,Carting,2.0,5,73.5145,52.0,1.0
IND413304AAA,IND415301AAB,Carting,1.4803921568627452,6,56.6026,52.0,1.0
IND413307AAB,IND413304AAA,Carting,2.260869565217391,3,32.9096,24.0,1.0
IND413307AAC,IND413002AAA,Carting,2.828125,1,88.20819999999999,64.0,1.0
IND413401AAA,IND411033AAA,FTL,2.134831460674157,19,237.8504,175.0,1.0
IND413501AAA,IND411033AAA,FTL,2.2180094786729856,1,277.2859,211.0,1.0
IND413501AAA,IND413401AAA,FTL,1.4285714285714286,21,38.1812,35.0,1.0
IND413517AAA,IND431603AAA,Carting,3.1294117647058823,1,110.0454,85.0,1.0
IND413517AAA,IND431717AAA,Carting,2.8998257839721253,2,59.78545,41.5,1.0
IND413531AAA,IND413517AAA,Carting,2.578557312252965,4,65.23055,46.0,1.0
IND413709AAA,IND423109AAA,Carting,1.8846153846153848,13,29.5612,27.0,1.0
IND413709AAA,IND423601AAA,Carting,1.5135135135135136,1,43.3419,37.0,1.0
IND413709AAA,IND423701AAB,Carting,2.230769230769231,3,42.5732,39.0,1.0
IND414001AAA,IND411033AAA,FTL,2.480769230769231,1,140.2953,104.0,1.0
IND414001AAA,IND414203AAB,FTL,1.813953488372093,1,60.9673,43.0,1.0
IND414001AAA,IND414302AAB,FTL,1.5588235294117647,1,42.0274,34.0,1.0
IND414203AAB,IND414302AAB,FTL,1.7837837837837838,1,98.2615,74.0,1.0
IND414302AAB,IND411033AAA,FTL,2.3962994836488813,2,106.7019,83.5,1.0
IND414302AAB,IND412210AAC,FTL,1.736842105263158,1,22.8751,19.0,1.0
IND414502AAA,IND431107AAB,FTL,1.5769230769230769,7,26.9384,25.0,1.0
IND415003AAA,IND411033AAA,FTL,1.3490149210488194,2,126.35605,117.5,1.0
IND415003AAA,IND412803AAB,FTL,1.2790697674418603,7,35.6314,43.0,0.7142857142857143
IND415124AAA,IND415605AAA,FTL,1.0958083832335328,16,89.2316,167.0,0.1875
IND415301AAB,IND413307AAB,Carting,1.7663003663003662,4,36.72985,36.0,1.0
IND415408AAC,IND416012AAA,FTL,4.36734693877551,9,54.2421,48.0,1.0
IND415409AAB,IND415124AAA,FTL,1.7391304347826086,11,30.2576,23.0,1.0
IND415605AAA,IND415709AAA,FTL,2.42,16,33.86665000000001,24.0,1.0
IND415612AAA,IND415408AAC,FTL,2.611742424242424,8,117.19865,90.0,1.0
IND415709AAA,IND416012AAA,FTL,2.496969696969697,5,198.082,164.0,1.0
IND415709AAA,IND416122AAA,FTL,1.7341040462427746,1,201.6547,173.0,1.0
IND416012AAA,IND395023AAA,FTL,1.713995943204868,15,623.4032,492.0,1.0
IND416012AAA,IND415003AAA,FTL,1.9114583333333335,8,121.39605,96.0,1.0
IND416012AAA,IND415409AAB,FTL,1.8285984848484849,4,44.77955,33.0,1.0
IND416012AAA,IND415612AAA,FTL,2.8608247422680413,10,134.23609999999996,97.0,1.0
IND416012AAA,IND591237AAB,FTL,2.3014705882352944,10,40.43745,31.5,1.0
IND416122AAA,IND395023AAA,FTL,1.888655462184874,1,603.1991999999999,476.0,1.0
IND416404AAA,IND416012AAA,FTL,4.81,6,138.3589,100.0,1.0
IND416510AAA,IND416602AAC,FTL,2.6625,6,53.0293,40.0,1.0
IND416510AAA,IND416606AAA,Carting,2.084219858156028,14,47.32905,45.0,1.0
IND416602AAC,IND411033AAA,FTL,2.243150684931507,7,357.5046,292.0,1.0
IND416606AAA,IND416510AAA,Carting,26.880917874396133,10,47.279250000000005,45.5,1.0
IND421301AAA,IND421302AAR,Carting,3.75,15,12.5025,10.0,1.0
IND421302AAG,IND000000ACB,FTL,1.998452012383901,26,1322.6282500000002,968.0,1.0
IND421302AAG,IND000000AFT,Carting,2.5,54,22.6321,20.0,1.0
IND421302AAG,IND110037AAM,FTL,2.0813492063492065,19,1366.3654,1007.0,1.0
IND421302AAG,IND131028AAB,FTL,1.9119395657329183,14,1427.2415,1038.0,1.0
IND421302AAG,IND160002AAC,FTL,1.888695652173913,1,1583.6609,1150.0,1.0
IND421302AAG,IND382430AAB,FTL,2.068408979190562,18,492.76715,358.0,1.0
IND421302AAG,IND395023AAA,FTL,2.263157894736842,11,253.549,189.0,1.0
IND421302AAG,IND400015AAA,Carting,2.4545454545454546,49,42.771800000000006,32.0,1.0
IND421302AAG,IND400015AAB,Carting,2.21875,31,42.4891,31.0,1.0
IND421302AAG,IND400072AAA,Carting,2.4347826086956523,29,27.3854,22.0,1.0
IND421302AAG,IND400072AAB,Carting,2.5454545454545454,105,27.3149,22.0,1.0
IND421302AAG,IND400072AAJ,Carting,2.5954545454545457,38,27.46155,23.0,1.0
IND421302AAG,IND400078AAB,Carting,2.4615384615384617,1,16.2015,13.0,1.0
IND421302AAG,IND400102AAB,Carting,2.3076923076923075,33,32.8961,29.0,1.0
IND421302AAG,IND400102AAC,Carting,2.6685185185185185,62,32.98825,28.0,1.0
IND421302AAG,IND400701AAB,Carting,2.448621553884712,22,22.88125,20.5,1.0
IND421302AAG,IND401104AAA,Carting,2.755928853754941,78,28.87475,25.0,1.0
IND421302AAG,IND401104AAB,Carting,2.284900284900285,10,28.802,25.0,1.0
IND421302AAG,IND410401AAA,FTL,2.462686567164179,11,88.8,67.0,1.0
IND421302AAG,IND411033AAA,FTL,2.1958762886597936,72,130.80165,97.0,1.0
IND421302AAG,IND413002AAA,FTL,2.064935064935065,7,411.7283,310.0,1.0
IND421302AAG,IND421401AAC,Carting,2.5710685483870965,10,42.894499999999994,31.0,1.0
IND421302AAG,IND422011AAD,FTL,1.731958762886598,21,136.90279999999998,97.0,1.0
IND421302AAG,IND444005AAB,FTL,2.381195024605727,20,549.995,391.0,1.0
IND421302AAG,IND462022AAA,FTL,2.198200854364861,12,768.1224500000001,553.0,1.0
IND421302AAG,IND501359AAE,FTL,1.9865462700205272,24,778.5192999999999,557.0,1.0
IND421302AAG,IND562132AAA,FTL,1.857946273144485,30,968.8463,709.0,1.0
IND421302AAG,IND712311AAA,FTL,2.1157742402315485,9,1933.2758,1382.0,1.0
IND421302AAG,IND834002AAB,FTL,2.333494293239684,4,1589.8352499999999,1140.0,1.0
IND421302AAN,IND400072AAB,Carting,2.5454545454545454,16,27.908,22.0,1.0
IND421302AAR,IND400612AAA,Carting,2.363636363636364,14,14.2547,12.0,1.0
IND421302AAR,IND421004AAA,Carting,3.454545454545454,26,14.1286,11.0,1.0
IND421302AAR,IND421301AAA,Carting,4.0,17,12.8431,10.0,1.0
IND421302AAR,IND421302AAF,Carting,4.235294117647059,1,20.5132,17.0,1.0
IND421401AAC,IND421601AAB,Carting,2.6666666666666665,11,26.2065,18.0,1.0
IND421502AAA,IND421302AAR,Carting,3.294117647058824,17,19.28,17.0,1.0
IND421601AAB,IND421302AAG,Carting,3.814271749755621,14,42.629900000000006,31.0,1.0
IND421802AAA,IND411033AAA,FTL,1.6933333333333334,7,80.0409,75.0,1.0
IND422011AAD,IND413709AAA,Carting,1.9696969696969695,1,121.9114,99.0,1.0
IND422011AAD,IND421302AAG,FTL,2.288659793814433,21,136.2216,97.0,1.0
IND422011AAD,IND422103AAC,Carting,1.4054054054054057,11,40.5612,36.0,1.0
IND422011AAD,IND423109AAA,Carting,1.7269298245614035,2,97.58670000000001,75.5,1.0
IND422103AAC,IND422605AAA,Carting,1.796551724137931,10,38.886300000000006,30.0,1.0
IND422103AAC,IND423601AAA,Carting,2.0,1,57.0574,42.0,1.0
IND422605AAA,IND413709AAA,Carting,1.826086956521739,9,50.1062,46.0,1.0
IND422605AAA,IND423109AAA,Carting,3.6222222222222222,1,53.5613,45.0,1.0
IND423105AAA,IND423106AAA,FTL,1.3529411764705883,1,36.8306,34.0,1.0
IND423105AAA,IND423301AAB,FTL,1.4705882352941178,7,34.463,34.0,1.0
IND423106AAA,IND423105AAA,FTL,1.5276497695852536,8,36.7953,34.0,1.0
IND423109AAA,IND413709AAA,Carting,1.7857142857142858,1,30.2185,28.0,1.0
IND423109AAA,IND423601AAA,Carting,2.125,12,12.39055,9.0,1.0
IND423109AAA,IND423701AAB,Carting,2.6153846153846154,1,37.5551,26.0,1.0
IND423601AAA,IND413709AAA,Carting,1.7837837837837838,3,43.7242,38.0,1.0
IND423601AAA,IND423701AAB,Carting,2.208333333333333,12,32.798,24.0,1.0
IND423701AAB,IND422011AAD,Carting,2.2550154320987654,18,110.30085,79.0,1.0
IND424006AAA,IND421302AAG,FTL,2.2170731707317075,8,284.77470000000005,201.5,1.0
IND424006AAA,IND423105AAA,FTL,4.205882352941177,1,47.7911,34.0,1.0
IND424006AAA,IND423106AAA,FTL,1.3225806451612905,5,77.4735,62.0,1.0
IND424006AAA,IND424101AAA,Carting,1.9639953542392568,8,57.04905,40.5,1.0
IND424006AAA,IND424304AAC,FTL,2.062226391494684,8,54.4818,40.5,1.0
IND424006AAA,IND425401AAA,Carting,1.7714285714285714,1,41.2941,35.0,1.0
IND424006AAA,IND425405AAA,FTL,1.9090909090909087,3,59.5702,44.0,1.0
IND424006AAA,IND425412AAA,FTL,2.012987012987013,3,104.8513,76.0,1.0
IND424006AAA,IND452001AAC,Carting,2.9722222222222223,1,100.5391,72.0,1.0
IND424101AAA,IND431103AAA,Carting,1.625,1,31.2776,24.0,1.0
IND424201AAA,IND424006AAA,Carting,10.552238805970148,1,85.721,67.0,1.0
IND424304AAC,IND424006AAA,FTL,22.313662790697673,2,56.7526,41.5,1.0
IND424304AAC,IND425412AAA,FTL,1.7714285714285714,9,52.9921,37.0,1.0
IND425109AAA,IND424201AAA,Carting,1.35,1,37.1863,40.0,1.0
IND425201AAA,IND425508AAB,Carting,1.947368421052632,9,41.5698,38.0,1.0
IND425401AAA,IND425109AAA,Carting,1.5483870967741935,1,33.7629,31.0,1.0
IND425405AAA,IND424006AAA,FTL,21.232475598935224,14,64.5275,48.0,1.0
IND425405AAA,IND425409AAA,FTL,2.313725490196078,1,56.0325,51.0,1.0
IND425406AAA,IND425405AAA,FTL,1.9484126984126984,4,20.7417,20.5,1.0
IND425406AAA,IND425409AAA,FTL,2.3142857142857145,1,49.3457,35.0,1.0
IND425406AAA,IND425412AAA,FTL,2.1113095238095236,2,56.899550000000005,41.0,1.0
IND425409AAA,IND424006AAA,FTL,12.08108108108108,1,94.5602,74.0,1.0
IND425409AAA,IND424304AAC,FTL,2.2028985507246377,1,92.9899,69.0,1.0
IND425409AAA,IND425406AAA,FTL,2.2777777777777777,9,50.2143,36.0,1.0
IND425409AAA,IND425412AAA,FTL,2.066666666666667,1,38.2279,30.0,1.0
IND425412AAA,IND424006AAA,FTL,13.835443037974684,1,109.1615,79.0,1.0
IND425412AAA,IND424304AAC,FTL,2.125,1,57.6705,40.0,1.0
IND425412AAA,IND425406AAA,FTL,2.157285803627267,2,55.9246,40.0,1.0
IND425412AAA,IND425409AAA,FTL,2.268075639599555,10,39.068650000000005,30.0,1.0
IND425508AAB,IND450331AAA,Carting,2.7529411764705882,16,24.0006,17.5,1.0
IND431001AAB,IND431136AAC,Carting,3.2613636363636367,18,14.47925,11.0,1.0
IND431107AAB,IND431136AAC,FTL,1.87,6,49.06375,50.0,1.0
IND431112AAB,IND431136AAC,Carting,3.272727272727273,11,75.4698,56.0,1.0
IND431122AAA,IND431127AAA,FTL,2.095238095238096,7,29.9666,21.0,1.0
IND431127AAA,IND414502AAA,FTL,2.107142857142857,7,62.2876,56.0,1.0
IND431131AAB,IND431603AAA,Carting,8.135135135135135,1,156.47979999999998,111.0,1.0
IND431136AAC,IND411033AAA,FTL,1.9298245614035088,13,235.4623,172.0,1.0
IND431136AAC,IND431001AAA,Carting,3.111111111111111,20,13.41015,9.0,1.0
IND431136AAC,IND431112AAB,Carting,3.9649122807017534,1,77.4368,57.0,1.0
IND431136AAC,IND431122AAA,FTL,2.224489795918368,9,137.81779999999998,98.0,1.0
IND431136AAC,IND431203AAA,Carting,2.30188679245283,15,74.1863,54.0,1.0
IND431203AAA,IND431112AAB,Carting,1.979591836734694,10,66.99465,48.0,1.0
IND431203AAA,IND431136AAC,Carting,1.8796296296296298,2,74.3947,54.0,1.0
IND431514AAA,IND431515AAA,FTL,2.046536796536796,16,30.58895,21.0,1.0
IND431515AAA,IND431517AAB,FTL,2.933333333333333,14,21.55975,15.0,1.0
IND431517AAB,IND411033AAA,FTL,2.768272113943029,12,318.56444999999997,230.5,1.0
IND431603AAA,IND413517AAA,Carting,2.7976190476190474,1,107.4206,84.0,1.0
IND431603AAA,IND413531AAA,Carting,2.8210526315789473,4,134.177,95.0,1.0
IND431603AAA,IND431401AAA,Carting,3.5254237288135597,1,74.0993,59.0,1.0
IND431603AAA,IND431708AAA,FTL,2.0434782608695654,15,32.4038,23.0,1.0
IND431708AAA,IND431514AAA,FTL,2.0689655172413794,16,41.4229,29.0,1.0
IND431717AAA,IND431603AAA,Carting,7.953918722786647,2,75.12604999999999,52.5,1.0
IND441206AAB,IND441603AAA,Carting,2.746268656716418,1,88.601,67.0,1.0
IND441206AAB,IND442605AAA,Carting,2.7333333333333334,7,58.0608,45.0,1.0
IND441603AAA,IND442605AAA,Carting,1.8333333333333333,1,31.9113,24.0,1.0
IND441614AAA,IND481001AAA,FTL,2.2962962962962963,9,38.9986,27.0,1.0
IND441904AAB,IND441912AAA,Carting,1.7857142857142856,12,31.0344,29.0,1.0
IND441912AAA,IND441107AAB,Carting,2.702702702702702,11,103.6758,75.0,1.0
IND442001AAA,IND442101AAB,FTL,3.7142857142857135,5,18.009900000000002,14.0,1.0
IND442101AAB,IND445001AAB,FTL,2.1998577524893315,12,52.046800000000005,37.0,1.0
IND442605AAA,IND441603AAA,Carting,2.090909090909091,3,31.538400000000003,23.0,1.0
IND443201AAA,IND000000AAZ,FTL,6.25,1,23.79,16.0,1.0
IND443301AAA,IND443201AAA,FTL,2.680947580645161,2,44.5664,31.5,1.0
IND444005AAB,IND000000AAZ,FTL,5.2,1,103.1567,75.0,1.0
IND444005AAB,IND421302AAG,FTL,2.306996248068859,20,549.66545,392.0,1.0
IND444005AAB,IND443301AAA,FTL,2.375,5,110.207,81.0,1.0
IND444203AAA,IND444005AAB,FTL,2.5,5,50.5628,40.0,1.0
IND444303AAA,IND444203AAA,FTL,3.242424242424242,2,16.9471,11.5,1.0
IND444602AAA,IND444005AAB,FTL,2.081081081081081,21,96.8424,74.0,1.0
IND445101AAA,IND440014AAA,Carting,4.2105263157894735,1,22.4185,19.0,1.0
IND450331AAA,IND452001AAC,Carting,2.242857142857143,13,96.8774,69.0,1.0
IND451666AAA,IND421302AAG,FTL,2.525,2,395.46655,280.0,1.0
IND451666AAA,IND424006AAA,FTL,2.6073471845829572,8,111.6546,79.0,1.0
IND452001AAC,IND425201AAA,Carting,2.823529411764706,9,23.2065,17.0,1.0
IND452001AAC,IND425508AAB,Carting,2.047169811320755,2,61.51690000000001,53.0,1.0
IND454001AAA,IND457001AAA,FTL,1.146067415730337,17,87.4747,89.0,0.35294117647058826
IND457001AAA,IND382430AAB,FTL,1.9809885931558933,3,371.6415,264.0,1.0
IND457001AAA,IND457226AAA,FTL,1.0769736842105264,16,37.985,40.0,0.3125
IND457226AAA,IND382430AAB,FTL,1.7952218430034128,16,391.91970000000003,294.0,1.0
IND458001AAB,IND458990AAA,FTL,1.5185185185185186,11,31.0757,28.0,1.0
IND458664AAA,IND312403AAA,FTL,2.466666666666667,7,53.049800000000005,44.0,1.0
IND458990AAA,IND312605AAB,FTL,2.228448275862069,10,61.84595,57.0,1.0
IND460001AAA,IND480334AAA,FTL,2.2153846153846155,21,86.709,65.0,1.0
IND461001AAA,IND461111AAA,FTL,4.785714285714286,1,21.1863,14.0,1.0
IND461111AAA,IND460001AAA,FTL,1.8782390269698572,20,86.03235,62.0,1.0
IND462001AAA,IND462022AAA,Carting,3.916666666666667,28,14.26375,13.0,1.0
IND462011AAA,IND462022AAA,Carting,2.363636363636364,11,12.6942,12.0,1.0
IND462021AAA,IND462001AAA,Carting,6.727272727272728,1,11.7024,11.0,1.0
IND462022AAA,IND000000ACB,FTL,1.9131577857823046,26,814.2094500000001,584.0,1.0
IND462022AAA,IND209304AAA,FTL,2.1108247422680413,25,545.1256,388.0,1.0
IND462022AAA,IND461001AAA,FTL,2.5,5,72.5534,51.0,1.0
IND462022AAA,IND462001AAA,Carting,2.3076923076923075,3,14.5169,13.0,1.0
IND462022AAA,IND462011AAA,Carting,2.412587412587413,28,12.66095,12.0,1.0
IND462022AAA,IND462042AAA,Carting,3.5666666666666664,2,20.4617,20.5,1.0
IND462022AAA,IND465669AAB,FTL,2.125,10,97.11585,68.0,1.0
IND462022AAA,IND466001AAA,FTL,2.8488372093023253,14,49.6907,43.0,1.0
IND462022AAA,IND842003AAB,FTL,2.4838709677419355,8,289.2151,217.0,1.0
IND462042AAA,IND462022AAA,Carting,4.9,17,19.1454,20.0,1.0
IND464001AAA,IND464221AAA,FTL,1.8421052631578947,1,60.0418,57.0,1.0
IND464221AAA,IND470004AAA,FTL,1.6538461538461535,1,150.7004,130.0,1.0
IND464668AAA,IND462022AAA,FTL,2.553571428571429,2,119.1635,84.0,1.0
IND465001AAA,IND462022AAA,FTL,1.6458374858813367,4,213.95544999999998,173.5,1.0
IND465001AAA,IND465333A1B,FTL,1.056100981767181,2,69.26985,81.0,0.5
IND465001AAA,IND465333AAA,FTL,1.3428571428571427,3,66.4411,69.0,1.0
IND465333A1B,IND462022AAA,FTL,1.2524271844660195,1,145.6182,103.0,1.0
IND465333A1B,IND465333AAA,FTL,0.6388888888888888,1,58.2535,72.0,0.0
IND465333AAA,IND462022AAA,FTL,1.8653846153846156,3,146.42010000000002,103.0,1.0
IND465669AAB,IND465683AAA,FTL,1.5277777777777777,11,39.0004,35.0,1.0
IND465683AAA,IND465001AAA,FTL,1.4492753623188406,13,55.097,68.0,0.9230769230769231
IND466001AAA,IND466116AAA,FTL,1.7666666666666666,15,43.0466,32.0,1.0
IND466116AAA,IND462022AAA,FTL,2.3857142857142857,13,103.4224,74.0,1.0
IND470004AAA,IND462022AAA,FTL,2.126984126984127,1,177.7757,126.0,1.0
IND470004AAA,IND470113AAA,FTL,2.25,2,82.45490000000001,58.0,1.0
IND470004AAA,IND470117AAA,FTL,2.1777777777777776,1,59.3051,45.0,1.0
IND470004AAA,IND473443AAA,FTL,2.0466101694915255,2,159.04235,118.0,1.0
IND470113AAA,IND470117AAA,FTL,2.5142857142857142,2,20.7331,14.5,1.0
IND470113AAA,IND470227AAB,FTL,1.6727272727272726,1,143.9026,110.0,1.0
IND470117AAA,IND470227AAB,FTL,1.7526315789473683,6,122.6775,95.0,1.0
IND471001AAA,IND472001AAA,FTL,1.620253164556962,9,97.1646,81.0,1.0
IND472001AAA,IND474003AAA,FTL,2.485294117647059,3,225.7194,204.0,1.0
IND472001AAA,IND485001AAC,FTL,2.3142957870615195,16,242.3127,186.0,1.0
IND473001AAA,IND473331AAA,FTL,2.025641025641025,11,42.9879,39.0,1.0
IND473226AAA,IND473001AAA,FTL,1.3038461538461539,10,32.3411,39.0,0.8
IND473226AAA,IND474003AAA,FTL,1.6711940748995846,10,248.76915000000002,294.0,1.0
IND473331AAA,IND473226AAA,FTL,2.0609756097560976,17,77.2146,81.0,1.0
IND473443AAA,IND470113AAA,FTL,1.8135593220338984,7,74.93780000000001,59.0,1.0
IND474003AAA,IND000000ACB,FTL,1.6346153846153846,26,316.01930000000004,261.0,1.0
IND474003AAA,IND328001AAA,FTL,1.373134328358209,1,61.6966,67.0,1.0
IND474003AAA,IND473551AAA,FTL,1.4338235294117647,1,117.6841,136.0,1.0
IND474003AAA,IND475661AAB,FTL,2.8253968253968256,1,81.44810000000001,63.0,1.0
IND474003AAA,IND476001AAA,FTL,1.5945945945945943,3,34.6902,37.0,1.0
IND474003AAA,IND476111AAA,FTL,2.4407242063492065,8,70.56045,63.0,1.0
IND476001AAA,IND476111AAA,FTL,2.208333333333333,1,34.6501,24.0,1.0
IND476111AAA,IND477001AAA,FTL,1.9598039215686274,6,65.12755000000001,51.5,1.0
IND476111AAA,IND477001AAB,FTL,2.1730769230769234,2,74.38285,52.0,1.0
IND477001AAA,IND474003AAA,FTL,3.363636363636364,1,76.084,55.0,1.0
IND477001AAB,IND474003AAA,FTL,4.811320754716981,11,76.7885,55.0,1.0
IND480001AAA,IND480661AAA,FTL,1.5535444947209651,10,73.00895,51.5,1.0
IND480001AAA,IND481661AAA,FTL,1.6337882547559965,2,197.0908,155.5,1.0
IND480334AAA,IND480106AAA,FTL,1.4166666666666667,21,38.922,36.0,0.9523809523809523
IND480661AAA,IND480001AAA,FTL,1.826923076923077,2,73.28705000000001,52.0,1.0
IND480661AAA,IND481661AAA,FTL,1.3964245705750562,6,123.729,103.5,0.8333333333333334
IND480886AAA,IND480001AAA,FTL,1.5778282828282828,6,137.035,98.0,1.0
IND480886AAA,IND480661AAA,FTL,1.5274376417233562,2,65.41799999999999,47.0,1.0
IND481661AAA,IND842003AAB,FTL,3.5,9,104.296,73.0,1.0
IND482002AAA,IND842003AAB,Carting,15.75,1,10.4909,8.0,1.0
IND483225AAA,IND483501AAA,FTL,2.121212121212121,3,44.759,33.0,1.0
IND483501AAA,IND483770AAA,FTL,2.0,3,52.5915,46.0,1.0
IND483770AAA,IND842003AAB,FTL,2.485253709470599,2,131.93885,104.5,1.0
IND484001AAA,IND484224AAA,FTL,1.4166666666666667,2,46.86305,42.0,1.0
IND484001AAA,IND484446AAA,FTL,2.0777555777555774,4,105.73245,77.5,1.0
IND484224AAA,IND484446AAA,FTL,0.96875,1,67.1484,64.0,0.0
IND484446AAA,IND842003AAB,FTL,2.025531914893617,3,322.8283,235.0,1.0
IND484551AAA,IND484001AAA,FTL,2.0384615384615383,1,37.4561,26.0,1.0
IND484661AAE,IND484001AAA,FTL,2.5488394584139265,2,65.60575,45.5,1.0
IND484661AAE,IND484551AAA,FTL,3.333333333333333,1,30.4302,21.0,1.0
IND485001AAC,IND471001AAA,FTL,2.1298076923076925,8,144.10135000000002,104.0,1.0
IND485001AAC,IND485771AAA,FTL,3.060606060606061,3,43.3326,33.0,1.0
IND485001AAC,IND486001AAA,FTL,14.061764705882354,2,46.0454,34.5,1.0
IND485001AAC,IND486771AAA,FTL,7.209876543209877,5,104.8851,81.0,1.0
IND485001AAC,IND488001AAA,FTL,2.0701754385964914,3,75.4958,55.0,1.0
IND485771AAA,IND486001AAA,FTL,2.1333333333333333,1,64.4999,45.0,1.0
IND485771AAA,IND486771AAA,FTL,5.285714285714286,1,124.0555,91.0,1.0
IND486001AAA,IND486771AAA,FTL,2.6642619311875695,2,72.82249999999999,52.0,1.0
IND486661AAA,IND211002AAB,FTL,5.236024844720497,5,195.6941,161.0,1.0
IND486771AAA,IND486661AAA,FTL,1.6875,6,25.976300000000002,20.5,1.0
IND486886AAA,IND486889AAA,FTL,2.4,7,24.7239,20.0,1.0
IND486889AAA,IND231205AAA,FTL,2.1076923076923078,4,87.15825000000001,70.0,1.0
IND486889AAA,IND231216AAA,FTL,2.593406593406593,3,110.3874,91.0,1.0
IND487001AAA,IND487551AAA,FTL,1.3765032377428308,4,50.0591,46.0,0.75
IND487001AAB,IND487551AAA,FTL,1.627659574468085,4,51.79905,47.0,1.0
IND487551AAA,IND464668AAA,FTL,2.4285714285714284,7,75.0227,63.0,1.0
IND488001AAA,IND471001AAA,FTL,2.1686613475177303,4,67.27359999999999,47.0,1.0
IND491001AAA,IND494334AAB,FTL,1.439252336448598,1,135.07379999999998,107.0,1.0
IND493118AAC,IND495334AAB,Carting,1.6326530612244898,11,54.8625,50.0,1.0
IND493445AAB,IND490023AAA,FTL,14.40983606557377,1,86.438,61.0,1.0
IND494334AAB,IND493445AAB,FTL,1.7692307692307692,11,173.8199,131.0,1.0
IND495004AAA,IND495671AAA,FTL,2.558139534883721,1,61.5664,43.0,1.0
IND495334AAB,IND491995AAB,Carting,1.6043478260869566,12,64.10135,45.0,1.0
IND495677AAA,IND496001AAA,FTL,2.18018018018018,7,132.0614,111.0,1.0
IND500008AAC,IND500084AAB,Carting,2.736842105263158,1,12.0553,19.0,1.0
IND500008AAC,IND501359AAE,Carting,3.391304347826087,13,24.5092,22.0,1.0
IND500008AAD,IND501359AAE,Carting,3.216450216450217,6,25.73285,22.0,1.0
IND500008AAF,IND500039AAC,Carting,3.357142857142857,19,19.0913,15.0,1.0
IND500010AAA,IND500055AAA,Carting,1.8235294117647056,1,15.9111,17.0,1.0
IND500010AAA,IND501359AAE,Carting,2.4864864864864864,9,45.2804,37.0,1.0
IND500010AAA,IND501401AAC,Carting,3.8,1,20.0311,15.0,1.0
IND500010AAB,IND501359AAE,Carting,3.3783783783783785,39,44.7502,36.0,1.0
IND500018AAA,IND500080AAB,Carting,4.5125,2,14.4774,15.5,1.0
IND500032AAA,IND502295AAA,Carting,1.9795454545454543,4,26.69585,21.0,1.0
IND500035AAA,IND500039AAC,Carting,2.75,1,15.0909,12.0,1.0
IND500039AAB,IND501301AAC,Carting,2.325,2,13.078050000000001,9.0,1.0
IND500039AAC,IND500035AAA,Carting,4.230769230769231,1,16.3709,13.0,1.0
IND500039AAC,IND500035AAD,Carting,2.636363636363636,7,13.4239,13.0,1.0
IND500039AAC,IND501359AAE,Carting,4.037037037037037,15,34.745,27.0,1.0
IND500039AAC,IND508116AAA,FTL,2.321428571428572,13,36.8972,28.0,1.0
IND500039AAD,IND501359AAE,Carting,2.717013888888889,8,36.640299999999996,31.0,1.0
IND500050AAA,IND501218AAC,Carting,5.566666666666666,5,33.2229,30.0,1.0
IND500050AAA,IND501359AAE,Carting,2.419354838709677,21,36.0739,32.0,1.0
IND500055AAA,IND500010AAA,Carting,2.933333333333333,1,12.4969,15.0,1.0
IND500055AAA,IND501401AAC,Carting,2.0588235294117645,1,20.228900000000003,17.0,1.0
IND500055AAC,IND501401AAC,Carting,2.5384615384615383,17,15.4876,11.0,1.0
IND500080AAB,IND501359AAE,Carting,2.795454545454545,20,26.205350000000003,21.0,1.0
IND501101AAB,IND501359AAE,Carting,1.9285714285714288,1,72.1443,56.0,1.0
IND501101AAB,IND509216AAC,Carting,1.471698113207547,5,56.152,53.0,0.8
IND501141AAA,IND501101AAB,Carting,1.5365853658536586,5,38.9117,41.0,1.0
IND501301AAC,IND500039AAC,Carting,3.5314685314685317,2,14.8667,12.0,1.0
IND501359AAE,IND000000ACB,FTL,2.1486146095717884,1,1635.114,1191.0,1.0
IND501359AAE,IND411033AAA,FTL,2.042466068093521,20,596.1829,447.0,1.0
IND501359AAE,IND413002AAA,FTL,1.9477911646586343,11,327.37690000000003,250.0,1.0
IND501359AAE,IND462022AAA,FTL,2.0983676339946697,20,865.8919000000001,614.0,1.0
IND501359AAE,IND500008AAC,Carting,1.8571428571428568,19,26.9101,21.0,1.0
IND501359AAE,IND500010AAA,Carting,1.9358974358974357,12,47.48885,39.0,1.0
IND501359AAE,IND500010AAB,Carting,2.871794871794872,33,48.334,40.0,1.0
IND501359AAE,IND500039AAC,Carting,2.1545977011494255,10,36.2155,29.0,1.0
IND501359AAE,IND500039AAD,Carting,2.7270114942528734,6,36.22695,30.0,1.0
IND501359AAE,IND500050AAA,Carting,1.8060344827586206,18,34.1595,30.0,1.0
IND501359AAE,IND500080AAB,Carting,1.98,24,28.73085,23.5,1.0
IND501359AAE,IND501141AAA,Carting,1.6085106382978722,8,109.3512,94.0,1.0
IND501359AAE,IND503111AAC,FTL,1.7330607476635516,2,140.17345,105.5,1.0
IND501359AAE,IND505001AAB,FTL,1.3827486615948157,2,186.9071,168.5,1.0
IND501359AAE,IND506002AAA,FTL,1.7754898040783686,16,171.07580000000002,122.0,1.0
IND501359AAE,IND508252AAB,FTL,2.0434782608695654,7,66.4524,46.0,1.0
IND501359AAE,IND509001AAA,FTL,1.5357142857142858,17,76.3792,56.0,1.0
IND501359AAE,IND509358AAA,FTL,1.5555555555555556,17,36.8336,27.0,1.0
IND501359AAE,IND515004AAA,FTL,1.786008230452675,9,337.884,243.0,1.0
IND501359AAE,IND518002AAA,FTL,1.7789855072463767,16,194.0363,138.0,1.0
IND501359AAE,IND523002AAA,FTL,1.7158244481664555,12,363.46555,273.0,1.0
IND501359AAE,IND533106AAA,FTL,2.2142857142857144,12,421.56845,299.0,1.0
IND501359AAE,IND562132AAA,FTL,1.6863207547169812,5,542.2618,425.0,1.0
IND501359AAE,IND585104AAA,FTL,1.6686746987951808,21,210.4105,168.0,1.0
IND501359AAE,IND712311AAA,FTL,1.979167151030219,2,1471.3070500000001,1057.5,1.0
IND501359AAE,IND751002AAB,FTL,2.026566757493188,8,1037.9544,735.0,1.0
IND501359AAG,IND000000ACN,Carting,2.75,11,25.3848,19.0,1.0
IND501401AAC,IND500010AAA,Carting,8.904166666666667,14,14.09615,13.5,1.0
IND502110AAA,IND502313AAA,FTL,1.3714285714285714,19,39.7813,36.0,0.8947368421052632
IND502220AAC,IND501359AAE,FTL,1.320453190220632,22,147.02459999999996,128.0,0.8181818181818182
IND502286AAB,IND502220AAC,FTL,2.1002747252747254,22,57.435900000000004,49.0,1.0
IND502295AAA,IND500050AAA,Carting,2.0,2,29.533900000000003,25.0,1.0
IND502313AAA,IND503111AAC,FTL,1.6958525345622117,6,85.2439,62.0,1.0
IND503111AAC,IND501359AAE,FTL,2.233009708737864,13,137.8776,103.0,1.0
IND503111AAC,IND503185AAA,FTL,1.8166666666666669,20,79.4388,60.0,1.0
IND503111AAC,IND505001AAB,FTL,1.404494382022472,1,97.1468,89.0,1.0
IND503122AAA,IND502110AAA,FTL,1.5526315789473684,19,40.465900000000005,37.0,1.0
IND503185AAA,IND503187AAA,FTL,1.5,19,32.2086,28.0,1.0
IND503187AAA,IND503122AAA,FTL,1.5384615384615383,20,28.482799999999997,26.0,1.0
IND504201AAA,IND505001AAB,FTL,2.136986301369863,1,100.4252,73.0,1.0
IND504201AAA,IND505184AAC,FTL,1.1578947368421053,5,59.6035,75.0,0.4
IND504208AAB,IND504251AAA,FTL,1.7894736842105263,1,21.5952,19.0,1.0
IND504208AAB,IND505001AAB,FTL,2.022248243559719,6,85.642,61.5,1.0
IND504215AAA,IND505001AAB,FTL,1.9491525423728813,15,65.1652,59.0,1.0
IND504215AAA,IND505326AAB,FTL,2.706896551724138,1,64.6296,58.0,1.0
IND504251AAA,IND504293AAA,FTL,2.305263157894737,2,40.2221,36.5,1.0
IND504251AAA,IND504296AAA,FTL,1.186046511627907,3,39.631,43.0,0.3333333333333333
IND504293AAA,IND504208AAB,FTL,1.3621753246753245,2,60.62925,55.5,0.5
IND504293AAA,IND505001AAB,FTL,2.083333333333333,7,147.70729999999998,119.0,1.0
IND504296AAA,IND504208AAB,FTL,1.2459016393442623,1,59.8443,61.0,1.0
IND504296AAA,IND504293AAA,FTL,1.1,2,25.6401,30.0,0.0
IND504296AAA,IND505001AAB,FTL,1.6,1,145.8669,125.0,1.0
IND505001AAA,IND505302AAB,FTL,1.3823529411764706,9,34.6662,34.0,1.0
IND505001AAA,IND505327AAA,FTL,1.6046511627906976,1,46.6178,43.0,1.0
IND505001AAB,IND501359AAE,FTL,2.048192771084337,1,185.6649,166.0,1.0
IND505001AAB,IND503111AAC,FTL,1.388034188034188,2,98.4647,90.5,0.5
IND505001AAB,IND504208AAB,FTL,1.5076923076923077,11,84.43639999999999,61.0,1.0
IND505001AAB,IND504251AAA,FTL,2.216867469879518,1,109.7287,83.0,1.0
IND505001AAB,IND505172AAA,FTL,1.7083333333333333,1,34.1481,24.0,1.0
IND505001AAB,IND505184AAC,FTL,2.571428571428572,3,69.744,63.0,1.0
IND505001AAB,IND505209AAA,FTL,2.708333333333333,7,63.4972,46.0,1.0
IND505001AAB,IND505302AAB,FTL,1.712121212121212,4,34.788700000000006,33.5,0.75
IND505122AAA,IND506002AAA,FTL,3.2321428571428568,16,48.40615,40.0,1.0
IND505184AAC,IND505001AAB,FTL,2.083333333333333,9,68.68660000000001,62.0,1.0
IND505184AAC,IND505209AAA,FTL,0.8941375968992248,2,22.036949999999997,45.5,0.0
IND505209AAA,IND504201AAA,FTL,1.4137931034482758,5,38.546,29.0,1.0
IND505209AAA,IND505001AAB,FTL,1.9555555555555555,3,64.2987,46.0,1.0
IND505302AAB,IND505325AAA,FTL,1.1290322580645162,5,60.1525,62.0,0.2
IND505302AAB,IND505326AAB,FTL,1.2116161616161616,4,50.4236,54.5,0.5
IND505302AAB,IND505327AAA,FTL,2.0,1,38.234300000000005,42.0,1.0
IND505325AAA,IND505327AAA,FTL,1.434782608695652,3,31.7868,22.0,1.0
IND505326AAA,IND505425AAA,FTL,2.8285714285714287,1,49.0874,35.0,1.0
IND505326AAB,IND505001AAB,FTL,4.389830508474576,1,63.4686,59.0,1.0
IND505326AAB,IND505327AAA,FTL,2.0434782608695654,1,32.9725,23.0,1.0
IND505326AAB,IND505425AAA,FTL,1.8235294117647056,1,24.6623,17.0,1.0
IND505327AAA,IND505425AAA,FTL,2.25,7,28.297,20.0,1.0
IND505425AAA,IND504215AAA,FTL,3.4166666666666665,1,18.1203,12.0,1.0
IND505425AAA,IND505001AAB,FTL,1.8571428571428568,1,70.7628,63.0,1.0
IND505467AAA,IND505122AAA,FTL,1.7333333333333334,13,51.0574,46.0,1.0
IND505503AAA,IND506164AAA,FTL,2.282051282051282,1,55.3318,39.0,1.0
IND506001AAC,IND505122AAA,FTL,2.0588235294117645,2,41.804249999999996,34.0,1.0
IND506001AAC,IND505467AAA,FTL,1.588235294117647,13,41.8916,35.0,1.0
IND506002AAA,IND506132AAA,FTL,1.1265873015873016,20,34.435300000000005,36.0,0.35
IND506002AAA,IND506143AAA,FTL,2.0,17,29.544,21.0,1.0
IND506002AAA,IND506343AAA,FTL,1.5896825396825398,2,49.3209,35.5,1.0
IND506132AAA,IND122001AAJ,FTL,1.8235294117647056,19,48.4109,34.0,1.0
IND506143AAA,IND506167AAB,FTL,1.8235294117647056,9,26.0748,18.0,1.0
IND506167AAB,IND501359AAE,FTL,2.2183133322373827,16,109.03565,79.0,1.0
IND506169AAB,IND505503AAA,FTL,2.125,1,23.4994,16.0,1.0
IND506314AAA,IND506002AAA,FTL,3.5525,16,34.20485,24.0,1.0
IND506343AAA,IND506169AAB,FTL,1.347560975609756,2,49.64275000000001,41.5,0.5
IND507002AAA,IND507117AAB,FTL,1.4594594594594594,1,135.5658,111.0,1.0
IND507002AAA,IND507159AAA,FTL,1.9411764705882355,3,23.1748,17.0,1.0
IND507002AAA,IND507167AAA,FTL,2.727272727272727,9,30.7754,22.0,1.0
IND507002AAA,IND508001AAA,FTL,2.469879518072289,1,115.3405,83.0,1.0
IND507002AAA,IND508206AAA,FTL,2.1311827956989244,12,38.65689999999999,30.0,1.0
IND507002AAA,IND508207AAB,FTL,1.925373134328358,2,92.23044999999999,67.0,1.0
IND507002AAA,IND508213AAB,FTL,1.818181818181818,14,63.823949999999996,45.0,1.0
IND507111AAA,IND507117AAB,FTL,1.6875,19,36.3314,31.0,1.0
IND507111AAA,IND507303AAA,FTL,1.88,1,105.4585,75.0,1.0
IND507117AAB,IND507303AAA,FTL,1.9780855539971949,18,123.4079,93.0,1.0
IND507123AAA,IND506314AAA,FTL,1.424142031940197,12,130.59375,108.5,0.9166666666666666
IND507159AAA,IND507002AAA,FTL,3.6388888888888893,10,24.433500000000002,17.5,1.0
IND507159AAA,IND508206AAA,FTL,1.135135135135135,5,51.6448,38.0,0.2
IND507303AAA,IND507002AAA,FTL,2.4685185185185183,18,77.75925000000001,55.0,1.0
IND508001AAA,IND501359AAE,FTL,1.7543103448275863,14,116.5094,87.0,1.0
IND508116AAA,IND508223AAA,FTL,1.5254237288135593,1,83.4561,59.0,1.0
IND508116AAA,IND508277AAB,FTL,1.0674242424242424,14,43.6049,44.0,0.0
IND508206AAA,IND507002AAA,FTL,1.9464285714285714,2,36.44285000000001,28.0,1.0
IND508206AAA,IND507159AAA,FTL,1.3513513513513513,12,50.973,37.0,0.8333333333333334
IND508206AAA,IND508207AAB,FTL,2.0857142857142854,4,49.835,35.0,1.0
IND508207AAB,IND507002AAA,FTL,3.0,5,88.86810000000001,66.0,1.0
IND508207AAB,IND508206AAA,FTL,2.628571428571429,1,49.8549,35.0,1.0
IND508207AAB,IND521225AAB,FTL,2.1695652173913045,10,154.89954999999998,113.5,1.0
IND508213AAB,IND508001AAA,FTL,1.8441295546558707,14,51.31175,37.0,1.0
IND508223AAA,IND500039AAC,FTL,1.7899393000129145,14,122.58545000000001,89.0,1.0
IND508248AAB,IND508377AAB,FTL,1.7647058823529411,15,48.5311,34.0,1.0
IND508252AAB,IND508207AAB,FTL,1.3634293270643552,6,109.42665,82.0,1.0
IND508277AAB,IND508223AAA,FTL,1.3846153846153846,11,25.7175,25.0,1.0
IND508377AAB,IND501359AAE,FTL,1.8043478260869565,12,155.38175,115.0,1.0
IND509001AAA,IND509203AAA,FTL,1.542857142857143,19,38.028,34.0,1.0
IND509103AAB,IND509103AAC,FTL,1.9411764705882355,1,18.9512,17.0,1.0
IND509103AAB,IND518002AAA,FTL,2.2241379310344827,9,76.4494,58.0,1.0
IND509103AAC,IND518002AAA,FTL,2.016731855714907,6,77.458,59.0,1.0
IND509124AAA,IND509103AAB,FTL,1.8205128205128205,9,45.4648,39.0,1.0
IND509124AAA,IND509103AAC,FTL,1.6153846153846154,4,45.011449999999996,39.0,1.0
IND509124AAA,IND518002AAA,FTL,4.222222222222222,1,59.5891,45.0,1.0
IND509124AAA,IND584101AAA,FTL,1.5,2,51.77565,56.0,1.0
IND509203AAA,IND509301AAA,FTL,1.5,19,28.6229,26.0,1.0
IND509216AAC,IND501359AAE,Carting,1.5555555555555556,7,33.3485,25.0,1.0
IND509216AAC,IND501359AAE,FTL,2.88,5,31.4254,25.0,1.0
IND509301AAA,IND501359AAE,FTL,1.8583673469387754,14,66.7873,49.0,1.0
IND509301AAA,IND509216AAC,FTL,2.023148148148148,4,33.926100000000005,25.0,1.0
IND509324AAA,IND508248AAB,FTL,2.188655462184874,8,48.1832,34.0,1.0
IND509358AAA,IND508248AAB,FTL,2.2000907441016335,8,82.47475,58.0,1.0
IND509358AAA,IND509324AAA,FTL,1.7037037037037035,9,37.0456,27.0,1.0
IND515004AAA,IND501359AAE,FTL,1.7407407407407407,17,338.8175,243.0,1.0
IND515004AAA,IND515401AAB,FTL,1.763157894736842,17,53.4848,40.0,0.9411764705882353
IND515004AAA,IND515411AAA,FTL,2.419642857142857,2,57.568,41.0,1.0
IND515004AAA,IND515671AAA,FTL,1.875,13,35.7158,32.0,1.0
IND515004AAA,IND515801AAA,FTL,2.581818181818182,2,77.024,55.0,1.0
IND515004AAA,IND562132AAA,FTL,1.7251207729468598,8,205.1086,184.0,1.0
IND515134AAA,IND515201AAA,Carting,1.631578947368421,15,62.645900000000005,58.0,1.0
IND515134AAA,IND515591AAA,FTL,1.587797619047619,8,44.93195,48.0,1.0
IND515201AAA,IND515134AAA,Carting,1.7592592592592593,5,63.7012,60.0,1.0
IND515201AAA,IND515301AAA,Carting,2.7456709956709955,14,31.1112,21.5,1.0
IND515301AAA,IND561202AAB,Carting,1.7573529411764706,16,17.39235,17.0,1.0
IND515401AAB,IND515801AAA,FTL,2.4347826086956523,18,30.4481,22.0,1.0
IND515411AAA,IND516360AAB,FTL,2.073148974130241,2,78.65844999999999,58.0,1.0
IND515591AAA,IND516269AAA,FTL,1.6769230769230767,10,71.29515,65.0,1.0
IND515671AAA,IND515134AAA,FTL,1.5185185185185186,13,37.1088,35.0,1.0
IND515671AAA,IND515591AAA,FTL,2.6,1,79.4562,60.0,1.0
IND515761AAA,IND515004AAA,FTL,1.7735849056603774,19,57.668,53.0,1.0
IND515801AAA,IND515761AAA,FTL,2.083333333333333,1,94.8697,96.0,1.0
IND515801AAA,IND515865AAB,FTL,1.565700104493208,18,103.73349999999999,87.0,1.0
IND515865AAB,IND515761AAA,FTL,1.696969696969697,18,39.9959,32.0,1.0
IND516001AAA,IND516227AAA,FTL,1.7319611470860314,2,53.609899999999996,46.5,1.0
IND516101AAA,IND516115AAA,Carting,2.4791666666666665,18,36.104200000000006,25.5,1.0
IND516115AAA,IND517501AAB,Carting,2.227272727272727,17,90.1461,67.0,1.0
IND516227AAA,IND515004AAA,FTL,2.159491193737769,2,194.69715000000002,146.5,1.0
IND516269AAA,IND516390AAA,FTL,1.5921052631578947,15,82.3948,75.0,1.0
IND516360AAB,IND516001AAA,FTL,1.6129568106312293,2,53.0375,42.5,1.0
IND516390AAA,IND515004AAA,FTL,1.9404761904761905,15,99.5907,86.0,1.0
IND517325AAA,IND517408AAA,FTL,2.15625,1,46.6587,32.0,1.0
IND517501AAB,IND517583AAA,Carting,2.1538461538461537,19,34.6674,26.0,1.0
IND517501AAB,IND517644AAA,FTL,2.447619047619048,16,39.90905,32.0,1.0
IND517583AAA,IND516101AAA,Carting,2.145833333333333,19,68.0067,48.0,1.0
IND517644AAA,IND524132AAA,FTL,2.1142857142857143,15,45.097,35.0,1.0
IND518002AAA,IND501359AAE,FTL,1.84375,12,199.60555,143.5,1.0
IND518002AAA,IND509103AAB,FTL,7.120689655172414,2,76.32075,58.0,1.0
IND518002AAA,IND509124AAA,FTL,1.6,3,61.3278,47.0,1.0
IND518002AAA,IND518206AAA,FTL,22.56,1,57.683800000000005,50.0,1.0
IND518002AAA,IND518401AAA,FTL,1.7586206896551724,13,31.7487,31.0,1.0
IND518002AAA,IND518501AAA,FTL,1.5259216589861753,18,71.3009,56.5,1.0
IND518002AAA,IND562132AAA,FTL,1.5211267605633805,11,346.6438,285.0,1.0
IND518002AAA,IND584101AAA,FTL,1.7765957446808511,14,100.68424999999999,91.5,0.9285714285714286
IND518102AAA,IND518002AAA,FTL,1.9694656488549618,14,175.91154999999998,131.5,1.0
IND518124AAA,IND518002AAA,FTL,1.4788732394366195,1,80.2581,71.0,1.0
IND518124AAA,IND518206AAA,FTL,1.65,6,19.491799999999998,21.0,1.0
IND518206AAA,IND518002AAA,FTL,2.74,1,62.962900000000005,50.0,1.0
IND518206AAA,IND518222AAA,FTL,1.2666666666666666,4,35.9696,44.5,0.75
IND518222AAA,IND518002AAA,FTL,1.5135135135135136,5,54.0689,41.0,0.8
IND518401AAA,IND518422AAB,FTL,1.9416666666666664,12,35.06115,24.5,1.0
IND518422AAB,IND518102AAA,FTL,2.0455465587044532,14,108.5009,76.0,1.0
IND518501AAA,IND518124AAA,FTL,2.3448275862068964,15,37.8146,28.0,1.0
IND520011AAA,IND521185AAA,Carting,2.0,8,45.6232,32.0,1.0
IND521001AAA,IND521165AAA,FTL,1.807692307692308,3,36.5649,26.0,1.0
IND521001AAA,IND521225AAB,FTL,2.25,5,74.22810000000001,55.0,1.0
IND521105AAA,IND521333AAA,FTL,2.41540404040404,4,43.65745,44.0,1.0
IND521105AAA,IND534001AAA,FTL,1.941176470588235,4,18.16985,17.0,1.0
IND521165AAA,IND521225AAB,FTL,8.615384615384615,3,34.3613,26.0,1.0
IND521185AAA,IND520011AAA,Carting,1.7241379310344829,1,41.8469,29.0,1.0
IND521185AAA,IND521225AAB,Carting,2.227272727272727,7,58.609300000000005,44.0,1.0
IND521201AAA,IND521105AAA,FTL,1.736842105263158,3,22.3547,22.0,1.0
IND521225AAB,IND501359AAE,FTL,1.7843137254901962,11,316.01,255.0,1.0
IND521225AAB,IND507002AAA,FTL,1.8008620689655173,14,154.21025,115.0,1.0
IND521225AAB,IND521001AAA,FTL,2.830188679245283,1,72.8774,53.0,1.0
IND521225AAB,IND521165AAA,FTL,7.551724137931035,1,38.4822,29.0,1.0
IND521225AAB,IND521185AAA,Carting,2.0454545454545454,1,59.401,44.0,1.0
IND521225AAB,IND521201AAA,FTL,1.5660377358490567,21,52.8921,53.0,1.0
IND521225AAB,IND521301AAA,FTL,1.7333333333333334,19,61.3633,45.0,1.0
IND521225AAB,IND523002AAA,FTL,1.8130841121495327,3,140.60629999999998,107.0,1.0
IND521301AAA,IND521001AAA,FTL,1.8461538461538465,19,36.2957,25.0,1.0
IND521333AAA,IND521225AAB,FTL,2.522388059701492,14,94.2752,68.0,1.0
IND522647AAA,IND523201AAA,FTL,1.56,19,60.1131,50.0,1.0
IND523002AAA,IND523105AAA,FTL,4.785714285714286,1,54.0026,42.0,1.0
IND523002AAA,IND523226AAA,FTL,1.6842105263157894,5,20.5219,19.0,1.0
IND523002AAA,IND523230AAA,FTL,1.608695652173913,21,77.9876,69.0,1.0
IND523002AAA,IND523316AAB,FTL,2.225,1,93.528,80.0,1.0
IND523002AAA,IND600056AAB,FTL,1.7312252964426875,11,331.1279,253.0,1.0
IND523105AAA,IND524201AAA,FTL,1.3076923076923077,19,55.9065,41.0,0.7894736842105263
IND523201AAA,IND523002AAA,FTL,6.242456896551724,2,37.216300000000004,30.5,1.0
IND523226AAA,IND523316AAB,FTL,1.88135593220339,13,72.10289999999999,59.0,1.0
IND523230AAA,IND523105AAA,FTL,1.3829787234042554,19,47.224,44.0,1.0
IND523316AAB,IND522647AAA,FTL,1.6513468013468011,14,77.51745,54.0,1.0
IND524003AAA,IND501359AAE,FTL,1.6933701657458564,14,495.9099,361.5,1.0
IND524101AAB,IND517501AAB,FTL,2.126600284495021,16,98.97705,75.0,1.0
IND524132AAA,IND524101AAB,FTL,1.6714285714285713,14,39.838449999999995,36.0,1.0
IND524201AAA,IND523002AAA,FTL,1.1666666666666667,18,89.7765,70.5,0.3333333333333333
IND530012AAA,IND501359AAE,FTL,2.018396101488426,10,602.57915,433.0,1.0
IND530012AAA,IND530043AAA,Carting,2.888888888888889,13,21.653,18.0,1.0
IND530012AAA,IND531001AAA,Carting,2.0,5,23.4458,21.0,1.0
IND530012AAA,IND531036AAA,Carting,2.9722222222222223,1,38.9425,36.0,1.0
IND530012AAA,IND531162AAA,Carting,1.75,7,16.0947,16.0,1.0
IND530012AAA,IND532001AAB,Carting,1.763966049382716,24,111.87084999999999,82.0,1.0
IND530012AAA,IND533106AAA,FTL,1.699248120300752,2,181.73559999999998,133.0,1.0
IND530012AAA,IND535001AAA,Carting,4.96412037037037,2,67.01495,51.0,1.0
IND530012AAA,IND751002AAB,FTL,1.5799373040752351,3,445.6972,318.0,1.0
IND530012AAA,IND764001AAC,Carting,2.8263473053892216,3,231.3367,167.0,1.0
IND530012AAA,IND764020AAC,Carting,4.2631578947368425,1,211.1522,152.0,1.0
IND530012AAC,IND501359AAE,FTL,2.250574712643678,1,603.5103,435.0,1.0
IND530012AAC,IND533106AAA,FTL,1.8071649712516584,4,181.89405,133.5,1.0
IND530026AAA,IND531036AAA,Carting,2.8699596774193545,4,38.5391,31.0,1.0
IND530043AAA,IND530012AAA,Carting,5.9523809523809526,1,24.6676,21.0,1.0
IND530043AAA,IND531163AAA,Carting,1.6590909090909092,12,25.89195,22.0,1.0
IND531001AAA,IND530012AAA,Carting,8.636363636363637,1,24.7421,22.0,1.0
IND531001AAA,IND531116AAA,Carting,2.0,5,42.7166,37.0,1.0
IND531036AAA,IND530012AAA,Carting,2.360597439544808,4,40.00965,37.0,1.0
IND531116AAA,IND530012AAA,Carting,2.4444915254237287,4,67.6685,59.5,1.0
IND531116AAA,IND531001AAA,Carting,1.5348837209302326,1,48.3598,43.0,1.0
IND531163AAA,IND535001AAA,Carting,2.1818181818181817,13,26.788400000000003,21.0,1.0
IND532001AAB,IND530012AAA,Carting,2.101692484222605,22,114.7462,84.0,1.0
IND532001AAB,IND532127AAA,FTL,1.9333333333333331,21,34.429199999999994,30.0,1.0
IND532001AAB,IND532201AAA,FTL,2.5609756097560976,1,57.6639,41.0,1.0
IND532001AAB,IND532421AAA,FTL,3.0,19,27.0357,19.0,1.0
IND532127AAA,IND535591AAA,FTL,1.6744186046511629,21,48.597,43.0,1.0
IND532201AAA,IND532222AAA,FTL,1.72,20,27.589750000000002,24.0,1.0
IND532201AAA,IND761200AAA,FTL,1.170731707317073,1,31.4101,41.0,0.0
IND532222AAA,IND532001AAB,FTL,3.1587301587301586,1,88.9962,63.0,1.0
IND532222AAA,IND761200AAA,FTL,1.9508196721311477,11,59.5442,60.0,1.0
IND532421AAA,IND532201AAA,FTL,2.2,13,27.8023,20.0,1.0
IND532440AAA,IND532001AAB,FTL,1.5277777777777777,17,41.073,37.0,1.0
IND533003AAA,IND533106AAA,FTL,2.12,3,56.1647,50.0,1.0
IND533003AAA,IND533401AAA,FTL,1.9392097264437689,18,62.66395,48.0,1.0
IND533106AAA,IND501359AAE,FTL,2.1986531986531985,8,419.76765,298.0,1.0
IND533106AAA,IND530012AAA,FTL,1.7803030303030305,11,181.7005,132.0,1.0
IND533106AAA,IND533003AAA,FTL,4.160377358490566,2,60.48480000000001,53.0,1.0
IND533106AAA,IND533201AAA,FTL,2.7011494252873565,1,100.5016,87.0,1.0
IND533106AAA,IND533242AAA,FTL,3.056027306027306,4,94.4863,76.5,1.0
IND533106AAA,IND533262AAA,FTL,2.675531914893617,6,53.2187,46.5,1.0
IND533106AAA,IND533308AAB,FTL,3.636904761904762,14,33.004149999999996,27.5,1.0
IND533106AAA,IND534260AAC,FTL,3.433333333333333,5,72.3474,59.0,1.0
IND533201AAA,IND533242AAA,FTL,2.373809523809524,2,21.0756,14.5,1.0
IND533201AAA,IND533262AAA,FTL,1.973684210526316,9,46.47,39.0,1.0
IND533242AAA,IND533201AAA,FTL,2.2476190476190476,2,21.0233,14.5,1.0
IND533262AAA,IND533106AAA,FTL,1.8297872340425527,7,53.5628,47.0,1.0
IND533262AAA,IND533201AAA,FTL,2.0526315789473686,5,46.9324,39.0,1.0
IND533308AAB,IND533003AAA,FTL,1.6097560975609757,15,43.552800000000005,41.0,1.0
IND533308AAB,IND533106AAA,FTL,1.962962962962963,1,33.3582,27.0,1.0
IND533401AAA,IND533106AAA,FTL,2.2739726027397262,17,92.659,68.0,1.0
IND533401AAA,IND533308AAB,FTL,2.698795180722892,1,96.2851,83.0,1.0
IND534001AAA,IND521225AAB,FTL,2.2,1,63.769400000000005,50.0,1.0
IND534001AAA,IND521333AAA,FTL,1.7541666666666667,14,24.587400000000002,25.5,1.0
IND534260AAC,IND533106AAA,FTL,2.5815312682641727,4,71.5,58.0,1.0
IND535001AAA,IND530012AAA,Carting,3.5102915951972555,10,71.7734,56.0,1.0
IND535501AAB,IND532001AAB,FTL,1.9506172839506173,1,88.7522,81.0,1.0
IND535501AAB,IND532440AAA,FTL,1.5,17,45.971,42.0,1.0
IND535558AAA,IND535501AAB,FTL,1.565217391304348,20,25.7116,23.0,1.0
IND535591AAA,IND535558AAA,FTL,2.1333333333333333,3,19.0487,16.0,1.0
IND560002AAA,IND560099AAB,Carting,2.625,18,18.1468,21.5,1.0
IND560002AAA,IND562132AAA,Carting,2.268716577540107,22,26.118949999999998,33.0,0.9545454545454546
IND560027AAA,IND560099AAA,Carting,2.2055555555555557,4,18.9537,21.5,0.75
IND560043AAC,IND560064AAA,Carting,1.5333333333333334,37,13.5489,18.0,1.0
IND560043AAC,IND560099AAB,Carting,1.9563025210084035,24,28.36275,32.0,0.875
IND560043AAC,IND562132AAA,Carting,2.0513157894736844,16,29.3912,40.0,1.0
IND560048AAB,IND560099AAB,Carting,1.6352370689655173,26,26.8094,32.0,0.6923076923076923
IND560048AAB,IND562132AAA,Carting,1.893617021276596,17,36.6371,46.0,0.9411764705882353
IND560058AAB,IND560060AAB,Carting,1.3529411764705883,44,16.749200000000002,17.0,0.6590909090909091
IND560058AAB,IND560099AAB,Carting,1.7378378378378379,22,37.79055,37.0,0.8636363636363636
IND560058AAB,IND562132AAA,Carting,1.6421052631578947,14,13.6003,19.5,0.9285714285714286
IND560058AAD,IND562132AAA,Carting,1.7019927536231885,36,15.08155,23.0,0.9444444444444444
IND560060AAB,IND560099AAB,Carting,1.3636363636363635,15,30.6586,32.0,0.8
IND560060AAB,IND562132AAA,Carting,1.7333333333333334,19,24.756400000000003,30.0,0.9473684210526315
IND560064AAD,IND560043AAC,Carting,2.466666666666667,41,13.9561,15.0,1.0
IND560067AAC,IND562114AAA,Carting,2.7777777777777777,20,12.649049999999999,10.0,1.0
IND560077AAA,IND560099AAB,Carting,3.4545454545454546,1,40.1245,44.0,1.0
IND560078AAC,IND560099AAB,Carting,3.54,20,21.52265,22.0,1.0
IND560078AAC,IND562132AAA,Carting,1.511904761904762,16,34.6726,42.0,0.9375
IND560083AAB,IND560058AAD,Carting,1.5806451612903225,1,26.1444,31.0,1.0
IND560083AAB,IND562132AAA,Carting,1.6590909090909092,31,41.4414,43.0,0.9354838709677419
IND560085AAA,IND562132AAA,Carting,1.8421052631578947,7,30.0731,36.0,1.0
IND560099AAB,IND000000ACS,Carting,1.5714285714285714,1,19.4741,21.0,1.0
IND560099AAB,IND515004AAA,FTL,1.5414634146341464,1,240.1094,205.0,1.0
IND560099AAB,IND560002AAA,Carting,2.1,25,18.8263,21.0,0.72
IND560099AAB,IND560043AAC,Carting,1.6071428571428572,37,27.1643,30.0,0.8108108108108109
IND560099AAB,IND560048AAB,Carting,1.56575682382134,34,26.6831,31.0,0.7647058823529411
IND560099AAB,IND560058AAB,Carting,1.6704107830551989,38,31.6911,36.0,0.8421052631578947
IND560099AAB,IND560058AAD,Carting,1.5604395604395604,2,31.46115,37.0,1.0
IND560099AAB,IND560060AAB,Carting,1.375,31,31.6419,33.0,0.8064516129032258
IND560099AAB,IND560077AAA,Carting,4.65,1,34.6252,40.0,1.0
IND560099AAB,IND560078AAC,Carting,1.7863636363636364,28,20.3536,22.0,0.8571428571428571
IND560099AAB,IND560083AAB,Carting,2.3125,1,16.3424,16.0,1.0
IND560099AAB,IND560085AAA,Carting,2.083333333333333,17,18.449,21.0,1.0
IND560099AAB,IND560300AAA,Carting,1.8333333333333333,121,53.1242,57.0,0.9256198347107438
IND560099AAB,IND562132AAA,Carting,1.6071428571428572,77,46.3807,56.0,0.935064935064935
IND560099AAB,IND562132AAA,FTL,1.3076923076923077,25,46.4553,57.0,0.76
IND560099AAB,IND632006AAA,FTL,1.3705882352941179,8,198.33884999999998,168.0,1.0
IND560099AAB,IND635001AAA,FTL,2.118026603136787,4,71.2072,68.5,1.0
IND560099AAB,IND683511AAA,FTL,1.6381190659481653,14,472.08050000000003,432.0,1.0
IND560099AAB,IND683511AAB,FTL,1.6412037037037035,1,471.0635,432.0,1.0
IND560099AAH,IND562125AAA,Carting,1.7647058823529411,1,11.646,17.0,1.0
IND560300AAA,IND000000ACS,Carting,2.4318181818181817,1,41.2743,44.0,1.0
IND560300AAA,IND560002AAA,Carting,1.1525735294117647,20,31.802300000000002,32.5,0.4
IND560300AAA,IND560043AAC,Carting,1.1875,33,29.5349,31.0,0.48484848484848486
IND560300AAA,IND560048AAB,Carting,1.1602564102564101,4,37.9599,40.5,0.25
IND560300AAA,IND560058AAB,Carting,1.393939393939394,37,31.3304,34.0,0.5945945945945946
IND560300AAA,IND560078AAC,Carting,2.841463414634146,16,39.900000000000006,41.0,1.0
IND560300AAA,IND560085AAA,Carting,1.4324324324324325,18,36.19114999999999,37.0,1.0
IND560300AAA,IND560099AAB,Carting,2.4543650793650795,86,52.9165,56.0,0.8953488372093024
IND560300AAA,IND562132AAA,Carting,1.83,108,40.6043,50.0,0.9907407407407407
IND560300AAA,IND563101AAB,Carting,1.9661016949152543,5,64.2559,55.0,1.0
IND560300AAA,IND563130AAA,Carting,1.759308510638298,2,56.30395,47.5,1.0
IND560300AAA,IND563131AAB,Carting,1.525,1,80.017,80.0,1.0
IND560300AAB,IND563101AAB,Carting,1.7655844155844156,14,64.614,56.0,1.0
IND560300AAB,IND563116AAA,Carting,1.8461538461538465,1,102.9923,91.0,1.0
IND560300AAB,IND563125AAB,Carting,1.4150943396226414,1,60.5913,53.0,1.0
IND560300AAB,IND563130AAA,Carting,1.8709528214616098,8,54.9833,45.5,1.0
IND561202AAB,IND515134AAA,Carting,1.8046875,14,65.7316,64.0,1.0
IND561203AAB,IND562101AAA,Carting,1.52,12,27.75835,26.0,1.0
IND561207AAB,IND562108AAA,Carting,1.3332562442183162,12,48.002449999999996,46.0,0.8333333333333334
IND561207AAB,IND572101AAA,Carting,2.25,1,115.9037,104.0,1.0
IND562101AAA,IND561207AAB,Carting,1.1578947368421053,13,40.6427,38.0,0.23076923076923078
IND562108AAA,IND572101AAA,Carting,2.928765880217786,2,68.21664999999999,57.5,1.0
IND562114AAA,IND560048AAB,Carting,3.357142857142857,9,16.8508,14.0,1.0
IND562114AAA,IND560067AAC,Carting,3.6222222222222222,8,11.4293,10.0,1.0
IND562117AAA,IND562132AAA,FTL,1.1562812187812188,10,85.4873,90.0,0.4
IND562125AAA,IND000000ACS,Carting,7.125,1,16.7946,24.0,1.0
IND562132AAA,IND000000ACB,FTL,1.8244915358909786,44,2072.8431,1528.0,1.0
IND562132AAA,IND000000ACS,Carting,1.7772177419354838,6,32.16785,30.5,1.0
IND562132AAA,IND302014AAA,FTL,1.9447489506362587,14,1854.67585,1366.0,1.0
IND562132AAA,IND395023AAA,FTL,1.9502890173410403,1,1188.1769,865.0,1.0
IND562132AAA,IND411033AAA,FTL,1.6914556962025316,13,852.093,631.0,1.0
IND562132AAA,IND416012AAA,FTL,1.6183087259542543,12,598.2662,437.0,1.0
IND562132AAA,IND421302AAG,FTL,1.7083906464924348,7,977.5999,727.0,1.0
IND562132AAA,IND462022AAA,FTL,1.9340446168768184,13,1393.6625,1031.0,1.0
IND562132AAA,IND501359AAE,FTL,1.700738393718143,8,543.77395,425.0,1.0
IND562132AAA,IND515004AAA,FTL,1.5370676195051647,12,203.4261,183.0,1.0
IND562132AAA,IND518002AAA,FTL,1.5867807630965527,12,346.25845000000004,286.0,1.0
IND562132AAA,IND560002AAA,Carting,2.8461538461538463,25,24.5336,27.0,0.96
IND562132AAA,IND560043AAC,Carting,1.8385416666666665,22,28.32835,33.5,0.8636363636363636
IND562132AAA,IND560048AAB,Carting,2.12530487804878,18,35.12895,39.0,0.9444444444444444
IND562132AAA,IND560058AAB,Carting,1.9230769230769234,20,13.5898,16.0,0.75
IND562132AAA,IND560058AAD,Carting,1.761904761904762,57,15.7253,20.0,0.8947368421052632
IND562132AAA,IND560060AAB,Carting,1.641025641025641,24,25.37255,28.0,1.0
IND562132AAA,IND560066AAB,Carting,2.3488372093023253,2,39.636849999999995,43.0,1.0
IND562132AAA,IND560078AAC,Carting,2.0689655172413794,25,32.6863,31.0,1.0
IND562132AAA,IND560083AAB,Carting,1.5060975609756098,50,41.6344,39.0,0.98
IND562132AAA,IND560085AAA,Carting,1.95,18,30.412599999999998,30.0,1.0
IND562132AAA,IND560099AAB,Carting,1.7647058823529411,89,50.002300000000005,50.0,1.0
IND562132AAA,IND560099AAB,FTL,1.5143613000755858,38,50.459,51.0,0.9736842105263158
IND562132AAA,IND560300AAA,Carting,1.7291666666666667,151,37.9748,48.0,0.9668874172185431
IND562132AAA,IND570020AAA,FTL,1.4852941176470589,9,166.6831,137.0,1.0
IND562132AAA,IND572101AAA,Carting,1.1929824561403508,3,59.9982,57.0,0.3333333333333333
IND562132AAA,IND573201AAB,FTL,1.4849624060150375,16,165.34975,132.5,1.0
IND562132AAA,IND577002AAA,FTL,1.5789473684210529,1,248.9406,190.0,1.0
IND562132AAA,IND577501AAA,FTL,1.6887417218543046,1,191.4271,151.0,1.0
IND562132AAA,IND577598AAC,FTL,1.6425467188179053,10,145.95639999999997,117.5,1.0
IND562132AAA,IND580028AAA,FTL,1.7256944444444444,3,388.566,288.0,1.0
IND562132AAA,IND583101AAA,FTL,1.4895566181264943,10,292.50020000000006,219.5,1.0
IND562132AAA,IND600056AAB,FTL,1.9483471074380163,14,319.41499999999996,242.0,1.0
IND562132AAA,IND683511AAA,FTL,2.2917642466822796,2,483.7976,426.5,1.0
IND562132AAA,IND712311AAA,FTL,2.221897810218978,3,1851.2411,1370.0,1.0
IND562132AAA,IND751002AAB,FTL,2.0736137667304013,15,1416.6986000000002,1047.0,1.0
IND562132AAC,IND000000ACB,FTL,1.774869109947644,1,2073.0558,1528.0,1.0
IND562159AAA,IND562117AAA,FTL,1.9259259259259256,11,28.5816,27.0,1.0
IND563101AAB,IND560300AAB,Carting,6.163636363636364,1,63.8641,55.0,1.0
IND563101AAB,IND563125AAB,Carting,1.5,1,36.7522,36.0,1.0
IND563101AAB,IND563131AAA,Carting,1.565217391304348,14,31.27705,24.0,1.0
IND563116AAA,IND563131AAB,Carting,1.9166666666666665,14,17.99505,18.0,1.0
IND563125AAB,IND560300AAA,Carting,3.849056603773585,3,59.1122,53.0,1.0
IND563125AAB,IND560300AAB,Carting,4.358320251177394,12,54.20675,48.5,1.0
IND563130AAA,IND563131AAB,Carting,1.4090909090909092,10,33.60645,33.0,0.8
IND563131AAA,IND563125AAB,Carting,1.8163319238900633,14,51.47735,43.0,1.0
IND563131AAB,IND560300AAA,Carting,1.5625,3,78.8571,79.0,1.0
IND563131AAB,IND560300AAB,Carting,1.8157894736842104,5,76.7755,76.0,1.0
IND563131AAB,IND563116AAA,Carting,2.0,16,18.01115,18.0,1.0
IND570020AAA,IND571301AAA,FTL,2.95,9,28.2456,25.0,1.0
IND570020AAA,IND571430AAA,FTL,3.46,1,52.2919,50.0,1.0
IND570020AAA,IND571602AAA,FTL,2.6372549019607843,14,40.865700000000004,32.5,1.0
IND571104AAA,IND573142AAA,FTL,1.625,1,33.8127,32.0,1.0
IND571104AAA,IND577598AAB,FTL,1.85,16,28.0028,20.0,1.0
IND571105AAA,IND571114AAA,FTL,8.208333333333334,1,26.2458,24.0,1.0
IND571105AAA,IND571213AAA,FTL,1.6961538461538461,12,43.636700000000005,39.0,1.0
IND571111AAB,IND571313AAB,FTL,1.7169076751946608,10,33.75485,31.0,1.0
IND571114AAA,IND570020AAA,FTL,4.13499245852187,8,56.6674,52.0,1.0
IND571124AAA,IND570020AAA,FTL,4.137931034482759,11,38.6996,30.0,1.0
IND571213AAA,IND570020AAA,FTL,8.47887323943662,1,85.0601,71.0,1.0
IND571213AAA,IND571114AAA,FTL,1.6091135232926277,8,73.65189999999998,67.0,1.0
IND571301AAA,IND571111AAB,FTL,1.9130434782608696,8,33.89045,23.0,1.0
IND571313AAB,IND571440AAA,FTL,1.380851063829787,10,40.9519,45.5,0.9
IND571401AAA,IND562160AAB,FTL,0.9891304347826086,10,38.14795,47.0,0.0
IND571426AAA,IND571104AAA,FTL,1.8974358974358971,15,86.6617,80.0,1.0
IND571430AAA,IND571124AAA,FTL,1.621505376344086,10,33.03275,31.0,1.0
IND571432AAB,IND571426AAA,FTL,1.3783783783783785,17,40.7991,37.0,0.8235294117647058
IND571438AAB,IND571401AAA,FTL,1.274193548387097,8,24.7989,31.0,0.75
IND571440AAA,IND571430AAA,FTL,1.0298039215686274,10,35.80535,50.0,0.1
IND572101AAA,IND561203AAB,Carting,1.951219512195122,12,56.97095,42.0,1.0
IND572101AAA,IND562101AAA,Carting,2.5454545454545454,1,84.3502,66.0,1.0
IND572201AAB,IND573103AAA,FTL,2.857142857142857,1,30.1455,21.0,1.0
IND572201AAB,IND573201AAB,FTL,1.9498039215686274,2,55.7285,50.5,1.0
IND572201AAB,IND577101AAA,FTL,2.4025974025974026,1,92.4324,77.0,1.0
IND572201AAB,IND577116AAA,FTL,1.8653846153846156,1,68.9439,52.0,1.0
IND573103AAA,IND572201AAB,FTL,1.8333333333333333,1,26.2228,18.0,1.0
IND573103AAA,IND577116AAA,FTL,1.3846153846153846,5,37.5891,27.0,1.0
IND573116AAA,IND571426AAA,FTL,5.586206896551724,1,32.2457,29.0,1.0
IND573116AAA,IND571432AAB,FTL,1.6704545454545454,12,59.20195,44.0,1.0
IND573116AAA,IND573142AAA,FTL,2.333333333333333,1,53.4551,54.0,1.0
IND573134AAB,IND573201AAB,FTL,2.3479960899315735,14,43.64245,32.0,1.0
IND573134AAB,IND577101AAA,FTL,1.7037037037037035,1,68.3756,54.0,1.0
IND573142AAA,IND573201AAB,FTL,1.8157894736842104,17,42.5804,39.0,1.0
IND573201AAB,IND572201AAB,FTL,1.5918367346938775,11,54.5318,49.0,1.0
IND573201AAB,IND573103AAA,FTL,2.85,3,44.1091,40.0,1.0
IND573201AAB,IND573116AAA,FTL,2.083916083916084,14,37.8587,29.0,1.0
IND573201AAB,IND573134AAB,FTL,1.6774193548387095,3,43.0938,32.0,1.0
IND573201AAB,IND575004AAB,FTL,3.2430173092053503,14,173.32319999999999,124.0,1.0
IND574104AAA,IND574216AAA,Carting,1.9673913043478262,10,54.019149999999996,46.5,1.0
IND574104AAA,IND574216AAA,FTL,1.9090909090909087,1,50.8341,44.0,1.0
IND574117AAA,IND576101AAA,FTL,1.6614906832298137,2,24.751350000000002,22.0,1.0
IND574117AAA,IND576201AAA,FTL,3.023809523809524,1,53.204800000000006,42.0,1.0
IND574202AAA,IND574239AAA,FTL,1.5620723362658846,6,33.981049999999996,31.0,1.0
IND574211AAA,IND574202AAA,FTL,2.473684210526316,5,26.3832,19.0,1.0
IND574211AAA,IND574216AAA,FTL,2.892857142857143,1,40.8913,28.0,1.0
IND574216AAA,IND562132AAA,FTL,1.9681818181818185,1,290.45340000000004,220.0,1.0
IND574216AAA,IND575004AAB,Carting,2.3769657724329325,4,66.65355,47.0,1.0
IND574216AAA,IND575004AAB,FTL,2.4,1,57.4061,40.0,1.0
IND574221AAA,IND562132AAA,FTL,2.5903247038174637,6,275.259,215.0,1.0
IND574227AAA,IND574104AAA,Carting,1.7857142857142858,9,18.3005,14.0,1.0
IND574239AAA,IND574221AAA,FTL,1.5128205128205128,7,33.2592,35.0,1.0
IND575004AAB,IND562132AAA,FTL,2.238,4,334.09995000000004,250.0,1.0
IND575004AAB,IND574117AAA,FTL,2.3448275862068964,5,33.8991,30.0,1.0
IND575004AAB,IND574211AAA,FTL,2.116013071895425,8,24.77365,17.0,1.0
IND575004AAB,IND574227AAA,Carting,2.130787037037037,2,38.8024,29.5,1.0
IND575004AAB,IND575014AAA,FTL,2.5175438596491224,2,19.896349999999998,18.5,1.0
IND575004AAB,IND576101AAA,FTL,2.08,1,56.354,50.0,1.0
IND575004AAB,IND671323AAD,FTL,1.7407407407407407,3,24.3258,26.0,1.0
IND575014AAA,IND403726AAA,FTL,1.7508532423208192,1,331.5916,293.0,1.0
IND576101AAA,IND576201AAA,FTL,1.5666666666666669,3,39.6332,30.0,1.0
IND576201AAA,IND581320AAA,FTL,2.0412912912912917,4,49.532849999999996,36.5,1.0
IND577002AAA,IND580028AAA,FTL,1.613861386138614,11,140.7195,101.0,1.0
IND577002AAA,IND581110AAE,Carting,2.423076923076923,1,72.43780000000001,52.0,1.0
IND577002AAA,IND581115AAC,Carting,2.357142857142857,19,37.7518,29.0,1.0
IND577101AAA,IND577116AAA,FTL,1.6480978260869565,2,35.97675,31.0,0.5
IND577101AAA,IND577132AAD,FTL,2.142857142857143,7,30.1342,21.0,1.0
IND577116AAA,IND577101AAA,FTL,0.950609756097561,8,44.165800000000004,40.0,0.125
IND577126AAA,IND577201AAA,FTL,2.707692307692308,1,68.85130000000001,65.0,1.0
IND577132AAD,IND573134AAB,FTL,1.84,11,37.1751,31.0,0.9090909090909091
IND577201AAA,IND562132AAA,FTL,1.794392523364486,10,288.7749,214.5,1.0
IND577201AAA,IND577432AAA,FTL,2.355555555555556,1,62.0251,45.0,1.0
IND577401AAA,IND562132AAA,FTL,2.261744966442953,1,371.1157,298.0,1.0
IND577401AAA,IND577201AAA,FTL,1.125,7,84.8653,88.0,0.14285714285714285
IND577432AAA,IND577126AAA,FTL,2.1,1,27.2213,20.0,1.0
IND577501AAA,IND577002AAA,FTL,1.692764857881137,10,61.3275,44.0,1.0
IND577522AAA,IND562132AAA,FTL,1.4928571428571429,10,183.659,140.0,1.0
IND577535AAC,IND577522AAA,FTL,1.5823717948717948,10,56.0231,39.0,1.0
IND577598AAB,IND573142AAA,FTL,1.896551724137931,17,66.35810000000001,56.0,1.0
IND577598AAC,IND577501AAA,FTL,1.8387096774193548,11,43.3243,32.0,1.0
IND580002AAA,IND580028AAA,FTL,4.979166666666666,2,23.8393,20.5,1.0
IND580028AAA,IND403726AAA,FTL,2.4532374100719423,13,183.2936,141.0,1.0
IND580028AAA,IND421302AAG,FTL,2.247240618101545,2,616.7914,453.0,1.0
IND580028AAA,IND562132AAA,FTL,1.7810820758189179,4,383.14845,285.5,1.0
IND580028AAA,IND580002AAA,FTL,3.9,9,26.2889,21.0,1.0
IND580028AAA,IND581402AAA,FTL,1.4216867469879515,15,93.0582,83.0,1.0
IND580028AAA,IND590016AAA,FTL,2.1733333333333333,13,102.7885,74.0,1.0
IND580028AAA,IND591115AAB,FTL,1.7906976744186047,4,59.267849999999996,43.5,1.0
IND580028AAA,IND591123AAC,FTL,1.9252873563218391,18,111.9425,87.0,1.0
IND581110AAE,IND577002AAA,Carting,2.763157894736842,4,70.74504999999999,56.5,1.0
IND581110AAE,IND581119AAB,Carting,1.8636363636363635,16,54.0105,43.0,1.0
IND581115AAC,IND581110AAE,Carting,1.7307692307692308,20,33.677350000000004,25.0,1.0
IND581119AAB,IND577002AAA,Carting,1.8180878552971578,14,38.93295,45.0,1.0
IND581303AAA,IND581325AAA,FTL,1.4893617021276595,2,101.2739,94.0,1.0
IND581303AAA,IND581400AAB,FTL,1.3982469512195121,12,44.258300000000006,41.0,0.75
IND581314AAA,IND403726AAA,FTL,1.8018018018018016,9,120.1324,113.0,1.0
IND581314AAA,IND581334AAA,FTL,1.5178571428571428,1,59.4354,56.0,1.0
IND581320AAA,IND575004AAB,FTL,2.333333333333333,1,137.9959,111.0,1.0
IND581320AAA,IND581334AAA,FTL,1.5584795321637426,4,40.4765,38.0,1.0
IND581325AAA,IND580028AAA,FTL,1.9196504688832055,14,77.76525000000001,68.0,1.0
IND581334AAA,IND581314AAA,FTL,1.9038461538461535,3,55.1553,51.0,1.0
IND581334AAA,IND581320AAA,FTL,1.5161290322580645,1,34.0561,31.0,1.0
IND581334AAA,IND581343AAC,FTL,2.2656641604010024,2,21.346899999999998,20.0,1.0
IND581343AAC,IND581314AAA,FTL,1.7288306451612905,6,34.6189,32.5,0.8333333333333334
IND581400AAB,IND581325AAA,FTL,1.1727272727272728,12,120.85589999999999,108.0,0.5
IND581402AAA,IND577201AAA,FTL,1.75,1,137.2396,128.0,1.0
IND581402AAA,IND577401AAA,FTL,1.625,9,76.6258,72.0,1.0
IND582101AAB,IND580028AAA,FTL,2.9035615171137836,18,62.06345,46.0,1.0
IND582209AAA,IND582101AAB,FTL,1.8406827880512093,16,40.262249999999995,37.0,1.0
IND583101AAA,IND577535AAC,FTL,1.837209302325581,10,59.75025,43.0,1.0
IND583101AAA,IND583201AAA,FTL,2.746376811594203,18,64.4048,46.0,1.0
IND583119AAA,IND583101AAA,FTL,4.232558139534884,9,53.5761,44.0,1.0
IND583201AAA,IND583101AAA,FTL,3.2444444444444445,2,62.21465,45.0,1.0
IND583201AAA,IND583119AAA,FTL,2.333333333333333,9,29.0712,27.0,1.0
IND583201AAA,IND583227AAA,Carting,2.0,16,27.62415,30.0,1.0
IND583227AAA,IND583201AAA,Carting,2.4838709677419355,1,28.583,31.0,1.0
IND583227AAA,IND583231AAA,Carting,1.6666666666666667,15,44.9778,39.0,1.0
IND583231AAA,IND583201AAA,Carting,2.409090909090909,15,30.2552,22.0,1.0
IND584101AAA,IND509124AAA,FTL,1.4465709728867624,14,51.055400000000006,55.5,1.0
IND584101AAA,IND518002AAA,FTL,3.802197802197802,1,100.1564,91.0,1.0
IND584101AAA,IND584123AAA,Carting,1.5465116279069768,2,47.1756,43.0,1.0
IND584123AAA,IND584128AAA,Carting,1.4444444444444444,1,39.7207,36.0,1.0
IND584128AAA,IND583121AAA,Carting,2.224308300395257,2,32.5108,22.5,1.0
IND585104AAA,IND585211AAA,Carting,1.945945945945946,17,47.4594,38.0,1.0
IND585104AAA,IND585307AAB,Carting,1.5151515151515151,4,71.89869999999999,66.0,1.0
IND585104AAA,IND585314AAA,Carting,1.8421052631578947,4,41.28625,38.5,1.0
IND585104AAA,IND585330AAE,FTL,1.837209302325581,20,59.76635,43.0,1.0
IND585104AAA,IND586128AAA,Carting,1.9324324324324325,15,92.5224,73.0,1.0
IND585211AAA,IND585104AAA,Carting,2.210526315789474,3,47.5274,38.0,1.0
IND585211AAA,IND585222AAA,Carting,1.5,17,25.1841,24.0,1.0
IND585222AAA,IND585211AAA,Carting,1.4123076923076923,4,26.2468,26.0,0.75
IND585222AAA,IND585307AAB,Carting,1.5270270270270272,18,39.6913,36.5,1.0
IND585307AAB,IND585104AAA,Carting,4.432835820895522,17,72.75760000000001,67.0,1.0
IND585307AAB,IND585222AAA,Carting,1.4106606606606606,4,39.698949999999996,37.0,1.0
IND585314AAA,IND585104AAA,Carting,4.757309941520468,16,40.924150000000004,37.5,1.0
IND585314AAA,IND586211AAA,Carting,1.9381443298969072,3,104.968,97.0,1.0
IND585330AAE,IND585401AAA,FTL,1.7941176470588236,21,48.5049,34.0,1.0
IND585401AAA,IND502286AAB,FTL,2.3922291548496877,22,40.773849999999996,42.0,1.0
IND586101AAA,IND416404AAA,FTL,2.2519762845849804,4,62.198,44.5,1.0
IND586101AAB,IND416404AAA,FTL,2.069767441860465,5,60.6525,43.0,1.0
IND586128AAA,IND585104AAA,Carting,3.0410958904109586,4,92.7846,73.0,1.0
IND586128AAA,IND586211AAA,Carting,1.6382978723404256,15,48.0951,47.0,1.0
IND586211AAA,IND585314AAA,Carting,1.8083118556701032,16,104.2201,96.0,1.0
IND586211AAA,IND586128AAA,Carting,1.7916666666666667,3,48.5216,47.0,1.0
IND587103AAB,IND582101AAB,FTL,2.1630434782608696,2,109.555,92.0,1.0
IND587103AAB,IND582209AAA,FTL,1.901639344262295,17,66.4212,61.0,1.0
IND590016AAA,IND591302AAB,FTL,1.4516129032258065,5,35.9801,31.0,1.0
IND591102AAA,IND591307AAC,FTL,1.9764673311184944,18,45.7631,42.0,1.0
IND591115AAB,IND580028AAA,FTL,1.916666666666667,2,58.072199999999995,42.0,1.0
IND591115AAB,IND590016AAA,FTL,1.8333333333333335,4,43.001549999999995,30.5,1.0
IND591123AAC,IND587103AAB,FTL,1.7058823529411764,19,60.9414,52.0,1.0
IND591126AAA,IND591102AAA,FTL,1.522549019607843,2,35.09055,32.0,1.0
IND591201AAA,IND586101AAB,FTL,1.7301587301587302,1,147.7175,126.0,1.0
IND591201AAA,IND591304AAA,FTL,1.4344262295081966,10,73.90514999999999,60.0,1.0
IND591237AAB,IND591201AAA,FTL,1.6363636363636365,3,24.0376,22.0,1.0
IND591302AAB,IND580028AAA,FTL,1.9442186088527553,8,100.1954,80.5,1.0
IND591302AAB,IND591115AAB,FTL,1.6973684210526316,2,41.165350000000004,38.0,1.0
IND591304AAA,IND586101AAA,FTL,1.5010332950631458,8,76.62555,67.0,1.0
IND591304AAA,IND586101AAB,FTL,1.446969696969697,4,75.21465,66.0,1.0
IND591307AAC,IND580002AAA,FTL,2.52247191011236,2,95.9118,89.0,1.0
IND591307AAC,IND580028AAA,FTL,2.624854045037531,4,125.1754,109.5,1.0
IND591307AAC,IND580030AAA,FTL,2.4343434343434343,1,112.3366,99.0,1.0
IND600008AAA,IND600044AAC,Carting,2.080014224751067,14,43.91465,37.0,1.0
IND600008AAC,IND600056AAB,Carting,2.3513513513513518,15,44.1983,37.0,1.0
IND600016AAA,IND600119AAA,Carting,2.3636363636363633,8,18.85755,22.0,1.0
IND600016AAB,IND600044AAC,Carting,2.124526515151515,22,36.6432,33.0,1.0
IND600016AAC,IND600056AAB,Carting,2.242424242424242,1,36.8879,33.0,1.0
IND600016AAC,IND600119AAA,Carting,1.894736842105263,11,23.887400000000003,22.0,0.8181818181818182
IND600032AAB,IND600008AAC,Carting,6.0,1,10.0476,8.0,1.0
IND600032AAB,IND600044AAD,Carting,2.0954545454545457,16,10.0077,11.0,0.875
IND600032AAB,IND600056AAB,Carting,1.8920454545454544,64,36.47855,32.5,1.0
IND600032AAB,IND600076AAB,Carting,2.2270833333333333,42,16.612000000000002,16.0,0.9761904761904762
IND600044AAD,IND600032AAB,Carting,2.583333333333333,7,10.5967,11.0,1.0
IND600044AAD,IND600048AAA,Carting,4.4,9,13.1436,11.0,1.0
IND600044AAD,IND600056AAB,Carting,1.8611111111111112,17,36.4844,35.0,1.0
IND600044AAD,IND603001AAA,Carting,2.664408866995074,12,38.2886,30.0,1.0
IND600044AAD,IND603203AAA,Carting,3.670955882352941,2,19.01395,16.5,1.0
IND600044AAE,IND600056AAB,Carting,2.0285714285714285,29,36.2905,35.0,1.0
IND600048AAA,IND600044AAD,Carting,2.5,1,11.5396,10.0,1.0
IND600056AAA,IND602105AAB,Carting,3.0,7,16.0988,12.0,1.0
IND600056AAB,IND501359AAE,FTL,1.8024691358024687,7,678.099,486.0,1.0
IND600056AAB,IND524003AAA,FTL,1.61,14,186.65370000000001,150.5,1.0
IND600056AAB,IND530012AAA,FTL,1.7159715242881073,2,814.08745,598.5,1.0
IND600056AAB,IND560099AAB,FTL,1.7191489361702128,13,313.45320000000004,235.0,1.0
IND600056AAB,IND562132AAA,FTL,1.845694779116466,16,321.84765000000004,249.0,1.0
IND600056AAB,IND600008AAC,Carting,3.0,32,43.13395,34.0,1.0
IND600056AAB,IND600016AAC,Carting,2.5161290322580645,13,36.7301,33.0,1.0
IND600056AAB,IND600032AAB,Carting,2.328877005347594,52,36.613200000000006,33.0,1.0
IND600056AAB,IND600044AAD,Carting,1.7352941176470589,7,35.658,34.0,1.0
IND600056AAB,IND600044AAE,Carting,1.9003267973856208,34,35.81985,35.0,1.0
IND600056AAB,IND600076AAB,Carting,1.930930930930931,16,46.066599999999994,36.0,1.0
IND600056AAB,IND600110AAA,Carting,2.5945945945945947,28,45.477850000000004,36.5,1.0
IND600056AAB,IND600116AAB,Carting,2.353021978021978,22,31.08465,27.0,1.0
IND600056AAB,IND605010AAB,FTL,1.4316546762589928,13,152.5844,139.0,1.0
IND600056AAB,IND605601AAA,FTL,1.3458093763821317,6,152.96405,135.0,1.0
IND600056AAB,IND631501AAA,Carting,2.363636363636364,9,44.463,34.0,1.0
IND600056AAB,IND632006AAA,FTL,1.7142857142857142,13,107.3825,84.0,1.0
IND600056AAB,IND635802AAB,FTL,1.3174603174603174,3,153.35670000000002,127.0,1.0
IND600073AAA,IND603203AAA,Carting,1.9166666666666667,1,15.6886,12.0,1.0
IND600076AAB,IND600032AAB,Carting,2.54093567251462,16,19.4148,18.0,1.0
IND600076AAB,IND600056AAB,Carting,2.075537075537076,2,48.61005,38.0,1.0
IND600110AAA,IND600056AAB,Carting,2.324324324324324,10,47.44114999999999,37.0,1.0
IND600110AAA,IND600056AAD,Carting,2.263157894736842,1,48.5266,38.0,1.0
IND600116AAB,IND600056AAA,Carting,2.25,3,11.5534,11.0,1.0
IND600116AAB,IND600056AAB,Carting,2.111111111111111,3,32.2173,28.0,1.0
IND600116AAB,IND602024AAA,Carting,2.6315789473684212,10,21.980150000000002,18.0,1.0
IND600119AAA,IND600016AAC,Carting,2.818421052631579,10,21.92385,21.0,1.0
IND602001AAA,IND600116AAB,Carting,3.6666666666666665,3,37.2719,29.0,1.0
IND602001AAB,IND609001AAA,FTL,2.2962962962962963,11,36.5822,27.0,1.0
IND602024AAA,IND600116AAB,Carting,2.6842105263157894,4,20.368650000000002,18.0,1.0
IND602024AAA,IND602001AAA,Carting,2.5,9,16.4017,11.0,1.0
IND603001AAA,IND603301AAA,Carting,1.4285714285714286,13,37.4867,35.0,0.5384615384615384
IND603102AAA,IND600056AAB,FTL,1.8582089552238807,12,73.2681,68.0,1.0
IND603203AAA,IND600044AAD,Carting,3.357142857142857,13,17.382099999999998,14.0,1.0
IND603203AAA,IND600048AAA,Carting,1.6666666666666667,1,14.162,12.0,1.0
IND603301AAA,IND600044AAD,Carting,2.3561705989110706,14,74.9248,58.0,1.0
IND604303AAA,IND603102AAA,FTL,1.9483805668016196,4,53.4901,39.0,1.0
IND605010AAB,IND600056AAB,FTL,1.6923076923076923,3,152.2299,130.0,1.0
IND605010AAB,IND604303AAA,FTL,1.400462962962963,4,34.0346,50.5,0.5
IND605010AAB,IND607001AAA,FTL,1.7413793103448276,12,25.6858,29.0,1.0
IND605601AAA,IND600056AAB,FTL,1.72,6,151.9599,125.0,1.0
IND605601AAA,IND607106AAA,Carting,2.1363636363636362,14,27.29655,20.5,1.0
IND605601AAA,IND636102AAA,FTL,1.6653558052434458,6,121.38215,89.5,1.0
IND606003AAA,IND606105AAA,Carting,1.6,14,15.9438,14.0,1.0
IND606105AAA,IND606201AAC,Carting,1.6791310541310542,14,72.69925,54.0,1.0
IND606201AAC,IND605601AAA,Carting,2.276315789473684,15,98.1184,73.0,1.0
IND606801AAB,IND632006AAA,FTL,2.314814814814815,13,64.4629,55.0,1.0
IND606803AAA,IND606801AAB,FTL,1.375,9,25.007900000000003,24.0,1.0
IND607001AAA,IND608001AAA,FTL,1.8571428571428568,11,39.5553,28.0,1.0
IND607106AAA,IND607801AAA,Carting,2.16025641025641,14,17.6402,12.0,1.0
IND607801AAA,IND606003AAA,Carting,2.130434782608696,15,32.398900000000005,23.0,0.9333333333333333
IND608001AAA,IND609110AAA,FTL,2.7333333333333334,7,21.1767,16.0,1.0
IND608301AAA,IND639104AAB,FTL,1.7490196078431373,16,148.47055,119.0,1.0
IND609001AAA,IND614018AAA,FTL,2.1880479251899474,12,71.81790000000001,59.0,1.0
IND609110AAA,IND609602AAA,FTL,1.9291871921182266,8,42.0763,29.5,1.0
IND609602AAA,IND611001AAA,FTL,3.111111111111111,11,21.607,16.0,1.0
IND610001AAA,IND605010AAB,FTL,2.071428571428571,10,149.45915000000002,126.0,1.0
IND610001AAA,IND614715AAA,Carting,1.6923076923076923,17,27.3911,25.0,1.0
IND611001AAA,IND610001AAA,FTL,2.34375,10,23.65435,17.0,1.0
IND614018AAA,IND613104AAA,FTL,2.0083333333333333,10,64.76665,60.0,1.0
IND614602AAA,IND614804AAA,FTL,1.5,16,22.69815,24.0,1.0
IND614616AAA,IND630002AAA,FTL,1.6985887096774195,16,31.28555,32.0,1.0
IND614620AAA,IND630561AAA,Carting,1.9044798222880415,16,105.14405,74.0,1.0
IND614715AAA,IND614809AAA,Carting,1.4736842105263157,17,32.7821,38.0,0.8823529411764706
IND614804AAA,IND614616AAA,FTL,1.2857142857142858,14,25.418599999999998,27.0,0.6428571428571429
IND614809AAA,IND610001AAA,Carting,2.159090909090909,17,55.0751,44.0,1.0
IND620020AAA,IND621112AAA,Carting,1.7692307692307692,25,15.6176,13.0,1.0
IND621010AAA,IND621212AAA,FTL,1.4642857142857144,16,37.38365,35.0,1.0
IND621112AAA,IND620012AAA,Carting,6.458333333333333,1,22.6467,24.0,1.0
IND621211AAA,IND621010AAA,FTL,1.7727272727272727,8,24.27475,22.0,1.0
IND621212AAA,IND621704AAA,FTL,1.5553359683794468,16,30.62555,23.0,1.0
IND621306AAA,IND625106AAA,FTL,1.3373538011695907,12,72.35735,73.0,0.8333333333333334
IND621704AAA,IND621802AAA,FTL,2.033333333333333,17,38.5318,30.0,1.0
IND621802AAA,IND608301AAA,FTL,2.555555555555556,10,24.29,17.0,1.0
IND621802AAA,IND621212AAA,FTL,1.8557692307692308,2,68.50954999999999,51.5,1.0
IND622407AAA,IND622001AAA,FTL,1.4777183600713013,14,36.7567,34.0,1.0
IND623315AAB,IND614620AAA,Carting,1.5172413793103448,15,35.1174,30.0,1.0
IND623407AAA,IND623315AAB,Carting,1.0416666666666667,15,18.1756,25.0,0.06666666666666667
IND623503AAA,IND623526AAA,FTL,0.9014084507042254,7,52.6836,71.0,0.0
IND623526AAA,IND623704AAA,FTL,1.0607789142407553,8,113.12165,125.0,0.0
IND623701AAA,IND623503AAA,FTL,1.1777777777777778,7,46.3482,46.0,0.42857142857142855
IND623704AAA,IND626607AAB,FTL,1.2708333333333333,7,48.7821,47.0,0.7142857142857143
IND624001AAA,IND624619AAA,FTL,1.5555555555555556,9,29.1058,27.0,1.0
IND624001AAA,IND624703AAA,FTL,1.2666666666666666,2,38.69215,35.5,0.5
IND624001AAA,IND625008AAA,FTL,1.3958333333333333,9,67.7051,49.0,1.0
IND624101AAA,IND624202AAA,FTL,0.7119918699186991,10,55.520250000000004,119.5,0.0
IND624202AAA,IND625218AAA,FTL,1.5217391304347827,10,26.152700000000003,23.0,1.0
IND624601AAA,IND624001AAA,FTL,4.385077186963979,2,56.6268,54.0,1.0
IND624601AAA,IND624101AAA,FTL,0.7835820895522388,15,60.0035,133.0,0.0
IND624619AAA,IND624601AAA,FTL,1.3461538461538465,7,28.2786,27.0,0.8571428571428571
IND624703AAA,IND624619AAA,FTL,1.3125,1,47.02,48.0,1.0
IND625008AAA,IND625516AAA,FTL,1.25,1,115.5107,120.0,1.0
IND625008AAA,IND626123AAA,FTL,1.8125,17,60.207,49.0,1.0
IND625008AAA,IND685514AAA,FTL,1.4733727810650887,1,143.3816,169.0,1.0
IND625106AAA,IND625008AAA,FTL,1.7173913043478262,13,44.142300000000006,43.0,1.0
IND625218AAA,IND624703AAA,FTL,3.365079365079365,1,75.782,63.0,1.0
IND625516AAA,IND685514AAA,FTL,1.934782608695652,7,33.3321,47.0,1.0
IND625531AAA,IND625516AAA,FTL,1.2826086956521738,7,41.4115,46.0,1.0
IND625532AAA,IND625531AAA,FTL,1.5018939393939394,6,41.76305,45.5,1.0
IND625532AAA,IND685514AAA,FTL,1.6590909090909092,1,110.6122,132.0,1.0
IND626117AAA,IND626138AAA,FTL,1.24,9,20.7746,25.0,0.6666666666666666
IND626123AAA,IND627756AAA,FTL,1.86,17,48.291,49.0,1.0
IND626138AAA,IND625008AAA,FTL,1.4800437397484965,16,66.46045000000001,61.0,0.9375
IND626607AAB,IND625008AAA,FTL,1.52,7,53.8978,50.0,1.0
IND627005AAA,IND627117AAA,FTL,1.6341463414634143,11,49.8261,41.0,1.0
IND627005AAA,IND627811AAA,FTL,1.3936294564582115,10,62.8549,59.0,0.9
IND627005AAA,IND628801AAA,Carting,1.6136363636363635,17,45.8494,44.0,1.0
IND627005AAA,IND629001AAA,FTL,2.0142857142857142,1,84.5501,70.0,1.0
IND627117AAA,IND629001AAA,FTL,1.9375,11,35.1044,32.0,1.0
IND627401AAA,IND627005AAA,FTL,2.2222222222222223,13,38.1062,36.0,1.0
IND627657AAA,IND628613AAA,Carting,1.0428571428571427,16,28.49435,35.0,0.0
IND627756AAA,IND626117AAA,FTL,1.6551724137931034,17,31.2303,29.0,1.0
IND627811AAA,IND627401AAA,FTL,1.5231854838709677,10,34.2061,31.5,0.9
IND628204AAA,IND627657AAA,Carting,1.2439024390243902,17,42.590300000000006,41.0,0.8235294117647058
IND628613AAA,IND627005AAA,Carting,1.7553191489361704,14,40.1597,47.0,1.0
IND628801AAA,IND628204AAA,Carting,1.4375,17,17.8417,16.0,1.0
IND629179AAA,IND627005AAA,FTL,2.0416666666666665,11,109.6053,95.0,1.0
IND630002AAA,IND622407AAA,FTL,1.4255319148936172,14,49.713100000000004,47.0,1.0
IND630561AAA,IND623407AAA,Carting,1.78125,15,46.7015,32.0,1.0
IND630561AAA,IND623701AAA,FTL,1.411764705882353,5,42.6597,39.0,1.0
IND631003AAA,IND600056AAB,Carting,2.2601214574898787,10,41.84395,39.0,1.0
IND631102AAA,IND600056AAB,FTL,2.0707196029776673,12,76.02340000000001,62.0,1.0
IND631501AAA,IND600056AAB,Carting,48.5,1,44.9726,34.0,1.0
IND631501AAA,IND631003AAA,Carting,2.7115384615384617,10,28.60865,26.0,1.0
IND632006AAA,IND562132AAA,FTL,2.0274725274725274,2,226.7142,182.0,1.0
IND632006AAA,IND600056AAB,FTL,1.783132530120482,17,105.9961,83.0,1.0
IND632006AAA,IND632301AAA,FTL,1.935483870967742,14,39.94695,32.0,1.0
IND632006AAA,IND632402AAA,FTL,2.9523809523809526,8,23.6773,21.5,1.0
IND632006AAA,IND635802AAB,FTL,1.3488372093023255,3,47.557,44.0,0.6666666666666666
IND632301AAA,IND606803AAA,FTL,2.1578947368421053,11,22.8137,19.0,1.0
IND632301AAA,IND632006AAA,FTL,4.636363636363637,1,41.1081,33.0,1.0
IND632402AAA,IND631102AAA,FTL,1.52,11,26.6491,25.0,1.0
IND635001AAA,IND562132AAA,FTL,1.7584745762711864,4,113.72505,118.0,1.0
IND635001AAA,IND636705AAB,FTL,1.3942307692307694,4,55.552800000000005,52.0,1.0
IND635207AAA,IND635802AAB,Carting,3.803921568627451,1,65.70439999999999,51.0,1.0
IND635601AAB,IND635207AAA,Carting,3.125,1,23.8404,16.0,1.0
IND635601AAB,IND635802AAB,Carting,4.367647058823529,10,41.46655,34.0,1.0
IND635802AAB,IND562132AAA,FTL,1.7587985114300904,6,195.6802,168.0,1.0
IND635802AAB,IND635601AAB,Carting,1.9112042682926829,10,49.869550000000004,41.0,1.0
IND636016AAA,IND636402AAA,Carting,3.813953488372093,1,46.469,43.0,1.0
IND636016AAA,IND637211AAA,Carting,1.488888888888889,15,53.3461,46.0,1.0
IND636102AAA,IND605601AAA,FTL,1.3523809523809525,5,130.5501,105.0,1.0
IND636352AAA,IND636705AAB,FTL,1.6,5,27.303,25.0,1.0
IND636705AAB,IND562132AAA,FTL,1.8376623376623376,5,151.5052,155.0,1.0
IND636705AAB,IND635001AAA,FTL,1.4330612244897958,4,53.146950000000004,50.0,0.75
IND637211AAA,IND636402AAA,Carting,1.4508196721311477,16,65.27850000000001,61.0,1.0
IND637301AAA,IND638001AAA,FTL,1.8529411764705879,10,21.73915,18.0,1.0
IND637408AAA,IND637001AAA,FTL,1.7586206896551726,10,34.407650000000004,29.0,1.0
IND638001AAA,IND638052AAA,FTL,2.1666666666666665,3,18.6761,17.0,1.0
IND638401AAA,IND638452AAA,Carting,1.02,12,26.667749999999998,25.0,0.3333333333333333
IND638452AAA,IND638501AAB,Carting,1.1666666666666667,3,22.7246,24.0,0.3333333333333333
IND638501AAB,IND641062AAD,Carting,1.4258447488584474,14,80.1926,75.0,0.7857142857142857
IND638657AAA,IND638701AAA,Carting,1.457471264367816,16,31.94735,29.5,1.0
IND638701AAA,IND641607AAA,Carting,2.2,17,25.3237,23.0,1.0
IND639001AAA,IND624001AAA,FTL,1.709090909090909,9,75.358,55.0,1.0
IND639104AAB,IND620012AAA,FTL,1.5,1,51.0134,44.0,1.0
IND641001AAA,IND641062AAD,Carting,4.333333333333333,3,34.2831,35.0,1.0
IND641006AAD,IND641062AAD,Carting,4.521739130434782,5,26.5995,28.0,1.0
IND641008AAA,IND641001AAA,Carting,2.0588235294117645,3,12.6194,12.0,1.0
IND641008AAA,IND641011AAA,Carting,2.0588235294117645,1,12.5596,17.0,1.0
IND641011AAA,IND641062AAD,Carting,4.105263157894737,9,35.4555,34.0,1.0
IND641062AAD,IND638401AAA,Carting,1.8112320633349825,12,53.81155,43.0,1.0
IND641062AAD,IND641001AAA,Carting,3.888888888888889,3,32.0921,27.0,1.0
IND641062AAD,IND641008AAA,Carting,2.585714285714286,2,37.6824,35.0,1.0
IND641062AAD,IND641607AAA,FTL,1.7000000000000002,12,29.886200000000002,30.0,1.0
IND641062AAD,IND642001AAA,Carting,1.5818181818181818,1,64.0517,55.0,1.0
IND641062AAD,IND642126AAA,Carting,1.4794520547945205,17,71.4911,72.0,0.9411764705882353
IND641062AAD,IND643217AAA,Carting,2.602311643835616,2,70.01915,68.5,1.0
IND641062AAD,IND643231AAA,Carting,2.473684210526316,15,70.3282,60.0,1.0
IND641607AAA,IND641062AAD,FTL,2.9065628476084537,20,33.912850000000006,29.0,1.0
IND641607AAA,IND641654AAA,Carting,2.0,11,18.1842,16.0,1.0
IND641607AAA,IND641664AAA,Carting,1.9,4,21.59195,20.0,1.0
IND641654AAA,IND641664AAA,Carting,1.44,11,29.409,25.0,1.0
IND641664AAA,IND638657AAA,Carting,1.5,15,40.5711,37.0,1.0
IND642001AAA,IND641062AAD,Carting,1.5789473684210529,17,64.7177,57.0,1.0
IND642001AAA,IND642126AAA,Carting,1.5161290322580645,1,30.5466,31.0,1.0
IND642126AAA,IND642001AAA,Carting,1.3870967741935485,17,30.2969,30.0,0.8823529411764706
IND643001AAA,IND643212AAA,Carting,2.5,6,49.01245,36.0,1.0
IND643212AAA,IND641062AAD,Carting,3.2882882882882885,3,138.55110000000002,110.0,1.0
IND643217AAA,IND643001AAA,Carting,0.9799919967987196,10,41.390299999999996,49.0,0.1
IND643231AAA,IND643217AAA,Carting,1.0689655172413792,11,22.3329,34.0,0.45454545454545453
IND670643AAA,IND673632AAA,Carting,1.879120879120879,5,93.509,91.0,1.0
IND670645AAB,IND673592AAA,Carting,2.598752598752599,6,36.1424,37.0,1.0
IND671315AAA,IND575004AAB,FTL,8.01923076923077,2,80.5539,78.0,1.0
IND671323AAD,IND000000ACO,FTL,1.5625,1,29.3602,32.0,1.0
IND673027AAB,IND673104AAA,Carting,5.523076923076923,1,61.9803,65.0,1.0
IND673027AAB,IND673305AAA,Carting,8.04849688031764,2,40.3536,42.0,1.0
IND673104AAA,IND673506AAA,Carting,1.7142857142857142,17,15.4347,16.0,0.9411764705882353
IND673121AAA,IND670645AAB,Carting,2.207157258064516,8,30.5652,31.5,1.0
IND673305AAA,IND673104AAA,Carting,1.2792207792207793,14,20.81545,22.0,0.7142857142857143
IND673506AAA,IND670643AAA,Carting,1.4583333333333333,17,21.6196,23.0,1.0
IND673573AAA,IND673592AAA,FTL,1.60193019566367,12,59.90395,62.0,1.0
IND673592AAA,IND562132AAA,FTL,2.07847533632287,12,285.06345,224.0,1.0
IND673592AAA,IND670645AAB,Carting,3.5,1,38.0694,38.0,1.0
IND673592AAA,IND673121AAA,Carting,2.0,11,18.16,17.0,1.0
IND673632AAA,IND673104AAA,Carting,1.238095238095238,1,60.3227,63.0,1.0
IND673632AAA,IND673305AAA,Carting,1.1408730158730158,4,37.3946,38.5,0.0
IND673632AAA,IND676306AAA,Carting,1.100250626566416,4,19.907500000000002,20.0,0.25
IND673632AAA,IND683511AAA,FTL,1.7303030303030305,6,164.83585,165.0,1.0
IND676306AAA,IND676509AAA,Carting,1.7,7,20.5067,20.0,1.0
IND676509AAA,IND678583AAA,Carting,1.181818181818182,1,33.4675,33.0,0.0
IND676509AAA,IND679322AAA,Carting,2.095238095238096,3,21.070400000000003,20.0,1.0
IND678683AAA,IND000000ABD,FTL,1.2121212121212122,13,32.2254,34.0,0.5384615384615384
IND679303AAA,IND679531AAA,Carting,2.564705882352941,14,16.738100000000003,16.0,1.0
IND679322AAA,IND673639AAA,Carting,2.230769230769231,1,39.0028,39.0,1.0
IND679329AAA,IND673639AAA,Carting,1.619047619047619,3,22.4575,21.0,1.0
IND679531AAA,IND680587AAA,Carting,1.36,15,21.198,24.0,0.9333333333333333
IND680012AAA,IND679303AAA,Carting,1.4385964912280702,11,54.9834,56.0,1.0
IND68004AAA,IND678683AAA,FTL,2.419590643274854,14,32.89785,37.0,1.0
IND68004AAA,IND683511AAA,Carting,2.3564814814814814,10,55.4136,51.5,1.0
IND680104AAA,IND679576AAA,FTL,1.4705882352941178,17,30.2562,33.0,0.8823529411764706
IND680307AAA,IND680712AAA,Carting,1.619047619047619,7,19.3533,20.0,1.0
IND680307AAA,IND683511AAA,Carting,1.6666666666666667,5,21.4975,18.0,1.0
IND680587AAA,IND68004AAA,Carting,1.8653846153846152,10,42.49605,43.0,1.0
IND680587AAA,IND683511AAA,Carting,2.7,4,91.67695,80.0,1.0
IND680712AAA,IND683511AAA,Carting,1.6578947368421053,9,41.6721,38.0,1.0
IND683511AAA,IND000000ABA,Carting,1.1860599078341014,16,28.72545,30.0,0.4375
IND683511AAA,IND000000ADM,Carting,1.4615384615384617,13,22.2497,25.0,0.9230769230769231
IND683511AAA,IND562132AAA,FTL,2.062069097594607,10,483.47540000000004,426.0,1.0
IND683511AAA,IND680012AAA,Carting,1.4736842105263157,11,59.4959,57.0,1.0
IND683511AAA,IND68004AAA,FTL,1.4,13,53.6268,48.0,0.9230769230769231
IND683511AAA,IND680104AAA,FTL,1.4969135802469136,16,79.79155,80.0,0.9375
IND683511AAA,IND686028AAB,FTL,1.9873417721518989,7,80.2878,79.0,1.0
IND683565AAA,IND683511AAA,Carting,1.894736842105263,13,15.8113,20.0,1.0
IND683572AAA,IND680307AAA,Carting,1.8461538461538465,9,13.9758,12.0,0.8888888888888888
IND685514AAA,IND625008AAA,FTL,1.5294117647058822,9,151.1178,169.0,1.0
IND686028AAB,IND686632AAA,FTL,6.095238095238095,1,21.2599,21.0,1.0
IND686028AAB,IND689101AAA,Carting,1.3675000000000002,16,26.97595,24.5,0.875
IND686507AAA,IND686513AAA,Carting,2.375,15,13.0191,9.0,1.0
IND686507AAA,IND686540AAA,Carting,1.6538461538461535,1,26.7197,26.0,1.0
IND686513AAA,IND686507AAA,Carting,2.8,1,14.0458,10.0,1.0
IND686513AAA,IND686540AAA,Carting,2.2285714285714286,8,39.8562,35.0,1.0
IND686540AAA,IND686028AAB,Carting,1.9459064327485383,2,19.7342,18.5,1.0
IND686632AAA,IND686141AAA,FTL,2.5,1,21.8507,20.0,1.0
IND688009AAA,IND686028AAB,Carting,3.6755050505050506,16,45.36175,45.0,1.0
IND688524AAA,IND683511AAA,FTL,2.269230769230769,7,54.2155,51.0,1.0
IND689101AAA,IND689650AAA,Carting,1.3666666666666667,6,16.116600000000002,15.0,0.6666666666666666
IND689101AAA,IND690548AAA,Carting,1.44,4,25.1496,25.0,1.0
IND689503AAB,IND683511AAA,FTL,2.25,1,125.4579,120.0,1.0
IND689645AAA,IND691551AAA,Carting,1.75,15,26.547,25.0,1.0
IND689650AAA,IND690548AAA,Carting,1.6046511627906976,3,41.879,41.0,1.0
IND690537AAA,IND689503AAB,FTL,2.071428571428572,1,28.2977,28.0,1.0
IND690548AAA,IND688009AAA,Carting,1.21875,15,28.1353,32.0,0.5333333333333333
IND691001AAB,IND683511AAA,FTL,1.255952380952381,9,175.9663,168.0,0.8888888888888888
IND691001AAB,IND690573AAA,FTL,1.0810810810810811,1,30.4345,37.0,0.0
IND691001AAB,IND691506AAA,Carting,1.36,21,23.4979,25.0,0.9047619047619048
IND691001AAB,IND695012AAA,FTL,1.34375,1,63.5282,64.0,1.0
IND691305AAA,IND689645AAA,Carting,2.269230769230769,15,29.1326,27.0,1.0
IND691305AAA,IND691551AAA,Carting,4.0,1,28.8962,27.0,1.0
IND691506AAA,IND691305AAA,Carting,1.5278637770897832,20,17.80335,19.0,1.0
IND691551AAA,IND691001AAB,Carting,2.431578947368421,20,41.65145,39.5,1.0
IND691574AAA,IND695614AAA,Carting,1.55,21,21.6803,20.0,1.0
IND695012AAA,IND691001AAB,FTL,1.5470085470085468,12,63.7633,65.0,1.0
IND695012AAA,IND695101AAB,Carting,2.4230769230769234,2,28.2589,26.0,1.0
IND695101AAB,IND691574AAA,Carting,1.2583333333333333,20,14.506599999999999,15.0,0.6
IND695101AAB,IND695012AAA,Carting,10.73076923076923,1,28.1568,26.0,1.0
IND695121AAA,IND695541AAA,Carting,1.6363636363636365,1,30.6281,33.0,1.0
IND695121AAA,IND695572AAB,Carting,1.75,17,12.489,13.0,1.0
IND695541AAA,IND695012AAA,Carting,3.1333333333333333,1,14.8704,15.0,1.0
IND695541AAA,IND695572AAB,Carting,1.318181818181818,1,20.6558,22.0,1.0
IND695572AAB,IND000000AFJ,Carting,1.6923076923076923,1,22.0203,26.0,1.0
IND695572AAB,IND695541AAA,Carting,1.4761904761904765,13,20.2082,22.0,0.8461538461538461
IND695582AAA,IND691574AAA,Carting,1.6666666666666667,1,35.4313,39.0,1.0
IND695582AAA,IND695101AAB,Carting,1.1428571428571428,19,19.5127,22.0,0.3157894736842105
IND695609AAA,IND695012AAA,Carting,2.076923076923077,3,34.433800000000005,39.0,1.0
IND695614AAA,IND695609AAA,Carting,1.3157894736842106,3,15.3016,19.0,1.0
IND700026AAC,IND700065AAA,Carting,1.5952380952380953,2,14.16295,20.0,0.5
IND700026AAC,IND712311AAA,Carting,5.344771241830065,4,33.95815,36.0,1.0
IND700028AAB,IND712311AAA,Carting,4.473684210526316,11,22.7463,18.0,1.0
IND700053AAA,IND700144AAA,FTL,2.3157894736842106,5,29.3944,38.0,1.0
IND700053AAA,IND712311AAA,Carting,7.5264367816091955,6,29.081049999999998,29.0,1.0
IND700053AAA,IND743513AAA,Carting,3.0,4,31.329950000000004,27.0,1.0
IND700065AAA,IND700026AAC,Carting,2.1873065015479876,2,12.34675,18.0,1.0
IND700065AAA,IND712311AAA,Carting,3.7386363636363633,24,21.899250000000002,21.5,1.0
IND700065AAB,IND712310AAA,Carting,5.416666666666667,15,22.3084,22.0,1.0
IND700088AAA,IND712311AAA,Carting,3.5172413793103448,9,29.6182,29.0,1.0
IND700136AAB,IND712311AAA,Carting,5.535714285714286,1,29.8727,28.0,1.0
IND700136AAG,IND712310AAA,Carting,4.2631578947368425,23,23.5903,20.0,1.0
IND700144AAA,IND743395AAA,FTL,3.047619047619048,4,22.008850000000002,20.0,1.0
IND711303AAA,IND721134AAB,Carting,0.8333333333333334,17,44.986,37.0,0.11764705882352941
IND712103AAA,IND712124AAA,Carting,2.363636363636364,1,11.4154,11.0,1.0
IND712103AAA,IND712310AAE,Carting,3.655172413793104,23,31.2275,30.0,1.0
IND712124AAA,IND712103AAA,Carting,2.833333333333333,25,11.6433,11.0,1.0
IND712124AAA,IND712310AAE,Carting,4.818181818181818,3,19.0162,19.0,1.0
IND712310AAE,IND711303AAA,Carting,2.402439024390244,18,54.09055,40.0,1.0
IND712310AAE,IND711409AAA,Carting,1.1875,1,19.579,16.0,0.0
IND712310AAE,IND712103AAA,Carting,3.533333333333333,1,31.1943,30.0,1.0
IND712310AAE,IND712124AAA,Carting,3.730994152046783,30,19.128600000000002,19.0,1.0
IND712311AAA,IND000000ACB,FTL,1.8842504743833015,11,1435.1908999999998,1054.0,1.0
IND712311AAA,IND421302AAG,FTL,2.3087248322147653,5,1884.2165,1342.0,1.0
IND712311AAA,IND700026AAC,Carting,2.5,29,33.6401,36.0,1.0
IND712311AAA,IND700028AAB,Carting,3.526315789473684,23,18.9277,19.0,1.0
IND712311AAA,IND700053AAA,Carting,2.8,15,29.399,29.0,1.0
IND712311AAA,IND700065AAA,Carting,3.363636363636364,29,21.2211,22.0,1.0
IND712311AAA,IND700088AAA,Carting,3.586206896551724,30,29.3119,29.5,1.0
IND712311AAA,IND712410AAC,FTL,5.25,9,44.0195,38.0,1.0
IND712311AAA,IND713103AAA,FTL,2.1633547632963177,6,82.56360000000001,59.0,1.0
IND712311AAA,IND713145AAB,FTL,2.1666666666666665,3,90.912,72.0,1.0
IND712311AAA,IND713205AAB,FTL,2.119047619047619,12,148.64210000000003,105.0,1.0
IND712311AAA,IND721306AAA,FTL,2.089108910891089,14,130.64339999999999,101.0,1.0
IND712311AAA,IND732103AAB,FTL,2.800925925925926,3,304.3677,215.0,1.0
IND712311AAA,IND742101AAC,FTL,2.9466398799010953,8,211.84115,152.5,1.0
IND712311AAA,IND742102AAB,FTL,3.2337662337662336,3,211.7647,153.0,1.0
IND712311AAA,IND743235AAA,FTL,2.586206896551724,5,79.817,57.0,1.0
IND712311AAA,IND751002AAB,FTL,1.9193548387096773,27,434.5664,311.0,1.0
IND712311AAA,IND781018AAB,FTL,3.186663403630482,8,953.4926499999999,687.0,1.0
IND712311AAA,IND821115AAB,FTL,1.6878048780487804,1,564.3462,410.0,1.0
IND712311AAA,IND826004AAA,FTL,1.7840909090909092,7,249.7493,176.0,1.0
IND712311AAA,IND834002AAB,FTL,2.347670250896057,13,393.7804,281.0,1.0
IND712406AAA,IND712602AAA,FTL,2.3225806451612905,3,30.8105,31.0,1.0
IND712406AAA,IND712612AAA,FTL,2.577777777777778,1,43.541,45.0,1.0
IND712410AAC,IND712406AAA,FTL,1.6375338753387534,6,37.1378,41.0,0.6666666666666666
IND712602AAA,IND712311AAA,FTL,5.206896551724138,1,61.4109,58.0,1.0
IND712602AAA,IND722154AAA,FTL,3.5,2,26.46225,24.0,1.0
IND712612AAA,IND722154AAA,FTL,1.6842105263157894,3,19.7134,19.0,1.0
IND713103AAA,IND713205AAB,FTL,2.007300792657489,4,69.79105,51.0,1.0
IND713128AAB,IND731204AAB,FTL,2.888888888888889,13,24.96,18.0,1.0
IND713128AAB,IND731301AAA,FTL,4.0285714285714285,3,40.8526,35.0,1.0
IND713130AAA,IND741123AAB,Carting,2.09375,17,73.1617,64.0,1.0
IND713130AAA,IND741126AAB,Carting,3.6666666666666665,1,81.7059,69.0,1.0
IND713145AAB,IND741101AAB,FTL,2.088235294117647,1,37.7374,34.0,1.0
IND713145AAB,IND741316AAA,FTL,1.591485507246377,2,25.98685,23.5,1.0
IND713148AAA,IND713128AAB,FTL,2.638888888888889,17,41.0168,35.0,1.0
IND713205AAB,IND712311AAA,FTL,7.5160826594788865,12,148.60935,105.0,1.0
IND713205AAB,IND713148AAA,FTL,4.444444444444445,3,22.3882,18.0,1.0
IND713205AAB,IND713303AAA,FTL,2.6538461538461537,5,36.3498,27.0,1.0
IND713205AAB,IND722101AAA,Carting,2.7594442032132003,2,49.192350000000005,48.0,1.0
IND713205AAB,IND722101AAB,Carting,5.62,1,52.231300000000005,50.0,1.0
IND713205AAB,IND722101AAC,Carting,2.607843137254902,5,53.2499,51.0,1.0
IND713205AAB,IND722122AAA,Carting,2.557142857142857,1,80.4067,70.0,1.0
IND713205AAB,IND722143AAB,FTL,3.72,9,32.4446,25.0,1.0
IND713205AAB,IND722202AAA,Carting,3.1527777777777777,4,17.4869,18.5,1.0
IND713205AAB,IND723130AAA,FTL,3.316391275611368,2,101.91385,87.0,1.0
IND713205AAB,IND723133AAA,FTL,2.591549295774648,1,82.39,71.0,1.0
IND713303AAA,IND713364AAB,FTL,4.166666666666666,6,23.33255,18.0,1.0
IND713364AAB,IND712311AAA,FTL,4.424325434871935,12,207.47935,146.0,1.0
IND721102AAA,IND712311AAA,FTL,7.9,13,125.3268,92.0,1.0
IND721133AAA,IND721434AAB,FTL,2.9147633234028465,2,55.6613,55.0,1.0
IND721134AAB,IND712310AAE,Carting,2.9074074074074074,1,68.92110000000001,54.0,1.0
IND721134AAB,IND721139AAC,Carting,1.6125,16,18.41035,16.0,0.875
IND721139AAC,IND721602AAB,Carting,2.827966101694915,2,70.58865,59.5,1.0
IND721139AAC,IND721636AAB,Carting,2.857142857142857,1,43.314800000000005,35.0,1.0
IND721212AAA,IND712310AAE,Carting,2.326666666666666,10,100.27135,78.0,1.0
IND721253AAC,IND721306AAA,FTL,2.515151515151515,11,52.5072,42.0,1.0
IND721253AAC,IND721501AAC,FTL,1.7849462365591398,1,101.1111,93.0,1.0
IND721306AAA,IND721102AAA,FTL,2.0,5,18.9178,18.0,1.0
IND721306AAA,IND721133AAA,FTL,2.167763157894737,2,19.788800000000002,17.5,1.0
IND721306AAA,IND721253AAC,FTL,3.238095238095238,1,52.998,42.0,1.0
IND721306AAA,IND721507AAA,FTL,2.3404255319148937,13,50.4425,44.0,1.0
IND721401AAA,IND721306AAA,FTL,1.9301957831325303,2,88.13534999999999,81.5,1.0
IND721434AAB,IND721401AAA,FTL,2.4699999999999998,2,49.69545,50.0,1.0
IND721501AAC,IND721253AAC,FTL,1.8853917821309125,6,100.69075000000001,92.5,1.0
IND721501AAC,IND721306AAA,FTL,1.9090909090909087,1,98.5015,88.0,1.0
IND721602AAB,IND721139AAC,Carting,1.8271505376344086,4,70.1466,60.0,1.0
IND721636AAB,IND721602AAB,Carting,1.75,3,30.4079,28.0,1.0
IND722101AAA,IND722122AAA,Carting,1.8852657004830917,8,31.4585,22.0,1.0
IND722101AAB,IND713205AAB,Carting,1.5555555555555556,1,50.6013,45.0,1.0
IND722122AAA,IND713205AAB,Carting,1.9642857142857142,8,85.62435,70.0,1.0
IND722140AAA,IND722151AAA,FTL,0.9545454545454546,9,46.1753,43.0,0.2222222222222222
IND722140AAA,IND723130AAA,FTL,19.130434782608692,1,77.2476,69.0,1.0
IND722143AAB,IND723133AAA,FTL,1.3997599039615847,10,45.16095,52.0,1.0
IND722151AAA,IND723130AAA,FTL,15.060049019607842,8,89.35215,70.0,1.0
IND722154AAA,IND712311AAA,FTL,5.162790697674419,1,93.142,86.0,1.0
IND722154AAA,IND712602AAA,FTL,2.071428571428572,1,31.1137,28.0,1.0
IND722202AAA,IND713205AAB,Carting,2.7058823529411766,1,20.1729,17.0,1.0
IND722202AAA,IND722101AAC,Carting,1.5091954022988505,4,32.539,29.0,1.0
IND723101AAA,IND723202AAA,FTL,1.7948717948717952,14,46.3378,39.0,1.0
IND723130AAA,IND723101AAA,FTL,2.0476190476190474,15,30.532,21.0,1.0
IND723130AAA,IND723131AAA,FTL,1.1008163265306123,6,33.8794,49.0,0.3333333333333333
IND723131AAA,IND722140AAA,FTL,1.3331653225806452,12,33.69365,31.0,0.8333333333333334
IND723133AAA,IND723130AAA,FTL,1.4,13,30.3566,45.0,0.6153846153846154
IND723202AAA,IND713205AAB,FTL,2.250156739811912,14,195.4612,144.5,1.0
IND731204AAB,IND731301AAA,FTL,2.4285714285714284,13,19.0581,21.0,1.0
IND731224AAA,IND742147AAA,Carting,2.25,11,29.1167,31.0,1.0
IND731237AAB,IND731224AAA,Carting,3.0,15,28.0433,20.0,1.0
IND731301AAA,IND713205AAB,FTL,1.943661971830986,19,76.5807,71.0,1.0
IND732103AAA,IND732138AAA,FTL,2.8513513513513518,2,40.13805000000001,37.0,1.0
IND732103AAB,IND732123AAC,Carting,4.015384615384615,1,59.7155,65.0,1.0
IND732103AAB,IND732202AAA,Carting,4.111111111111111,8,23.783250000000002,18.0,1.0
IND732103AAB,IND733128AAA,Carting,2.282608695652174,6,62.049350000000004,46.0,1.0
IND732123AAC,IND732139AAA,Carting,1.3529411764705883,1,11.7622,17.0,1.0
IND732138AAA,IND733102AAA,FTL,2.0600358422939067,2,60.16355,62.5,1.0
IND732138AAA,IND733124AAA,Carting,2.0727124183006533,2,40.094800000000006,35.0,1.0
IND732138AAA,IND733124AAA,FTL,1.805555555555556,1,41.3573,36.0,1.0
IND732138AAA,IND733140AAA,Carting,2.500598086124402,2,48.24595,41.0,1.0
IND732139AAA,IND732103AAB,Carting,5.346938775510204,1,48.7287,49.0,1.0
IND732139AAA,IND732123AAC,Carting,1.3157894736842106,1,12.792,19.0,1.0
IND732202AAA,IND732204AAB,Carting,2.933333333333333,11,20.4319,15.0,1.0
IND732204AAB,IND732123AAC,Carting,1.9086509376890501,2,50.2299,57.5,1.0
IND732204AAB,IND732139AAA,Carting,0.6323787258912916,6,40.521,58.0,0.0
IND733102AAA,IND732103AAB,Carting,3.075,1,108.6367,80.0,1.0
IND733128AAA,IND733129AAB,Carting,2.479432624113475,2,53.3454,46.0,1.0
IND733128AAA,IND733134AAA,Carting,1.809523809523809,5,26.6655,21.0,1.0
IND733129AAA,IND732103AAB,Carting,4.174418604651163,4,60.44715000000001,43.0,1.0
IND733129AAB,IND733129AAA,Carting,1.9523809523809523,5,24.7278,22.0,1.0
IND733134AAA,IND733129AAB,Carting,1.4782608695652173,3,23.596400000000003,23.0,1.0
IND733140AAA,IND732103AAA,FTL,2.8545454545454545,1,77.8815,55.0,1.0
IND733140AAA,IND733102AAA,Carting,1.8113043478260868,8,33.5235,24.5,1.0
IND733140AAA,IND733102AAA,FTL,1.5,1,33.0799,24.0,1.0
IND733201AAA,IND733202AAB,FTL,2.0,1,59.9294,42.0,1.0
IND733202AAB,IND733210AAA,FTL,1.3225806451612905,1,30.623,31.0,1.0
IND733202AAC,IND733210AAA,FTL,2.1538461538461537,1,25.6387,26.0,1.0
IND734214AAB,IND000000AFF,FTL,3.1794871794871797,3,40.4697,36.0,1.0
IND735224AAA,IND736146AAA,FTL,1.5091185410334347,8,57.6228,48.5,1.0
IND736135AAA,IND736101AAA,FTL,2.0890269151138714,6,22.63475,23.0,1.0
IND736135AAA,IND736165AAA,FTL,2.5526315789473686,5,38.8109,37.0,1.0
IND736146AAA,IND736135AAA,FTL,1.6315789473684212,8,52.1802,57.0,1.0
IND741101AAB,IND741502AAB,FTL,2.6666666666666665,1,16.773400000000002,12.0,1.0
IND741121AAA,IND741201AAC,FTL,2.789473684210526,1,20.7476,19.0,1.0
IND741123AAB,IND741126AAB,Carting,2.4157196969696972,18,43.6723,32.0,1.0
IND741126AAB,IND741156AAA,Carting,2.5588235294117645,20,23.83095,17.0,1.0
IND741156AAA,IND742101AAC,Carting,2.6875,8,44.245149999999995,32.0,1.0
IND741156AAA,IND742102AAB,Carting,3.333333333333333,13,45.213800000000006,33.0,1.0
IND741165AAB,IND742121AAB,Carting,1.391304347826087,15,81.4277,69.0,0.9333333333333333
IND741201AAC,IND712311AAA,FTL,15.271929824561402,4,80.20495,57.0,1.0
IND742101AAC,IND712311AAA,FTL,2.919254658385093,7,218.2368,160.0,1.0
IND742101AAC,IND713130AAA,Carting,1.684782608695652,3,96.0117,92.0,1.0
IND742101AAC,IND731237AAB,Carting,2.6333333333333333,7,42.0135,30.0,1.0
IND742101AAC,IND741123AAB,Carting,4.375,1,109.6979,80.0,1.0
IND742101AAC,IND742202AAA,FTL,2.566666666666667,1,83.81660000000001,60.0,1.0
IND742101AAC,IND742303AAB,Carting,2.5,7,38.274,29.0,1.0
IND742102AAB,IND712311AAA,FTL,2.59375,4,218.87335000000002,160.0,1.0
IND742102AAB,IND713130AAA,Carting,2.010752688172043,13,96.5407,93.0,1.0
IND742102AAB,IND731237AAB,Carting,2.838709677419355,11,42.2272,30.0,1.0
IND742102AAB,IND742121AAB,Carting,10.243243243243244,1,41.0415,37.0,1.0
IND742102AAB,IND742303AAB,Carting,2.1071428571428577,12,38.11835,28.5,1.0
IND742121AAA,IND742101AAC,Carting,3.6818181818181817,6,25.135550000000002,22.0,1.0
IND742121AAA,IND742102AAB,Carting,3.840909090909091,12,25.36215,22.0,1.0
IND742121AAB,IND742101AAC,Carting,3.388888888888889,1,40.9957,36.0,1.0
IND742121AAB,IND742121AAA,Carting,3.1538461538461537,16,14.441849999999999,13.0,1.0
IND742137AAA,IND742401AAA,Carting,2.3089743589743588,6,26.84795,29.5,1.0
IND742147AAA,IND742137AAA,Carting,1.8333333333333333,3,15.5169,18.0,1.0
IND742148AAA,IND742225AAA,Carting,3.5,16,20.6788,14.0,1.0
IND742149AAA,IND742148AAA,Carting,2.821428571428571,14,29.04705,21.5,1.0
IND742149AAA,IND742225AAA,Carting,4.1,1,54.9441,40.0,1.0
IND742202AAA,IND712311AAA,FTL,2.9034383777277077,2,253.411,180.0,1.0
IND742202AAA,IND732103AAA,FTL,4.722222222222222,1,51.1885,36.0,1.0
IND742223AAA,IND742226AAA,Carting,1.5227272727272727,17,46.005300000000005,44.0,1.0
IND742225AAA,IND742223AAA,Carting,4.611111111111111,16,13.9083,9.0,1.0
IND742226AAA,IND742101AAC,Carting,2.0945945945945947,6,33.30995,36.5,1.0
IND742226AAA,IND742102AAB,Carting,2.2285714285714286,13,33.2894,36.0,1.0
IND742303AAB,IND741165AAB,Carting,3.1870554765291605,18,53.0193,37.0,1.0
IND742401AAA,IND742101AAC,Carting,3.067796610169492,5,59.2229,66.0,1.0
IND742401AAA,IND742102AAB,Carting,3.0151515151515156,12,58.929950000000005,66.0,1.0
IND743235AAA,IND743270AAA,FTL,2.1,6,18.13735,17.5,1.0
IND743270AAA,IND712311AAA,FTL,15.35135135135135,5,98.5604,73.0,1.0
IND743347AAA,IND700053AAA,Carting,3.6583638583638582,6,83.87065,63.5,1.0
IND743395AAA,IND700053AAA,FTL,3.4545454545454546,4,55.600300000000004,55.0,1.0
IND743513AAA,IND743347AAA,Carting,2.1686507936507935,12,52.1252,36.0,1.0
IND751002AAB,IND530012AAA,FTL,1.6707648776925885,10,454.2031,332.0,1.0
IND751002AAB,IND562132AAA,FTL,2.262511803588291,13,1423.1406000000002,1058.0,1.0
IND751002AAB,IND712311AAA,FTL,2.0434782608695654,25,433.5997,322.0,1.0
IND751002AAB,IND754103AAA,FTL,10.121951219512194,7,58.5252,42.0,1.0
IND751002AAB,IND756100AAC,FTL,1.8296703296703294,12,123.18665,87.0,1.0
IND751002AAB,IND760003AAB,FTL,2.030075187969925,12,181.1402,135.0,1.0
IND751014AAA,IND751002AAB,Carting,2.642857142857143,4,10.69915,7.0,1.0
IND751015AAA,IND751002AAB,Carting,2.0,4,10.178149999999999,7.0,1.0
IND751015AAA,IND752050AAA,Carting,1.6363636363636365,1,15.095,11.0,1.0
IND751015AAA,IND752055AAA,Carting,1.9347826086956523,2,26.3951,22.5,1.0
IND751015AAA,IND752056AAA,Carting,1.9572192513368982,6,25.29655,17.5,1.0
IND752030AAA,IND754022AAA,FTL,1.681818181818182,1,25.5137,22.0,1.0
IND752050AAA,IND751002AAB,Carting,2.176190476190476,2,29.30995,20.5,1.0
IND752050AAA,IND752056AAA,Carting,2.333333333333333,1,9.6907,6.0,1.0
IND752055AAA,IND751002AAB,Carting,1.9230769230769231,1,35.7081,26.0,1.0
IND752055AAA,IND752050AAA,Carting,1.0,1,19.4503,16.0,0.0
IND752056AAA,IND751002AAB,Carting,1.894736842105263,1,27.2786,19.0,1.0
IND754022AAA,IND751002AAB,FTL,2.2413273001508296,2,69.20005,51.5,1.0
IND754103AAA,IND754142AAA,FTL,2.185185185185185,1,57.1658,54.0,1.0
IND754142AAA,IND754211AAA,FTL,2.9696296296296296,2,37.515950000000004,26.0,1.0
IND754160AAA,IND754142AAA,FTL,2.0,1,30.898,28.0,1.0
IND754202AAA,IND751002AAB,FTL,3.2580645161290325,1,38.6596,31.0,1.0
IND754211AAA,IND754202AAA,FTL,2.606060606060606,1,36.1261,33.0,1.0
IND756019AAA,IND756032AAA,FTL,1.5277777777777777,1,51.325300000000006,36.0,1.0
IND756019AAA,IND757001AAA,FTL,2.608695652173913,1,65.5301,46.0,1.0
IND756019AAA,IND757025AAA,FTL,2.216666666666667,8,27.3447,20.0,1.0
IND756019AAA,IND757041AAA,FTL,1.140625,1,61.327,64.0,0.0
IND756029AAA,IND712311AAA,FTL,1.8026315789473684,1,211.2056,152.0,1.0
IND756032AAA,IND712311AAA,FTL,2.375,9,189.0949,137.0,1.0
IND756100AAC,IND756045AAB,FTL,1.162790697674419,1,42.6292,43.0,0.0
IND756100AAC,IND757037AAA,FTL,1.6638655462184877,1,165.5648,119.0,1.0
IND756100AAC,IND758001AAA,FTL,2.4504270186335404,4,157.98575,114.5,1.0
IND756100AAC,IND758034AAA,FTL,2.298136645962733,13,222.8727,161.0,1.0
IND757001AAA,IND757041AAA,FTL,1.9199363732767762,2,46.4456,43.5,1.0
IND757024AAA,IND756019AAA,FTL,2.677419354838709,1,82.7979,62.0,1.0
IND757025AAA,IND757001AAA,FTL,2.088888888888889,6,25.09635,17.0,1.0
IND757037AAA,IND756100AAC,FTL,2.7831099381901523,12,167.1052,120.0,1.0
IND757037AAA,IND758001AAA,FTL,1.880952380952381,1,53.2173,42.0,1.0
IND757041AAA,IND756019AAA,FTL,1.5959183673469388,4,44.65875,49.5,1.0
IND757041AAA,IND757001AAA,FTL,1.761904761904762,1,44.9652,42.0,1.0
IND758001AAA,IND757037AAA,FTL,2.0,3,54.2271,43.0,1.0
IND758001AAA,IND758035AAA,FTL,2.076923076923077,3,72.2535,52.0,1.0
IND758034AAA,IND756100AAC,FTL,2.0552147239263805,1,224.601,163.0,1.0
IND758034AAA,IND757037AAA,FTL,2.05,2,118.57985,90.0,1.0
IND758034AAA,IND758001AAA,FTL,2.127659574468085,1,64.2655,47.0,1.0
IND758035AAA,IND758001AAA,FTL,1.7142857142857142,1,68.1101,49.0,1.0
IND759122AAC,IND767017AAA,Carting,1.7466666666666666,1,183.6755,150.0,1.0
IND760003AAB,IND754022AAA,FTL,2.76,1,104.374,75.0,1.0
IND760003AAB,IND761020AAA,FTL,2.5,1,20.2236,14.0,1.0
IND761200AAA,IND532001AAB,FTL,2.144230769230769,12,71.6129,50.0,1.0
IND762001AAA,IND759122AAC,Carting,3.6782608695652175,1,135.1682,115.0,1.0
IND764001AAC,IND764059AAA,Carting,2.533333333333333,7,44.0106,31.0,1.0
IND764020AAC,IND764001AAC,Carting,2.25,1,17.1324,12.0,1.0
IND764059AAA,IND764071AAB,Carting,1.8888888888888888,3,12.7983,9.0,1.0
IND764071AAB,IND530012AAA,Carting,7.483768328772001,2,293.55954999999994,212.0,1.0
IND764071AAB,IND764073AAA,Carting,1.6950757575757576,2,46.8806,32.5,1.0
IND767001AAA,IND762001AAA,Carting,2.2,1,169.7732,120.0,1.0
IND767001AAA,IND767017AAA,FTL,1.8571428571428568,3,49.2466,35.0,1.0
IND767017AAA,IND767001AAA,Carting,2.4285714285714284,1,49.4966,35.0,1.0
IND767017AAA,IND768004AAD,FTL,2.107189224277832,2,87.1403,78.5,1.0
IND768004AAD,IND768028AAA,FTL,2.813793103448276,2,43.97515,32.0,1.0
IND768004AAD,IND768028AAB,FTL,2.53125,1,44.0923,32.0,1.0
IND768028AAA,IND767001AAA,FTL,0.8456375838926175,1,159.1798,149.0,0.0
IND768028AAB,IND767001AAA,FTL,0.9802631578947368,1,162.7031,152.0,0.0
IND768201AAA,IND770001AAA,FTL,4.333333333333333,1,32.3288,30.0,1.0
IND768216AAA,IND770001AAA,FTL,2.2058823529411766,5,39.775,35.0,1.0
IND770001AAA,IND770017AAB,FTL,1.5530142781597038,6,65.24605,62.0,1.0
IND781001AAA,IND781018AAB,Carting,2.4204204204204203,10,28.35435,37.0,0.8
IND781003AAA,IND781018AAB,Carting,3.108108108108108,3,28.2131,37.0,1.0
IND781005AAA,IND781018AAB,Carting,1.3333333333333333,10,35.461650000000006,36.0,0.7
IND781014AAA,IND781102AAA,Carting,2.3153594771241828,4,22.766849999999998,17.5,1.0
IND781014AAA,IND781124AAA,Carting,2.215217391304348,8,33.03685,23.0,1.0
IND781018AAB,IND110037AAM,FTL,2.5298563869992443,17,1807.9374,1323.0,1.0
IND781018AAB,IND712311AAA,FTL,2.9587669623943453,6,954.9990499999999,689.5,1.0
IND781018AAB,IND781003AAA,Carting,1.951219512195122,7,32.715,41.0,0.5714285714285714
IND781018AAB,IND781005AAA,Carting,1.439939024390244,6,39.575450000000004,40.5,0.5
IND781018AAB,IND781022AAA,Carting,1.0555555555555556,9,38.74,37.0,0.3333333333333333
IND781018AAB,IND781102AAA,Carting,1.3076923076923077,1,42.9364,39.0,1.0
IND781018AAB,IND781354AAA,FTL,1.7037037037037037,8,64.85095,54.0,1.0
IND781018AAB,IND784001AAA,FTL,2.162991346053592,4,177.5864,138.5,1.0
IND781018AAB,IND784125AAA,FTL,1.7153846153846155,4,80.40955,65.0,1.0
IND781018AAB,IND784168AAB,FTL,2.28125,1,299.235,224.0,1.0
IND781018AAB,IND785001AAA,FTL,2.2180984933510186,2,331.44264999999996,242.5,1.0
IND781018AAB,IND785612AAB,FTL,2.5566878139043085,2,263.75815,194.5,1.0
IND781018AAB,IND785621AAA,FTL,1.943722943722944,1,312.81690000000003,231.0,1.0
IND781018AAB,IND788026AAC,FTL,2.7214859437751002,12,341.1541,249.0,1.0
IND781018AAB,IND793001AAA,FTL,2.0251020408163267,10,126.4936,99.5,1.0
IND781022AAA,IND781018AAB,Carting,0.9825367647058824,12,35.736149999999995,34.0,0.3333333333333333
IND781102AAA,IND781018AAB,Carting,4.345588235294118,2,38.87455,35.0,1.0
IND781124AAA,IND781018AAB,Carting,4.77671370967742,6,32.38275,30.5,1.0
IND781335AAA,IND000000AET,FTL,1.8025490196078433,4,69.3818,51.0,1.0
IND781354AAA,IND781335AAA,FTL,3.133333333333333,2,19.553350000000002,15.0,1.0
IND783129AAA,IND794101AAA,FTL,2.0194174757281558,1,127.8196,103.0,1.0
IND783301AAA,IND783348AAA,FTL,1.9090909090909087,11,43.2133,33.0,1.0
IND783348AAA,IND783129AAA,FTL,1.8764044943820224,10,101.53845,89.0,1.0
IND783370AAB,IND783301AAA,FTL,2.127659574468085,2,66.3479,47.0,1.0
IND783370AAC,IND783301AAA,FTL,2.65625,8,67.64439999999999,48.0,1.0
IND784001AAA,IND784101AAA,Carting,7.125,1,21.655,16.0,1.0
IND784001AAA,IND784168AAB,FTL,2.053763440860215,1,131.0965,93.0,1.0
IND784001AAA,IND790114AAA,Carting,2.862745098039216,1,59.5592,51.0,1.0
IND784001AAA,IND791111AAC,FTL,2.394957983193277,3,167.8739,119.0,1.0
IND784101AAA,IND790114AAA,Carting,1.28125,1,35.4602,32.0,1.0
IND784110AAA,IND781018AAB,FTL,3.31858407079646,1,141.71679999999998,113.0,1.0
IND784110AAA,IND784001AAA,FTL,2.8600000000000003,2,35.439499999999995,25.0,1.0
IND784125AAA,IND784110AAA,FTL,2.583333333333333,3,62.4792,49.0,1.0
IND784168AAB,IND784176AAA,FTL,2.5272938443670148,6,58.5142,41.0,1.0
IND784168AAB,IND791111AAC,FTL,3.4400000000000004,2,36.046549999999996,25.0,1.0
IND784176AAA,IND781018AAB,FTL,2.337814610190301,4,236.67995,180.0,1.0
IND785001AAA,IND785112AAC,Carting,2.111111111111111,3,27.002,19.0,1.0
IND785001AAA,IND785682AAA,FTL,2.023809523809524,11,62.6307,46.0,1.0
IND785001AAA,IND798601AAA,Carting,4.135135135135135,1,103.5959,74.0,1.0
IND785112AAC,IND785001AAA,Carting,15.085526315789474,2,28.3002,19.5,1.0
IND785112AAC,IND785634AAA,Carting,3.2195402298850575,2,40.69029999999999,29.5,1.0
IND785612AAB,IND781018AAB,FTL,2.144578313253012,1,235.463,166.0,1.0
IND785612AAB,IND785621AAA,FTL,1.6944444444444444,1,48.7818,36.0,1.0
IND785621AAA,IND785001AAA,FTL,1.5909090909090908,3,49.2488,44.0,1.0
IND785634AAA,IND785001AAA,Carting,31.2,3,19.7611,16.0,1.0
IND785675AAA,IND785612AAB,FTL,2.190082644628099,1,172.4213,121.0,1.0
IND785682AAA,IND785690AAB,Carting,3.494652406417112,2,46.04545,33.5,1.0
IND785682AAA,IND786001AAB,FTL,2.117931547619048,10,88.27799999999999,63.0,1.0
IND785690AAB,IND785682AAA,Carting,4.188235294117647,16,46.062200000000004,33.0,1.0
IND786001AAB,IND785675AAA,FTL,3.2142857142857144,3,40.2528,28.0,1.0
IND786001AAB,IND786125AAA,Carting,2.2758620689655173,1,41.6915,29.0,1.0
IND786001AAB,IND786171AAA,Carting,3.1666666666666665,13,71.246,50.0,1.0
IND786001AAB,IND786184AAA,Carting,2.076923076923077,10,20.007550000000002,13.5,1.0
IND786001AAB,IND786190AAA,Carting,1.8837209302325584,1,62.2556,43.0,1.0
IND786001AAB,IND786602AAA,Carting,1.5294117647058822,13,36.9082,35.0,1.0
IND786001AAB,IND792103AAB,Carting,2.259259259259259,1,112.6654,81.0,1.0
IND786125AAA,IND786190AAA,Carting,3.0625,7,23.5942,16.0,1.0
IND786171AAA,IND786181AAC,Carting,2.4444444444444446,11,13.3468,9.0,1.0
IND786181AAC,IND786001AAB,Carting,3.2333333333333334,14,84.9711,60.0,1.0
IND786181AAC,IND792120AAB,Carting,5.0625,9,48.081900000000005,33.0,1.0
IND786181AAC,IND792121AAB,Carting,3.333333333333333,11,42.2057,29.0,1.0
IND786184AAA,IND786125AAA,Carting,2.7333333333333334,5,21.1488,15.0,1.0
IND786184AAA,IND786190AAA,Carting,1.9464285714285714,2,38.96300000000001,27.0,1.0
IND786190AAA,IND786001AAB,Carting,2.452380952380953,1,59.6186,42.0,1.0
IND786190AAA,IND792103AAB,Carting,2.1052631578947367,9,49.073,36.0,1.0
IND787001AAA,IND787057AAA,FTL,2.7429787234042555,8,66.50375,47.0,1.0
IND787057AAA,IND787059AAB,FTL,2.12,10,27.167650000000002,24.5,1.0
IND787059AAB,IND791102AAA,FTL,2.718309859154929,1,98.5959,71.0,1.0
IND788026AAC,IND781018AAB,FTL,2.3980801253795674,18,337.37215000000003,245.0,1.0
IND788026AAC,IND788121AAA,FTL,4.023809523809524,2,29.318,21.0,1.0
IND788026AAC,IND788151AAA,FTL,2.5454545454545454,13,29.7473,22.0,1.0
IND788026AAC,IND799250AAA,FTL,4.2,1,112.4945,80.0,1.0
IND788121AAA,IND796081AAA,FTL,3.5,3,71.14580000000001,50.0,1.0
IND788151AAA,IND788713AAA,FTL,2.6901270772238517,12,46.4666,32.5,1.0
IND788151AAA,IND788806AAA,FTL,2.611111111111111,1,25.9829,18.0,1.0
IND788713AAA,IND788026AAC,FTL,12.033333333333331,1,43.217,30.0,1.0
IND788713AAA,IND788806AAA,FTL,2.9230769230769234,10,19.651049999999998,13.0,1.0
IND788806AAA,IND788026AAC,FTL,3.75,9,23.4921,16.0,1.0
IND788806AAA,IND788713AAA,FTL,4.230769230769231,1,19.7019,13.0,1.0
IND790001AAB,IND784001AAA,Carting,7.05,1,153.8969,120.0,1.0
IND791102AAA,IND784168AAB,FTL,2.8217821782178216,1,285.3696,202.0,1.0
IND791109AAA,IND787001AAA,FTL,3.575757575757576,1,46.8909,33.0,1.0
IND791110AAA,IND787001AAA,FTL,3.5294117647058822,1,48.9821,34.0,1.0
IND791125AAB,IND791102AAA,FTL,1.9503858024691358,4,109.68465,80.5,1.0
IND792001AAA,IND786001AAB,Carting,2.4473684210526314,1,152.7519,114.0,1.0
IND792001AAA,IND792110AAA,Carting,1.5697674418604652,2,61.847449999999995,43.0,1.0
IND792103AAB,IND792001AAA,Carting,0.6808510638297872,11,130.8647,94.0,0.0
IND792110AAA,IND786001AAB,Carting,2.505098039215686,2,143.4434,101.0,1.0
IND792120AAB,IND786181AAC,Carting,3.088235294117647,3,48.7453,34.0,1.0
IND792121AAB,IND786181AAC,Carting,28.90322580645161,11,42.0052,29.0,1.0
IND792130AAB,IND786001AAB,Carting,2.882427401340283,10,105.39545000000001,84.5,1.0
IND793001AAA,IND781018AAB,FTL,4.610526315789474,1,123.7875,95.0,1.0
IND793001AAA,IND793150AAA,FTL,2.3171497584541063,2,64.71585,45.5,1.0
IND793150AAA,IND781018AAB,FTL,1.956204379562044,1,182.8514,137.0,1.0
IND794101AAA,IND781018AAB,FTL,2.408805031446541,9,207.3622,159.0,1.0
IND796009AAA,IND796321AAB,FTL,4.950381679389313,4,186.14965,131.0,1.0
IND796081AAA,IND788026AAC,FTL,2.638888888888889,1,102.1034,72.0,1.0
IND796321AAB,IND796009AAA,FTL,4.046875,3,185.792,131.0,1.0
IND798601AAA,IND785001AAA,Carting,3.9210526315789473,5,105.1853,76.0,1.0
IND799250AAA,IND799008AAA,FTL,2.725806451612903,1,171.3245,124.0,1.0
IND801103AAA,IND802301AAA,FTL,2.6666666666666665,11,22.882900000000003,16.0,1.0
IND802101AAA,IND802119AAA,FTL,2.7916666666666665,14,18.3401,13.0,1.0
IND802101AAA,IND802158AAB,FTL,2.76,1,70.8523,50.0,1.0
IND802119AAA,IND802158AAB,FTL,1.8513513513513513,16,51.8343,37.0,1.0
IND802158AAB,IND821115AAB,FTL,2.408450704225352,11,86.5783,71.0,1.0
IND802212AAA,IND821115AAB,FTL,23.73809523809524,7,44.7679,41.0,1.0
IND802213AAB,IND802212AAA,FTL,3.5,5,19.7494,17.0,1.0
IND802301AAA,IND804401AAA,FTL,2.333091436865022,10,70.21005,52.5,1.0
IND803101AAA,IND805110AAD,FTL,2.260869565217391,9,32.2741,23.0,1.0
IND803116AAA,IND803108AAB,FTL,2.2285714285714286,13,40.590900000000005,33.0,1.0
IND803213AAA,IND811105AAA,FTL,1.8043478260869563,3,52.7775,46.0,1.0
IND804420AAA,IND803101AAA,FTL,2.8421052631578947,11,55.2679,39.0,1.0
IND804452AAA,IND804420AAA,FTL,2.962121212121212,6,16.881999999999998,11.5,1.0
IND805110AAD,IND803116AAA,FTL,2.333333333333333,9,24.829,21.0,1.0
IND811105AAA,IND803212AAB,FTL,2.7136479591836737,2,66.1587,48.5,1.0
IND811201AAB,IND811213AAA,FTL,2.134615384615385,2,34.20975,26.0,1.0
IND811201AAB,IND813213AAA,FTL,4.46,2,33.0285,25.0,1.0
IND811213AAA,IND811201AAB,FTL,2.5,1,34.1936,26.0,1.0
IND811213AAA,IND813213AAA,FTL,1.6139162561576355,2,39.1146,28.5,1.0
IND811307AAA,IND811201AAB,FTL,2.0172413793103448,1,80.3155,58.0,1.0
IND811307AAA,IND811213AAA,FTL,1.96875,1,45.7663,32.0,1.0
IND811399AAA,IND110044AAB,Carting,3.138095238095238,40,13.8169,16.0,1.0
IND811399AAA,IND209304AAA,FTL,1.6361138522861398,10,432.65895,322.0,1.0
IND812002AAA,IND813203AAA,FTL,3.890316205533597,18,32.054950000000005,23.0,1.0
IND813102AAA,IND812002AAA,FTL,2.025,17,43.492,40.0,1.0
IND813102AAA,IND813203AAA,FTL,3.741935483870968,1,74.7621,62.0,1.0
IND814101AAB,IND816107AAA,FTL,1.5232558139534884,11,88.8902,86.0,1.0
IND814112AAA,IND814133AAA,FTL,2.273652882205514,2,79.6487,56.5,1.0
IND814112AAA,IND814133AAB,FTL,2.4,7,78.8509,55.0,1.0
IND814133AAA,IND816109AAA,FTL,2.4375,1,89.8315,64.0,1.0
IND814133AAB,IND816109AAA,FTL,2.4375,13,90.0153,64.0,1.0
IND815301AAA,IND814112AAA,FTL,1.9830508474576272,1,65.2192,59.0,1.0
IND815301AAA,IND814133AAB,FTL,2.3025112443778113,4,144.8447,115.0,1.0
IND815301AAA,IND815353AAA,FTL,2.1142857142857143,3,48.8533,35.0,1.0
IND815351AAA,IND814101AAB,FTL,1.0670103092783505,12,80.28614999999999,97.0,0.16666666666666666
IND815353AAA,IND814112AAA,FTL,1.2564102564102564,2,38.960300000000004,39.0,1.0
IND815353AAA,IND814133AAB,FTL,1.8772495755517826,8,116.3175,93.0,1.0
IND815353AAA,IND826004AAA,FTL,1.5529411764705885,1,104.0805,85.0,1.0
IND816107AAA,IND826004AAA,FTL,1.9744897959183676,8,278.2733,196.0,1.0
IND816109AAA,IND826004AAA,FTL,1.8813469927769435,10,300.7029,236.0,1.0
IND821109AAA,IND802213AAB,FTL,5.125,11,45.2398,32.0,1.0
IND821115AAB,IND000000ACB,FTL,2.0834621329211744,7,870.3398000000001,647.0,1.0
IND821115AAB,IND209304AAA,FTL,1.9460921177587847,12,457.1472,325.0,1.0
IND821115AAB,IND802101AAA,FTL,2.215675675675676,6,84.54055,76.0,1.0
IND821115AAB,IND821109AAA,FTL,2.3,6,52.990750000000006,40.0,1.0
IND821115AAB,IND824101AAA,FTL,2.0,1,39.4573,29.0,1.0
IND821307AAA,IND824101AAA,FTL,2.0,7,28.9448,20.0,1.0
IND824101AAA,IND821115AAB,FTL,1.9285714285714288,7,38.8826,29.0,1.0
IND824101AAA,IND821307AAA,FTL,1.8903162055335967,4,32.116,22.0,1.0
IND825102AAA,IND827013AAA,Carting,2.12,1,31.5636,25.0,1.0
IND825102AAA,IND827013AAA,FTL,2.0576923076923075,2,32.3568,26.0,1.0
IND825301AAA,IND825409AAA,FTL,2.667582417582418,14,58.41405,41.0,1.0
IND825409AAA,IND000000ACB,FTL,1.9372153349621453,14,1050.3371000000002,772.0,1.0
IND826001AAC,IND828111AAA,Carting,2.4444444444444446,1,10.2659,9.0,1.0
IND826004AAA,IND209304AAA,FTL,1.743006993006993,3,796.3543000000001,572.0,1.0
IND826004AAA,IND814112AAA,FTL,1.674721046556368,4,130.34235,115.0,1.0
IND826004AAA,IND815301AAA,FTL,1.963636363636364,5,63.5423,55.0,1.0
IND826004AAA,IND815351AAA,FTL,3.388888888888889,11,53.6747,38.0,1.0
IND826004AAA,IND815353AAA,FTL,1.7992801771871538,4,104.40469999999999,85.0,1.0
IND826004AAA,IND821115AAB,FTL,1.5313725490196077,4,343.477,254.5,1.0
IND826004AAA,IND828111AAA,Carting,2.409090909090909,2,12.9474,11.0,1.0
IND826004AAA,IND828205AAA,Carting,2.95,1,28.4319,20.0,1.0
IND826004AAA,IND828401AAB,Carting,0.95,3,36.5092,40.0,0.0
IND827013AAA,IND829121AAA,Carting,2.189655172413793,2,39.15435,28.0,1.0
IND827013AAA,IND829121AAA,FTL,1.8,3,35.711,25.0,1.0
IND828111AAA,IND826004AAA,Carting,9.25,9,13.8589,12.0,1.0
IND828401AAB,IND826004AAA,Carting,2.857142857142857,7,29.7511,22.0,1.0
IND829121AAA,IND834002AAB,Carting,7.087301587301587,8,85.52250000000001,62.0,1.0
IND829121AAA,IND834002AAB,FTL,7.409836065573771,3,84.4585,61.0,1.0
IND829122AAA,IND825301AAA,FTL,2.0135135135135136,14,48.9122,37.0,1.0
IND832109AAB,IND834002AAB,FTL,2.505813953488372,22,120.09115,87.0,1.0
IND834002AAB,IND000000ACB,FTL,1.960093896713615,10,1162.42705,852.5,1.0
IND834002AAB,IND781018AAB,FTL,2.9806949806949805,1,1080.3713,777.0,1.0
IND834002AAB,IND825102AAA,Carting,2.688888888888889,1,120.4119,90.0,1.0
IND834002AAB,IND825102AAA,FTL,3.417582417582418,2,121.304,91.0,1.0
IND834002AAB,IND826004AAA,Carting,2.4206349206349205,21,168.6713,126.0,1.0
IND834002AAB,IND827013AAA,Carting,4.333333333333333,17,123.3016,89.0,1.0
IND834002AAB,IND829122AAA,FTL,2.390625,14,43.87755,32.0,1.0
IND834002AAB,IND832109AAB,FTL,2.339080459770115,14,119.87020000000001,87.0,1.0
IND841101AAA,IND841207AAB,FTL,2.611111111111111,3,22.268,15.0,1.0
IND841226AAB,IND841428AAA,Carting,2.333333333333333,1,33.174800000000005,24.0,1.0
IND841226AAB,IND841428AAA,FTL,2.772727272727273,1,31.2457,22.0,1.0
IND841301AAC,IND841226AAB,Carting,2.0,1,65.8993,48.0,1.0
IND841405AAA,IND841301AAC,Carting,2.45945945945946,1,101.5664,74.0,1.0
IND841424AAA,IND841226AAB,FTL,2.3488372093023258,3,62.9374,44.0,1.0
IND841424AAA,IND841428AAA,FTL,3.5727882327492972,6,97.31190000000001,69.0,1.0
IND842001AAA,IND843105AAB,FTL,3.0,20,23.5191,16.0,1.0
IND842001AAA,IND843109AAB,Carting,3.4,15,14.6382,10.0,1.0
IND842001AAA,IND843126AAA,Carting,3.0,3,26.2572,18.0,1.0
IND842001AAA,IND843301AAA,FTL,3.7178538390379283,6,63.251599999999996,46.5,1.0
IND842001AAA,IND843320AAA,FTL,6.521739130434782,1,65.86930000000001,46.0,1.0
IND842001AAA,IND843329AAB,FTL,1.3793103448275863,13,70.3882,58.0,0.9230769230769231
IND842001AAA,IND845401AAA,FTL,2.157786885245902,4,84.66895,60.5,1.0
IND842001AAA,IND845412AAB,FTL,2.264705882352941,15,49.3673,34.0,1.0
IND842001AAA,IND845418AAB,FTL,1.84375,12,101.48635,80.0,1.0
IND842001AAA,IND845438AAA,FTL,2.4782608695652173,5,130.1843,92.0,1.0
IND842001AAA,IND846004AAA,FTL,2.1900000000000004,22,68.32205,50.0,1.0
IND842001AAA,IND847212AAA,FTL,2.191780821917808,22,98.31475,73.0,1.0
IND842001AAA,IND848101AAA,FTL,3.891891891891892,1,52.4093,37.0,1.0
IND842001AAA,IND848114AAA,FTL,2.2270408163265305,20,69.05475,48.0,1.0
IND842001AAA,IND854326AAB,FTL,1.9019607843137252,19,288.6933,204.0,1.0
IND842003AAB,IND480661AAA,FTL,1.942286036036036,2,156.1569,111.5,1.0
IND842003AAB,IND480886AAA,FTL,2.257575757575758,8,93.5346,66.5,1.0
IND842003AAB,IND482002AAA,Carting,23.1875,4,10.4497,8.0,1.0
IND842003AAB,IND483225AAA,FTL,2.863636363636364,3,34.909699999999994,24.0,1.0
IND842003AAB,IND483501AAA,FTL,2.6379310344827585,11,80.4201,58.0,1.0
IND842003AAB,IND484661AAE,FTL,1.824074074074074,2,149.04500000000002,108.0,1.0
IND842003AAB,IND487001AAA,FTL,1.9743547591648858,2,93.365,78.0,1.0
IND842003AAB,IND487001AAB,FTL,1.818181818181818,5,93.7912,79.0,1.0
IND843105AAB,IND848101AAA,FTL,2.025,20,28.0176,20.0,1.0
IND843109AAB,IND842001AAA,Carting,2.65,2,14.592749999999999,10.0,1.0
IND843109AAB,IND843126AAA,Carting,1.0692640692640691,10,45.5129,43.0,0.3
IND843126AAA,IND842001AAA,Carting,2.5,11,24.9355,17.0,1.0
IND843126AAA,IND843109AAB,Carting,2.134615384615384,2,37.3762,26.0,1.0
IND843301AAA,IND843320AAA,FTL,2.6,20,28.1768,25.0,1.0
IND843320AAA,IND847223AAA,FTL,2.425,8,23.4075,20.0,1.0
IND843329AAB,IND843301AAA,FTL,2.789473684210526,13,26.5904,19.0,1.0
IND844101AAB,IND841207AAB,FTL,2.611111111111111,1,23.8946,18.0,1.0
IND844505AAB,IND842001AAA,FTL,11.778846153846153,14,73.67435,52.0,1.0
IND845305AAA,IND842001AAA,FTL,5.838541666666666,20,136.0401,96.0,1.0
IND845401AAA,IND845305AAA,FTL,2.563492063492064,22,48.71155,35.0,1.0
IND845412AAB,IND845401AAA,FTL,1.851851851851852,15,36.4615,26.0,0.8666666666666667
IND845418AAB,IND842001AAA,FTL,2.9851778656126484,2,84.1148,67.5,1.0
IND845418AAB,IND845438AAA,FTL,2.1228070175438596,12,72.46015,57.0,1.0
IND845438AAA,IND845455AAB,FTL,1.8064516129032255,15,38.3778,32.0,1.0
IND845455AAB,IND842001AAA,FTL,2.312,17,169.8487,125.0,1.0
IND845455AAB,IND845418AAB,FTL,2.217391304347826,3,113.3441,92.0,1.0
IND846004AAA,IND847103AAA,FTL,1.7916666666666667,21,26.1799,24.0,1.0
IND846004AAA,IND847404AAB,FTL,4.466666666666667,1,37.7671,30.0,1.0
IND847103AAA,IND847404AAB,FTL,2.0,19,33.2702,33.0,1.0
IND847212AAA,IND847226AAA,FTL,1.8148148148148149,21,36.8838,27.0,1.0
IND847223AAA,IND842001AAA,FTL,10.296875,15,85.8712,65.0,1.0
IND847226AAA,IND842001AAA,FTL,8.976190476190476,21,118.7312,84.0,1.0
IND847404AAB,IND842001AAA,FTL,8.433677098150781,18,107.82525,76.0,1.0
IND848101AAA,IND844505AAB,FTL,3.301169590643275,16,25.9874,18.0,1.0
IND848114AAA,IND848210AAA,FTL,1.72,21,23.5275,24.0,1.0
IND848210AAA,IND842001AAA,FTL,4.088235294117647,3,83.91839999999999,69.0,1.0
IND848210AAA,IND851127AAA,FTL,1.9038461538461537,16,28.97905,26.0,1.0
IND851127AAA,IND842001AAA,FTL,4.333333333333333,16,130.74255,96.0,1.0
IND851127AAA,IND851112AAB,FTL,2.269230769230769,4,32.1446,26.0,1.0
IND852111AAA,IND852118AAA,FTL,2.057142857142857,1,49.0642,35.0,1.0
IND852111AAA,IND854311AAA,FTL,2.8461538461538463,1,74.12110000000001,52.0,1.0
IND852111AAA,IND854326AAB,FTL,4.084337349397591,17,117.4359,83.0,1.0
IND852113AAA,IND852139AAB,FTL,2.7916666666666665,19,35.2712,24.0,1.0
IND852113AAA,IND852201AAA,FTL,3.941176470588236,1,22.5405,17.0,1.0
IND852118A1B,IND854326AAB,FTL,3.0588235294117645,1,72.37660000000001,51.0,1.0
IND852118AAA,IND852111AAA,FTL,3.7,1,42.0784,30.0,1.0
IND852118AAA,IND854326AAB,FTL,2.4705882352941178,1,72.32,51.0,1.0
IND852131AAA,IND852139AAB,FTL,3.380952380952381,1,29.7371,21.0,1.0
IND852131AAA,IND852201AAA,FTL,2.8181818181818183,8,36.0287,33.0,1.0
IND852139AAB,IND854326AAB,FTL,3.171052631578948,21,106.6365,75.0,1.0
IND852201AAA,IND852113AAA,FTL,3.75,17,22.6556,17.0,1.0
IND852201AAA,IND852131AAA,FTL,2.375,1,34.7827,32.0,1.0
IND852201AAA,IND854326AAB,FTL,5.6125,1,109.2664,80.0,1.0
IND853204AAA,IND851204AAA,FTL,2.0434782608695654,11,65.2145,46.0,1.0
IND854105AAA,IND853204AAA,FTL,2.4876923076923076,2,72.029,51.0,1.0
IND854105AAB,IND851204AAA,FTL,2.3917693169092944,4,135.0675,95.0,1.0
IND854105AAB,IND853204AAA,FTL,3.020408163265306,5,70.35510000000001,49.0,1.0
IND854311AAA,IND852118A1B,FTL,3.4166666666666665,3,30.7923,24.0,1.0
IND854311AAA,IND854326AAB,FTL,6.34375,1,45.026,32.0,1.0
IND854311AAA,IND854334AAA,FTL,1.9941520467836258,6,25.2532,19.0,1.0
IND854326AAB,IND000000ACB,FTL,2.1855343803149268,18,1269.7084,930.0,1.0
IND854326AAB,IND852113AAA,FTL,3.074626865671642,1,92.8987,67.0,1.0
IND854326AAB,IND852131AAA,FTL,2.184938409854423,10,134.6935,95.0,1.0
IND854326AAB,IND852201AAA,FTL,3.987804878048781,6,113.86779999999999,82.0,1.0
IND854326AAB,IND854105AAA,FTL,4.854166666666666,2,24.7521,17.0,1.0
IND854326AAB,IND854105AAB,FTL,2.65,11,29.4944,20.0,1.0
IND854326AAB,IND854311AAA,FTL,1.7,21,43.149,30.0,1.0
IND854326AAB,IND854334AAA,FTL,3.5625,1,67.3785,48.0,1.0
IND854334AAA,IND854335AAA,FTL,1.3459051724137931,2,36.50075,30.5,1.0
IND854335AAA,IND852111AAA,FTL,2.25,11,28.8529,20.0,1.0
IND854335AAA,IND852118A1B,FTL,2.2222222222222223,1,26.7262,18.0,1.0
IND854335AAA,IND854326AAB,FTL,3.262295081967213,1,87.43180000000001,61.0,1.0
