rank,center,name,legs_out,breaches,legs_in,breaches_in,breach_rate,network_breach_share_pct,recoverable_breaches,revenue_at_risk_rs,revenue_recoverable_rs,betweenness,in_degree,out_degree,avg_incoming_delay_factor,bottleneck_score,clustering,rankable
1,IND421302AAG,Bhiwandi_Mankoli_HB (Maharashtra),821,304,583.0,253.0,0.3702801461632156,3.9357845675815644,81.0,152000.0,40500.0,0.054239531307541,27.0,27.0,2.398480664618793,0.1300924670991227,0.0623885918003565,True
2,IND400072AAB,Mumbai Hub (Maharashtra),300,170,234.0,107.0,0.5666666666666667,2.200932159502848,88.0,85000.0,44000.0,0.004996699358341,11.0,9.0,2.615700549273936,0.0130698692561693,0.0769230769230769,True
3,IND000000ACB,Gurgaon_Bilaspur_HB (Haryana),1063,152,928.0,164.0,0.14299153339604892,1.9678922837907822,0.0,76000.0,0.0,0.2139032235358459,41.0,48.0,2.13914970320278,0.4575710171408227,0.0382205513784461,True
4,IND712311AAA,Kolkata_Dankuni_HB (West Bengal),261,147,219.0,121.0,0.5632183908045977,1.9031589849818749,76.0,73500.0,38000.0,0.0840398186857748,21.0,20.0,3.2355576223719944,0.2719156759315192,0.041871921182266,True
5,IND411033AAA,Pune_Tathawde_H (Maharashtra),396,96,326.0,102.0,0.24242424242424243,1.2428793371310203,0.0,48000.0,0.0,0.0410153553151579,22.0,19.0,2.089230254354923,0.085690521217545,0.0608465608465608,True
6,IND562132AAA,Bangalore_Nelmngla_H (Karnataka),768,83,665.0,84.0,0.10807291666666667,1.0745727602278612,0.0,41500.0,0.0,0.1199941083671602,36.0,35.0,1.855315462261053,0.2226269246338209,0.0501700680272108,True
7,IND110037AAM,Delhi_Airport_H (Delhi),256,78,188.0,63.0,0.3046875,1.0098394614189539,8.0,39000.0,4000.0,0.0308106240994679,18.0,22.0,2.1653872831861944,0.0667169336120179,0.064367816091954,True
8,IND842001AAA,Muzaffrpur_Bbganj_I (Bihar),178,78,158.0,122.0,0.43820224719101125,1.0098394614189539,30.0,39000.0,15000.0,0.0244321793565016,11.0,15.0,5.6127322986738255,0.1371312822012286,0.0513833992094861,True
9,IND560300AAA,Bengaluru_KGAirprt_HB (Karnataka),331,77,278.0,36.0,0.2326283987915408,0.9968928016571725,0.0,38500.0,0.0,0.0055638734815711,4.0,12.0,2.009345972593103,0.0111797467722126,0.2179487179487179,True
10,IND560099AAB,Bengaluru_Bomsndra_HB (Karnataka),466,75,352.0,90.0,0.1609442060085837,0.9709994821336096,0.0,37500.0,0.0,0.0025084047977983,10.0,15.0,2.109960843805829,0.0052926359037691,0.1691176470588235,True
11,IND600056AAB,MAA_Poonamallee_HB (Tamil Nadu),300,75,241.0,38.0,0.25,0.9709994821336096,0.0,37500.0,0.0,0.0390644650216516,18.0,18.0,2.0418382077817525,0.0797633172477622,0.0592885375494071,True
12,IND209304AAA,Kanpur_Central_H_6 (Uttar Pradesh),220,64,172.0,68.0,0.2909090909090909,0.8285862247540134,4.0,32000.0,2000.0,0.0321776580670772,15.0,13.0,5.615284947179818,0.180686718979558,0.0216450216450216,True
13,IND302014AAB,Jaipur_Central_I_7 (Rajasthan),149,62,66.0,35.0,0.4161073825503356,0.8026929052304504,21.0,31000.0,10500.0,7.490096428056237e-05,7.0,11.0,2.67678877192424,0.0002004940601925,0.0256410256410256,True
14,IND400072AAD,Mumbai_Chndivli_PC (Maharashtra),99,55,85.0,54.0,0.5555555555555556,0.7120662868979802,28.0,27500.0,14000.0,0.0005649614404229,3.0,1.0,3.1144078144078144,0.0017595203248922,0.0,True
15,IND501359AAE,Hyderabad_Shamshbd_H (Telangana),328,55,405.0,113.0,0.1676829268292683,0.7120662868979802,0.0,27500.0,0.0,0.0883397291826111,30.0,26.0,2.372165560766802,0.2095564632144561,0.041025641025641,True
16,IND131028AAB,Sonipat_Kundli_H (Haryana),245,51,329.0,72.0,0.20816326530612245,0.6602796478508545,0.0,25500.0,0.0,0.0434767505003903,19.0,18.0,2.155146051447184,0.0936987471706706,0.0344827586206896,True
17,IND462022AAA,Bhopal_Trnsport_H (Madhya Pradesh),121,46,143.0,62.0,0.38016528925619836,0.5955463490419471,13.0,23000.0,6500.0,0.0254728742197988,13.0,9.0,2.4536502295445044,0.0625015236765678,0.0718954248366013,True
18,IND382430AAB,Ahmedabad_East_H_1 (Gujarat),280,43,257.0,105.0,0.15357142857142858,0.5567063697566028,0.0,21500.0,0.0,0.0304160975652777,16.0,12.0,2.389463385203692,0.0726781514530142,0.0434782608695652,True
19,IND421302AAR,Mumbai_East_I_21 (Maharashtra),58,43,63.0,40.0,0.7413793103448276,0.5567063697566028,27.0,21500.0,13500.0,0.0016240431302737,4.0,4.0,2.7972222222222225,0.0045428095338491,0.0,True
20,IND160002AAC,Chandigarh_Mehmdpur_H (Punjab),370,41,431.0,125.0,0.11081081081081082,0.5308130502330399,0.0,20500.0,0.0,0.0497085446972243,30.0,28.0,2.8217698380220506,0.1402660721185986,0.0301974448315911,True
21,IND781018AAB,Guwahati_Hub (Assam),90,40,88.0,49.0,0.4444444444444444,0.5178663904712585,15.0,20000.0,7500.0,0.0427304045691262,14.0,14.0,2.053763922843635,0.0877581633125842,0.0333333333333333,True
22,IND834002AAB,Ranchi_Hub (Jharkhand),80,39,66.0,38.0,0.4875,0.5049197307094769,17.0,19500.0,8500.0,0.0045967376619863,5.0,5.0,3.199783145118668,0.014708563693356,0.1785714285714285,True
23,IND401104AAA,Mumbai_MiraRd_IP (Maharashtra),83,38,185.0,126.0,0.4578313253012048,0.49197307094769555,15.0,19000.0,7500.0,0.0012049544015611,4.0,4.0,5.039124345390331,0.0060719150599918,0.2,True
24,IND500010AAB,Hyderabad_Alwal_L (Telangana),39,34,33.0,27.0,0.8717948717948718,0.4401864319005696,23.0,17000.0,11500.0,0.0,1.0,1.0,2.8375000000000004,0.0,0.0,True
25,IND712310AAE,Kolkata_North_I_4 (West Bengal),50,34,37.0,24.0,0.68,0.4401864319005696,20.0,17000.0,10000.0,1.1096439152675908e-05,3.0,3.0,2.736224580017683,3.036234956022241e-05,0.1333333333333333,True
26,IND400011AAA,LowerParel_CP (Maharashtra),65,33,19.0,19.0,0.5076923076923077,0.42723977213878817,15.0,16500.0,7500.0,0.000798151016196,2.0,2.0,2.6835407239819,0.0021418707558496,0.0,True
27,IND713205AAB,Durgapur_Central_I_1 (West Bengal),45,33,59.0,11.0,0.7333333333333333,0.42723977213878817,21.0,16500.0,10500.0,0.0138650007212685,6.0,10.0,2.0209478995202104,0.0280204440844938,0.0549450549450549,True
28,IND786181AAC,Margherita_CivilHPL_D (Assam),34,33,25.0,15.0,0.9705882352941176,0.42723977213878817,24.0,16500.0,12000.0,0.0019910182251087,3.0,3.0,2.813826854149435,0.0056023805489118,0.1666666666666666,True
29,IND600032AAB,Chennai_Hub (Tamil Nadu),123,32,75.0,31.0,0.2601626016260163,0.4142931123770067,0.0,16000.0,0.0,3.1704111864788306e-06,3.0,4.0,2.41890264877881,7.668916016691613e-06,0.5,True
30,IND121004AAB,FBD_Balabhgarh_DPC (Haryana),167,31,141.0,59.0,0.18562874251497005,0.4013464526152252,0.0,15500.0,0.0,0.0040591810780097,8.0,6.0,2.496549735405157,0.0101339474462668,0.0714285714285714,True
31,IND211002AAB,Allahabad_Central_H_1 (Uttar Pradesh),49,31,51.0,30.0,0.6326530612244898,0.4013464526152252,18.0,15500.0,9000.0,0.0079646673525322,4.0,4.0,11.305727584081804,0.09004635938556,0.0,True
32,IND854326AAB,Purnia_Central_H_2 (Bihar),70,31,62.0,44.0,0.44285714285714284,0.4013464526152252,12.0,15500.0,6000.0,0.018267909256491,6.0,8.0,2.4706023791039224,0.0451327400703412,0.1282051282051282,True
33,IND533106AAA,Rajamundry_AtoNgrRd_I (Andhra Pradesh),51,30,50.0,14.0,0.5882352941176471,0.38839979285344384,16.0,15000.0,8000.0,0.0061768357576439,8.0,8.0,2.001761421895325,0.0123645515290353,0.1555555555555555,True
34,IND000000ACK,Hyderabad_Chikdply_C (Telangana),32,29,0.0,0.0,0.90625,0.3754531330916624,20.0,14500.0,10000.0,0.0,0.0,1.0,0.0,0.0,0.0,True
35,IND249407AAA,Haridwar (Uttarakhand),54,28,49.0,37.0,0.5185185185185185,0.3625064733298809,13.0,14000.0,6500.0,0.0019910182251087,4.0,3.0,3.739343277290635,0.0074451006150233,0.1666666666666666,True
36,IND580028AAA,Hubli_Adargchi_IP (Karnataka),78,27,67.0,24.0,0.34615384615384615,0.3495598135680994,6.0,13500.0,3000.0,0.0133307864363468,8.0,7.0,2.0178052390053844,0.0268989307113226,0.0769230769230769,True
37,IND000000ACA,Ludhiana_MilrGanj_HB (Punjab),128,26,129.0,38.0,0.203125,0.33661315380631796,0.0,13000.0,0.0,0.0073500038837537,12.0,9.0,2.123797531844036,0.0156099201073601,0.1083333333333333,True
38,IND000000AFT,Mumbai_Sanpada_I (Maharashtra),82,26,172.0,74.0,0.3170731707317073,0.33661315380631796,4.0,13000.0,2000.0,0.003594057381272,5.0,7.0,2.449539072039072,0.0088037839825763,0.0476190476190476,True
39,IND380021AAA,AMD_Rakhial (Gujarat),32,26,0.0,0.0,0.8125,0.33661315380631796,17.0,13000.0,8500.0,0.0,0.0,1.0,0.0,0.0,0.0,True
40,IND500039AAC,Hyderabad_Uppal_I (Telangana),36,25,46.0,21.0,0.6944444444444444,0.3236664940445365,15.0,12500.0,7500.0,0.0047722614384472,5.0,4.0,2.293648477958823,0.0109458901847161,0.0476190476190476,True
41,IND811399AAA,Noida_Sector02_C (Uttar Pradesh),50,25,11.0,5.0,0.5,0.3236664940445365,11.0,12500.0,5500.0,0.0002586187439389,1.0,2.0,2.1052631578947367,0.0005444605135556,0.6666666666666666,True
42,IND110044AAB,Del_Okhla_PC (Delhi),172,24,50.0,25.0,0.13953488372093023,0.31071983428275507,0.0,12000.0,0.0,0.0025572668730604,2.0,6.0,2.3493773946360155,0.0060079849836197,0.3928571428571428,True
43,IND431136AAC,Aurangabad_Central_H_1 (Maharashtra),58,24,49.0,27.0,0.41379310344827586,0.31071983428275507,8.0,12000.0,4000.0,0.0055735828658297,5.0,5.0,2.4507074554712256,0.0136592210829757,0.0476190476190476,True
44,IND788026AAC,Silchar_Sirikona_H (Assam),34,24,23.0,23.0,0.7058823529411765,0.31071983428275507,15.0,12000.0,7500.0,0.0047900950013712,4.0,4.0,2.587476068353236,0.0123942561811864,0.1904761904761904,True
45,IND273014AAB,Gorakhpur_Matriprm_IP (Uttar Pradesh),45,23,48.0,43.0,0.5111111111111111,0.29777317452097357,11.0,11500.0,5500.0,0.0059902937861525,5.0,5.0,3.373227981534659,0.0202066266170631,0.0,True
46,IND400102AAC,Mumbai_Jogshwri_I (Maharashtra),32,23,62.0,32.0,0.71875,0.29777317452097357,14.0,11500.0,7000.0,0.0004046237276743,1.0,2.0,2.6333333333333333,0.0010655091495424,0.0,True
47,IND573201AAB,Hassan_Pandrnga_I (Karnataka),45,23,49.0,10.0,0.5111111111111111,0.29777317452097357,11.0,11500.0,5500.0,0.0137916057023015,4.0,5.0,1.8465856558663845,0.025467381261235,0.1428571428571428,True
48,IND306401AAB,Pali_Nayagaon_I (Rajasthan),60,22,34.0,6.0,0.36666666666666664,0.28482651475919213,6.0,11000.0,3000.0,0.0108788696850037,3.0,4.0,1.9975123991771084,0.021730677084827,0.2,True
49,IND400015AAA,Mumbai_CottonGreen_DPC (Maharashtra),37,22,110.0,62.0,0.5945945945945946,0.28482651475919213,12.0,11000.0,6000.0,0.0003951124941149,3.0,2.0,2.641355580693816,0.0010436325913323,0.3333333333333333,True
50,IND600044AAD,Chennai_Chrompet_DPC (Tamil Nadu),47,21,51.0,20.0,0.44680851063829785,0.2718798549974107,8.0,10500.0,4000.0,0.0031902262563943,5.0,5.0,2.5599397154569568,0.0081667868950373,0.2,True
51,IND110064AAA,Delhi_Mayapuri_PC (Delhi),40,20,50.0,3.0,0.5,0.25893319523562924,9.0,10000.0,4500.0,0.0004046237276743,2.0,2.0,1.881104794066728,0.0007611396339213,0.3333333333333333,True
52,IND152026AAA,Muktsar_DPC (Punjab),37,20,35.0,5.0,0.5405405405405406,0.25893319523562924,10.0,10000.0,5000.0,0.0010163149359656,2.0,4.0,1.8042820017642995,0.001833718747087,0.5,True
53,IND751002AAB,Bhubaneshwar_Hub (Orissa),79,20,83.0,14.0,0.25316455696202533,0.25893319523562924,0.0,10000.0,0.0,0.0154987464130295,11.0,6.0,2.0697226331767453,0.0320781062369141,0.1318681318681318,True
54,IND125001AAA,Hisar_ModelTwn_P (Haryana),46,19,27.0,14.0,0.41304347826086957,0.24598653547384777,6.0,9500.0,3000.0,0.0070941682135631,5.0,7.0,1.969294363364258,0.0139705054757277,0.0888888888888888,True
55,IND144001AAB,Jalandhar_DPC (Punjab),57,19,76.0,13.0,0.3333333333333333,0.24598653547384777,3.0,9500.0,1500.0,0.0035829609421193,5.0,5.0,2.009397972746919,0.007199594453526,0.2666666666666666,True
56,IND302014AAA,Jaipur_Hub (Rajasthan),96,19,96.0,20.0,0.19791666666666666,0.24598653547384777,0.0,9500.0,0.0,0.0362616012201956,10.0,7.0,2.0209037864434696,0.0732812072083964,0.0659340659340659,True
57,IND401209AAB,Mumbai_Vasai_CP (Maharashtra),32,19,0.0,0.0,0.59375,0.24598653547384777,10.0,9500.0,5000.0,0.0,0.0,3.0,0.0,0.0,0.3333333333333333,True
58,IND532001AAB,Srikakulam_Kuslpram_I (Andhra Pradesh),63,19,55.0,6.0,0.30158730158730157,0.24598653547384777,2.0,9500.0,1000.0,0.0071556180478827,5.0,4.0,1.8543686971126,0.0132691541164876,0.1428571428571428,True
59,IND530012AAA,Visakhapatnam_Gajuwaka_IP (Andhra Pradesh),71,18,67.0,15.0,0.2535211267605634,0.2330398757120663,0.0,9000.0,0.0,0.0170101410885817,9.0,10.0,2.141685578361612,0.0364303738553119,0.0512820512820512,True
60,IND560002AAA,Bengaluru_KHRoad_I (Karnataka),40,18,70.0,20.0,0.45,0.2330398757120663,7.0,9000.0,3500.0,0.0,3.0,2.0,1.8924825174825173,0.0,1.0,True
61,IND842003AAB,Jabalpur_Adhartal_IP (Madhya Pradesh),37,18,23.0,19.0,0.4864864864864865,0.2330398757120663,8.0,9000.0,4000.0,0.0111352766897102,4.0,8.0,2.413894715608122,0.0268793855581259,0.0606060606060606,True
62,IND395023AAA,Surat_HUB (Gujarat),92,17,81.0,5.0,0.18478260869565216,0.2200932159502848,0.0,8500.0,0.0,0.0116824281708747,7.0,8.0,1.9681964787435928,0.0229933139890907,0.2,True
63,IND786001AAB,Dibrugarh_Bokule_H (Assam),42,17,38.0,27.0,0.40476190476190477,0.2200932159502848,6.0,8500.0,3000.0,0.0118541674262443,6.0,5.0,2.395541063410921,0.0283971448421164,0.0909090909090909,True
64,IND000000ACT,Delhi_Gateway_HB (Delhi),160,16,0.0,0.0,0.1,0.20714655618850336,0.0,8000.0,0.0,0.0,0.0,3.0,0.0,0.0,1.0,True
65,IND110037AAK,Delhi_Kapshera_L (Delhi),43,16,39.0,4.0,0.37209302325581395,0.20714655618850336,4.0,8000.0,2000.0,0.0,1.0,1.0,1.8053306342780029,0.0,0.0,True
66,IND416012AAA,Kolhapur_Shivaji_I (Maharashtra),47,16,45.0,18.0,0.3404255319148936,0.20714655618850336,3.0,8000.0,1500.0,0.0083684324271769,5.0,5.0,3.1927763054273623,0.0267185327670606,0.1111111111111111,True
67,IND560078AAC,BLR_JPNagar_Pc (Karnataka),36,16,69.0,22.0,0.4444444444444444,0.20714655618850336,6.0,8000.0,3000.0,0.0,3.0,2.0,2.1972222222222224,0.0,1.0,True
68,IND742102AAB,Berhampore_Central_I_2 (West Bengal),41,14,53.0,38.0,0.34146341463414637,0.18125323666494045,3.0,7000.0,1500.0,0.0051834901894267,5.0,4.0,2.5696984425377853,0.0133200066666796,0.0,True
69,IND826004AAA,Dhanbad_Kalynpur_I (Jharkhand),37,14,63.0,19.0,0.3783783783783784,0.18125323666494045,4.0,7000.0,2000.0,0.0087940381122174,7.0,5.0,2.1379862924046398,0.0188015329388047,0.0727272727272727,True
70,IND244901AAB,Rampur_RoshnBgh_I (Uttar Pradesh),67,13,64.0,15.0,0.19402985074626866,0.16830657690315898,0.0,6500.0,0.0,0.0126776817319322,9.0,6.0,1.809058978586241,0.0229346739648107,0.0666666666666666,True
71,IND507002AAA,Khammam_NSTRoad_I (Telangana),42,13,49.0,22.0,0.30952380952380953,0.16830657690315898,2.0,6500.0,1000.0,0.0047893023985745,4.0,6.0,2.826684475112776,0.0135378467366711,0.1071428571428571,True
72,IND560064AAD,Bengaluru_Bagaluru_D (Karnataka),41,13,0.0,0.0,0.3170731707317073,0.16830657690315898,2.0,6500.0,1000.0,0.0,0.0,1.0,0.0,0.0,0.0,True
73,IND313001AAB,Udaipur_Mangri_I (Rajasthan),53,12,47.0,7.0,0.22641509433962265,0.15535991714137753,0.0,6000.0,0.0,0.0086826598058968,4.0,5.0,2.0005577308870754,0.0173701621993494,0.1428571428571428,True
74,IND395023AAD,Surat_Central_I_4 (Gujarat),63,12,42.0,38.0,0.19047619047619047,0.15535991714137753,0.0,6000.0,0.0,1.941876851718284e-05,5.0,5.0,5.3767521367521365,0.0001044099051178,0.0,True
75,IND521225AAB,Vijayawada_Rynapadu_H (Andhra Pradesh),71,12,61.0,16.0,0.16901408450704225,0.15535991714137753,0.0,6000.0,0.0,0.0111214061407694,7.0,7.0,2.1085222042701277,0.0234497317905184,0.0909090909090909,True
76,IND560048AAB,Bengaluru_Hoodi_IP (Karnataka),43,12,65.0,23.0,0.27906976744186046,0.15535991714137753,0.0,6000.0,0.0,0.0007902249882298,4.0,2.0,2.2030020382842963,0.0017408672597735,0.5,True
77,IND641062AAD,Coimbatore_Karayam_H (Tamil Nadu),64,12,71.0,28.0,0.1875,0.15535991714137753,0.0,6000.0,0.0,9.550863699267476e-05,7.0,6.0,2.327447161600293,0.0002222913060769,0.0454545454545454,True
78,IND641607AAA,Tirupur_Koliplm_I (Tamil Nadu),35,12,29.0,5.0,0.34285714285714286,0.15535991714137753,2.0,6000.0,1000.0,4.359315381408392e-05,2.0,3.0,1.9693181818181815,8.584879040887208e-05,0.1666666666666666,True
79,IND110043AAA,Delhi_Nangli_IP (Delhi),38,11,31.0,12.0,0.2894736842105263,0.14241325737959606,1.0,5500.0,500.0,0.0007989436189926,2.0,2.0,2.427092628751668,0.0019391101684452,0.0,True
80,IND410206AAB,Mumbai_Panvel_D (Maharashtra),36,11,1.0,1.0,0.3055555555555556,0.14241325737959606,1.0,5500.0,500.0,0.0,1.0,1.0,2.1538461538461537,0.0,0.0,True
81,IND411036AAA,Pune_Mundhawa_L (Maharashtra),33,11,32.0,7.0,0.3333333333333333,0.14241325737959606,2.0,5500.0,1000.0,0.0,1.0,1.0,1.75,0.0,0.0,True
82,IND517501AAB,Tirupati_Balajicly_I (Andhra Pradesh),35,11,33.0,6.0,0.3142857142857143,0.14241325737959606,1.0,5500.0,500.0,9.511233559436491e-06,2.0,2.0,2.185192458758837,2.0783875847574592e-05,0.0,True
83,IND305001AAC,Ajmer_FoySGRRD_I (Rajasthan),45,10,67.0,44.0,0.2222222222222222,0.12946659761781462,0.0,5000.0,0.0,0.0099118942731277,4.0,4.0,2.4414500571517013,0.0241993948396093,0.0952380952380952,True
84,IND422011AAD,Nashik_TgrniaRD_I (Maharashtra),35,10,39.0,4.0,0.2857142857142857,0.12946659761781462,0.0,5000.0,0.0,0.0047746392468371,2.0,3.0,2.0915038569677744,0.0099861764003895,0.0,True
85,IND560043AAC,HBR Layout PC (Karnataka),77,10,133.0,23.0,0.12987012987012986,0.12946659761781462,0.0,5000.0,0.0,0.0007993399203909,4.0,3.0,1.8132856973434537,0.0014494316449606,0.3,True
86,IND560058AAD,Bengaluru_Peenya_L (Karnataka),36,10,60.0,15.0,0.2777777777777778,0.12946659761781462,0.0,5000.0,0.0,0.0,2.0,1.0,1.9798992673992677,0.0,1.0,True
87,IND515004AAA,Anantapur_KamaStrt_I (Andhra Pradesh),59,9,58.0,1.0,0.15254237288135594,0.11651993785603315,0.0,4500.0,0.0,0.0095191595874026,4.0,4.0,1.76555919472138,0.0168066397355589,0.0666666666666666,True
88,IND412105AAC,Pune_North_D_3 (Maharashtra),33,8,2.0,1.0,0.24242424242424243,0.10357327809425168,0.0,4000.0,0.0,0.0,1.0,1.0,2.1538461538461537,0.0,0.0,True
89,IND413002AAA,Solapur_Central_I_2 (Maharashtra),58,8,51.0,6.0,0.13793103448275862,0.10357327809425168,0.0,4000.0,0.0,0.0032502229855867,5.0,4.0,2.0214296790211823,0.0065700972065019,0.2666666666666666,True
90,IND424006AAA,Dhule_MIDCAvdn_I (Maharashtra),38,8,27.0,24.0,0.21052631578947367,0.10357327809425168,0.0,4000.0,0.0,0.0032134098881954,5.0,9.0,5.972404116208994,0.0191917824433251,0.0909090909090909,True
91,IND505001AAB,Karimnagar_KamnHbRD_I (Telangana),30,8,47.0,14.0,0.26666666666666666,0.10357327809425168,0.0,4000.0,0.0,0.0083589872438505,8.0,7.0,1.95831348214988,0.0163695174167514,0.0888888888888888,True
92,IND577002AAA,Davangere_Central_I_1 (Karnataka),31,8,29.0,4.0,0.25806451612903225,0.10357327809425168,0.0,4000.0,0.0,0.0031799224200382,4.0,3.0,1.8954214524052868,0.006027293171925,0.2666666666666666,True
93,IND632006AAA,Vellore_GndhiNgr_IP (Tamil Nadu),44,8,35.0,8.0,0.18181818181818182,0.10357327809425168,0.0,4000.0,0.0,0.0032289316929625,3.0,5.0,1.8872656755009696,0.0060938519526655,0.238095238095238,True
94,IND263153AAB,Rudrapur_UdhamNgr_H (Uttarakhand),56,7,48.0,9.0,0.125,0.09062661833247022,0.0,3500.0,0.0,0.0071484846227131,6.0,5.0,1.847610377899657,0.0132076143751809,0.0555555555555555,True
95,IND332001AAB,Sikar_FatehpRd_I (Rajasthan),34,7,20.0,4.0,0.20588235294117646,0.09062661833247022,0.0,3500.0,0.0,0.006418101145628,3.0,6.0,1.7612745783477493,0.0113040383890593,0.0833333333333333,True
96,IND474003AAA,Gwalior_HrihrNgr_I (Madhya Pradesh),40,7,43.0,18.0,0.175,0.09062661833247022,0.0,3500.0,0.0,0.0074546274529075,8.0,6.0,2.1103519804051336,0.0157318878084258,0.0909090909090909,True
97,IND503111AAC,Kamareddy_Devenply_I (Telangana),34,7,10.0,0.0,0.20588235294117646,0.09062661833247022,0.0,3500.0,0.0,0.003982829053014,3.0,3.0,1.8642346813078523,0.0074249280503492,0.1666666666666666,True
98,IND821115AAB,Sasaram_Central_I_2 (Bihar),32,7,48.0,14.0,0.21875,0.09062661833247022,0.0,3500.0,0.0,0.0063661856624494,4.0,5.0,7.540003861649053,0.048001064478844,0.0952380952380952,True
99,IND683511AAA,Aluva_Peedika_H (Kerala),86,6,89.0,13.0,0.06976744186046512,0.07767995857068877,0.0,3000.0,0.0,0.0189154657413293,11.0,7.0,1.9517761105622284,0.0369187541540848,0.0333333333333333,True
100,IND201301AAF,Noida_Sec 02_DPC (Uttar Pradesh),32,5,88.0,38.0,0.15625,0.06473329880890731,0.0,2500.0,0.0,0.0008163808805182,8.0,2.0,2.177628014346765,0.0017777738757937,0.1388888888888889,True
101,IND362001AAA,Junagadh_DPC (Gujarat),37,5,36.0,6.0,0.13513513513513514,0.06473329880890731,0.0,2500.0,0.0,4.3989455212393776e-05,3.0,4.0,1.8752338692637205,8.249051630474031e-05,0.0,True
102,IND560083AAB,Bengaluru_Bnnrghta_L (Karnataka),32,5,51.0,7.0,0.15625,0.06473329880890731,0.0,2500.0,0.0,3.963013983098538e-07,2.0,2.0,1.846153846153846,7.316333507258839e-07,0.6666666666666666,True
103,IND122004AAA,Gurgaon_Begumpur_CP (Haryana),44,4,0.0,0.0,0.09090909090909091,0.05178663904712584,0.0,2000.0,0.0,0.0,0.0,2.0,0.0,0.0,0.0,True
104,IND403726AAA,Goa_Hub (Goa),43,4,43.0,9.0,0.09302325581395349,0.05178663904712584,0.0,2000.0,0.0,0.0071450872817974,4.0,6.0,2.060788626651368,0.0147245146067594,0.1111111111111111,True
105,IND518002AAA,Kurnool_AbbasNgr_I (Andhra Pradesh),74,4,66.0,6.0,0.05405405405405406,0.05178663904712584,0.0,2000.0,0.0,0.0099372575626195,9.0,7.0,1.90178038955604,0.0188984815585573,0.0909090909090909,True
106,IND560058AAB,Bengaluru_Peenya_IP (Karnataka),80,4,95.0,8.0,0.05,0.05178663904712584,0.0,2000.0,0.0,1.0568037288262768e-06,3.0,3.0,1.6101055806938165,1.7015655814812226e-06,0.8333333333333334,True
107,IND140301AAA,Chandigarh_Kharar_DC (Chandigarh),40,3,21.0,2.0,0.075,0.038839979285344384,0.0,1500.0,0.0,0.0008080585511537,1.0,2.0,1.4468085106382975,0.0011691059889033,0.3333333333333333,True
108,IND282002AAD,,30,3,30.0,15.0,0.1,0.038839979285344384,0.0,1500.0,0.0,0.0033284201710215,4.0,4.0,1.9392091648189207,0.0064545029000131,0.2857142857142857,True
109,IND390022AAA,Vadodara_Karelibaug_DPC (Gujarat),50,3,28.0,5.0,0.06,0.038839979285344384,0.0,1500.0,0.0,0.0044821444392031,5.0,4.0,1.9855571854162608,0.0088995540973334,0.2666666666666666,True
110,IND523002AAA,Ongole_SubhVRTL_I (Andhra Pradesh),39,3,35.0,4.0,0.07692307692307693,0.038839979285344384,0.0,1500.0,0.0,0.0062989937039408,3.0,5.0,1.6072334265506811,0.0101239532346059,0.1428571428571428,True
111,IND131021AAA,Sonipat_AmzonDev_V (Haryana),53,2,0.0,0.0,0.03773584905660377,0.02589331952356292,0.0,1000.0,0.0,0.0,0.0,1.0,0.0,0.0,0.0,True
112,IND140901AAA,Chandigarh_Mullanpr_DC (Chandigarh),40,2,40.0,5.0,0.05,0.02589331952356292,0.0,1000.0,0.0,0.0003939235899199,2.0,2.0,1.8967515197568388,0.0007471751678488,0.6666666666666666,True
113,IND142001AAB,Moga_DPC (Punjab),30,2,27.0,0.0,0.06666666666666667,0.02589331952356292,0.0,1000.0,0.0,0.0006045577831216,2.0,2.0,1.7875677966101695,0.0010806880242983,0.8333333333333334,True
114,IND384205AAA,Mehsana_Panchot_IP (Gujarat),50,2,52.0,7.0,0.04,0.02589331952356292,0.0,1000.0,0.0,0.008349277859592,5.0,5.0,1.716632279550233,0.0143326398847097,0.0833333333333333,True
115,IND506002AAA,Warangal_HunterRd_I (Telangana),39,2,48.0,27.0,0.05128205128205128,0.02589331952356292,0.0,1000.0,0.0,0.0067791317194883,3.0,3.0,2.770691723310676,0.0187828841464192,0.0,True
116,IND560060AAB,Bengaluru_Kengeri_IP (Karnataka),34,2,99.0,5.0,0.058823529411764705,0.02589331952356292,0.0,1000.0,0.0,0.0,3.0,2.0,1.4004877813194243,0.0,1.0,True
117,IND627005AAA,Tirunelveli_VdkkuSrt_I (Tamil Nadu),39,2,38.0,6.0,0.05128205128205128,0.02589331952356292,0.0,1000.0,0.0,1.7040960127323715e-05,3.0,4.0,2.001855578983238,3.41135411021139e-05,0.0952380952380952,True
118,IND151001AAA,Bhatinda_DPC (Punjab),44,1,48.0,6.0,0.022727272727272728,0.01294665976178146,0.0,500.0,0.0,0.0037872543129481,5.0,4.0,1.6182206651281663,0.0061286131933084,0.1071428571428571,True
119,IND585104AAA,Gulbarga_Nehrugnj_I (Karnataka),60,1,61.0,34.0,0.016666666666666666,0.01294665976178146,0.0,500.0,0.0,0.0063828303211785,5.0,5.0,3.1026235580340056,0.0198035197214221,0.0,True
120,IND691001AAB,Kollam_Central_H_1 (Kerala),32,0,32.0,11.0,0.0,0.0,0.0,0.0,0.0,0.00556882724905,2.0,4.0,1.9050832208726944,0.0106090793521039,0.0,True
0,IND462001AAA,Bhopal_Old City (Madhya Pradesh),28,28,4.0,2.0,1.0,0.3625064733298809,20.0,14000.0,10000.0,0.0003951124941149,2.0,1.0,2.1538461538461537,0.0008510115257859,0.0,False
0,IND380006AAB,Ahmedabad_Mithakal_D (Gujarat),27,27,0.0,0.0,1.0,0.3495598135680994,20.0,13500.0,10000.0,0.0,0.0,1.0,0.0,0.0,0.0,False
0,IND712124AAA,Hooghly_DC (West Bengal),28,25,31.0,26.0,0.8928571428571429,0.3236664940445365,17.0,12500.0,8500.0,1.5852055932394153e-06,1.0,1.0,3.684210526315789,5.840231132987318e-06,1.0,False
0,IND700136AAG,Kolkata_Narynpur_C (West Bengal),23,22,0.0,0.0,0.9565217391304348,0.28482651475919213,16.0,11000.0,8000.0,0.0,0.0,1.0,0.0,0.0,0.0,False
0,IND401209AAA,Mumbai_Virar_DC (Maharashtra),23,21,1.0,1.0,0.9130434782608695,0.2718798549974107,15.0,10500.0,7500.0,0.0,1.0,1.0,2.1538461538461537,0.0,0.0,False
0,IND847226AAA,Jaynagar_Wardno6_D (Bihar),21,21,21.0,3.0,1.0,0.2718798549974107,15.0,10500.0,7500.0,0.0003947161927166,1.0,1.0,1.7817460317460316,0.0007032840100387,1.0,False
0,IND845305AAA,Raxaul_KairiyaT_D (Bihar),20,19,22.0,19.0,0.95,0.24598653547384777,14.0,9500.0,7000.0,0.0007890360840349,1.0,1.0,2.571428571428572,0.0020289499303755,1.0,False
0,IND845401AAA,Motihari_RajaBzr_D (Bihar),22,19,19.0,4.0,0.8636363636363636,0.24598653547384777,13.0,9500.0,6500.0,0.0007985473175943,2.0,1.0,1.8955305083353864,0.0015136708028494,0.6666666666666666,False
0,IND852139AAB,Triveninganj_Central_D_1 (Bihar),21,19,20.0,15.0,0.9047619047619048,0.24598653547384777,13.0,9500.0,6500.0,0.0011817707697599,2.0,1.0,2.4904379157427936,0.0029431267327268,0.6666666666666666,False
0,IND852201AAA,Saharsa_Gangjala_D (Bihar),19,19,15.0,13.0,1.0,0.24598653547384777,14.0,9500.0,7000.0,7.926027966197076e-07,3.0,2.0,2.2423010593742303,1.777254090523348e-06,0.6666666666666666,False
0,IND262802AAA,Gola_BkgnRoad_D (Uttar Pradesh),21,18,20.0,4.0,0.8571428571428571,0.2330398757120663,12.0,9000.0,6000.0,1.1889041949295614e-06,1.0,1.0,2.145833333333333,2.5511902516196835e-06,0.0,False
0,IND396191AAC,Vapi_IndEstat_I (Gujarat),29,18,27.0,18.0,0.6206896551724138,0.2330398757120663,10.0,9000.0,5000.0,0.0015970946351887,3.0,4.0,2.639455690508322,0.0042154605231291,0.1666666666666666,False
0,IND400015AAB,Mumbai_CotnGren_M (Maharashtra),29,18,32.0,12.0,0.6206896551724138,0.2330398757120663,10.0,9000.0,5000.0,0.0,1.0,2.0,2.270665322580645,0.0,1.0,False
0,IND400064AAB,Mumbai_MaladWest_CP (Maharashtra),21,18,0.0,0.0,0.8571428571428571,0.2330398757120663,12.0,9000.0,6000.0,0.0,0.0,2.0,0.0,0.0,0.0,False
0,IND411014AAA,PNQ Vadgaon Sheri DPC (Maharashtra),28,18,48.0,27.0,0.6428571428571429,0.2330398757120663,10.0,9000.0,5000.0,0.0015970946351887,3.0,3.0,2.3287545787545785,0.0037192414444,0.0,False
0,IND500008AAF,Hyderabad_South_D_4 (Telangana),19,18,0.0,0.0,0.9473684210526315,0.2330398757120663,13.0,9000.0,6500.0,0.0,0.0,1.0,0.0,0.0,0.0,False
0,IND712103AAA,Hoogly_Bandel_D (West Bengal),24,18,26.0,23.0,0.75,0.2330398757120663,11.0,9000.0,5500.0,2.774109788168977e-06,1.0,1.0,2.844444444444444,7.8908011752362e-06,1.0,False
0,IND742121AAA,Nowda_AmtlaDPP_D (West Bengal),18,18,16.0,13.0,1.0,0.2330398757120663,13.0,9000.0,6500.0,1.1889041949295614e-06,1.0,2.0,3.4615384615384617,4.115437597833097e-06,0.3333333333333333,False
0,IND812002AAA,Bhagalpur_Pbroad_DC (Bihar),18,18,17.0,2.0,1.0,0.2330398757120663,13.0,9000.0,6500.0,0.0,1.0,1.0,2.15,0.0,1.0,False
0,IND832109AAB,Jamshedpur_Central_I_3 (Jharkhand),22,18,14.0,7.0,0.8181818181818182,0.2330398757120663,12.0,9000.0,6000.0,0.0,1.0,1.0,2.4022988505747125,0.0,0.0,False
0,IND847404AAB,Jhanjharpur_Nagar_D (Bihar),18,18,20.0,7.0,1.0,0.2330398757120663,13.0,9000.0,6500.0,0.0007890360840349,1.0,1.0,2.0,0.0015780721680698,0.0,False
0,IND852111AAA,Simrahi_Bazar_D (Bihar),19,18,12.0,6.0,0.9473684210526315,0.2330398757120663,13.0,9000.0,6500.0,0.0004050200290726,2.0,3.0,2.094604582409461,0.0008483568088632,0.5,False
0,IND201301AAM,Noida_Sector63_L (Uttar Pradesh),27,17,39.0,21.0,0.6296296296296297,0.2200932159502848,10.0,8500.0,5000.0,0.0,1.0,1.0,2.625,0.0,0.0,False
0,IND203390AAA,Anupshahar_DcntCLY_D (Uttar Pradesh),20,17,19.0,0.0,0.85,0.2200932159502848,12.0,8500.0,6000.0,4.755616779718246e-06,2.0,1.0,1.64909176189664,7.842448454170787e-06,0.3333333333333333,False
0,IND261201AAB,Biswan_PatelNGR_D (Uttar Pradesh),19,17,0.0,0.0,0.8947368421052632,0.2200932159502848,12.0,8500.0,6000.0,0.0,0.0,1.0,0.0,0.0,0.0,False
0,IND400072AAC,BOM_Sakinaka_RP (Maharashtra),17,17,0.0,0.0,1.0,0.2200932159502848,12.0,8500.0,6000.0,0.0,0.0,1.0,0.0,0.0,0.0,False
0,IND401602AAA,Dahanu_KetyDPP_D (Maharashtra),17,17,17.0,3.0,1.0,0.2200932159502848,12.0,8500.0,6000.0,0.0,1.0,1.0,2.12,0.0,0.0,False
0,IND562114AAA,Hoskote_DC (Karnataka),17,17,20.0,12.0,1.0,0.2200932159502848,12.0,8500.0,6000.0,0.0003955087955132,1.0,2.0,2.7777777777777777,0.0010986355430923,0.0,False
0,IND570020AAA,Mysore_Yadvgiri_IP (Karnataka),24,17,29.0,19.0,0.7083333333333334,0.2200932159502848,10.0,8500.0,5000.0,0.0028517848622377,3.0,3.0,3.5723177476118653,0.0101874816757426,0.0666666666666666,False
0,IND582101AAB,Gadag_Cdosclrd_D (Karnataka),18,17,18.0,1.0,0.9444444444444444,0.2200932159502848,12.0,8500.0,6000.0,0.0011829596739549,2.0,1.0,2.025160137965016,0.0023956827765135,0.3333333333333333,False
0,IND583101AAA,Bellary_Dc (Karnataka),28,17,21.0,10.0,0.6071428571428571,0.2200932159502848,9.0,8500.0,4500.0,0.0039923402865734,3.0,2.0,2.5537746408267665,0.0101955373814023,0.1666666666666666,False
0,IND700065AAA,CCU_Beliaghata_DPC (West Bengal),26,17,31.0,24.0,0.6538461538461539,0.2200932159502848,10.0,8500.0,5000.0,0.0,2.0,1.0,2.815559440559441,0.0,1.0,False
0,IND742101AAC,Baharampur_Chuanpur_I (West Bengal),26,17,34.0,24.0,0.6538461538461539,0.2200932159502848,10.0,8500.0,5000.0,0.0094523167515543,6.0,6.0,2.7720325700549195,0.0262021298977843,0.0545454545454545,False
0,IND742401AAA,Ghanashyampur_NditaDPP_D (West Bengal),17,17,6.0,2.0,1.0,0.2200932159502848,12.0,8500.0,6000.0,0.0015764869624765,1.0,2.0,2.1538461538461537,0.0033955103807188,0.0,False
0,IND851127AAA,Manjhaul_Purbari_D (Bihar),20,17,16.0,6.0,0.85,0.2200932159502848,12.0,8500.0,6000.0,0.0011928672089126,1.0,2.0,1.8461538461538465,0.0022022163856849,0.0,False
0,IND175018AAA,SundarNgr_Bhogpur_D (Himachal Pradesh),16,16,15.0,14.0,1.0,0.20714655618850336,12.0,8000.0,6000.0,0.0023837529108337,1.0,1.0,2.566951566951567,0.0061189782696901,0.0,False
0,IND224141AAB,Gosainganj_Pakrela_D (Uttar Pradesh),17,16,13.0,12.0,0.9411764705882353,0.20714655618850336,11.0,8000.0,5500.0,3.963013983098538e-07,1.0,1.0,3.037962962962963,1.2039489702357689e-06,0.0,False
0,IND274301AAB,Kaptanganj_Subshngr_D (Uttar Pradesh),16,16,15.0,8.0,1.0,0.20714655618850336,12.0,8000.0,6000.0,0.0011984154284889,3.0,1.0,2.077119835369477,0.0024892524575273,0.3333333333333333,False
0,IND395009AAA,Surat_Central_D_12 (Gujarat),16,16,4.0,3.0,1.0,0.20714655618850336,12.0,8000.0,6000.0,0.0,1.0,1.0,2.1538461538461537,0.0,0.0,False
0,IND421502AAA,Mumbai_Ambernath_Dc (Maharashtra),17,16,0.0,0.0,0.9411764705882353,0.20714655618850336,11.0,8000.0,5500.0,0.0,0.0,1.0,0.0,0.0,0.0,False
0,IND431001AAB,Aurangabad_Pratpngr_D (Maharashtra),18,16,0.0,0.0,0.8888888888888888,0.20714655618850336,11.0,8000.0,5500.0,0.0,0.0,1.0,0.0,0.0,0.0,False
0,IND462042AAA,Bhopal_Kolar Mandakni (Madhya Pradesh),17,16,2.0,2.0,0.9411764705882353,0.20714655618850336,11.0,8000.0,5500.0,0.0,1.0,1.0,2.1538461538461537,0.0,0.0,False
0,IND585307AAB,Chincholi_Mainroad_D (Karnataka),21,16,22.0,0.0,0.7619047619047619,0.20714655618850336,10.0,8000.0,5000.0,0.000399075508098,2.0,2.0,1.8471933471933475,0.0007371696235864,0.0,False
0,IND742148AAA,Lalgola_KrsprDPP_D (West Bengal),16,16,14.0,9.0,1.0,0.20714655618850336,12.0,8000.0,6000.0,0.0,1.0,1.0,2.833333333333333,0.0,1.0,False
0,IND742225AAA,Ragunthgnj_GopalDPP_D (West Bengal),16,16,17.0,17.0,1.0,0.20714655618850336,12.0,8000.0,6000.0,0.0007926027966197,2.0,1.0,3.2019230769230766,0.0025378531853304,0.3333333333333333,False
0,IND742303AAB,Domkal_Central_D_2 (West Bengal),18,16,19.0,3.0,0.8888888888888888,0.20714655618850336,11.0,8000.0,5500.0,0.0012114933746332,2.0,1.0,2.321428571428571,0.0028123953339699,0.0,False
0,IND785690AAB,Sonari_Central_DPP_1 (Assam),16,16,2.0,2.0,1.0,0.20714655618850336,12.0,8000.0,6000.0,0.0,1.0,1.0,2.1538461538461537,0.0,0.0,False
0,IND134102AAA,Kalka_Pinjore_DC (Haryana),16,15,3.0,3.0,0.9375,0.19419989642672192,11.0,7500.0,5500.0,3.302511652582115e-07,2.0,1.0,1.9392091648189207,6.404260863608518e-07,0.0,False
0,IND249201AAA,Rishikesh_DC (Uttarakhand),21,15,22.0,1.0,0.7142857142857143,0.19419989642672192,9.0,7500.0,4500.0,0.0,1.0,1.0,2.0384615384615383,0.0,0.0,False
0,IND396232AAA,Silvassa_Samrvrni_D (Dadra and Nagar Haveli),15,15,17.0,9.0,1.0,0.19419989642672192,11.0,7500.0,5500.0,0.0,1.0,1.0,2.5,0.0,0.0,False
0,IND401104AAB,Mumbai_MiraRoad_M (Maharashtra),28,15,11.0,3.0,0.5357142857142857,0.19419989642672192,7.0,7500.0,3500.0,0.0,1.0,2.0,2.1538461538461537,0.0,1.0,False
0,IND421301AAA,Mumbai_Kalyan West _Dc (Maharashtra),15,15,17.0,17.0,1.0,0.19419989642672192,11.0,7500.0,5500.0,0.0,1.0,1.0,4.331818181818182,0.0,0.0,False
0,IND700065AAB,CCU_Beleghta_CP (West Bengal),15,15,0.0,0.0,1.0,0.19419989642672192,11.0,7500.0,5500.0,0.0,0.0,1.0,0.0,0.0,0.0,False
0,IND731237AAB,Morgram_Kntgorya_D (West Bengal),15,15,18.0,13.0,1.0,0.19419989642672192,11.0,7500.0,5500.0,0.0016145318967143,2.0,1.0,2.799425287356322,0.0045197614189055,0.0,False
0,IND847223AAA,Benipatti_WardNo1_D (Bihar),15,15,8.0,4.0,1.0,0.19419989642672192,11.0,7500.0,5500.0,0.0011829596739549,1.0,1.0,2.15,0.002543363299003,1.0,False
0,IND852113AAA,Madhepura_Krishnpr_D (Bihar),20,15,18.0,18.0,0.75,0.19419989642672192,10.0,7500.0,5000.0,0.0003988773573988,2.0,2.0,2.7269575235859307,0.0010877216107469,0.6666666666666666,False
0,IND174001AAA,BilaspurHP_Indsarea_D (Himachal Pradesh),15,14,29.0,15.0,0.9333333333333333,0.18125323666494045,10.0,7000.0,5000.0,0.0023932641443932,2.0,1.0,4.653161681181371,0.0111362450096357,0.0,False
0,IND202001AAB,Aligarh_KhirByps_I (Uttar Pradesh),21,14,35.0,7.0,0.6666666666666666,0.18125323666494045,8.0,7000.0,4000.0,0.0031710320586694,4.0,4.0,2.6926692644540138,0.0085385405609776,0.2666666666666666,False
0,IND221313AAA,Varanasi_Central_H_4 (Uttar Pradesh),14,14,6.0,1.0,1.0,0.18125323666494045,10.0,7000.0,5000.0,0.0,1.0,0.0,1.9392091648189207,0.0,0.0,False
0,IND246149AAA,Kotdwara_Nzbadrd_D (Uttarakhand),15,14,18.0,10.0,0.9333333333333333,0.18125323666494045,10.0,7000.0,5000.0,0.0,1.0,1.0,2.3859649122807016,0.0,0.0,False
0,IND273304AAA,Nichlaul_Wardno13_D (Uttar Pradesh),14,14,3.0,3.0,1.0,0.18125323666494045,10.0,7000.0,5000.0,0.0007993399203909,1.0,1.0,2.1538461538461537,0.0017216552131497,0.0,False
0,IND395001AAA,Surat_Central_D_9 (Gujarat),14,14,8.0,3.0,1.0,0.18125323666494045,10.0,7000.0,5000.0,0.0,1.0,1.0,2.538461538461538,0.0,0.0,False
0,IND425405AAA,Shirpur_KrantiNgr_D (Maharashtra),15,14,7.0,0.0,0.9333333333333333,0.18125323666494045,10.0,7000.0,5000.0,0.0002013211103414,2.0,2.0,1.9392091648189207,0.0003904037422455,0.6666666666666666,False
0,IND431515AAA,Parli_JirgeNgr_D (Maharashtra),14,14,16.0,3.0,1.0,0.18125323666494045,10.0,7000.0,5000.0,0.0031521813221565,1.0,1.0,2.0454545454545454,0.006447643613502,0.0,False
0,IND506314AAA,Rayaparthi_Perkadrd_D (Telangana),16,14,12.0,0.0,0.875,0.18125323666494045,10.0,7000.0,5000.0,0.0011829596739549,1.0,1.0,1.357754890081357,0.0016061692820813,0.0,False
0,IND713128AAB,Guskhara_Itachnda_D (West Bengal),16,14,17.0,14.0,0.875,0.18125323666494045,10.0,7000.0,5000.0,0.0012019821410737,1.0,2.0,2.7043650793650795,0.0032505985283404,0.3333333333333333,False
0,IND713148AAA,Panagarh_Central_D_1 (West Bengal),17,14,3.0,3.0,0.8235294117647058,0.18125323666494045,9.0,7000.0,4500.0,0.0012114933746332,1.0,1.0,1.9392091648189207,0.0023493390552061,0.0,False
0,IND742121AAB,Nowda_ArhamDPP_D (West Bengal),17,14,16.0,1.0,0.8235294117647058,0.18125323666494045,9.0,7000.0,4500.0,0.0011924709075143,1.0,2.0,1.4285714285714286,0.0017035298678776,0.3333333333333333,False
0,IND802101AAA,Buxar_Sarswati_D (Bihar),15,14,6.0,3.0,0.9333333333333333,0.18125323666494045,10.0,7000.0,5000.0,0.0008080585511537,1.0,2.0,2.215675675675676,0.0017903956763131,0.6666666666666666,False
0,IND844505AAB,HazratJandaha_HajiprRD_D (Bihar),14,14,16.0,14.0,1.0,0.18125323666494045,10.0,7000.0,5000.0,0.0007890360840349,1.0,1.0,4.222222222222222,0.0033314856881474,1.0,False
0,IND848101AAA,Samastipur_Haripur_D (Bihar),16,14,21.0,7.0,0.875,0.18125323666494045,10.0,7000.0,5000.0,0.0007985473175943,2.0,1.0,1.9571045824094608,0.0015628406145346,0.6666666666666666,False
0,IND134109AAA,Chandigarh_Panchkula (Chandigarh),15,13,0.0,0.0,0.8666666666666667,0.16830657690315898,9.0,6500.0,4500.0,0.0,0.0,1.0,0.0,0.0,0.0,False
0,IND175015AAA,JognderNgr_Dhelu_D (Himachal Pradesh),13,13,11.0,1.0,1.0,0.16830657690315898,9.0,6500.0,4500.0,0.0007910175910264,1.0,1.0,2.021505376344086,0.0015990463130427,0.0,False
0,IND176310AAA,Chamba_Bangotu_D (Himachal Pradesh),13,13,10.0,1.0,1.0,0.16830657690315898,9.0,6500.0,4500.0,1.1889041949295614e-06,1.0,1.0,1.335704291044776,1.58802443480855e-06,1.0,False
0,IND208012AAA,Kanpur_Central_D_7 (Uttar Pradesh),13,13,21.0,0.0,1.0,0.16830657690315898,9.0,6500.0,4500.0,0.0,1.0,1.0,2.0,0.0,0.0,False
0,IND211011AAA,Allahabad_Central_D_5 (Uttar Pradesh),13,13,13.0,13.0,1.0,0.16830657690315898,9.0,6500.0,4500.0,0.0008080585511537,1.0,1.0,4.714285714285714,0.0038094188840107,0.0,False
0,IND212402AAA,Phulpur_Shekhpur_D (Uttar Pradesh),13,13,13.0,0.0,1.0,0.16830657690315898,9.0,6500.0,4500.0,0.0007890360840349,1.0,1.0,1.72,0.00135714206454,0.0,False
0,IND261001AAA,Sitapur_Chowk_D (Uttar Pradesh),20,13,19.0,17.0,0.65,0.16830657690315898,8.0,6500.0,4000.0,1.1889041949295614e-06,1.0,1.0,2.636363636363636,3.1343837866324798e-06,0.0,False
0,IND302020AAA,Jaipur_VarunCly_DC (Rajasthan),19,13,18.0,5.0,0.6842105263157895,0.16830657690315898,8.0,6500.0,4000.0,0.0,1.0,1.0,2.083333333333333,0.0,0.0,False
0,IND382421AAA,Gandhinagar_DC (Gujarat),29,13,6.0,5.0,0.4482758620689655,0.16830657690315898,5.0,6500.0,2500.0,0.0,1.0,2.0,2.1538461538461537,0.0,1.0,False
0,IND515401AAB,Gooty_StatonRd_D (Andhra Pradesh),18,13,17.0,1.0,0.7222222222222222,0.16830657690315898,8.0,6500.0,4000.0,0.0012114933746332,1.0,1.0,1.775,0.0021504007399739,0.0,False
0,IND585314AAA,Aland_RazaviRd_D (Karnataka),19,13,20.0,2.0,0.6842105263157895,0.16830657690315898,8.0,6500.0,4000.0,0.000399075508098,2.0,2.0,1.994448850118953,0.0007959356882367,0.0,False
0,IND721102AAA,Midnapore_Talkui_D (West Bengal),13,13,5.0,2.0,1.0,0.16830657690315898,9.0,6500.0,4500.0,0.0023587859227402,1.0,1.0,1.9392091648189207,0.0045741792792237,1.0,False
0,IND741156AAA,Plassey_BtaiRoad_D (West Bengal),21,13,20.0,8.0,0.6190476190476191,0.16830657690315898,7.0,6500.0,3500.0,0.0011829596739549,1.0,2.0,2.588235294117647,0.003061777979648,0.0,False
0,IND843301AAA,Sitamari_Durma_D (Bihar),20,13,19.0,17.0,0.65,0.16830657690315898,8.0,6500.0,4000.0,0.0003947161927166,2.0,1.0,3.3970251716247137,0.0013408608423062,0.6666666666666666,False
0,IND121102AAA,Palwal (Haryana),12,12,41.0,6.0,1.0,0.15535991714137753,9.0,6000.0,4500.0,0.0,1.0,1.0,1.9342672413793107,0.0,0.0,False
0,IND224001AAA,Faizabad_TrnspNgr_D (Uttar Pradesh),13,12,0.0,0.0,0.9230769230769231,0.15535991714137753,8.0,6000.0,4000.0,0.0,0.0,1.0,0.0,0.0,0.0,False
0,IND271210AAA,Tulsipur_Central_DPP_1 (Uttar Pradesh),12,12,7.0,2.0,1.0,0.15535991714137753,9.0,6000.0,4500.0,3.963013983098538e-07,2.0,1.0,2.26025641025641,8.95742775923426e-07,1.0,False
0,IND342301AAA,Phalodi_PalikDPP_D (Rajasthan),14,12,16.0,1.0,0.8571428571428571,0.15535991714137753,8.0,6000.0,4000.0,0.0015764869624765,4.0,1.0,1.8248778881069443,0.0028768961987124,0.5,False
0,IND425508AAB,Raver_Truptingr_D (Maharashtra),16,12,11.0,0.0,0.75,0.15535991714137753,8.0,6000.0,4000.0,5.1519181780281e-06,1.0,1.0,2.1538461538461537,1.1096439152675906e-05,0.0,False
0,IND431517AAB,Ambajogai_BnsllNgr_D (Maharashtra),12,12,14.0,14.0,1.0,0.15535991714137753,9.0,6000.0,4500.0,0.0031426700885971,1.0,1.0,2.933333333333333,0.0092184989265516,0.0,False
0,IND500050AAA,Patancheru_Ameenpur_I (Telangana),26,12,20.0,1.0,0.46153846153846156,0.15535991714137753,5.0,6000.0,2500.0,0.0011940561131075,2.0,2.0,1.9418424317617864,0.0023186688263368,0.0,False
0,IND505122AAA,Jammikunta_ConduDPP_D (Telangana),16,12,15.0,1.0,0.75,0.15535991714137753,8.0,6000.0,4000.0,0.0007910175910264,2.0,1.0,1.7848219737138082,0.0014118255780582,0.3333333333333333,False
0,IND560067AAC,Bengaluru_Kadugodi_D (Karnataka),20,12,8.0,8.0,0.6,0.15535991714137753,7.0,6000.0,3500.0,0.0,1.0,1.0,3.444444444444445,0.0,0.0,False
0,IND585401AAA,Bidar (Karnataka),22,12,21.0,1.0,0.5454545454545454,0.15535991714137753,6.0,6000.0,3000.0,0.0039400285019965,1.0,1.0,1.8823529411764703,0.0074165242390523,0.0,False
0,IND603203AAA,Chennai_Potheri (Tamil Nadu),14,12,3.0,2.0,0.8571428571428571,0.15535991714137753,8.0,6000.0,4000.0,0.0,1.0,2.0,2.1538461538461537,0.0,1.0,False
0,IND688009AAA,Alappuzha_Pazhvedu_D (Kerala),16,12,15.0,0.0,0.75,0.15535991714137753,8.0,6000.0,4000.0,4.755616779718246e-06,1.0,1.0,1.21875,5.795907950281612e-06,0.0,False
0,IND788151AAA,Hailakandi_kalibari_D (Assam),13,12,13.0,10.0,0.9230769230769231,0.15535991714137753,8.0,6000.0,4000.0,0.0008076622497554,1.0,2.0,2.545454545454546,0.0020558675448321,1.0,False
0,IND000000ABG,Hyderabad_Bownplly_C (Telangana),11,11,0.0,0.0,1.0,0.14241325737959606,8.0,5500.0,4000.0,0.0,0.0,1.0,0.0,0.0,0.0,False
0,IND177033AAA,Nadaun_Ward6_D (Himachal Pradesh),18,11,9.0,1.0,0.6111111111111112,0.14241325737959606,6.0,5500.0,3000.0,0.0007910175910264,1.0,1.0,2.1,0.0016611369411555,0.0,False
0,IND221706AAA,Ratanpura_MubarDPP_D (Uttar Pradesh),11,11,7.0,6.0,1.0,0.14241325737959606,8.0,5500.0,4000.0,0.0011984154284889,1.0,1.0,2.4545454545454546,0.0029415651426548,0.0,False
0,IND400016AAB,Mumbai_MhimWest_C (Maharashtra),16,11,0.0,0.0,0.6875,0.14241325737959606,7.0,5500.0,3500.0,0.0,0.0,2.0,0.0,0.0,0.0,False
0,IND400701AAB,Mumbai_Pawane_L (Maharashtra),26,11,25.0,11.0,0.4230769230769231,0.14241325737959606,4.0,5500.0,2000.0,0.0,2.0,1.0,2.345970695970696,0.0,1.0,False
0,IND411021AAA,PNQ Pashan DPC (Maharashtra),28,11,34.0,16.0,0.39285714285714285,0.14241325737959606,3.0,5500.0,1500.0,0.0,1.0,1.0,2.833333333333333,0.0,0.0,False
0,IND477001AAB,Bhind_EtwahDPP_D (Madhya Pradesh),11,11,2.0,0.0,1.0,0.14241325737959606,8.0,5500.0,4000.0,0.0001971599456591,1.0,1.0,1.9392091648189207,0.0003823343735574,1.0,False
0,IND500080AAB,Hyderabad_Chikdply_I (Telangana),20,11,26.0,5.0,0.55,0.14241325737959606,6.0,5500.0,3000.0,0.0003951124941149,2.0,1.0,2.0769230769230766,0.0008206182570079,0.0,False
0,IND501401AAC,Medchal_MROoffce_D (Telangana),14,11,19.0,9.0,0.7857142857142857,0.14241325737959606,7.0,5500.0,3500.0,0.0003951124941149,2.0,1.0,2.1223776223776225,0.0008385779158313,0.3333333333333333,False
0,IND571124AAA,Tirumakudalu_Narasipr_D (Karnataka),11,11,10.0,1.0,1.0,0.14241325737959606,8.0,5500.0,4000.0,7.926027966197077e-06,1.0,1.0,1.53125,1.2136730323239274e-05,1.0,False
0,IND609602AAA,Karaikal_Thalthru_DC (Pondicherry),11,11,8.0,0.0,1.0,0.14241325737959606,8.0,5500.0,4000.0,0.0027915470496946,1.0,1.0,1.9655172413793107,0.0054868338562963,0.0,False
0,IND68004AAA,Thrissur_Poothole_D (Kerala),24,11,23.0,3.0,0.4583333333333333,0.14241325737959606,4.0,5500.0,2000.0,0.0008080585511537,2.0,2.0,1.539059196617336,0.0012436499445585,0.3333333333333333,False
0,IND788713AAA,Karimganj_Alngjuri_D (Assam),11,11,13.0,12.0,1.0,0.14241325737959606,8.0,5500.0,4000.0,0.0001971599456591,2.0,2.0,2.314668121021386,0.0004563598409595,1.0,False
0,IND801103AAA,Bihta_ShivNgar_D (Bihar),11,11,0.0,0.0,1.0,0.14241325737959606,8.0,5500.0,4000.0,0.0,0.0,1.0,0.0,0.0,0.0,False
0,IND821109AAA,Mohania_Bhabua_D (Bihar),11,11,6.0,3.0,1.0,0.14241325737959606,8.0,5500.0,4000.0,0.0008080585511537,1.0,1.0,1.9392091648189207,0.0015669945481077,0.0,False
0,IND825301AAA,Hazaribag_BodomBzr_DC (Jharkhand),14,11,14.0,1.0,0.7857142857142857,0.14241325737959606,7.0,5500.0,3500.0,0.0007985473175943,1.0,1.0,2.054054054054054,0.0016402593550586,0.0,False
0,IND829121AAA,Peterbar_GagiDPP_D (Jharkhand),11,11,5.0,0.0,1.0,0.14241325737959606,8.0,5500.0,4000.0,0.0003947161927166,1.0,1.0,2.1538461538461537,0.0008501579535434,1.0,False
0,IND843329AAB,Sheohar_Ward9DPP_D (Bihar),13,11,13.0,0.0,0.8461538461538461,0.14241325737959606,7.0,5500.0,3500.0,0.0,1.0,1.0,1.379310344827586,0.0,1.0,False
0,IND000000AAL,Pune_PC (Maharashtra),18,10,17.0,10.0,0.5555555555555556,0.12946659761781462,5.0,5000.0,2500.0,0.0,1.0,1.0,2.6980056980056983,0.0,0.0,False
0,IND205001AAB,Mainpuri_Agraroad_I (Uttar Pradesh),21,10,26.0,14.0,0.47619047619047616,0.12946659761781462,4.0,5000.0,2000.0,0.0036435950560607,3.0,4.0,2.2719372429738285,0.0082780193061798,0.1904761904761904,False
0,IND209111AAA,Pukhrayan_Arulimod_D (Uttar Pradesh),21,10,14.0,1.0,0.47619047619047616,0.12946659761781462,4.0,5000.0,2000.0,0.0016050206631549,1.0,1.0,0.9015873015873016,0.0014470662486856,0.0,False
0,IND210001AAA,Banda_GayatriN_D (Uttar Pradesh),10,10,16.0,9.0,1.0,0.12946659761781462,7.0,5000.0,3500.0,0.0007985473175943,1.0,1.0,2.312937062937063,0.0018469896873729,0.0,False
0,IND302006AAA,Jaipur (Rajasthan),13,10,16.0,2.0,0.7692307692307693,0.12946659761781462,6.0,5000.0,3000.0,0.0,1.0,1.0,1.9393382352941175,0.0,0.0,False
0,IND382721AAA,Gandhinagar_Kalol_DC (Gujarat),15,10,16.0,2.0,0.6666666666666666,0.12946659761781462,6.0,5000.0,3000.0,0.0,2.0,1.0,1.7239819004524888,0.0,1.0,False
0,IND415605AAA,Chiplun_LxmiNiws_D (Maharashtra),16,10,16.0,0.0,0.625,0.12946659761781462,6.0,5000.0,3000.0,0.0011924709075143,1.0,1.0,1.1017964071856288,0.0013138601615726,0.0,False
0,IND416606AAA,Malvan_BllvMarg_D (Maharashtra),10,10,14.0,0.0,1.0,0.12946659761781462,7.0,5000.0,3500.0,0.0,1.0,1.0,2.098581560283688,0.0,0.0,False
0,IND421601AAB,Asangaon_Shahapur_D (Maharashtra),14,10,11.0,6.0,0.7142857142857143,0.12946659761781462,6.0,5000.0,3000.0,0.0003947161927166,1.0,1.0,2.486842105263158,0.0009815968476768,1.0,False
0,IND431112AAB,Sillod_ZebaTWR_D (Maharashtra),11,10,11.0,1.0,0.9090909090909091,0.12946659761781462,7.0,5000.0,3500.0,0.0,2.0,1.0,2.03525641025641,0.0,1.0,False
0,IND431603AAA,Nanded_Aswningr_I (Maharashtra),21,10,19.0,10.0,0.47619047619047616,0.12946659761781462,4.0,5000.0,2000.0,0.0047984173307357,4.0,4.0,2.1813784042044917,0.0104671639396274,0.0952380952380952,False
0,IND441912AAA,Bhandara_KaremDPP_D (Maharashtra),11,10,12.0,1.0,0.9090909090909091,0.12946659761781462,7.0,5000.0,3500.0,3.963013983098538e-07,1.0,1.0,1.7857142857142856,7.076810684104532e-07,0.0,False
0,IND444005AAB,Akola_Gaurkshn_I (Maharashtra),26,10,46.0,21.0,0.38461538461538464,0.12946659761781462,3.0,5000.0,1500.0,0.0043759600401374,3.0,3.0,2.319877357502879,0.0101516906144521,0.1,False
0,IND466116AAA,Ashta_ShantiNg_D (Madhya Pradesh),13,10,15.0,0.0,0.7692307692307693,0.12946659761781462,6.0,5000.0,3000.0,0.0003947161927166,1.0,1.0,1.7575757575757576,0.0006937436114413,1.0,False
0,IND485001AAC,Satna_Central_I_2 (Madhya Pradesh),21,10,29.0,17.0,0.47619047619047616,0.12946659761781462,4.0,5000.0,2000.0,0.0028282049290382,2.0,5.0,2.393989998793918,0.0067706943146572,0.238095238095238,False
0,IND500008AAC,Hyderabad_Tolichwk_I (Telangana),14,10,19.0,0.0,0.7142857142857143,0.12946659761781462,6.0,5000.0,3000.0,0.0004046237276743,1.0,2.0,1.8149350649350648,0.0007343657914609,0.0,False
0,IND507303AAA,Sathupally_VidyaNGR_D (Telangana),18,10,19.0,4.0,0.5555555555555556,0.12946659761781462,5.0,5000.0,2500.0,0.0007894323854332,1.0,1.0,2.053363074811256,0.0016209913103087,1.0,False
0,IND515201AAA,Hindupur_Parigi_D (Andhra Pradesh),19,10,15.0,0.0,0.5263157894736842,0.12946659761781462,5.0,5000.0,2500.0,0.0008080585511537,1.0,2.0,1.6497662185856228,0.0013331077003327,0.0,False
0,IND563125AAB,Chintamani_Central_D_2 (Karnataka),15,10,16.0,0.0,0.6666666666666666,0.12946659761781462,6.0,5000.0,3000.0,0.0009199476459432,2.0,2.0,1.9955277280858672,0.0018357810358671,0.5,False
0,IND691551AAA,Adoor_Town_D (Kerala),20,10,16.0,3.0,0.5,0.12946659761781462,5.0,5000.0,2500.0,0.0011960376200991,1.0,1.0,1.75,0.0020930658351734,0.0,False
0,IND700053AAA,CCU_New Alipore_DPC (West Bengal),15,10,25.0,20.0,0.6666666666666666,0.12946659761781462,6.0,5000.0,3000.0,0.0015966983337904,2.0,2.0,2.476923076923077,0.00395489894985,0.3333333333333333,False
0,IND721306AAA,Kharagpur_DC (West Bengal),21,10,28.0,8.0,0.47619047619047616,0.12946659761781462,4.0,5000.0,2000.0,0.0039859994642005,3.0,3.0,2.088804437935083,0.0083259733704288,0.0666666666666666,False
0,IND742149AAA,Murshidabad_Sirjudol_D (West Bengal),15,10,0.0,0.0,0.6666666666666666,0.12946659761781462,6.0,5000.0,3000.0,0.0,0.0,2.0,0.0,0.0,1.0,False
0,IND757037AAA,Karanjia_Sarubali_D (Orissa),13,10,6.0,0.0,0.7692307692307693,0.12946659761781462,6.0,5000.0,3000.0,3.963013983098538e-07,2.0,2.0,1.9392091648189207,7.685113036330222e-07,0.6666666666666666,False
0,IND788806AAA,Badarpur_Konapara_D (Assam),10,10,11.0,11.0,1.0,0.12946659761781462,7.0,5000.0,3500.0,0.0001971599456591,2.0,2.0,2.4311430439479222,0.0004793240304343,1.0,False
0,IND792121AAB,Jairampur_Mdiclcly_D (Arunachal Pradesh),11,10,11.0,10.0,0.9090909090909091,0.12946659761781462,7.0,5000.0,3500.0,0.0,1.0,1.0,3.034482758620689,0.0,0.0,False
0,IND792130AAB,Khonsa_Central_D_1 (Arunachal Pradesh),10,10,0.0,0.0,1.0,0.12946659761781462,7.0,5000.0,3500.0,0.0,0.0,1.0,0.0,0.0,0.0,False
0,IND110014AAA,Delhi_Bhogal (Delhi),10,9,6.0,3.0,0.9,0.11651993785603315,6.0,4500.0,3000.0,0.0,1.0,1.0,2.723214285714286,0.0,0.0,False
0,IND121001AAA,Faridabad (Haryana),23,9,22.0,1.0,0.391304347826087,0.11651993785603315,3.0,4500.0,1500.0,0.0,1.0,1.0,1.8535353535353531,0.0,0.0,False
0,IND210427AAA,Mahoba_Mlkpura_D (Uttar Pradesh),9,9,10.0,10.0,1.0,0.11651993785603315,7.0,4500.0,3500.0,0.0007890360840349,1.0,1.0,3.8157894736842106,0.0030107955838174,0.0,False
0,IND212601AAA,Fatehpur_Kotwali_D (Uttar Pradesh),16,9,16.0,6.0,0.5625,0.11651993785603315,5.0,4500.0,2500.0,0.0008080585511537,1.0,1.0,2.216417910447761,0.0017909954454677,0.0,False
0,IND365560AAB,Amreli_Rajula_DC (Gujarat),11,9,8.0,0.0,0.8181818181818182,0.11651993785603315,6.0,4500.0,3000.0,0.0004058126318692,1.0,1.0,1.7142857142857142,0.0006956787974902,0.0,False
0,IND389151AAA,Dahod_DC (Gujarat),11,9,21.0,0.0,0.8181818181818182,0.11651993785603315,6.0,4500.0,3000.0,0.0004054163304709,1.0,1.0,1.78,0.0007216410682383,0.0,False
0,IND400037AAA,Mumbai Antop Hill (Maharashtra),13,9,2.0,2.0,0.6923076923076923,0.11651993785603315,5.0,4500.0,2500.0,0.0,1.0,1.0,2.1538461538461537,0.0,0.0,False
0,IND400102AAB,Mumbai_Jogeshwri_L (Maharashtra),20,9,33.0,13.0,0.45,0.11651993785603315,4.0,4500.0,2000.0,0.0,1.0,1.0,2.2745358090185674,0.0,0.0,False
0,IND415408AAC,Shirala_Central_DPP_3 (Maharashtra),9,9,8.0,8.0,1.0,0.11651993785603315,7.0,4500.0,3500.0,0.0003947161927166,1.0,1.0,2.5568181818181817,0.0010092175381958,1.0,False
0,IND472001AAA,Tikamgarh_MndiRoad_D (Madhya Pradesh),19,9,11.0,0.0,0.47368421052631576,0.11651993785603315,4.0,4500.0,2000.0,0.0011732502896963,2.0,2.0,1.780917873548701,0.0020894624110663,0.3333333333333333,False
0,IND481661AAA,Mandla_Mharajpr_D (Madhya Pradesh),9,9,8.0,0.0,1.0,0.11651993785603315,7.0,4500.0,3500.0,0.0011825633725566,2.0,1.0,1.9392091648189207,0.0022932377300409,0.6666666666666666,False
0,IND521333AAA,Kaikaluru_Atapaka_D (Andhra Pradesh),14,9,18.0,4.0,0.6428571428571429,0.11651993785603315,5.0,4500.0,2500.0,0.0011829596739549,2.0,1.0,1.8734507362556143,0.0022162166721315,0.3333333333333333,False
0,IND700028AAB,CCU_DumDum_DPC (West Bengal),11,9,25.0,17.0,0.8181818181818182,0.11651993785603315,6.0,4500.0,3000.0,0.0,1.0,1.0,3.3421052631578947,0.0,0.0,False
0,IND732103AAB,Malda_Central_I_3 (West Bengal),15,9,9.0,9.0,0.6,0.11651993785603315,5.0,4500.0,2500.0,0.0028422736286782,2.0,2.0,2.046527659332537,0.0058167915964815,0.0,False
0,IND804420AAA,Jehanabad_Madarpur_D (Bihar),11,9,6.0,6.0,0.8181818181818182,0.11651993785603315,6.0,4500.0,3000.0,1.5852055932394153e-06,1.0,1.0,2.9621212121212124,4.695571113307662e-06,0.0,False
0,IND848210AAA,Rusera_Wardno4_D (Bihar),19,9,21.0,1.0,0.47368421052631576,0.11651993785603315,4.0,4500.0,2000.0,0.001202378442472,1.0,1.0,1.7083333333333333,0.0020540631725564,0.0,False
0,IND000000AEM,Gurgaon_Bilaspur_RP (Haryana),22,8,0.0,0.0,0.36363636363636365,0.10357327809425168,2.0,4000.0,1000.0,0.0,0.0,2.0,0.0,0.0,0.0,False
0,IND110078AAA,Janakpuri (Delhi),14,8,33.0,7.0,0.5714285714285714,0.10357327809425168,4.0,4000.0,2000.0,0.0,1.0,1.0,1.6978260869565218,0.0,0.0,False
0,IND110085AAB,Delhi_Rohini_DPC (Delhi),18,8,50.0,9.0,0.4444444444444444,0.10357327809425168,3.0,4000.0,1500.0,0.0024047568849441,4.0,5.0,2.006835871547241,0.0048259523790562,0.0666666666666666,False
0,IND121002AAB,Faridabad_Mthurard_L (Haryana),29,8,57.0,11.0,0.27586206896551724,0.10357327809425168,0.0,4000.0,0.0,0.0,1.0,1.0,1.962121212121212,0.0,0.0,False
0,IND126112AAA,Safidon_HatRDDPP_D (Haryana),16,8,0.0,0.0,0.5,0.10357327809425168,4.0,4000.0,2000.0,0.0,0.0,1.0,0.0,0.0,0.0,False
0,IND144001AAC,Jalandhar_Sodal Road (Punjab),27,8,0.0,0.0,0.2962962962962963,0.10357327809425168,1.0,4000.0,500.0,0.0,0.0,2.0,0.0,0.0,1.0,False
0,IND173212AAA,Solan_MohanPrk_D (Himachal Pradesh),9,8,19.0,6.0,0.8888888888888888,0.10357327809425168,6.0,4000.0,3000.0,0.0010050203461137,2.0,3.0,2.054831855136733,0.0020651478222551,0.0,False
0,IND174101AAB,Nalagarh_Central_DPP_2 (Himachal Pradesh),12,8,0.0,0.0,0.6666666666666666,0.10357327809425168,5.0,4000.0,2500.0,0.0,0.0,2.0,0.0,0.0,0.0,False
0,IND181201AAB,Akhnoor_ThthiCwk_D (Jammu & Kashmir),8,8,7.0,7.0,1.0,0.10357327809425168,6.0,4000.0,3000.0,0.0,1.0,1.0,2.1538461538461537,0.0,0.0,False
0,IND201306AAA,Noida_Surajpur_DC (Uttar Pradesh),9,8,0.0,0.0,0.8888888888888888,0.10357327809425168,6.0,4000.0,3000.0,0.0,0.0,2.0,0.0,0.0,1.0,False
0,IND245304AAA,Pilkhuwa_HapurRD_D (Uttar Pradesh),27,8,26.0,8.0,0.2962962962962963,0.10357327809425168,1.0,4000.0,500.0,0.0007989436189926,2.0,2.0,2.2747747747747744,0.0018174167909517,0.0,False
0,IND246763AAA,Najibabad_KotdwrRD_D (Uttar Pradesh),14,8,12.0,1.0,0.5714285714285714,0.10357327809425168,4.0,4000.0,2000.0,0.0019981516502782,1.0,1.0,2.0,0.0039963033005565,0.0,False
0,IND248197AAA,Dehradun_Selakui_D (Uttarakhand),16,8,0.0,0.0,0.5,0.10357327809425168,4.0,4000.0,2000.0,0.0,0.0,1.0,0.0,0.0,0.0,False
0,IND321022AAA,Kaman_BsstdDPP_D (Rajasthan),9,8,9.0,0.0,0.8888888888888888,0.10357327809425168,6.0,4000.0,3000.0,0.0,1.0,1.0,1.5549242424242424,0.0,1.0,False
0,IND341510AAB,Merta_Central_DPP_1 (Rajasthan),14,8,13.0,4.0,0.5714285714285714,0.10357327809425168,4.0,4000.0,2000.0,0.0015764869624765,2.0,1.0,2.196877309682188,0.0034633484368746,0.3333333333333333,False
0,IND380005AAA,Amd_Chandkheda_Dc (Gujarat),9,8,36.0,6.0,0.8888888888888888,0.10357327809425168,6.0,4000.0,3000.0,0.0008080585511537,1.0,3.0,2.083333333333333,0.0016834553149037,1.0,False
0,IND380006AAA,Ahmedabad_Paldi_D (Gujarat),18,8,0.0,0.0,0.4444444444444444,0.10357327809425168,3.0,4000.0,1500.0,0.0,0.0,1.0,0.0,0.0,0.0,False
0,IND380054AAA,AMD_Memnagar (Gujarat),24,8,40.0,8.0,0.3333333333333333,0.10357327809425168,1.0,4000.0,500.0,0.0,1.0,1.0,2.235294117647059,0.0,0.0,False
0,IND415612AAA,Ratnagiri_MjgaonRd_D (Maharashtra),8,8,10.0,10.0,1.0,0.10357327809425168,6.0,4000.0,3000.0,0.000404227426276,1.0,1.0,2.845360824742268,0.0011501728830122,1.0,False
0,IND473331AAA,Ashokngr_Bypassrd_D (Madhya Pradesh),17,8,11.0,1.0,0.47058823529411764,0.10357327809425168,3.0,4000.0,1500.0,0.0003959050969115,1.0,1.0,1.7863247863247862,0.0007072150876454,1.0,False
0,IND500055AAC,Hyderabad_North_D_2 (Telangana),17,8,0.0,0.0,0.47058823529411764,0.10357327809425168,3.0,4000.0,1500.0,0.0,0.0,1.0,0.0,0.0,0.0,False
0,IND518501AAA,Nandyal_SrnvsNgr_D (Andhra Pradesh),15,8,18.0,0.0,0.5333333333333333,0.10357327809425168,4.0,4000.0,2000.0,0.0012114933746332,1.0,1.0,1.5080645161290325,0.0018270101698097,1.0,False
0,IND533401AAA,Tuni_Eaglvari_D (Andhra Pradesh),18,8,18.0,3.0,0.4444444444444444,0.10357327809425168,3.0,4000.0,1500.0,1.981506991549269e-07,1.0,2.0,1.97112462006079,3.905797215865353e-07,1.0,False
0,IND535001AAA,Vizianagaram_NcsRd_DC (Andhra Pradesh),10,8,15.0,3.0,0.8,0.10357327809425168,5.0,4000.0,2500.0,0.0003947161927166,2.0,1.0,2.226923076923077,0.0008790025983958,0.0,False
0,IND575004AAB,Mangalore_Kuntikna_H (Karnataka),25,8,32.0,20.0,0.32,0.10357327809425168,1.0,4000.0,500.0,0.0146365018837903,6.0,7.0,2.201888653204693,0.0322279474205271,0.0769230769230769,False
0,IND583119AAA,Sandur_WrdN1DPP_D (Karnataka),9,8,9.0,5.0,0.8888888888888888,0.10357327809425168,6.0,4000.0,3000.0,0.0,1.0,1.0,2.333333333333333,0.0,1.0,False
0,IND635601AAB,Tiruppattur_KoilStrt_D (Tamil Nadu),11,8,10.0,1.0,0.7272727272727273,0.10357327809425168,5.0,4000.0,2500.0,0.0,1.0,1.0,1.853658536585366,0.0,0.0,False
0,IND641011AAA,Cjb_West_Dc (Tamil Nadu),9,8,1.0,0.0,0.8888888888888888,0.10357327809425168,6.0,4000.0,3000.0,0.0,0.0,1.0,0.0,0.0,0.0,False
0,IND723130AAA,Hura_Central_D_1 (West Bengal),21,8,24.0,11.0,0.38095238095238093,0.10357327809425168,2.0,4000.0,1000.0,0.0039840179572089,3.0,2.0,1.737250554323725,0.0069212374045969,0.1,False
0,IND732202AAA,Manikchak_Enayetpr_D (West Bengal),11,8,8.0,8.0,0.7272727272727273,0.10357327809425168,5.0,4000.0,2500.0,0.0008140030721284,1.0,1.0,2.1538461538461537,0.0017532373861227,0.0,False
0,IND741126AAB,Nakashipara_MaxDPP_D (West Bengal),20,8,19.0,6.0,0.4,0.10357327809425168,3.0,4000.0,1500.0,0.0011924709075143,2.0,1.0,2.273892773892774,0.0027115509796742,0.3333333333333333,False
0,IND756100AAC,Bhadrak_Central_I_2 (Orissa),19,8,25.0,10.0,0.42105263157894735,0.10357327809425168,3.0,4000.0,1500.0,0.0020266853509565,3.0,4.0,2.1695874628709704,0.0043970711286196,0.2,False
0,IND828111AAA,Dhanbad_Jharia_DC (Jharkhand),9,8,3.0,0.0,0.8888888888888888,0.10357327809425168,6.0,4000.0,3000.0,0.0003955087955132,1.0,1.0,2.1538461538461537,0.0008518650980285,0.0,False
0,IND841424AAA,Chhapra_Prbhunth_D (Bihar),9,8,0.0,0.0,0.8888888888888888,0.10357327809425168,6.0,4000.0,3000.0,0.0,0.0,2.0,0.0,0.0,1.0,False
0,IND845455AAB,Narktiganj_Central_DPP_2 (Bihar),20,8,15.0,3.0,0.4,0.10357327809425168,3.0,4000.0,1500.0,0.0003947161927166,1.0,2.0,2.0615530303030303,0.0008137283632046,1.0,False
0,IND854105AAB,Katihar_Central_D_2 (Bihar),9,8,11.0,8.0,0.8888888888888888,0.10357327809425168,6.0,4000.0,3000.0,0.000607530043609,1.0,2.0,2.65,0.0016099546155638,0.3333333333333333,False
0,IND000000AET,Barpeta_ShivBari_D (Assam),8,7,4.0,0.0,0.875,0.09062661833247022,5.0,3500.0,2500.0,0.0032021152983436,1.0,1.0,1.9392091648189207,0.0062095713333548,0.0,False
0,IND143001AAA,Amritsar_DPC (Punjab),19,7,29.0,0.0,0.3684210526315789,0.09062661833247022,2.0,3500.0,1000.0,0.0,3.0,1.0,1.8084631753327545,0.0,1.0,False
0,IND147105AAA,Patran_MheshNGR_D (Punjab),8,7,10.0,1.0,0.875,0.09062661833247022,5.0,3500.0,2500.0,0.0,2.0,2.0,1.9392091648189207,0.0,1.0,False
0,IND181152AAB,Jammu_Central_I_1 (Jammu & Kashmir),12,7,11.0,8.0,0.5833333333333334,0.09062661833247022,4.0,3500.0,2000.0,0.0007989436189926,2.0,3.0,3.559905585753942,0.0028441638519544,0.5,False
0,IND226004AAA,Lucknow_Hub (Uttar Pradesh),7,7,0.0,0.0,1.0,0.09062661833247022,5.0,3500.0,2500.0,0.0,0.0,2.0,0.0,0.0,0.0,False
0,IND243503AAB,Faridpur_ShjnprRD_D (Uttar Pradesh),11,7,15.0,6.0,0.6363636363636364,0.09062661833247022,4.0,3500.0,2000.0,0.0,1.0,1.0,2.3846153846153846,0.0,1.0,False
0,IND263401AAA,Kashipur_BajprDPP_D (Uttarakhand),16,7,18.0,5.0,0.4375,0.09062661833247022,3.0,3500.0,1500.0,0.0009909516464737,2.0,2.0,1.9696045824094608,0.0019517829038409,0.0,False
0,IND274304AAB,Padrauna_BawliDPPP_D (Uttar Pradesh),14,7,10.0,10.0,0.5,0.09062661833247022,3.0,3500.0,1500.0,0.0004004625629921,2.0,2.0,1.9392091648189207,0.0007765806723211,0.3333333333333333,False
0,IND301019AAA,Bhiwadi DC (Rajasthan),8,7,0.0,0.0,0.875,0.09062661833247022,5.0,3500.0,2500.0,0.0,0.0,2.0,0.0,0.0,1.0,False
0,IND400705AAA,Mumbai_Sanpada_CP (Maharashtra),12,7,0.0,0.0,0.5833333333333334,0.09062661833247022,4.0,3500.0,2000.0,0.0,0.0,1.0,0.0,0.0,0.0,False
0,IND421302AAN,GreaterThane_Anjur_C (Maharashtra),16,7,0.0,0.0,0.4375,0.09062661833247022,3.0,3500.0,1500.0,0.0,0.0,1.0,0.0,0.0,0.0,False
0,IND451666AAA,Sendhwa_VishnuVhr_D (Madhya Pradesh),10,7,0.0,0.0,0.7,0.09062661833247022,4.0,3500.0,2000.0,0.0,0.0,2.0,0.0,0.0,1.0,False
0,IND460001AAA,Betul_PatelWrd_D (Madhya Pradesh),21,7,20.0,0.0,0.3333333333333333,0.09062661833247022,1.0,3500.0,500.0,7.926027966197076e-07,1.0,1.0,1.85483870967742,1.470150348568813e-06,0.0,False
0,IND504215AAA,Luxettipet_ShivaDPP_D (Telangana),16,7,1.0,1.0,0.4375,0.09062661833247022,3.0,3500.0,1500.0,0.0,0.0,2.0,0.0,0.0,1.0,False
0,IND508207AAB,Miryalguda_Ragvendr_D (Telangana),16,7,12.0,1.0,0.4375,0.09062661833247022,3.0,3500.0,1500.0,0.0003947161927166,1.0,1.0,1.3634293270643552,0.000538167633017,0.0,False
0,IND571114AAA,HDKote_BegurRD_D (Karnataka),8,7,9.0,1.0,0.875,0.09062661833247022,5.0,3500.0,2500.0,6.340822372957661e-06,1.0,1.0,1.5895522388059706,1.0079068398805838e-05,0.0,False
0,IND573134AAB,Sakleshpur_RgvdrDPP_D (Karnataka),15,7,14.0,1.0,0.4666666666666667,0.09062661833247022,3.0,3500.0,1500.0,0.0019878478139222,2.0,2.0,1.924150036954915,0.0038249174446191,0.3333333333333333,False
0,IND583201AAA,Hospet (Karnataka),27,7,34.0,19.0,0.25925925925925924,0.09062661833247022,0.0,3500.0,0.0,0.0020001331572698,2.0,3.0,2.5116930171278,0.0050237204844404,0.3333333333333333,False
0,IND600056AAA,Chennai_Poonamallee (Tamil Nadu),7,7,3.0,1.0,1.0,0.09062661833247022,5.0,3500.0,2500.0,0.0004050200290726,1.0,1.0,2.1538461538461537,0.0008723508318488,0.0,False
0,IND600076AAB,Chennai_Madhavaram_DPC (Tamil Nadu),18,7,58.0,14.0,0.3888888888888889,0.09062661833247022,2.0,3500.0,1000.0,0.0,2.0,2.0,2.1133090327169275,0.0,1.0,False
0,IND600116AAB,Chennai_Porur_DPC (Tamil Nadu),16,7,29.0,14.0,0.4375,0.09062661833247022,3.0,3500.0,1500.0,0.0024043605835458,3.0,3.0,2.950928381962864,0.0070950958864583,0.1666666666666666,False
0,IND621802AAA,Jayamkondan_Chithbrm_D (Tamil Nadu),12,7,17.0,2.0,0.5833333333333334,0.09062661833247022,4.0,3500.0,2000.0,5.1519181780281e-06,1.0,2.0,2.032795698924731,1.047279711350766e-05,0.3333333333333333,False
0,IND631501AAA,Kanchipuram_DC (Tamil Nadu),11,7,9.0,1.0,0.6363636363636364,0.09062661833247022,4.0,3500.0,2000.0,0.000404227426276,1.0,2.0,2.417112299465241,0.000977063083833,1.0,False
0,IND713364AAB,Rupnarayanpur_Salanpur_D (West Bengal),12,7,6.0,6.0,0.5833333333333334,0.09062661833247022,4.0,3500.0,2000.0,0.0003947161927166,1.0,1.0,4.166666666666666,0.0016446508029858,0.0,False
0,IND722151AAA,Simlapal_Central_D_1 (West Bengal),8,7,9.0,0.0,0.875,0.09062661833247022,5.0,3500.0,2500.0,0.0007890360840349,1.0,1.0,1.9392091648189207,0.0015301060055333,0.0,False
0,IND731204AAB,Bolpur_WebelDPP_D (West Bengal),13,7,13.0,11.0,0.5384615384615384,0.09062661833247022,3.0,3500.0,1500.0,0.0,1.0,1.0,2.8,0.0,1.0,False
0,IND783370AAC,Kokrajhar_PigonDPP_D (Assam),8,7,9.0,4.0,0.875,0.09062661833247022,5.0,3500.0,2500.0,0.0031830928312247,1.0,1.0,1.7666666666666666,0.0056234640018303,0.0,False
0,IND787001AAA,LakhimpurN_SashPhkn_D (Assam),8,7,2.0,2.0,0.875,0.09062661833247022,5.0,3500.0,2500.0,0.0007933953994163,2.0,1.0,1.9392091648189207,0.0015385596298733,0.0,False
0,IND802158AAB,Jagdishpur_Wardno13_D (Bihar),11,7,17.0,3.0,0.6363636363636364,0.09062661833247022,4.0,3500.0,2000.0,0.0007890360840349,2.0,1.0,1.902037014841893,0.0015007758378803,0.6666666666666666,False
0,IND814133AAB,Godda_Central_D_2 (Jharkhand),13,7,19.0,7.0,0.5384615384615384,0.09062661833247022,3.0,3500.0,1500.0,0.0004999342139678,3.0,1.0,2.145597178459823,0.001072657438905,0.5,False
0,IND852131AAA,Supaul_SadrHsptl_D (Bihar),9,7,11.0,5.0,0.7777777777777778,0.09062661833247022,5.0,3500.0,2500.0,0.0003988773573988,2.0,2.0,2.2169730034620923,0.0008843003330455,0.6666666666666666,False
0,IND124507AAA,Bahadurgarh_DC (Haryana),12,6,11.0,3.0,0.5,0.07767995857068877,3.0,3000.0,1500.0,0.0004046237276743,1.0,2.0,1.9404761904761905,0.0007851627096538,0.0,False
0,IND135001AAA,YamunaNagar_DC (Haryana),12,6,7.0,0.0,0.5,0.07767995857068877,3.0,3000.0,1500.0,0.0007989436189926,2.0,1.0,1.7877864005912787,0.0014283405368742,0.3333333333333333,False
0,IND173025AAA,PaontSahib_Gurudwar_D (Himachal Pradesh),11,6,12.0,6.0,0.5454545454545454,0.07767995857068877,3.0,3000.0,1500.0,0.0007894323854332,1.0,1.0,2.311111111111111,0.0018244659574456,1.0,False
0,IND204215AAA,SikandraRao_JydevNGR_D (Uttar Pradesh),6,6,4.0,3.0,1.0,0.07767995857068877,4.0,3000.0,2000.0,0.0003963013983098,1.0,1.0,2.1538461538461537,0.0008535722425135,0.0,False
0,IND208017AAA,Kanpur_Central_D_5 (Uttar Pradesh),6,6,0.0,0.0,1.0,0.07767995857068877,4.0,3000.0,2000.0,0.0,0.0,1.0,0.0,0.0,0.0,False
0,IND208019AAA,Kanpur_Rawatpur_D (Uttar Pradesh),6,6,18.0,17.0,1.0,0.07767995857068877,4.0,3000.0,2000.0,0.0,1.0,1.0,4.8125,0.0,0.0,False
0,IND211008AAA,Allahabad_Central_D_3 (Uttar Pradesh),6,6,0.0,0.0,1.0,0.07767995857068877,4.0,3000.0,2000.0,0.0,0.0,1.0,0.0,0.0,0.0,False
0,IND245101AAA,Hapur_Swargash_D (Uttar Pradesh),17,6,16.0,0.0,0.35294117647058826,0.07767995857068877,1.0,3000.0,500.0,0.0,1.0,1.0,1.7104166666666667,0.0,0.0,False
0,IND247667AAA,Roorkee_Dc (Uttarakhand),14,6,5.0,0.0,0.42857142857142855,0.07767995857068877,2.0,3000.0,1000.0,0.0,1.0,1.0,1.9392091648189207,0.0,1.0,False
0,IND248122AAB,Mussoorie_BrlwgDPP_D (Uttarakhand),15,6,16.0,8.0,0.4,0.07767995857068877,2.0,3000.0,1000.0,0.0003955087955132,1.0,1.0,2.677419354838709,0.001058942904116,0.0,False
0,IND271001AAA,Gonda_KotwaliN_D (Uttar Pradesh),6,6,12.0,12.0,1.0,0.07767995857068877,4.0,3000.0,2000.0,3.963013983098538e-07,1.0,2.0,3.125,1.2384418697182933e-06,1.0,False
0,IND274304AAA,Kushinagar_KasyaDPP_D (Uttar Pradesh),6,6,3.0,2.0,1.0,0.07767995857068877,4.0,3000.0,2000.0,5.350068877183026e-06,2.0,1.0,1.9392091648189207,1.03749025990458e-05,0.0,False
0,IND277201AAA,Bariya_BgnprDPP_D (Uttar Pradesh),7,6,5.0,4.0,0.8571428571428571,0.07767995857068877,4.0,3000.0,2000.0,0.0008040955371706,1.0,1.0,1.9392091648189207,0.0015593094350714,0.0,False
0,IND282001AAF,Agra_Central_D_3 (Uttar Pradesh),18,6,0.0,0.0,0.3333333333333333,0.07767995857068877,1.0,3000.0,500.0,0.0,0.0,1.0,0.0,0.0,0.0,False
0,IND302004AAA,Jaipur_NgrNigam_DC (Rajasthan),9,6,25.0,12.0,0.6666666666666666,0.07767995857068877,4.0,3000.0,2000.0,0.0,1.0,1.0,2.2481617647058822,0.0,0.0,False
0,IND311301AAA,Asind_BsStdDPP_D (Rajasthan),6,6,0.0,0.0,1.0,0.07767995857068877,4.0,3000.0,2000.0,0.0,0.0,1.0,0.0,0.0,0.0,False
0,IND312605AAB,Pratapgarh_Nimachrd_D (Rajasthan),19,6,14.0,4.0,0.3157894736842105,0.07767995857068877,1.0,3000.0,500.0,0.0019906219237103,2.0,2.0,1.8088902966951748,0.0036008166821884,0.3333333333333333,False
0,IND321606AAA,Kherli_GodamDPP_D (Rajasthan),9,6,7.0,2.0,0.6666666666666666,0.07767995857068877,4.0,3000.0,2000.0,0.0005968299058546,2.0,2.0,1.9392091648189207,0.0011573780232713,0.3333333333333333,False
0,IND328001AAA,Dholpur_GtRoad_D (Rajasthan),14,6,13.0,0.0,0.42857142857142855,0.07767995857068877,2.0,3000.0,1000.0,0.0008170413828488,3.0,3.0,1.8988667159398869,0.0015514526874371,0.5,False
0,IND342902A1B,,9,6,7.0,1.0,0.6666666666666666,0.07767995857068877,4.0,3000.0,2000.0,0.0013729861944444,2.0,1.0,1.9392091648189207,0.0026625074114366,0.3333333333333333,False
0,IND370001AAA,Bhuj_DC (Gujarat),14,6,17.0,6.0,0.42857142857142855,0.07767995857068877,2.0,3000.0,1000.0,0.0007914138924247,2.0,3.0,1.986572908201316,0.0015722013978652,0.3333333333333333,False
0,IND421401AAC,Murbad_SnkunDPP_D (Maharashtra),11,6,10.0,4.0,0.5454545454545454,0.07767995857068877,3.0,3000.0,1500.0,0.000404227426276,1.0,1.0,2.5710685483870965,0.0010392964220938,1.0,False
0,IND423109AAA,Shirdi_SaiBansi_D (Maharashtra),14,6,16.0,2.0,0.42857142857142855,0.07767995857068877,2.0,3000.0,1000.0,0.0010083889079994,2.0,1.0,2.0683251933251934,0.0020856761830848,0.3333333333333333,False
0,IND425412AAA,Nandurbar_DhuleRd_D (Maharashtra),14,6,15.0,0.0,0.42857142857142855,0.07767995857068877,2.0,3000.0,1000.0,3.963013983098538e-06,4.0,3.0,1.9392091648189207,7.685113036330223e-06,0.6666666666666666,False
0,IND452001AAC,Jalgaon_DC (Maharashtra),11,6,14.0,3.0,0.5454545454545454,0.07767995857068877,3.0,3000.0,1500.0,1.3077946144225176e-05,2.0,1.0,2.241102181400689,2.930901363206377e-05,0.0,False
0,IND458664AAA,Neemuch_KarjuDPP_D (Madhya Pradesh),7,6,6.0,0.0,0.8571428571428571,0.07767995857068877,4.0,3000.0,2000.0,0.0007985473175943,1.0,1.0,1.9392091648189207,0.0015485502768205,0.0,False
0,IND487551AAA,Gadarwara_MPward_D (Madhya Pradesh),7,6,8.0,0.0,0.8571428571428571,0.07767995857068877,4.0,3000.0,2000.0,0.0058533716530365,2.0,1.0,1.9392091648189207,0.0113509119546597,0.0,False
0,IND501359AAG,Hyderabad_South_R_11 (Telangana),11,6,0.0,0.0,0.5454545454545454,0.07767995857068877,3.0,3000.0,1500.0,0.0,0.0,1.0,0.0,0.0,0.0,False
0,IND516101AAA,Koduru_MGRoad_D (Andhra Pradesh),18,6,19.0,0.0,0.3333333333333333,0.07767995857068877,1.0,3000.0,500.0,3.566712584788684e-06,1.0,1.0,2.152173913043478,7.67618578030608e-06,0.0,False
0,IND574221AAA,Kadaba_AnugrDPP_D (Karnataka),6,6,7.0,0.0,1.0,0.07767995857068877,4.0,3000.0,2000.0,0.0007890360840349,1.0,1.0,1.5128205128205128,0.0011936699732835,0.0,False
0,IND591307AAC,Gokak_Bsavangr_D (Karnataka),7,6,18.0,2.0,0.8571428571428571,0.07767995857068877,4.0,3000.0,2000.0,0.0007910175910264,1.0,2.0,2.0375,0.0016116983417164,0.3333333333333333,False
0,IND600044AAE,Chennai_Chrompet_L (Tamil Nadu),29,6,34.0,1.0,0.20689655172413793,0.07767995857068877,0.0,3000.0,0.0,0.0,1.0,1.0,1.9003267973856208,0.0,0.0,False
0,IND600119AAA,Chennai_Sholinganallur_Dc (Tamil Nadu),10,6,19.0,7.0,0.6,0.07767995857068877,3.0,3000.0,1500.0,0.0003951124941149,2.0,1.0,2.05869391025641,0.0008134156855006,0.0,False
0,IND602024AAA,Chennai_Vepmpttu_DC (Tamil Nadu),13,6,10.0,5.0,0.46153846153846156,0.07767995857068877,2.0,3000.0,1000.0,0.000404227426276,1.0,2.0,3.523809523809524,0.0014244204544965,1.0,False
0,IND606801AAB,Chetpet_Blmrgnst_D (Tamil Nadu),13,6,9.0,0.0,0.46153846153846156,0.07767995857068877,2.0,3000.0,1000.0,0.0007890360840349,1.0,1.0,1.4166666666666663,0.0011178011190494,0.0,False
0,IND673592AAA,SultnBthry_Kollgpra_D (Kerala),24,6,18.0,3.0,0.25,0.07767995857068877,0.0,3000.0,0.0,0.0011877152907346,2.0,3.0,2.1003413972081346,0.002494607593227,0.1666666666666666,False
0,IND679303AAA,Sankaramangalam_Central_D_1 (Kerala),14,6,11.0,0.0,0.42857142857142855,0.07767995857068877,2.0,3000.0,1000.0,0.0012019821410737,1.0,1.0,1.4385964912280702,0.0017291672906675,0.0,False
0,IND700088AAA,Kolkata_TrtllaRD_L (West Bengal),9,6,30.0,28.0,0.6666666666666666,0.07767995857068877,4.0,3000.0,2000.0,0.0,1.0,1.0,3.766666666666666,0.0,0.0,False
0,IND713303AAA,Asansol_DC (West Bengal),6,6,5.0,3.0,1.0,0.07767995857068877,4.0,3000.0,2000.0,0.000404227426276,1.0,1.0,2.6538461538461537,0.0010727574005018,0.0,False
0,IND721253AAC,ChandroknaRD_Central_DPP_3 (West Bengal),12,6,7.0,1.0,0.5,0.07767995857068877,3.0,3000.0,1500.0,0.0003955087955132,1.0,1.0,1.8586956521739133,0.0007351304786169,0.0,False
0,IND743347AAA,Kakdwip_KlngrDPP_D (West Bengal),6,6,12.0,2.0,1.0,0.07767995857068877,4.0,3000.0,2000.0,0.0003947161927166,1.0,1.0,1.9861111111111112,0.0007839502160899,1.0,False
0,IND781124AAA,Chhaygaon_GwhRDDPP_D (Assam),6,6,8.0,2.0,1.0,0.07767995857068877,4.0,3000.0,2000.0,0.0001977543977566,1.0,1.0,2.0434782608695654,0.000404106812807,0.0,False
0,IND785001AAA,Jorhat_RicMilRd_D (Assam),15,6,15.0,11.0,0.4,0.07767995857068877,2.0,3000.0,1000.0,0.0087590535054443,5.0,3.0,2.0679913582352603,0.0181136469555792,0.1333333333333333,False
0,IND794101AAA,Tura_Sracmplx_D (Meghalaya),9,6,1.0,0.0,0.6666666666666666,0.07767995857068877,4.0,3000.0,2000.0,0.0035405566925002,1.0,1.0,1.9392091648189207,0.0068658799866574,0.0,False
0,IND802212AAA,Bikramgang_Dehrird_D (Bihar),7,6,5.0,5.0,0.8571428571428571,0.07767995857068877,4.0,3000.0,2000.0,0.0007890360840349,1.0,1.0,3.5,0.0027616262941222,0.0,False
0,IND803116AAA,Rajgir_PnditNGR_D (Bihar),13,6,9.0,5.0,0.46153846153846156,0.07767995857068877,2.0,3000.0,1000.0,1.5852055932394153e-06,1.0,1.0,2.333333333333333,3.6988130508919686e-06,0.0,False
0,IND804452AAA,Masaurhi_Blockrd_D (Bihar),6,6,0.0,0.0,1.0,0.07767995857068877,4.0,3000.0,2000.0,0.0,0.0,1.0,0.0,0.0,0.0,False
0,IND814112AAA,Deoghar_Barmasia_D (Jharkhand),9,6,7.0,1.0,0.6666666666666666,0.07767995857068877,4.0,3000.0,2000.0,0.0007400268111105,3.0,2.0,1.9392091648189207,0.0014350667743173,0.5,False
0,IND843105AAB,Dholi_WardNo4_D (Bihar),20,6,20.0,17.0,0.3,0.07767995857068877,1.0,3000.0,500.0,0.0,1.0,1.0,3.029411764705882,0.0,1.0,False
0,IND847103AAA,Benipur_Javahar_D (Bihar),19,6,21.0,3.0,0.3157894736842105,0.07767995857068877,1.0,3000.0,500.0,0.0007985473175943,1.0,1.0,1.7916666666666667,0.0014307306106898,0.0,False
0,IND854311AAA,Araria_Wardn13_D (Bihar),10,6,22.0,4.0,0.6,0.07767995857068877,3.0,3000.0,1500.0,0.000404227426276,2.0,3.0,1.8694933477042324,0.0007557004843826,0.3333333333333333,False
0,IND854335AAA,Narpatganj_Central_DPP_1 (Bihar),13,6,2.0,0.0,0.46153846153846156,0.07767995857068877,2.0,3000.0,1000.0,0.0012015858396754,1.0,3.0,1.9392091648189207,0.0023301262726153,0.3333333333333333,False
0,IND000000ACN,Hyderabad_Mhdiptnm_C (Telangana),16,5,11.0,6.0,0.3125,0.06473329880890731,1.0,2500.0,500.0,3.963013983098538e-07,1.0,1.0,2.822368421052632,1.1185085518087322e-06,0.0,False
0,IND110030AAD,Delhi_Kishangarh_DPC (Delhi),7,5,58.0,6.0,0.7142857142857143,0.06473329880890731,3.0,2500.0,1500.0,0.0,2.0,1.0,1.6649136577708006,0.0,1.0,False
0,IND126116AAA,,5,5,5.0,2.0,1.0,0.06473329880890731,4.0,2500.0,2000.0,,,,,,,False
0,IND132001AAA,Karnal (Haryana),6,5,7.0,0.0,0.8333333333333334,0.06473329880890731,3.0,2500.0,1500.0,0.000404227426276,1.0,3.0,1.9392091648189207,0.0007838815297056,0.6666666666666666,False
0,IND140501AAA,Lalru_OnkarDPP_D (Punjab),14,5,14.0,0.0,0.35714285714285715,0.06473329880890731,1.0,2500.0,500.0,0.0003947161927166,1.0,1.0,1.5875,0.0006266119559376,1.0,False
0,IND147001AAB,Patiala (Punjab),13,5,13.0,1.0,0.38461538461538464,0.06473329880890731,1.0,2500.0,500.0,0.0003986792066997,2.0,2.0,1.894132884296253,0.000755151395695,0.0,False
0,IND201007AAA,GZB_Mohan_Nagar_DPC (Uttar Pradesh),17,5,48.0,22.0,0.29411764705882354,0.06473329880890731,0.0,2500.0,0.0,0.0037360993510243,7.0,4.0,2.2456794028039915,0.0083900813594247,0.1904761904761904,False
0,IND203001AAA,Bulndshahr_Ymunpurm_D (Uttar Pradesh),5,5,0.0,0.0,1.0,0.06473329880890731,4.0,2500.0,2000.0,0.0,0.0,1.0,0.0,0.0,0.0,False
0,IND207247AAB,Aliganj_KaimgnjRD_D (Uttar Pradesh),10,5,10.0,5.0,0.5,0.06473329880890731,2.0,2500.0,1000.0,0.0007910175910264,2.0,1.0,2.5245496373545158,0.0019969631725669,0.3333333333333333,False
0,IND209206AAB,Ghatampur_StatinRD_D (Uttar Pradesh),15,5,18.0,0.0,0.3333333333333333,0.06473329880890731,1.0,2500.0,500.0,0.0004050200290726,1.0,1.0,0.8173018753781004,0.0003310236293267,0.0,False
0,IND209801AAA,Unnao_VikasRam_D (Uttar Pradesh),5,5,20.0,10.0,1.0,0.06473329880890731,4.0,2500.0,2000.0,0.0,1.0,1.0,2.363636363636364,0.0,0.0,False
0,IND210501AAB,Bewar_BndhuTRH_D (Uttar Pradesh),16,5,0.0,0.0,0.3125,0.06473329880890731,1.0,2500.0,500.0,0.0,0.0,1.0,0.0,0.0,0.0,False
0,IND221010AAB,Varanasi_MahmurGj_IP (Uttar Pradesh),5,5,2.0,1.0,1.0,0.06473329880890731,4.0,2500.0,2000.0,2.4570686695210935e-05,2.0,3.0,2.046527659332537,5.028458993054316e-05,0.1,False
0,IND231217AAA,Renukoot_Govind_D (Uttar Pradesh),7,5,6.0,1.0,0.7142857142857143,0.06473329880890731,3.0,2500.0,1500.0,1.981506991549269e-06,1.0,1.0,1.807065217391304,3.580712362446369e-06,0.0,False
0,IND242221AAA,Jalalabad_farukngr_D (Uttar Pradesh),5,5,5.0,0.0,1.0,0.06473329880890731,4.0,2500.0,2000.0,0.0,1.0,1.0,1.4634146341463414,0.0,1.0,False
0,IND243001AAA,Bareilly_Central_D_2 (Uttar Pradesh),15,5,0.0,0.0,0.3333333333333333,0.06473329880890731,1.0,2500.0,500.0,0.0,0.0,2.0,0.0,0.0,1.0,False
0,IND274001AAA,Deoria_CCRoad_D (Uttar Pradesh),14,5,17.0,15.0,0.35714285714285715,0.06473329880890731,1.0,2500.0,500.0,0.000413144207738,2.0,2.0,2.56289726533629,0.0010588461602013,0.0,False
0,IND274402AAA,Kushinagar_JiswlDPP_D (Uttar Pradesh),5,5,2.0,1.0,1.0,0.06473329880890731,4.0,2500.0,2000.0,0.0,0.0,2.0,0.0,0.0,1.0,False
0,IND305601AAC,Nasirabad_Central_DPP_2 (Rajasthan),18,5,13.0,1.0,0.2777777777777778,0.06473329880890731,0.0,2500.0,0.0,0.0027566725266433,1.0,1.0,1.4545454545454546,0.0040097054932994,0.0,False
0,IND333031AAA,Pilani (Rajasthan),5,5,15.0,1.0,1.0,0.06473329880890731,4.0,2500.0,2000.0,0.0004054163304709,2.0,1.0,1.7736981496609223,0.0007190861951986,0.3333333333333333,False
0,IND360490AAA,Upleta_AdrshSt_DC (Gujarat),10,5,2.0,2.0,0.5,0.06473329880890731,2.0,2500.0,1000.0,8.32232936450693e-06,1.0,1.0,1.9392091648189207,1.6138737376293465e-05,0.0,False
0,IND382715AAA,Kadi_KaranNGR_D (Gujarat),18,5,18.0,0.0,0.2777777777777778,0.06473329880890731,0.0,2500.0,0.0,0.0042982849660686,1.0,1.0,1.4125000000000003,0.006071327514572,1.0,False
0,IND391110AAD,Dabhoi_Central_DPP_3 (Gujarat),5,5,7.0,1.0,1.0,0.06473329880890731,4.0,2500.0,2000.0,0.0,1.0,1.0,2.1538461538461537,0.0,1.0,False
0,IND410401AAA,Lonavala_NngrgnRd_D (Maharashtra),9,5,11.0,9.0,0.5555555555555556,0.06473329880890731,3.0,2500.0,1500.0,0.0,1.0,1.0,2.462686567164179,0.0,0.0,False
0,IND416404AAA,Jath_Shivprsad_D (Maharashtra),6,5,9.0,3.0,0.8333333333333334,0.06473329880890731,3.0,2500.0,1500.0,0.0015820351820529,2.0,1.0,1.9392091648189207,0.003067897124103,0.0,False
0,IND416510AAA,Sawantwadi_LaxmiNgr_D (Maharashtra),20,5,14.0,12.0,0.25,0.06473329880890731,0.0,2500.0,0.0,0.0012027747438704,2.0,2.0,2.046527659332537,0.0024615117812773,0.0,False
0,IND425409AAA,Shahada_Nandrbar_D (Maharashtra),12,5,12.0,4.0,0.4166666666666667,0.06473329880890731,2.0,2500.0,1000.0,0.000401651467187,3.0,4.0,2.0347415937502484,0.0008172569464762,0.6,False
0,IND441206AAB,Brahmapuri_DhnliRth_D (Maharashtra),8,5,0.0,0.0,0.625,0.06473329880890731,3.0,2500.0,1500.0,0.0,0.0,1.0,0.0,0.0,0.0,False
0,IND442001AAA,Wardha_RamaNgr_D (Maharashtra),5,5,0.0,0.0,1.0,0.06473329880890731,4.0,2500.0,2000.0,0.0,0.0,1.0,0.0,0.0,0.0,False
0,IND442101AAB,Deoli_Central_DPP_2 (Maharashtra),12,5,5.0,5.0,0.4166666666666667,0.06473329880890731,2.0,2500.0,1000.0,3.963013983098538e-07,1.0,1.0,1.9392091648189207,7.685113036330222e-07,0.0,False
0,IND486661AAA,Sidhi_Padra_D (Madhya Pradesh),5,5,6.0,2.0,1.0,0.06473329880890731,4.0,2500.0,2000.0,0.0011996043326839,1.0,1.0,1.6875,0.0020243323114041,0.0,False
0,IND486886AAA,Singrauli_Waidhan_D (Madhya Pradesh),7,5,7.0,0.0,0.7142857142857143,0.06473329880890731,3.0,2500.0,1500.0,3.566712584788684e-06,1.0,1.0,1.6296296296296295,5.812420508544522e-06,0.0,False
0,IND500008AAD,Hyderabad_Tolichwk_L (Telangana),6,5,0.0,0.0,0.8333333333333334,0.06473329880890731,3.0,2500.0,1500.0,0.0,0.0,1.0,0.0,0.0,0.0,False
0,IND500010AAA,Hyderabad_Alwal_I (Telangana),11,5,27.0,15.0,0.45454545454545453,0.06473329880890731,2.0,2500.0,1000.0,0.0019906219237103,3.0,2.0,3.536431623931624,0.007039698322301,0.3333333333333333,False
0,IND500039AAD,Hyderabad_Uppal_L (Telangana),8,5,6.0,4.0,0.625,0.06473329880890731,3.0,2500.0,1500.0,0.0,1.0,1.0,2.727011494252873,0.0,0.0,False
0,IND502286AAB,Narayankhed_Datatrya_D (Telangana),22,5,22.0,12.0,0.22727272727272727,0.06473329880890731,0.0,2500.0,0.0,0.0039305172684371,1.0,1.0,2.4285714285714284,0.009545541937633,0.0,False
0,IND506167AAB,Jangaon_Hanmkond_D (Telangana),16,5,9.0,0.0,0.3125,0.06473329880890731,1.0,2500.0,500.0,0.0035239120337712,1.0,1.0,1.8006535947712417,0.0063453448712677,0.0,False
0,IND507159AAA,Kusumnchi_SKRoad_D (Telangana),15,5,15.0,1.0,0.3333333333333333,0.06473329880890731,1.0,2500.0,500.0,0.0,2.0,2.0,1.6452802580851362,0.0,1.0,False
0,IND509124AAA,JoguGadwal_ColctrOf_D (Telangana),16,5,17.0,1.0,0.3125,0.06473329880890731,1.0,2500.0,500.0,3.963013983098538e-07,2.0,3.0,1.7150591278640062,6.79680330556584e-07,0.6666666666666666,False
0,IND517644AAA,Sriklahsti_SDKNgr_D (Andhra Pradesh),15,5,16.0,10.0,0.3333333333333333,0.06473329880890731,1.0,2500.0,500.0,3.566712584788684e-06,1.0,1.0,2.447619047619048,8.729953659911352e-06,0.0,False
0,IND563116AAA,Bethamangala_FshryOFC_D (Karnataka),14,5,17.0,4.0,0.35714285714285715,0.06473329880890731,1.0,2500.0,500.0,0.0001311097126075,2.0,1.0,2.0213675213675213,0.0002650209148006,1.0,False
0,IND563131AAB,Bangarapet_KolarRd_D (Karnataka),24,5,25.0,5.0,0.20833333333333334,0.06473329880890731,0.0,2500.0,0.0,0.0018557473478189,3.0,3.0,1.8337946775446772,0.003403059609298,0.5,False
0,IND574211AAA,Bantwal_Trmltmpl_D (Karnataka),6,5,8.0,2.0,0.8333333333333334,0.06473329880890731,3.0,2500.0,1500.0,0.0016149281981126,1.0,2.0,2.116013071895425,0.0034172091773789,0.3333333333333333,False
0,IND577598AAB,Madikeri_MuthpTmp_D (Karnataka),17,5,16.0,3.0,0.29411764705882354,0.06473329880890731,0.0,2500.0,0.0,0.0011829596739549,1.0,1.0,1.947368421052632,0.0023036583124385,0.0,False
0,IND583231AAA,Koppal_Banikatt_D (Karnataka),15,5,15.0,0.0,0.3333333333333333,0.06473329880890731,1.0,2500.0,500.0,0.0003947161927166,1.0,1.0,1.6958333333333333,0.0006693728768152,1.0,False
0,IND600008AAC,Chennai_Egmore_DPC (Tamil Nadu),15,5,33.0,21.0,0.3333333333333333,0.06473329880890731,1.0,2500.0,500.0,0.0,2.0,1.0,2.5769230769230766,0.0,1.0,False
0,IND600016AAB,Chennai_Alandur_C (Tamil Nadu),22,5,0.0,0.0,0.22727272727272727,0.06473329880890731,0.0,2500.0,0.0,0.0,0.0,1.0,0.0,0.0,0.0,False
0,IND611001AAA,Nagapttinm_Sttyapar_D (Tamil Nadu),10,5,11.0,11.0,0.5,0.06473329880890731,2.0,2500.0,1000.0,0.0027820358161351,1.0,1.0,3.1944444444444446,0.0088870588570984,0.0,False
0,IND723202AAA,Jhalda_GMukrDPP_D (West Bengal),14,5,14.0,3.0,0.35714285714285715,0.06473329880890731,1.0,2500.0,500.0,0.0027523132112619,1.0,1.0,1.8461538461538465,0.0050811936207912,0.0,False
0,IND741123AAB,Chapra_NagarDPP_D (West Bengal),18,5,18.0,3.0,0.2777777777777778,0.06473329880890731,0.0,2500.0,0.0,0.0002693528503845,2.0,1.0,2.1081730769230766,0.0005678424273732,0.6666666666666666,False
0,IND743270AAA,Helencha_ColnyDPP_D (West Bengal),5,5,6.0,2.0,1.0,0.06473329880890731,4.0,2500.0,2000.0,0.0003947161927166,1.0,1.0,1.9392091648189207,0.0007654372584184,1.0,False
0,IND756019AAA,Balasore_Ganeshwr_D (Orissa),11,5,5.0,2.0,0.45454545454545453,0.06473329880890731,2.0,2500.0,1000.0,0.0003963013983098,1.0,4.0,1.9392091648189207,0.000768511303633,0.3333333333333333,False
0,IND756032AAA,Jaleswar_NaturDPP_D (Orissa),9,5,1.0,0.0,0.5555555555555556,0.06473329880890731,3.0,2500.0,1500.0,0.0007910175910264,1.0,1.0,1.9392091648189207,0.0015339485620515,0.0,False
0,IND761200AAA,Paralakhemundi_Ward14_D (Orissa),12,5,12.0,3.0,0.4166666666666667,0.06473329880890731,2.0,2500.0,1000.0,0.0,1.0,1.0,2.129032258064516,0.0,1.0,False
0,IND781001AAA,Guwahati_UzanBazr_DC (Assam),10,5,0.0,0.0,0.5,0.06473329880890731,2.0,2500.0,1000.0,0.0,0.0,1.0,0.0,0.0,0.0,False
0,IND784168AAB,Gohpur_Central_D_1 (Assam),8,5,3.0,1.0,0.625,0.06473329880890731,3.0,2500.0,1500.0,0.0041536349556855,3.0,2.0,1.9392091648189207,0.0080547669733777,0.3,False
0,IND786125AAA,Tinusukia_Chrwpaty_D (Assam),7,5,6.0,3.0,0.7142857142857143,0.06473329880890731,3.0,2500.0,1500.0,0.0008064733455605,2.0,1.0,2.1538461538461537,0.001737019513515,1.0,False
0,IND787057AAA,Dhemaji_WardNo3_D (Assam),10,5,8.0,7.0,0.5,0.06473329880890731,2.0,2500.0,1000.0,0.0011889041949295,1.0,1.0,2.7429787234042555,0.0032611389108578,0.0,False
0,IND798601AAA,Mokokchung_Central_D_1 (Nagaland),5,5,1.0,1.0,1.0,0.06473329880890731,4.0,2500.0,2000.0,0.0,1.0,1.0,2.1538461538461537,0.0,0.0,False
0,IND802213AAB,Dinara_Wardno7_D (Bihar),5,5,11.0,11.0,1.0,0.06473329880890731,4.0,2500.0,2000.0,0.0007985473175943,1.0,1.0,5.077651515151516,0.0040547449971031,0.0,False
0,IND802301AAA,Arrah_Katira_D (Bihar),10,5,11.0,11.0,0.5,0.06473329880890731,2.0,2500.0,1000.0,3.963013983098538e-07,1.0,1.0,2.6666666666666665,1.0568037288262768e-06,0.0,False
0,IND805110AAD,Nawada_Central_DPP_2 (Bihar),9,5,9.0,4.0,0.5555555555555556,0.06473329880890731,3.0,2500.0,1500.0,2.377808389859123e-06,1.0,1.0,2.260869565217391,5.37591462055106e-06,0.0,False
0,IND843126AAA,Saraiya_Wardno4_D (Bihar),13,5,13.0,3.0,0.38461538461538464,0.06473329880890731,1.0,2500.0,500.0,0.0,2.0,2.0,1.6115551115551114,0.0,1.0,False
0,IND000000AAS,Bongaigaon_Chpaguri_D (Assam),9,4,8.0,7.0,0.4444444444444444,0.05178663904712584,2.0,2000.0,1000.0,0.0031926040647841,1.0,1.0,2.4646938775510203,0.007868791691918,0.0,False
0,IND121004AAA,Faridabad_Blbgarh_DC (Haryana),10,4,23.0,1.0,0.4,0.05178663904712584,1.0,2000.0,500.0,0.0,1.0,1.0,1.6923076923076923,0.0,0.0,False
0,IND121004AAC,Faridabad_MohnVRTL_D (Haryana),6,4,9.0,1.0,0.6666666666666666,0.05178663904712584,2.0,2000.0,1000.0,0.0,1.0,1.0,1.8461538461538465,0.0,0.0,False
0,IND122001AAA,GGN_DPC (Haryana),25,4,59.0,6.0,0.16,0.05178663904712584,0.0,2000.0,0.0,0.002001718362863,2.0,3.0,1.9886877828054297,0.003980792852843,0.0,False
0,IND124112AAA,Meham_GModDPP_D (Haryana),8,4,7.0,2.0,0.5,0.05178663904712584,2.0,2000.0,1000.0,0.0,1.0,2.0,2.065934065934066,0.0,1.0,False
0,IND132103AAB,Panipat_PC (Haryana),8,4,3.0,3.0,0.5,0.05178663904712584,2.0,2000.0,1000.0,0.0,1.0,1.0,1.9392091648189207,0.0,1.0,False
0,IND136027AAA,Kaithal_DC (Haryana),21,4,22.0,1.0,0.19047619047619047,0.05178663904712584,0.0,2000.0,0.0,0.0004058126318692,1.0,1.0,2.1,0.0008522065269255,0.0,False
0,IND147001AAD,Patiala_GainMrkt_L (Punjab),7,4,9.0,1.0,0.5714285714285714,0.05178663904712584,2.0,2000.0,1000.0,0.0016113614855278,2.0,3.0,1.9959203718831449,0.0032161492154329,0.1666666666666666,False
0,IND174103AAA,Baddi_ByePass_D (Himachal Pradesh),6,4,20.0,17.0,0.6666666666666666,0.05178663904712584,2.0,2000.0,1000.0,0.0005916779876766,3.0,1.0,2.2213775384507093,0.0013143401918205,0.0,False
0,IND201007AAB,Ghaziabad_MohanNgr_C (Uttar Pradesh),17,4,1.0,1.0,0.23529411764705882,0.05178663904712584,0.0,2000.0,0.0,0.0021088858095641,1.0,3.0,2.1538461538461537,0.0045422155898303,0.6666666666666666,False
0,IND201304AAA,Noida_Sec-83_DC (Uttar Pradesh),18,4,13.0,2.0,0.2222222222222222,0.05178663904712584,0.0,2000.0,0.0,0.0,2.0,1.0,1.9744925213675213,0.0,1.0,False
0,IND205135AAA,Shikohabad_Katrmira_D (Uttar Pradesh),13,4,8.0,3.0,0.3076923076923077,0.05178663904712584,0.0,2000.0,0.0,0.000404227426276,1.0,1.0,3.100609756097561,0.0012533515015937,0.0,False
0,IND207302AAA,Jalesar_ChngiDPP_D (Uttar Pradesh),6,4,6.0,0.0,0.6666666666666666,0.05178663904712584,2.0,2000.0,1000.0,0.0011865263865397,1.0,1.0,1.6667682926829268,0.001977664559516,0.0,False
0,IND232101AAB,MughalSarai_Central_D_2 (Uttar Pradesh),7,4,4.0,4.0,0.5714285714285714,0.05178663904712584,2.0,2000.0,1000.0,5.548219576337954e-06,1.0,1.0,2.1538461538461537,1.1950011395189438e-05,1.0,False
0,IND233001AAA,Ghazipur_Kaithwal_D (Uttar Pradesh),4,4,3.0,3.0,1.0,0.05178663904712584,3.0,2000.0,1500.0,9.907534957746346e-06,1.0,2.0,1.9392091648189207,1.921278259082556e-05,0.3333333333333333,False
0,IND244713AAA,Kashipur_Vaishali_D (Uttarakhand),17,4,18.0,2.0,0.23529411764705882,0.05178663904712584,0.0,2000.0,0.0,0.0003947161927166,2.0,1.0,1.4311430439479222,0.0005648953335399,0.0,False
0,IND246424AAA,Chamoli_CGRoad_D (Uttarakhand),16,4,15.0,0.0,0.25,0.05178663904712584,0.0,2000.0,0.0,3.963013983098538e-07,1.0,1.0,1.4090909090909092,5.584246976184304e-07,1.0,False
0,IND251001AAA,Muzaffrngr_MhmodNgr_D (Uttar Pradesh),12,4,10.0,0.0,0.3333333333333333,0.05178663904712584,1.0,2000.0,500.0,0.0008072659483571,1.0,1.0,1.930565088080531,0.0015584794566945,0.0,False
0,IND262122AAB,Puranpur_MdothdRD_D (Uttar Pradesh),4,4,6.0,0.0,1.0,0.05178663904712584,3.0,2000.0,1500.0,0.0,1.0,1.0,2.1538461538461537,0.0,1.0,False
0,IND262701AAA,Lakhimpur_Maheva_D (Uttar Pradesh),20,4,20.0,13.0,0.2,0.05178663904712584,0.0,2000.0,0.0,1.5852055932394153e-06,1.0,1.0,2.4787234042553195,3.929286204518976e-06,0.0,False
0,IND275503AAA,Ghosi_Jamalpur_D (Uttar Pradesh),4,4,3.0,3.0,1.0,0.05178663904712584,3.0,2000.0,1500.0,1.2285343347605467e-05,2.0,1.0,1.9392091648189207,2.382385041262369e-05,0.3333333333333333,False
0,IND277211AAA,Sahatwar_PnchmDPP_D (Uttar Pradesh),5,4,6.0,0.0,0.8,0.05178663904712584,3.0,2000.0,1500.0,0.0004097756458523,1.0,1.0,1.41421568627451,0.0005795111462177,0.0,False
0,IND281121AAB,Vrindavan_MathuraRD_D (Uttar Pradesh),13,4,0.0,0.0,0.3076923076923077,0.05178663904712584,0.0,2000.0,0.0,0.0,0.0,1.0,0.0,0.0,0.0,False
0,IND301001AAB,Alwar_Central_I_1 (Rajasthan),18,4,37.0,11.0,0.2222222222222222,0.05178663904712584,0.0,2000.0,0.0,0.0031882447494027,4.0,3.0,1.8534943508331272,0.0059093936320914,0.3,False
0,IND331304AAA,Taranagar_RajRdDPP_D (Rajasthan),4,4,3.0,0.0,1.0,0.05178663904712584,3.0,2000.0,1500.0,0.0,0.0,1.0,0.0,0.0,0.0,False
0,IND341503AAB,Degana_BhukrdPP_D (Rajasthan),12,4,12.0,2.0,0.3333333333333333,0.05178663904712584,1.0,2000.0,500.0,0.0,1.0,1.0,2.007459505541347,0.0,1.0,False
0,IND342005AAD,Jodhpur_Basni_I (Rajasthan),19,4,32.0,16.0,0.21052631578947367,0.05178663904712584,0.0,2000.0,0.0,0.0051887742080709,2.0,4.0,3.6616527388703815,0.0189994892903628,0.2,False
0,IND342902AAA,Gotan_DKLogDPP_D (Rajasthan),5,4,8.0,1.0,0.8,0.05178663904712584,3.0,2000.0,1500.0,0.0013729861944444,2.0,1.0,2.0706684121966945,0.0028429991432183,0.3333333333333333,False
0,IND362265AAA,Veraval_DC (Gujarat),16,4,10.0,0.0,0.25,0.05178663904712584,0.0,2000.0,0.0,1.783356292394342e-05,2.0,1.0,1.9519230769230769,3.480974301500495e-05,0.0,False
0,IND370110AAA,Anjar_DC (Gujarat),15,4,5.0,5.0,0.26666666666666666,0.05178663904712584,0.0,2000.0,0.0,0.0,1.0,2.0,1.9392091648189207,0.0,1.0,False
0,IND388320AAA,Anand_Vaghasi_IP (Gujarat),19,4,54.0,5.0,0.21052631578947367,0.05178663904712584,0.0,2000.0,0.0,0.0032060783123267,4.0,3.0,1.673913043478261,0.0053666963054164,0.2,False
0,IND390020AAA,Vadodara (Gujarat),10,4,7.0,6.0,0.4,0.05178663904712584,1.0,2000.0,500.0,0.000404227426276,1.0,2.0,2.1538461538461537,0.0008706436873638,1.0,False
0,IND395004AAB,Surat_Central_D_3 (Gujarat),4,4,17.0,3.0,1.0,0.05178663904712584,3.0,2000.0,1500.0,0.0,1.0,1.0,2.3529411764705883,0.0,0.0,False
0,IND400612AAA,Mumbai_Mumbra_DC (Maharashtra),10,4,14.0,3.0,0.4,0.05178663904712584,1.0,2000.0,500.0,0.0,1.0,1.0,2.390151515151516,0.0,0.0,False
0,IND400701AAA,Mumbai_Ghansoli_DC (Maharashtra),17,4,0.0,0.0,0.23529411764705882,0.05178663904712584,0.0,2000.0,0.0,0.0,0.0,1.0,0.0,0.0,0.0,False
0,IND410206AAA,Jasai_JNPT_D (Maharashtra),13,4,19.0,6.0,0.3076923076923077,0.05178663904712584,0.0,2000.0,0.0,0.0003951124941149,2.0,1.0,2.182186234817814,0.0008622090458621,0.0,False
0,IND410501AAF,Talegaon_Central_DPP_4 (Maharashtra),4,4,5.0,4.0,1.0,0.05178663904712584,3.0,2000.0,1500.0,0.0003947161927166,1.0,1.0,2.1538461538461537,0.0008501579535434,1.0,False
0,IND410505AAB,Rajgurunagar_Chakan_D (Maharashtra),7,4,9.0,3.0,0.5714285714285714,0.05178663904712584,2.0,2000.0,1000.0,0.000404227426276,1.0,1.0,2.1538461538461537,0.0008706436873638,1.0,False
0,IND423601AAA,Kopargaon_NkshtrPz_D (Maharashtra),15,4,14.0,5.0,0.26666666666666666,0.05178663904712584,0.0,2000.0,0.0,0.0009988776744399,1.0,2.0,2.513888888888889,0.0025110674871338,0.6666666666666666,False
0,IND423701AAB,Vaijiapur_YeolaRD_D (Maharashtra),18,4,16.0,4.0,0.2222222222222222,0.05178663904712584,0.0,2000.0,0.0,0.001968429045405,2.0,1.0,2.162068004459309,0.0042558774581186,0.3333333333333333,False
0,IND441614AAA,Gondia_RamNgr_D (Maharashtra),9,4,0.0,0.0,0.4444444444444444,0.05178663904712584,2.0,2000.0,1000.0,0.0,0.0,1.0,0.0,0.0,0.0,False
0,IND444602AAA,Amravati_DC (Maharashtra),21,4,0.0,0.0,0.19047619047619047,0.05178663904712584,0.0,2000.0,0.0,0.0,0.0,1.0,0.0,0.0,0.0,False
0,IND458990AAA,Sitamau_Central_DPP_1 (Madhya Pradesh),10,4,11.0,1.0,0.4,0.05178663904712584,1.0,2000.0,500.0,0.0003947161927166,1.0,1.0,1.4378306878306877,0.0005675350548716,1.0,False
0,IND507117AAB,Manuguru_AskNagar_D (Telangana),18,4,20.0,1.0,0.2222222222222222,0.05178663904712584,0.0,2000.0,0.0,0.0007989436189926,2.0,1.0,1.7821045824094606,0.0014238010844936,0.3333333333333333,False
0,IND509216AAC,Shadnagar_Central_D_1 (Telangana),12,4,9.0,1.0,0.3333333333333333,0.05178663904712584,1.0,2000.0,500.0,0.0,1.0,1.0,2.1538461538461537,0.0,1.0,False
0,IND509358AAA,Kadthal_GndhiDPP_D (Telangana),17,4,17.0,2.0,0.23529411764705882,0.05178663904712584,0.0,2000.0,0.0,0.0012114933746332,1.0,2.0,1.5555555555555556,0.0018845452494294,0.3333333333333333,False
0,IND518401AAA,Nandikotkr_UmarDPP_D (Andhra Pradesh),12,4,13.0,0.0,0.3333333333333333,0.05178663904712584,1.0,2000.0,500.0,0.0008080585511537,1.0,1.0,1.935483870967742,0.0015639842925557,0.0,False
0,IND524101AAB,Gudur_Bngisheb_D (Andhra Pradesh),16,4,14.0,0.0,0.25,0.05178663904712584,0.0,2000.0,0.0,3.566712584788684e-06,1.0,1.0,1.6571428571428577,5.910552283364107e-06,0.0,False
0,IND530026AAA,Vizag_Gajuwaka (Andhra Pradesh),4,4,0.0,0.0,1.0,0.05178663904712584,3.0,2000.0,1500.0,0.0,0.0,1.0,0.0,0.0,0.0,False
0,IND532222AAA,Palasa_Central_DPP_1 (Andhra Pradesh),12,4,20.0,2.0,0.3333333333333333,0.05178663904712584,1.0,2000.0,500.0,0.0011924709075143,1.0,2.0,1.735,0.0020689370245373,0.6666666666666666,False
0,IND533003AAA,Kakinada_DC (Andhra Pradesh),21,4,17.0,2.0,0.19047619047619047,0.05178663904712584,0.0,2000.0,0.0,0.000404227426276,2.0,2.0,1.7410912258473237,0.000703796825136,1.0,False
0,IND534260AAC,Palakollu_CroadDPP_D (Andhra Pradesh),4,4,5.0,5.0,1.0,0.05178663904712584,3.0,2000.0,1500.0,0.0,1.0,1.0,1.9392091648189207,0.0,0.0,False
0,IND586128AAA,Sindagi_KalyanNg_D (Karnataka),19,4,18.0,0.0,0.21052631578947367,0.05178663904712584,0.0,2000.0,0.0,0.000399075508098,2.0,2.0,2.0431392931392933,0.0008153668515245,0.0,False
0,IND600008AAA,Chennai_Egmore_C (Tamil Nadu),14,4,0.0,0.0,0.2857142857142857,0.05178663904712584,0.0,2000.0,0.0,0.0,0.0,1.0,0.0,0.0,0.0,False
0,IND600016AAA,Airport (Tamil Nadu),8,4,0.0,0.0,0.5,0.05178663904712584,2.0,2000.0,1000.0,0.0,0.0,1.0,0.0,0.0,0.0,False
0,IND602001AAB,Kumbakonam_Mettu_DC (Tamil Nadu),11,4,0.0,0.0,0.36363636363636365,0.05178663904712584,1.0,2000.0,500.0,0.0,0.0,1.0,0.0,0.0,0.0,False
0,IND603301AAA,Malemruvathur_Achipkam_D (Tamil Nadu),14,4,13.0,0.0,0.2857142857142857,0.05178663904712584,0.0,2000.0,0.0,0.0003947161927166,1.0,1.0,1.4285714285714286,0.0005638802753094,1.0,False
0,IND607801AAA,Neyveli_NJVNgr_D (Tamil Nadu),15,4,14.0,2.0,0.26666666666666666,0.05178663904712584,0.0,2000.0,0.0,0.0016050206631549,1.0,1.0,2.16025641025641,0.0034672561761743,0.0,False
0,IND608001AAA,Chidambaram_ARBNorth_DC (Tamil Nadu),7,4,11.0,3.0,0.5714285714285714,0.05178663904712584,2.0,2000.0,1000.0,0.0028105695168134,1.0,1.0,2.0,0.0056211390336269,0.0,False
0,IND609001AAA,Mylduthuri_Thiruviz_D (Tamil Nadu),12,4,11.0,4.0,0.3333333333333333,0.05178663904712584,1.0,2000.0,500.0,7.926027966197076e-07,1.0,1.0,2.2962962962962963,1.8200508663119207e-06,0.0,False
0,IND627401AAA,Ambasamdrm_Solaiprm_D (Tamil Nadu),13,4,10.0,0.0,0.3076923076923077,0.05178663904712584,0.0,2000.0,0.0,2.774109788168977e-06,1.0,1.0,1.7125237191650855,4.750728811807404e-06,1.0,False
0,IND632301AAA,Arani_KrthiKyn_D (Tamil Nadu),12,4,14.0,1.0,0.3333333333333333,0.05178663904712584,1.0,2000.0,500.0,0.0008080585511537,1.0,1.0,1.9375,0.0015656134428604,0.0,False
0,IND638701AAA,Kangayam_Thvlrsrt_D (Tamil Nadu),17,4,16.0,0.0,0.23529411764705882,0.05178663904712584,0.0,2000.0,0.0,1.664465872901386e-05,1.0,1.0,1.4747126436781608,2.4546088677384804e-05,0.0,False
0,IND680587AAA,Pazhayannur_AlathurRD_D (Kerala),14,4,15.0,0.0,0.2857142857142857,0.05178663904712584,0.0,2000.0,0.0,0.0011829596739549,1.0,2.0,1.36,0.0016088251565786,0.3333333333333333,False
0,IND700026AAC,CCU_Lake Avenue_DPC (West Bengal),6,4,31.0,14.0,0.6666666666666666,0.05178663904712584,2.0,2000.0,1000.0,0.0,1.0,2.0,2.5,0.0,1.0,False
0,IND700144AAA,Baruipur_Bnsibtla_D (West Bengal),4,4,5.0,2.0,1.0,0.05178663904712584,3.0,2000.0,1500.0,,,,,,,False
0,IND733129AAA,Kaliyaganj_FatprDPP_D (West Bengal),4,4,5.0,0.0,1.0,0.05178663904712584,3.0,2000.0,1500.0,5.944520974647807e-06,1.0,1.0,2.1538461538461537,1.2803583637702968e-05,0.0,False
0,IND736135AAA,Dinhata_WrdN4DPP_D (West Bengal),11,4,8.0,0.0,0.36363636363636365,0.05178663904712584,1.0,2000.0,500.0,1.5852055932394153e-06,1.0,2.0,1.6315789473684212,2.586388073180099e-06,0.0,False
0,IND741201AAC,Ranaghat_ArickDPP_D (West Bengal),4,4,1.0,1.0,1.0,0.05178663904712584,3.0,2000.0,1500.0,0.0,0.0,1.0,0.0,0.0,0.0,False
0,IND743395AAA,Jaynagar_MjlprDPP_D (West Bengal),4,4,4.0,4.0,1.0,0.05178663904712584,3.0,2000.0,1500.0,,,,,,,False
0,IND784001AAA,Tezpur_Mhbhirab_D (Assam),6,4,7.0,3.0,0.6666666666666666,0.05178663904712584,2.0,2000.0,1000.0,0.0014052847584067,3.0,4.0,2.0107548278279985,0.0028256831124394,0.1904761904761904,False
0,IND785682AAA,Sivasagar_Babupaty_D (Assam),12,4,27.0,21.0,0.3333333333333333,0.05178663904712584,1.0,2000.0,500.0,0.0079311798843751,2.0,2.0,3.175541125541126,0.0251857878968976,0.0,False
0,IND796009AAA,Aizawl_HunthrVg_I (Mizoram),4,4,3.0,3.0,1.0,0.05178663904712584,3.0,2000.0,1500.0,0.0,1.0,1.0,1.9392091648189207,0.0,0.0,False
0,IND803101AAA,BiharSarif_Soghra_D (Bihar),9,4,11.0,9.0,0.4444444444444444,0.05178663904712584,2.0,2000.0,1000.0,2.377808389859123e-06,1.0,1.0,2.8421052631578947,6.757981739599612e-06,0.0,False
0,IND816109AAA,Sahebganj_BaraLoha_D (Jharkhand),10,4,14.0,8.0,0.4,0.05178663904712584,1.0,2000.0,500.0,0.0011833559753532,2.0,1.0,2.258667082409461,0.0026728071883028,0.0,False
0,IND828401AAB,Gomoh_KhsmiDPP_D (Jharkhand),7,4,3.0,0.0,0.5714285714285714,0.05178663904712584,2.0,2000.0,1000.0,0.0,0.0,1.0,0.0,0.0,0.0,False
0,IND843320AAA,Pupri_SngihiRD_D (Bihar),8,4,21.0,14.0,0.5,0.05178663904712584,2.0,2000.0,1000.0,0.0011924709075143,2.0,1.0,2.289604582409461,0.0027302868542348,0.6666666666666666,False
0,IND846004AAA,Darbhanga (Bihar),22,4,22.0,8.0,0.18181818181818182,0.05178663904712584,0.0,2000.0,0.0,0.0008080585511537,1.0,1.0,2.2448979591836733,0.001814008992386,0.0,False
0,IND000000AEL,Delhi_PunjabiB_L (Delhi),17,3,23.0,5.0,0.17647058823529413,0.038839979285344384,0.0,1500.0,0.0,0.0,1.0,1.0,1.825396825396825,0.0,0.0,False
0,IND000000AFF,Darjeeling_Hillcard_DC (West Bengal),3,3,3.0,3.0,1.0,0.038839979285344384,2.0,1500.0,1000.0,3.963013983098538e-07,1.0,1.0,1.9392091648189207,7.685113036330222e-07,0.0,False
0,IND110020AAB,OK_RPC (Delhi),4,3,9.0,7.0,0.75,0.038839979285344384,2.0,1500.0,1000.0,0.0,1.0,1.0,3.880740740740741,0.0,0.0,False
0,IND110024AAA,Delhi_Lajpat_IP (Delhi),6,3,30.0,18.0,0.5,0.038839979285344384,1.0,1500.0,500.0,0.0004050200290726,3.0,1.0,2.7417183796595563,0.0011104508578387,0.3333333333333333,False
0,IND110039AAA,Delhi_Barwala (Delhi),3,3,4.0,0.0,1.0,0.038839979285344384,2.0,1500.0,1000.0,0.0,1.0,1.0,2.1538461538461537,0.0,0.0,False
0,IND122001AAD,Gurgaon_Kadipur (Haryana),10,3,3.0,3.0,0.3,0.038839979285344384,0.0,1500.0,0.0,0.0004050200290726,1.0,1.0,2.1538461538461537,0.0008723508318488,0.0,False
0,IND125047AAB,Hisar_AgrohDPP_D (Haryana),11,3,10.0,0.0,0.2727272727272727,0.038839979285344384,0.0,1500.0,0.0,0.0004155220161278,2.0,2.0,1.9908347411396192,0.0008272356654157,0.3333333333333333,False
0,IND127201AAA,Loharu_BstndDPP_D (Haryana),3,3,8.0,1.0,1.0,0.038839979285344384,2.0,1500.0,1000.0,0.0011924709075143,1.0,1.0,1.9392091648189207,0.0023124505126317,0.0,False
0,IND132103AAA,Panipat (Haryana),8,3,3.0,3.0,0.375,0.038839979285344384,1.0,1500.0,500.0,0.0008080585511537,2.0,2.0,1.9392091648189207,0.0015669945481077,1.0,False
0,IND151506AAA,Jhunir_BhaRDDPP_D (Punjab),18,3,5.0,0.0,0.16666666666666666,0.038839979285344384,0.0,1500.0,0.0,0.0007890360840349,1.0,1.0,1.7692307692307694,0.0013959869179079,0.0,False
0,IND160102AAC,Chandigarh_Raiprvlg_L (Chandigarh),28,3,25.0,2.0,0.10714285714285714,0.038839979285344384,0.0,1500.0,0.0,0.0,1.0,1.0,1.7680672268907562,0.0,0.0,False
0,IND201001AAA,Ghaziabad_Patel Nagar (Uttar Pradesh),4,3,2.0,0.0,0.75,0.038839979285344384,2.0,1500.0,1000.0,0.0,1.0,1.0,2.1538461538461537,0.0,0.0,False
0,IND202001AAC,Aligarh_Central_D_2 (Uttar Pradesh),4,3,0.0,0.0,0.75,0.038839979285344384,2.0,1500.0,1000.0,0.0,0.0,1.0,0.0,0.0,0.0,False
0,IND204101AAA,Hathras (Uttar Pradesh),4,3,4.0,1.0,0.75,0.038839979285344384,2.0,1500.0,1000.0,1.8801513363069267e-05,1.0,1.0,1.9392091648189207,3.6460067026129337e-05,1.0,False
0,IND208006AAA,Kanpur_GovndNgr_DC (Uttar Pradesh),3,3,14.0,4.0,1.0,0.038839979285344384,2.0,1500.0,1000.0,0.0,1.0,0.0,1.44,0.0,0.0,False
0,IND210431AAA,Rath_Mughlpra_D (Uttar Pradesh),5,3,5.0,2.0,0.6,0.038839979285344384,2.0,1500.0,1000.0,0.0015764869624765,1.0,1.0,1.9392091648189207,0.0030571379658521,0.0,False
0,IND248001AAD,Dehradun_Nirjanpur_L (Uttarakhand),9,3,3.0,0.0,0.3333333333333333,0.038839979285344384,1.0,1500.0,500.0,0.0003941217406191,2.0,1.0,1.9392091648189207,0.000764284491463,0.0,False
0,IND272207AAB,Naugarh_Central_D_1 (Uttar Pradesh),3,3,0.0,0.0,1.0,0.038839979285344384,2.0,1500.0,1000.0,0.0,0.0,1.0,0.0,0.0,0.0,False
0,IND283122AAB,Kirauli_AchneraRD_D (Uttar Pradesh),10,3,18.0,6.0,0.3,0.038839979285344384,0.0,1500.0,0.0,0.0003959050969115,1.0,2.0,2.548245614035088,0.0010088634267789,0.0,False
0,IND302026AAA,Jaipur_Bhankrot_DC (Rajasthan),3,3,19.0,14.0,1.0,0.038839979285344384,2.0,1500.0,1000.0,0.0,1.0,1.0,3.8333333333333335,0.0,0.0,False
0,IND311302AAA,Badnaur_BhmrdDPP_D (Rajasthan),3,3,4.0,0.0,1.0,0.038839979285344384,2.0,1500.0,1000.0,0.0023896974318084,2.0,1.0,1.9392091648189207,0.0046341231609071,0.3333333333333333,False
0,IND321001AAA,Bharatpur_DC (Rajasthan),13,3,9.0,1.0,0.23076923076923078,0.038839979285344384,0.0,1500.0,0.0,0.0003951124941149,2.0,2.0,1.9392091648189207,0.0007662057697221,0.5,False
0,IND322241AAA,Karauli_HnsChowk_D (Rajasthan),15,3,14.0,0.0,0.2,0.038839979285344384,0.0,1500.0,0.0,2.4570686695210935e-05,1.0,1.0,1.6071428571428572,3.9488603617303295e-05,0.0,False
0,IND332713AAA,NeemKaThana_War5DPP_D (Rajasthan),7,3,2.0,0.0,0.42857142857142855,0.038839979285344384,1.0,1500.0,500.0,7.926027966197076e-07,1.0,2.0,1.9392091648189207,1.5370226072660444e-06,0.0,False
0,IND388220AAA,Umreth_Dakor_DC (Gujarat),14,3,15.0,2.0,0.21428571428571427,0.038839979285344384,0.0,1500.0,0.0,0.0003947161927166,1.0,1.0,1.76,0.0006947004991812,1.0,False
0,IND395006AAA,Surat_Varachha_DC (Gujarat),3,3,27.0,2.0,1.0,0.038839979285344384,2.0,1500.0,1000.0,0.0,1.0,1.0,1.8131868131868127,0.0,0.0,False
0,IND401501AAA,Boisar_OstwlEmp_D (Maharashtra),17,3,17.0,17.0,0.17647058823529413,0.038839979285344384,0.0,1500.0,0.0,0.0,1.0,1.0,7.384615384615385,0.0,0.0,False
0,IND403401AAA,Goa_Ponda_Dc (Goa),3,3,6.0,1.0,1.0,0.038839979285344384,2.0,1500.0,1000.0,0.0,1.0,1.0,2.083333333333333,0.0,0.0,False
0,IND411043AAA,Pune Balaji Nagar (Maharashtra),3,3,7.0,6.0,1.0,0.038839979285344384,2.0,1500.0,1000.0,0.0,1.0,1.0,2.1538461538461537,0.0,0.0,False
0,IND415709AAA,Khed_Mahad_D (Maharashtra),6,3,16.0,10.0,0.5,0.038839979285344384,1.0,1500.0,500.0,0.0011829596739549,1.0,1.0,2.4,0.0028391032174917,0.0,False
0,IND416602AAC,Kankavali_NrdawDPP_D (Maharashtra),7,3,6.0,5.0,0.42857142857142855,0.038839979285344384,1.0,1500.0,500.0,0.0007886397826366,1.0,1.0,2.6625,0.0020997534212699,0.0,False
0,IND431514AAA,Gangakher_Busstand_D (Maharashtra),16,3,16.0,3.0,0.1875,0.038839979285344384,0.0,1500.0,0.0,0.003161692555716,1.0,1.0,2.0689655172413794,0.0065414328738952,0.0,False
0,IND431708AAA,Loha_SivjiCWK_D (Maharashtra),16,3,15.0,5.0,0.1875,0.038839979285344384,0.0,1500.0,0.0,0.0031712037892754,1.0,1.0,2.0217391304347827,0.0064113467913612,0.0,False
0,IND444203AAA,Shegaon_SChwkDPP_D (Maharashtra),5,3,3.0,3.0,0.6,0.038839979285344384,2.0,1500.0,1000.0,0.0015764869624765,2.0,1.0,1.9392091648189207,0.0030571379658521,0.6666666666666666,False
0,IND462011AAA,Bhopal MP Nagar (Madhya Pradesh),11,3,28.0,11.0,0.2727272727272727,0.038839979285344384,0.0,1500.0,0.0,0.0,1.0,1.0,2.833333333333333,0.0,0.0,False
0,IND473226AAA,Guna_Raghogrh_D (Madhya Pradesh),20,3,17.0,8.0,0.15,0.038839979285344384,0.0,1500.0,0.0,0.0007914138924247,1.0,2.0,1.9817073170731707,0.0015683507014515,0.3333333333333333,False
0,IND486889AAA,Singrauli_Ward8DPP_D (Madhya Pradesh),7,3,7.0,5.0,0.42857142857142855,0.038839979285344384,1.0,1500.0,500.0,3.1704111864788306e-06,1.0,2.0,2.4,7.608986847549193e-06,0.3333333333333333,False
0,IND505184AAC,Manthani_Chaitnya_D (Telangana),11,3,8.0,2.0,0.2727272727272727,0.038839979285344384,0.0,1500.0,0.0,0.0003947161927166,2.0,2.0,1.9392091648189207,0.0007654372584184,0.6666666666666666,False
0,IND508213AAB,Suryapet_Krishna_D (Telangana),14,3,14.0,0.0,0.21428571428571427,0.038839979285344384,0.0,1500.0,0.0,0.0,1.0,1.0,1.818181818181818,0.0,1.0,False
0,IND509324AAA,Kalwakurthy_VidyaNGR_D (Telangana),8,3,9.0,1.0,0.375,0.038839979285344384,1.0,1500.0,500.0,0.0,1.0,1.0,1.7037037037037035,0.0,1.0,False
0,IND520011AAA,Vijayawada (Andhra Pradesh),8,3,1.0,0.0,0.375,0.038839979285344384,1.0,1500.0,500.0,0.0,1.0,1.0,2.1538461538461537,0.0,0.0,False
0,IND521105AAA,HanumanJNC_VijywdRD_D (Andhra Pradesh),8,3,3.0,0.0,0.375,0.038839979285344384,1.0,1500.0,500.0,0.0012019821410737,1.0,2.0,1.9392091648189207,0.0023308947839189,0.3333333333333333,False
0,IND521165AAA,Vuyyuru_BhogdDPP_D (Andhra Pradesh),3,3,4.0,1.0,1.0,0.038839979285344384,2.0,1500.0,1000.0,0.0,2.0,1.0,1.9392091648189207,0.0,1.0,False
0,IND521301AAA,Gudivada_GvrCompx_D (Andhra Pradesh),19,3,19.0,4.0,0.15789473684210525,0.038839979285344384,0.0,1500.0,0.0,0.0,1.0,1.0,1.8666666666666667,0.0,1.0,False
0,IND532421AAA,Narasnpeta_HudcoDPP_D (Andhra Pradesh),13,3,19.0,11.0,0.23076923076923078,0.038839979285344384,0.0,1500.0,0.0,0.0,1.0,1.0,3.111111111111111,0.0,1.0,False
0,IND533201AAA,Amalapuram_Vijdurg_D (Andhra Pradesh),11,3,8.0,3.0,0.2727272727272727,0.038839979285344384,0.0,1500.0,0.0,0.0003949143434157,3.0,2.0,1.9392091648189207,0.0007658215140703,0.6666666666666666,False
0,IND560085AAA,Bengaluru_Banshkri_DC (Karnataka),7,3,53.0,13.0,0.42857142857142855,0.038839979285344384,1.0,1500.0,500.0,0.0,3.0,1.0,1.950912036438352,0.0,1.0,False
0,IND571104AAA,Koppa_BMRd_D (Karnataka),17,3,15.0,0.0,0.17647058823529413,0.038839979285344384,0.0,1500.0,0.0,0.0011924709075143,1.0,1.0,1.9112179487179488,0.0022790718017654,0.0,False
0,IND573116AAA,Channaraya_patna_D (Karnataka),14,3,14.0,5.0,0.21428571428571427,0.038839979285344384,0.0,1500.0,0.0,0.0020171741173971,1.0,3.0,2.090909090909091,0.0042177277000122,0.3333333333333333,False
0,IND600016AAC,Chennai_Perungudi_DPC (Tamil Nadu),12,3,23.0,11.0,0.25,0.038839979285344384,0.0,1500.0,0.0,0.0011932635103109,2.0,2.0,2.9712885154061626,0.0035455301640402,0.0,False
0,IND600110AAA,Chennai_Madhavaram_L (Tamil Nadu),11,3,28.0,13.0,0.2727272727272727,0.038839979285344384,0.0,1500.0,0.0,0.0004046237276743,1.0,2.0,2.64015444015444,0.0010682691312113,0.0,False
0,IND607001AAA,Cuddalore_KtsiGrsm_D (Tamil Nadu),11,3,12.0,0.0,0.2727272727272727,0.038839979285344384,0.0,1500.0,0.0,0.0028200807503729,1.0,1.0,1.793103448275862,0.00505669651791,0.0,False
0,IND627117AAA,Vallior_Radhaprm_D (Tamil Nadu),11,3,11.0,0.0,0.2727272727272727,0.038839979285344384,0.0,1500.0,0.0,0.0,1.0,1.0,1.6341463414634143,0.0,1.0,False
0,IND631003AAA,Arakkonam_HousngBd_D (Tamil Nadu),10,3,10.0,6.0,0.3,0.038839979285344384,0.0,1500.0,0.0,0.0,1.0,1.0,2.6538461538461537,0.0,1.0,False
0,IND641001AAA,Coimbatore_Ukkadam_D (Tamil Nadu),3,3,6.0,4.0,1.0,0.038839979285344384,2.0,1500.0,1000.0,5.944520974647807e-06,1.0,1.0,2.1538461538461537,1.2803583637702968e-05,1.0,False
0,IND641006AAD,Coimbatore_ElngoNgr_C (Tamil Nadu),5,3,0.0,0.0,0.6,0.038839979285344384,2.0,1500.0,1000.0,0.0,0.0,1.0,0.0,0.0,0.0,False
0,IND643212AAA,Gudalur_kalmpuza_D (Tamil Nadu),3,3,6.0,2.0,1.0,0.038839979285344384,2.0,1500.0,1000.0,1.664465872901386e-05,1.0,1.0,2.1538461538461537,3.5850034185568314e-05,0.0,False
0,IND670645AAB,Mananthavady_Central_D_1 (Kerala),6,3,9.0,2.0,0.5,0.038839979285344384,1.0,1500.0,500.0,0.0003959050969115,2.0,1.0,2.1805017059553347,0.000863271739212,1.0,False
0,IND673027AAB,Kozhikode_Feroke_H (Kerala),3,3,1.0,0.0,1.0,0.038839979285344384,2.0,1500.0,1000.0,1.5852055932394153e-06,1.0,2.0,1.9392091648189207,3.0740452145320888e-06,0.3333333333333333,False
0,IND686507AAA,Parakkdavu_KeRoad_D (Kerala),16,3,1.0,1.0,0.1875,0.038839979285344384,0.0,1500.0,0.0,0.0,1.0,2.0,2.1538461538461537,0.0,1.0,False
0,IND688524AAA,Cherthala_Mulapali_D (Kerala),7,3,0.0,0.0,0.42857142857142855,0.038839979285344384,1.0,1500.0,500.0,0.0,0.0,1.0,0.0,0.0,0.0,False
0,IND712602AAA,Arambag_BalibDPP_D (West Bengal),3,3,4.0,1.0,1.0,0.038839979285344384,2.0,1500.0,1000.0,0.001192074606116,1.0,1.0,1.9392091648189207,0.0023116820013281,0.0,False
0,IND713130AAA,Katwa_BSarani_D (West Bengal),18,3,16.0,1.0,0.16666666666666666,0.038839979285344384,0.0,1500.0,0.0,0.0005383093993708,2.0,2.0,2.1532108708760447,0.0011590936506201,0.3333333333333333,False
0,IND723101AAA,Purulia_GariDPP_D (West Bengal),14,3,15.0,7.0,0.21428571428571427,0.038839979285344384,0.0,1500.0,0.0,0.0027618244448213,1.0,1.0,2.333333333333333,0.0064442570379165,0.0,False
0,IND734214AAB,Mirik_WardNo3_D (West Bengal),3,3,0.0,0.0,1.0,0.038839979285344384,2.0,1500.0,1000.0,0.0,0.0,1.0,0.0,0.0,0.0,False
0,IND742202AAA,Dhulian_RatanDPP_D (West Bengal),3,3,1.0,1.0,1.0,0.038839979285344384,2.0,1500.0,1000.0,0.0020231186383718,1.0,2.0,1.9392091648189207,0.0039232502050465,0.3333333333333333,False
0,IND751015AAA,Bhubaneshwar_Nayapalli (Orissa),13,3,0.0,0.0,0.23076923076923078,0.038839979285344384,0.0,1500.0,0.0,0.0,0.0,4.0,0.0,0.0,0.6666666666666666,False
0,IND764001AAC,Jeypore_Kelasahi_D (Orissa),7,3,4.0,3.0,0.42857142857142855,0.038839979285344384,1.0,1500.0,500.0,0.0016054169645532,2.0,1.0,2.1538461538461537,0.0034578211544223,0.3333333333333333,False
0,IND768004AAD,Sambalpur_Central_H_2 (Orissa),3,3,2.0,0.0,1.0,0.038839979285344384,2.0,1500.0,1000.0,1.1889041949295614e-06,1.0,1.0,1.9392091648189207,2.3055339108990668e-06,0.0,False
0,IND781003AAA,Guwahati_Chandmari (Assam),3,3,7.0,2.0,1.0,0.038839979285344384,2.0,1500.0,1000.0,0.0,1.0,1.0,2.1538461538461537,0.0,0.0,False
0,IND781014AAA,Guwahati_Jalukbari (Assam),12,3,0.0,0.0,0.25,0.038839979285344384,0.0,1500.0,0.0,0.0,0.0,2.0,0.0,0.0,0.0,False
0,IND785112AAC,Teok_Wardno3_D (Assam),4,3,3.0,0.0,0.75,0.038839979285344384,2.0,1500.0,1000.0,0.000404227426276,1.0,2.0,2.1538461538461537,0.0008706436873638,1.0,False
0,IND785634AAA,Mariani_Mainroad_D (Assam),3,3,2.0,1.0,1.0,0.038839979285344384,2.0,1500.0,1000.0,0.0,1.0,1.0,2.1538461538461537,0.0,1.0,False
0,IND786184AAA,Chabua_CollgeRD_D (Assam),7,3,10.0,3.0,0.42857142857142855,0.038839979285344384,1.0,1500.0,500.0,0.0008064733455605,1.0,2.0,2.230769230769231,0.001799055924712,1.0,False
0,IND788121AAA,Kabuganj_Jantaclg_D (Assam),3,3,2.0,2.0,1.0,0.038839979285344384,2.0,1500.0,1000.0,0.000404227426276,1.0,1.0,1.9392091648189207,0.0007838815297056,1.0,False
0,IND792120AAB,Changlang_Central_D_1 (Arunachal Pradesh),3,3,9.0,9.0,1.0,0.038839979285344384,2.0,1500.0,1000.0,0.0,1.0,1.0,5.0625,0.0,0.0,False
0,IND796321AAB,Champhai_AwmpiVng_D (Mizoram),3,3,4.0,4.0,1.0,0.038839979285344384,2.0,1500.0,1000.0,0.0,1.0,1.0,1.9392091648189207,0.0,0.0,False
0,IND813102AAA,Banka_Wardno6_D (Bihar),18,3,0.0,0.0,0.16666666666666666,0.038839979285344384,0.0,1500.0,0.0,0.0,0.0,2.0,0.0,0.0,1.0,False
0,IND841101AAA,Sonepur_Sabalpur_D (Bihar),3,3,0.0,0.0,1.0,0.038839979285344384,2.0,1500.0,1000.0,0.0,0.0,1.0,0.0,0.0,0.0,False
0,IND845412AAB,Chakia_Wardno10_D (Bihar),15,3,15.0,7.0,0.2,0.038839979285344384,0.0,1500.0,0.0,0.0,1.0,1.0,2.342857142857143,0.0,1.0,False
0,IND845418AAB,Dhaka_PchpkrRD_D (Bihar),14,3,15.0,1.0,0.21428571428571427,0.038839979285344384,0.0,1500.0,0.0,1.981506991549269e-07,2.0,2.0,1.9633545824094605,3.890400831934642e-07,1.0,False
0,IND845438AAA,Bettiah_BypassRd_D (Bihar),15,3,17.0,4.0,0.2,0.038839979285344384,0.0,1500.0,0.0,0.000404227426276,2.0,1.0,2.0562651994693515,0.0008311987893225,1.0,False
0,IND847212AAA,Madhubani_Bardivan_D (Bihar),21,3,22.0,9.0,0.14285714285714285,0.038839979285344384,0.0,1500.0,0.0,0.000404227426276,1.0,1.0,2.2054794520547945,0.0008915152826088,1.0,False
0,IND000000AAQ,Barasat_KrshnNgr_D (West Bengal),2,2,0.0,0.0,1.0,0.02589331952356292,1.0,1000.0,500.0,,,,,,,False
0,IND000000AAZ,Buldhana_Thsil3PL_D (Maharashtra),2,2,2.0,2.0,1.0,0.02589331952356292,1.0,1000.0,500.0,0.0015955094295954,2.0,2.0,1.9392091648189207,0.0030940265084265,0.3333333333333333,False
0,IND000000AFG,Tirur_PmthuKlm_D (Kerala),4,2,0.0,0.0,0.5,0.02589331952356292,1.0,1000.0,500.0,0.0,0.0,1.0,0.0,0.0,0.0,False
0,IND000000AFR,Cochin_PanditRd_D (Kerala),8,2,0.0,0.0,0.25,0.02589331952356292,0.0,1000.0,0.0,0.0,0.0,1.0,0.0,0.0,0.0,False
0,IND110092AAC,Delhi_Patparganj_DPC (Delhi),7,2,7.0,1.0,0.2857142857142857,0.02589331952356292,0.0,1000.0,0.0,0.0007989436189926,3.0,2.0,1.98840885142255,0.0015886265637925,0.3333333333333333,False
0,IND122503AAA,Pataudi_DC (Haryana),2,2,2.0,0.0,1.0,0.02589331952356292,1.0,1000.0,500.0,0.0003955087955132,1.0,1.0,2.1538461538461537,0.0008518650980285,0.0,False
0,IND123001AAA,Narnaul_DC (Haryana),13,2,3.0,2.0,0.15384615384615385,0.02589331952356292,0.0,1000.0,0.0,0.0008116252637385,2.0,1.0,1.9392091648189207,0.0015739111498404,0.3333333333333333,False
0,IND124001AAB,Rohtak (Haryana),4,2,4.0,0.0,0.5,0.02589331952356292,1.0,1000.0,500.0,0.0008080585511537,1.0,1.0,1.9392091648189207,0.0015669945481077,0.0,False
0,IND125111AAA,Fatehabad_BhunaDPP_D (Haryana),2,2,4.0,0.0,1.0,0.02589331952356292,1.0,1000.0,500.0,0.001585998196036,1.0,1.0,1.9392091648189207,0.0030755822371393,0.0,False
0,IND125121AAA,Barwala_Central_DPP_1 (Haryana),3,2,2.0,2.0,0.6666666666666666,0.02589331952356292,1.0,1000.0,500.0,0.0015764869624765,1.0,1.0,1.9392091648189207,0.0030571379658521,0.0,False
0,IND126102AAA,Jind_DC (Haryana),7,2,4.0,2.0,0.2857142857142857,0.02589331952356292,0.0,1000.0,0.0,0.0007985473175943,1.0,1.0,1.9392091648189207,0.0015485502768205,0.0,False
0,IND131301AAA,Gohana_DvlalDPP_D (Haryana),2,2,7.0,5.0,1.0,0.02589331952356292,1.0,1000.0,500.0,0.0007890360840349,1.0,1.0,1.9392091648189207,0.0015301060055333,0.0,False
0,IND140401AAA,Rajpura_DC (Punjab),7,2,8.0,0.0,0.2857142857142857,0.02589331952356292,0.0,1000.0,0.0,0.0007894323854332,2.0,3.0,1.761271249076127,0.0013904045635531,0.5,False
0,IND142401AAA,Khanna_DC (Punjab),6,2,15.0,3.0,0.3333333333333333,0.02589331952356292,0.0,1000.0,0.0,0.0,2.0,1.0,2.1446045824094604,0.0,1.0,False
0,IND144001AAA,Jalandhar_DC (Punjab),16,2,2.0,0.0,0.125,0.02589331952356292,0.0,1000.0,0.0,0.0,1.0,1.0,1.9392091648189207,0.0,1.0,False
0,IND144040AAA,Nakodar_ChowkDPP_D (Punjab),10,2,17.0,2.0,0.2,0.02589331952356292,0.0,1000.0,0.0,0.0007890360840349,2.0,1.0,1.8946045824094608,0.0014949113804989,0.6666666666666666,False
0,IND144401AAB,Phagwara_Lovely_D (Punjab),17,2,13.0,3.0,0.11764705882352941,0.02589331952356292,0.0,1000.0,0.0,0.0,1.0,1.0,1.6944444444444442,0.0,0.0,False
0,IND145001AAA,Pathankot_DC (Punjab),8,2,13.0,13.0,0.25,0.02589331952356292,0.0,1000.0,0.0,1.1889041949295614e-06,1.0,2.0,6.177514792899408,7.344473251517527e-06,0.6666666666666666,False
0,IND151103AAA,RampuraPhul_DC (Punjab),2,2,4.0,0.0,1.0,0.02589331952356292,1.0,1000.0,500.0,0.0,1.0,0.0,1.9392091648189207,0.0,0.0,False
0,IND173220AAA,Parwanoo_Central_D_1 (Himachal Pradesh),3,2,5.0,5.0,0.6666666666666666,0.02589331952356292,1.0,1000.0,500.0,1.321004661032846e-07,1.0,2.0,3.3076923076923075,4.369476955724029e-07,0.0,False
0,IND174021AAA,Ghumarwin_Gndhichk_D (Himachal Pradesh),12,2,0.0,0.0,0.16666666666666666,0.02589331952356292,0.0,1000.0,0.0,0.0,0.0,1.0,0.0,0.0,0.0,False
0,IND175001AAA,Mandi_PlaceCol_D (Himachal Pradesh),17,2,16.0,16.0,0.11764705882352941,0.02589331952356292,0.0,1000.0,0.0,0.0023742416772743,1.0,1.0,3.117647058823529,0.0074020475820905,0.0,False
0,IND175101AAA,Kullu_AkhraBzr_D (Himachal Pradesh),4,2,17.0,2.0,0.5,0.02589331952356292,1.0,1000.0,500.0,0.0023647304437148,1.0,1.0,1.933859649122807,0.0045730567861525,0.0,False
0,IND201301AAD,NOI_RPC (Delhi),2,2,3.0,3.0,1.0,0.02589331952356292,1.0,1000.0,500.0,0.0,1.0,1.0,2.1538461538461537,0.0,0.0,False
0,IND221401AAA,Bhadohi_Rajpura_D (Uttar Pradesh),2,2,1.0,1.0,1.0,0.02589331952356292,1.0,1000.0,500.0,0.0,0.0,1.0,0.0,0.0,0.0,False
0,IND231205AAA,Chopan_PreetDPP_D (Uttar Pradesh),3,2,4.0,0.0,0.6666666666666666,0.02589331952356292,1.0,1000.0,500.0,0.0,1.0,1.0,1.9392091648189207,0.0,1.0,False
0,IND243301AAB,Aonla_KdidmCLY_D (Uttar Pradesh),12,2,10.0,0.0,0.16666666666666666,0.02589331952356292,0.0,1000.0,0.0,0.0004046237276743,1.0,2.0,0.75,0.0003034677957557,0.3333333333333333,False
0,IND247667AAB,Roorkee_IOTCEncl_L (Uttarakhand),2,2,15.0,0.0,1.0,0.02589331952356292,1.0,1000.0,500.0,0.0,1.0,0.0,1.879078014184397,0.0,0.0,False
0,IND248001AAA,Dehradun (Uttarakhand),12,2,29.0,6.0,0.16666666666666666,0.02589331952356292,0.0,1000.0,0.0,0.0011843467288489,2.0,1.0,1.657887845005348,0.0019635140460305,0.0,False
0,IND250002AAA,Meerut (Uttar Pradesh),5,2,8.0,1.0,0.4,0.02589331952356292,1.0,1000.0,500.0,0.0007898286868315,3.0,1.0,1.880107697180868,0.0014849629935662,0.3333333333333333,False
0,IND263645AAA,Ranikhet_Subhash_D (Uttarakhand),13,2,15.0,0.0,0.15384615384615385,0.02589331952356292,0.0,1000.0,0.0,0.0012019821410737,2.0,1.0,1.5518830634221188,0.0018653357272682,0.0,False
0,IND274509AAB,Salempur_Banjaria_D (Uttar Pradesh),5,2,13.0,4.0,0.4,0.02589331952356292,1.0,1000.0,500.0,9.511233559436491e-06,1.0,2.0,2.108695652173913,2.005629685359434e-05,0.0,False
0,IND275101AAA,Mau_BaliaMod_D (Uttar Pradesh),2,2,3.0,3.0,1.0,0.02589331952356292,1.0,1000.0,500.0,0.0,1.0,1.0,1.9392091648189207,0.0,1.0,False
0,IND276128AAA,Azamgarh_ChtwrDPP_D (Uttar Pradesh),6,2,2.0,2.0,0.3333333333333333,0.02589331952356292,0.0,1000.0,0.0,0.0,0.0,1.0,0.0,0.0,0.0,False
0,IND276305AAA,Saraimeer_MsmcyDPP_D (Uttar Pradesh),7,2,6.0,2.0,0.2857142857142857,0.02589331952356292,0.0,1000.0,0.0,7.926027966197076e-07,1.0,1.0,1.9392091648189207,1.5370226072660444e-06,0.0,False
0,IND285205AAB,Konch_Central_D_2 (Uttar Pradesh),5,2,21.0,0.0,0.4,0.02589331952356292,1.0,1000.0,500.0,0.001585998196036,1.0,1.0,1.4933712121212122,0.0023684840484363,0.0,False
0,IND303603AAB,Renwal_ChomuRD_D (Rajasthan),7,2,7.0,0.0,0.2857142857142857,0.02589331952356292,0.0,1000.0,0.0,1.4465001038309664e-05,2.0,2.0,1.5506072874493926,2.2429536022965995e-05,0.0,False
0,IND305404AAA,Kekri_LxmntDPP_D (Rajasthan),14,2,8.0,1.0,0.14285714285714285,0.02589331952356292,0.0,1000.0,0.0,0.0027661837602027,1.0,1.0,1.9392091648189207,0.0053642088993584,0.0,False
0,IND305901AAA,Beawar_DC (Rajasthan),7,2,17.0,4.0,0.2857142857142857,0.02589331952356292,0.0,1000.0,0.0,0.0,1.0,1.0,2.1136363636363638,0.0,1.0,False
0,IND313324AAA,Rajsamand_kankroli_D (Rajasthan),14,2,5.0,0.0,0.14285714285714285,0.02589331952356292,0.0,1000.0,0.0,0.0019672401412101,1.0,1.0,1.8461538461538465,0.0036318279530032,1.0,False
0,IND321408AAB,Weir_BsstdDPP_D (Rajasthan),5,2,0.0,0.0,0.4,0.02589331952356292,1.0,1000.0,500.0,0.0,0.0,1.0,0.0,0.0,0.0,False
0,IND331507AAA,Sujangarh_JngidDPP_D (Rajasthan),3,2,0.0,0.0,0.6666666666666666,0.02589331952356292,1.0,1000.0,500.0,0.0,0.0,1.0,0.0,0.0,0.0,False
0,IND331701AAA,Sidhmukh_MnbzrDPP_D (Rajasthan),2,2,1.0,0.0,1.0,0.02589331952356292,1.0,1000.0,500.0,0.0003955087955132,1.0,1.0,1.9392091648189207,0.0007669742810257,0.0,False
0,IND341306AAA,Sujangarh_LdnunDPP_D (Rajasthan),4,2,14.0,1.0,0.5,0.02589331952356292,1.0,1000.0,500.0,0.003921402336276,1.0,1.0,1.6733333333333331,0.0065618132427018,0.0,False
0,IND341505AAA,Makrana_Mwalibad_D (Rajasthan),13,2,5.0,0.0,0.15384615384615385,0.02589331952356292,0.0,1000.0,0.0,0.0015955094295954,1.0,2.0,1.9392091648189207,0.0030940265084265,0.3333333333333333,False
0,IND360410AAA,Dhoraji_JmnvadRd_DC (Gujarat),2,2,1.0,1.0,1.0,0.02589331952356292,1.0,1000.0,500.0,8.32232936450693e-06,1.0,1.0,1.9392091648189207,1.6138737376293465e-05,0.0,False
0,IND370615AAB,Nakhatrana_ClgRDDPP_D (Gujarat),3,2,9.0,0.0,0.6666666666666666,0.02589331952356292,1.0,1000.0,500.0,0.0,2.0,1.0,1.8559682187730968,0.0,1.0,False
0,IND385535AAA,Deesa_HawaiPlr_DC (Gujarat),17,2,5.0,0.0,0.11764705882352941,0.02589331952356292,0.0,1000.0,0.0,0.0003947161927166,1.0,1.0,2.05,0.000809168195069,1.0,False
0,IND387001AAA,Nadiad_DC (Gujarat),14,2,11.0,2.0,0.14285714285714285,0.02589331952356292,0.0,1000.0,0.0,0.000404227426276,1.0,1.0,1.712820512820513,0.0006923690275702,1.0,False
0,IND400072AAJ,Mumbai_Tejpal_I (Maharashtra),2,2,51.0,28.0,1.0,0.02589331952356292,1.0,1000.0,500.0,0.0004050200290726,2.0,1.0,2.966666666666667,0.0012015594195822,0.0,False
0,IND400706AAA,Mumbai_Nerul_D (Maharashtra),2,2,1.0,1.0,1.0,0.02589331952356292,1.0,1000.0,500.0,0.0,1.0,1.0,2.1538461538461537,0.0,0.0,False
0,IND402107AAA,Pen_BljiMrkt_D (Maharashtra),18,2,13.0,2.0,0.1111111111111111,0.02589331952356292,0.0,1000.0,0.0,3.963013983098538e-07,1.0,1.0,2.273046532045654,9.008115190730568e-07,1.0,False
0,IND402301AAA,Mahad_Govndsgr_D (Maharashtra),13,2,20.0,1.0,0.15384615384615385,0.02589331952356292,0.0,1000.0,0.0,3.963013983098538e-07,1.0,1.0,1.9583333333333333,7.76090238356797e-07,1.0,False
0,IND410503AAA,Ambegaon_Manchar_D (Maharashtra),2,2,3.0,2.0,1.0,0.02589331952356292,1.0,1000.0,500.0,,,,,,,False
0,IND411048AAA,Pune_East_D_8 (Maharashtra),2,2,6.0,6.0,1.0,0.02589331952356292,1.0,1000.0,500.0,0.0,1.0,1.0,2.1538461538461537,0.0,0.0,False
0,IND412210AAC,Shirur_Central_DPP_3 (Maharashtra),2,2,1.0,0.0,1.0,0.02589331952356292,1.0,1000.0,500.0,0.0,1.0,1.0,1.9392091648189207,0.0,1.0,False
0,IND413401AAA,Barshi_Kurduwdi_D (Maharashtra),19,2,21.0,0.0,0.10526315789473684,0.02589331952356292,0.0,1000.0,0.0,0.0,1.0,1.0,1.3857142857142857,0.0,1.0,False
0,IND413517AAA,Udgir_NlgaonRd_D (Maharashtra),3,2,5.0,3.0,0.6666666666666666,0.02589331952356292,1.0,1000.0,500.0,0.0007985473175943,2.0,2.0,2.1538461538461537,0.0017199480686647,0.6666666666666666,False
0,IND413531AAA,Latur_Srnwsngr_D (Maharashtra),4,2,4.0,3.0,0.5,0.02589331952356292,1.0,1000.0,500.0,0.0,1.0,1.0,2.1538461538461537,0.0,1.0,False
0,IND423106AAA,Manmad_Malegaon_D (Maharashtra),8,2,6.0,0.0,0.25,0.02589331952356292,0.0,1000.0,0.0,0.0,2.0,1.0,1.9392091648189207,0.0,1.0,False
0,IND424304AAC,Sakri_DhuleRoad_D (Maharashtra),11,2,10.0,2.0,0.18181818181818182,0.02589331952356292,0.0,1000.0,0.0,0.0002003303568456,3.0,2.0,1.9392091648189207,0.0003884824639864,1.0,False
0,IND443301AAA,Mehkar_SagarDPP_D (Maharashtra),2,2,5.0,3.0,1.0,0.02589331952356292,1.0,1000.0,500.0,0.000404227426276,1.0,1.0,2.375,0.0009600401374056,0.0,False
0,IND444303AAA,Khamgaon_WamanDPP_D (Maharashtra),2,2,1.0,1.0,1.0,0.02589331952356292,1.0,1000.0,500.0,0.0,1.0,1.0,1.9392091648189207,0.0,1.0,False
0,IND450331AAA,Burhanpur_StRoad_D (Madhya Pradesh),13,2,16.0,12.0,0.15384615384615385,0.02589331952356292,0.0,1000.0,0.0,1.1889041949295614e-06,1.0,1.0,3.0294117647058822,3.601680355227789e-06,0.0,False
0,IND465683AAA,Pachore_Shop3DPP_D (Madhya Pradesh),13,2,11.0,0.0,0.15384615384615385,0.02589331952356292,0.0,1000.0,0.0,0.0016050206631549,1.0,1.0,1.5277777777777777,0.0024521149020422,0.0,False
0,IND470113AAA,Bina_Srvdycwk_D (Madhya Pradesh),3,2,9.0,1.0,0.6666666666666666,0.02589331952356292,1.0,1000.0,500.0,3.1704111864788306e-06,2.0,1.0,1.9392091648189207,6.1480904290641775e-06,0.0,False
0,IND484661AAE,Umaria_Central_DPP_3 (Madhya Pradesh),3,2,2.0,0.0,0.6666666666666666,0.02589331952356292,1.0,1000.0,500.0,0.0016153244995109,1.0,2.0,1.9392091648189207,0.0031324520736081,0.3333333333333333,False
0,IND486001AAA,Rewa_Dc (Madhya Pradesh),2,2,3.0,2.0,1.0,0.02589331952356292,1.0,1000.0,500.0,0.0,2.0,1.0,1.9392091648189207,0.0,1.0,False
0,IND486771AAA,Churhat_Central_DPP_1 (Madhya Pradesh),6,2,8.0,8.0,0.3333333333333333,0.02589331952356292,0.0,1000.0,0.0,0.0012091155662433,3.0,1.0,3.696098290949239,0.0044690099779522,0.5,False
0,IND495677AAA,Korba_Tilknagr_DC (Chhattisgarh),7,2,0.0,0.0,0.2857142857142857,0.02589331952356292,0.0,1000.0,0.0,0.0,0.0,1.0,0.0,0.0,0.0,False
0,IND504208AAB,Mancherial_Hitech_D (Telangana),7,2,14.0,1.0,0.2857142857142857,0.02589331952356292,0.0,1000.0,0.0,0.0014084551695932,3.0,2.0,1.7816949987681696,0.0025094375316534,0.6666666666666666,False
0,IND505209AAA,Ramagundam_Pdmavati_D (Telangana),8,2,9.0,5.0,0.25,0.02589331952356292,0.0,1000.0,0.0,0.000404227426276,2.0,2.0,1.9392091648189207,0.0007838815297056,0.6666666666666666,False
0,IND505327AAA,Jagtial_Aravind_D (Telangana),7,2,6.0,0.0,0.2857142857142857,0.02589331952356292,0.0,1000.0,0.0,0.0004062089332676,2.0,1.0,1.9392091648189207,0.0007877240862238,0.3333333333333333,False
0,IND506132AAA,Khanpur_Nrsampt_D (Telangana),19,2,20.0,0.0,0.10526315789473684,0.02589331952356292,0.0,1000.0,0.0,0.0012114933746332,1.0,1.0,1.1388888888888888,0.0013797563433322,0.0,False
0,IND508377AAB,Haliya_PeroorRD_D (Telangana),12,2,15.0,0.0,0.16666666666666666,0.02589331952356292,0.0,1000.0,0.0,0.0011829596739549,1.0,1.0,1.8125,0.0021441144090432,0.0,False
0,IND509103AAB,Wanaparthy_VallaDPP_D (Telangana),10,2,11.0,5.0,0.2,0.02589331952356292,0.0,1000.0,0.0,0.000404227426276,2.0,2.0,1.9934827875376655,0.0008058204165319,0.6666666666666666,False
0,IND509301AAA,Jadcherla_Badeplly_D (Telangana),18,2,19.0,0.0,0.1111111111111111,0.02589331952356292,0.0,1000.0,0.0,0.0007890360840349,1.0,1.0,1.49,0.001175663765212,0.0,False
0,IND516115AAA,Rajampet_RSRoad_D (Andhra Pradesh),17,2,18.0,6.0,0.11764705882352941,0.02589331952356292,0.0,1000.0,0.0,3.566712584788684e-06,1.0,1.0,2.511904761904762,8.959242326076338e-06,0.0,False
0,IND521185AAA,Nandigama_Chndrlpd_D (Andhra Pradesh),8,2,9.0,3.0,0.25,0.02589331952356292,0.0,1000.0,0.0,0.0007989436189926,2.0,2.0,2.486013986013986,0.0019861850108523,0.0,False
0,IND523201AAA,Addanki_Oilmilrd_D (Andhra Pradesh),2,2,19.0,0.0,1.0,0.02589331952356292,1.0,1000.0,500.0,0.0011829596739549,1.0,1.0,1.5799999999999998,0.0018690762848487,0.0,False
0,IND524201AAA,Kavali_Kacheri_D (Andhra Pradesh),18,2,19.0,0.0,0.1111111111111111,0.02589331952356292,0.0,1000.0,0.0,0.0007890360840349,1.0,1.0,1.3194444444444444,0.001041089277546,1.0,False
0,IND532201AAA,Tekkali_AmvdiDPP_D (Andhra Pradesh),21,2,14.0,4.0,0.09523809523809523,0.02589331952356292,0.0,1000.0,0.0,0.0012019821410737,2.0,1.0,2.0696045824094607,0.0024876277471406,0.6666666666666666,False
0,IND560027AAA,Blr_Domlur (Karnataka),4,2,0.0,0.0,0.5,0.02589331952356292,1.0,1000.0,500.0,0.0,0.0,1.0,0.0,0.0,0.0,False
0,IND562108AAA,Gauribidanur_Gurukrpa_D (Karnataka),2,2,12.0,0.0,1.0,0.02589331952356292,1.0,1000.0,500.0,2.377808389859123e-06,1.0,1.0,1.326086956521739,3.153180690900141e-06,0.0,False
0,IND562159AAA,Ramanagara_BMRd_DC (Karnataka),11,2,0.0,0.0,0.18181818181818182,0.02589331952356292,0.0,1000.0,0.0,0.0,0.0,1.0,0.0,0.0,0.0,False
0,IND571301AAA,Nanjangud_RPRoad_D (Karnataka),8,2,9.0,7.0,0.25,0.02589331952356292,0.0,1000.0,0.0,0.0012233824165825,1.0,1.0,2.95,0.0036089781289184,0.0,False
0,IND572201AAB,Tiptur_YTRd_D (Karnataka),5,2,12.0,0.0,0.4,0.02589331952356292,1.0,1000.0,500.0,0.000594848398863,2.0,2.0,1.9392091648189207,0.0011535354667531,0.6666666666666666,False
0,IND573142AAA,Ramanathapura_Central_D_2 (Karnataka),17,2,19.0,6.0,0.11764705882352941,0.02589331952356292,0.0,1000.0,0.0,0.0019696179495999,2.0,1.0,1.899429143812969,0.0037411497356473,0.3333333333333333,False
0,IND574216AAA,Dhrmsthala_Beltngdi_D (Karnataka),6,2,12.0,1.0,0.3333333333333333,0.02589331952356292,0.0,1000.0,0.0,0.0011825633725566,2.0,2.0,1.9533002345833737,0.0023099013130245,0.3333333333333333,False
0,IND581110AAE,Haveri_GuttalRD_D (Karnataka),20,2,21.0,2.0,0.1,0.02589331952356292,0.0,1000.0,0.0,0.0007985473175943,2.0,2.0,1.9423076923076923,0.0015510245976351,0.6666666666666666,False
0,IND581115AAC,Ranebennur_SriRmNGR_D (Karnataka),20,2,19.0,8.0,0.1,0.02589331952356292,0.0,1000.0,0.0,0.0,1.0,1.0,2.836021505376344,0.0,1.0,False
0,IND581119AAB,Ukkadagatri_Tuminkte_D (Karnataka),14,2,16.0,0.0,0.14285714285714285,0.02589331952356292,0.0,1000.0,0.0,0.0,1.0,1.0,1.8636363636363635,0.0,1.0,False
0,IND581320AAA,Bhatkal_KmkshBul_D (Karnataka),5,2,5.0,1.0,0.4,0.02589331952356292,1.0,1000.0,500.0,0.0026630552852528,2.0,2.0,1.9392091648189207,0.0051642212155817,0.0,False
0,IND585211AAA,Chittapur_GlbrgaRD_D (Karnataka),20,2,21.0,0.0,0.1,0.02589331952356292,0.0,1000.0,0.0,0.000399075508098,2.0,2.0,2.037449392712551,0.0008130961516207,0.0,False
0,IND586101AAA,Bijapur_KirtiNgr_D (Karnataka),4,2,8.0,0.0,0.5,0.02589331952356292,1.0,1000.0,500.0,0.0003959050969115,1.0,1.0,1.5010332950631458,0.0005942667321494,0.0,False
0,IND591102AAA,Bailhongal_NamoNagr_D (Karnataka),18,2,2.0,0.0,0.1111111111111111,0.02589331952356292,0.0,1000.0,0.0,0.0003959050969115,1.0,1.0,1.9392091648189207,0.0007677427923293,0.0,False
0,IND591302AAB,Khanapur_StatinRD_D (Karnataka),10,2,5.0,0.0,0.2,0.02589331952356292,0.0,1000.0,0.0,0.0007890360840349,1.0,1.0,1.9392091648189207,0.0015301060055333,1.0,False
0,IND602001AAA,Chennai_Thiruvlr_DC (Tamil Nadu),3,2,9.0,4.0,0.6666666666666666,0.02589331952356292,1.0,1000.0,500.0,0.0,1.0,1.0,2.4545454545454546,0.0,1.0,False
0,IND605601AAA,Villupuram_Thirumtr_IP (Tamil Nadu),26,2,26.0,3.0,0.07692307692307693,0.02589331952356292,0.0,1000.0,0.0,0.0047778096580235,3.0,3.0,1.6571611195450204,0.0079176004018633,0.0,False
0,IND606201AAC,Chinnasalem_VkotRoad_D (Tamil Nadu),15,2,14.0,0.0,0.13333333333333333,0.02589331952356292,0.0,1000.0,0.0,0.0015764869624765,1.0,1.0,1.6730769230769231,0.0026375839564512,0.0,False
0,IND607106AAA,Panruti_GandhiRd_D (Tamil Nadu),14,2,14.0,2.0,0.14285714285714285,0.02589331952356292,0.0,1000.0,0.0,0.0016145318967143,1.0,1.0,2.136363636363636,0.0034492272338897,0.0,False
0,IND614809AAA,Pushpavanam_Thmpulam_D (Tamil Nadu),17,2,17.0,0.0,0.11764705882352941,0.02589331952356292,0.0,1000.0,0.0,0.0003947161927166,1.0,1.0,1.4804318488529014,0.0005843504229556,1.0,False
0,IND621704AAA,Ariyalur_Kmrajngr_D (Tamil Nadu),17,2,16.0,0.0,0.11764705882352941,0.02589331952356292,0.0,1000.0,0.0,4.755616779718246e-06,1.0,1.0,1.5454545454545454,7.349589568655471e-06,1.0,False
0,IND624601AAA,Palani_RjndraRd_D (Tamil Nadu),17,2,7.0,0.0,0.11764705882352941,0.02589331952356292,0.0,1000.0,0.0,3.566712584788684e-06,1.0,1.0,1.3103448275862069,4.673623386964483e-06,0.0,False
0,IND629179AAA,Marthandam_Nallur_D (Tamil Nadu),11,2,0.0,0.0,0.18181818181818182,0.02589331952356292,0.0,1000.0,0.0,0.0,0.0,1.0,0.0,0.0,0.0,False
0,IND637408AAA,Rasipurm_Knrpati_D (Tamil Nadu),10,2,0.0,0.0,0.2,0.02589331952356292,0.0,1000.0,0.0,0.0,0.0,1.0,0.0,0.0,0.0,False
0,IND643001AAA,Ooty_Davisdle_D (Tamil Nadu),6,2,10.0,0.0,0.3333333333333333,0.02589331952356292,0.0,1000.0,0.0,1.743726152563357e-05,1.0,1.0,0.9591836734693876,1.6725536565403626e-05,0.0,False
0,IND671315AAA,Kanhangad_Arangadi_D (Kerala),2,2,0.0,0.0,1.0,0.02589331952356292,1.0,1000.0,500.0,0.0,0.0,1.0,0.0,0.0,0.0,False
0,IND686513AAA,Mundakayam_Central_D_1 (Kerala),9,2,15.0,3.0,0.2222222222222222,0.02589331952356292,0.0,1000.0,0.0,0.0,1.0,2.0,2.4097222222222223,0.0,1.0,False
0,IND689645AAA,Pthnmthitt_Klskhrpt_D (Kerala),15,2,15.0,1.0,0.13333333333333333,0.02589331952356292,0.0,1000.0,0.0,0.0008021140301791,1.0,1.0,2.259259259259259,0.0018121835496639,0.0,False
0,IND691305AAA,Punalur_PostofJN_D (Kerala),16,2,20.0,0.0,0.125,0.02589331952356292,0.0,1000.0,0.0,0.0004081904402591,1.0,1.0,1.54093567251462,0.0006289952105747,0.0,False
0,IND695012AAA,Trivandrum_Mnanthla_H (Kerala),14,2,6.0,2.0,0.14285714285714285,0.02589331952356292,0.0,1000.0,0.0,0.0035976240938568,4.0,2.0,2.1001869065893453,0.0075556830167485,0.0,False
0,IND712406AAA,Khanakul_Ramnagar_D (West Bengal),4,2,6.0,1.0,0.5,0.02589331952356292,1.0,1000.0,500.0,0.0012015858396754,1.0,1.0,1.9392091648189207,0.0023301262726153,0.0,False
0,IND721133AAA,Keshiary_MdnprDPP_D (West Bengal),2,2,2.0,0.0,1.0,0.02589331952356292,1.0,1000.0,500.0,0.0008080585511537,1.0,1.0,1.9392091648189207,0.0015669945481077,0.0,False
0,IND721134AAB,Kolaghat_Central_DPP_2 (West Bengal),17,2,17.0,0.0,0.11764705882352941,0.02589331952356292,0.0,1000.0,0.0,7.5297265678872226e-06,1.0,2.0,0.8108108108108109,6.105183703692343e-06,0.3333333333333333,False
0,IND721139AAC,Panskura_Central_D_3 (West Bengal),3,2,20.0,2.0,0.6666666666666666,0.02589331952356292,1.0,1000.0,500.0,5.1519181780281e-06,2.0,2.0,1.8727564102564105,9.648287793018649e-06,0.3333333333333333,False
0,IND721212AAA,Ghatal_KrshDPP_D (West Bengal),10,2,0.0,0.0,0.2,0.02589331952356292,0.0,1000.0,0.0,0.0,0.0,1.0,0.0,0.0,0.0,False
0,IND721434AAB,Manglamaro_Bypassrd_D (West Bengal),2,2,2.0,2.0,1.0,0.02589331952356292,1.0,1000.0,500.0,0.0007985473175943,1.0,1.0,1.9392091648189207,0.0015485502768205,0.0,False
0,IND731301AAA,Nanoor_Central_DPP_1 (West Bengal),19,2,16.0,10.0,0.10526315789473684,0.02589331952356292,0.0,1000.0,0.0,0.0011829596739549,2.0,1.0,2.183890296695175,0.0025834541533318,0.3333333333333333,False
0,IND732103AAA,Malda_krshnPly_DC (West Bengal),2,2,2.0,2.0,1.0,0.02589331952356292,1.0,1000.0,500.0,0.0016208727190873,2.0,1.0,1.9392091648189207,0.003143211231859,0.3333333333333333,False
0,IND732138AAA,Bamangola_Central_D_1 (West Bengal),7,2,2.0,2.0,0.2857142857142857,0.02589331952356292,0.0,1000.0,0.0,0.0012166452928112,1.0,3.0,1.9392091648189207,0.0023593297021533,0.3333333333333333,False
0,IND742137AAA,Kandi_DohalDPP_D (West Bengal),6,2,3.0,0.0,0.3333333333333333,0.02589331952356292,0.0,1000.0,0.0,0.001585998196036,1.0,1.0,2.1538461538461537,0.0034159961145391,0.0,False
0,IND742226AAA,Sagardighi_UtBzrDPP_D (West Bengal),19,2,17.0,1.0,0.10526315789473684,0.02589331952356292,0.0,1000.0,0.0,0.0015820351820529,1.0,2.0,1.5795454545454546,0.0024988964807427,0.0,False
0,IND743235AAA,Bongaon_SukntDPP_D (West Bengal),6,2,5.0,3.0,0.3333333333333333,0.02589331952356292,0.0,1000.0,0.0,0.000404227426276,1.0,1.0,1.9392091648189207,0.0007838815297056,1.0,False
0,IND743513AAA,Fatepur_NH117_D (West Bengal),12,2,4.0,4.0,0.16666666666666666,0.02589331952356292,0.0,1000.0,0.0,0.000404227426276,1.0,1.0,2.1538461538461537,0.0008706436873638,1.0,False
0,IND751014AAA,Bhubaneswar_BjbNgr_DC (Orissa),4,2,0.0,0.0,0.5,0.02589331952356292,1.0,1000.0,500.0,0.0,0.0,1.0,0.0,0.0,0.0,False
0,IND757025AAA,Betnoti_MhliaDPP_D (Orissa),6,2,8.0,4.0,0.3333333333333333,0.02589331952356292,0.0,1000.0,0.0,0.0,1.0,1.0,1.9392091648189207,0.0,1.0,False
0,IND760003AAB,Berhampur_Khajuria_I (Orissa),2,2,12.0,3.0,1.0,0.02589331952356292,1.0,1000.0,500.0,0.0008088511539504,1.0,2.0,2.000082927908005,0.0016177693842349,0.3333333333333333,False
0,IND764071AAB,Pappadahandi_Central_DPP_2 (Orissa),4,2,3.0,0.0,0.5,0.02589331952356292,1.0,1000.0,500.0,0.0015863944974343,1.0,2.0,2.1538461538461537,0.0034168496867816,0.0,False
0,IND768216AAA,Brajrajnagar_LamtiDPP_D (Orissa),5,2,0.0,0.0,0.4,0.02589331952356292,1.0,1000.0,500.0,0.0,0.0,1.0,0.0,0.0,0.0,False
0,IND781022AAA,Guwahati_Sixmile (Assam),12,2,9.0,0.0,0.16666666666666666,0.02589331952356292,0.0,1000.0,0.0,0.0,1.0,1.0,1.135135135135135,0.0,0.0,False
0,IND781354AAA,Rangia_HosptlRd_D (Assam),2,2,8.0,0.0,1.0,0.02589331952356292,1.0,1000.0,500.0,0.0032211377654624,1.0,1.0,1.7037037037037035,0.0054878643411583,0.0,False
0,IND783301AAA,Dhubri_Tetultol_D (Assam),11,2,10.0,7.0,0.18181818181818182,0.02589331952356292,0.0,1000.0,0.0,0.0035690903931785,2.0,1.0,2.297729582409461,0.0082008045786997,0.0,False
0,IND784110AAA,Dhekiajuli_Wardno5_D (Assam),3,2,3.0,2.0,0.6666666666666666,0.02589331952356292,1.0,1000.0,500.0,0.0003947161927166,1.0,2.0,1.9392091648189207,0.0007654372584184,0.6666666666666666,False
0,IND784125AAA,Mangaldoi_LNBRoad_D (Assam),3,2,4.0,0.0,0.6666666666666666,0.02589331952356292,1.0,1000.0,500.0,0.000404227426276,1.0,1.0,1.9392091648189207,0.0007838815297056,1.0,False
0,IND784176AAA,Bishwanath_ChrliDPP_D (Assam),4,2,6.0,3.0,0.5,0.02589331952356292,1.0,1000.0,500.0,0.0039408211047931,1.0,1.0,2.5272938443670148,0.0099596129198954,1.0,False
0,IND786171AAA,Digboi_JyotiNgr_D (Assam),11,2,13.0,11.0,0.18181818181818182,0.02589331952356292,0.0,1000.0,0.0,0.0012103044704382,1.0,1.0,3.169642857142857,0.0038362329196928,1.0,False
0,IND793001AAA,Shillong (Meghalaya),3,2,10.0,0.0,0.6666666666666666,0.02589331952356292,1.0,1000.0,500.0,0.000404227426276,1.0,2.0,2.0251020408163267,0.0008186017859055,1.0,False
0,IND802119AAA,Dumraon_Nishangr_D (Bihar),16,2,14.0,13.0,0.125,0.02589331952356292,0.0,1000.0,0.0,0.0,1.0,1.0,2.5384615384615383,0.0,1.0,False
0,IND811105AAA,Sheikhpura_Bgwtichk_D (Bihar),2,2,3.0,1.0,1.0,0.02589331952356292,1.0,1000.0,500.0,3.963013983098538e-07,1.0,1.0,1.9392091648189207,7.685113036330222e-07,0.0,False
0,IND811201AAB,Munger_Kaura_D (Bihar),4,2,2.0,1.0,0.5,0.02589331952356292,1.0,1000.0,500.0,,,,,,,False
0,IND815301AAA,Giridih_Shivalya_D (Jharkhand),8,2,5.0,1.0,0.25,0.02589331952356292,0.0,1000.0,0.0,0.0002351388296638,1.0,3.0,1.9392091648189207,0.0004559833734889,0.8333333333333334,False
0,IND843109AAB,Kanti_Central_DPP_2 (Bihar),12,2,17.0,13.0,0.16666666666666666,0.02589331952356292,0.0,1000.0,0.0,0.0,2.0,2.0,2.876923076923077,0.0,1.0,False
0,IND852118AAA,Forbesganj_JhumanCk_D (Bihar),2,2,1.0,0.0,1.0,0.02589331952356292,1.0,1000.0,500.0,0.0,1.0,2.0,1.9392091648189207,0.0,1.0,False
0,IND853204AAA,Naugchia_Vijayght_D (Bihar),11,2,7.0,7.0,0.18181818181818182,0.02589331952356292,0.0,1000.0,0.0,3.963013983098538e-07,2.0,1.0,2.479808664042113,9.8275164110078e-07,0.3333333333333333,False
0,IND854105AAA,Katihar_Shyndco_D (Bihar),2,2,2.0,2.0,1.0,0.02589331952356292,1.0,1000.0,500.0,0.0002025100145363,1.0,1.0,1.9392091648189207,0.0003927092761564,0.0,False
0,IND000000ABA,Cochin_Chtrpuza_D (Kerala),6,1,16.0,0.0,0.16666666666666666,0.01294665976178146,0.0,500.0,0.0,0.000404227426276,1.0,1.0,1.1668520578420467,0.0004716736041864,1.0,False
0,IND000000ABD,Pallakad_ChndrNgr_D (Kerala),12,1,13.0,0.0,0.08333333333333333,0.01294665976178146,0.0,500.0,0.0,0.0003947161927166,1.0,1.0,1.2121212121212122,0.0004784438699595,0.0,False
0,IND000000ADM,Cochin_Kdvantra_D (Kerala),1,1,13.0,1.0,1.0,0.01294665976178146,1.0,500.0,500.0,0.0,1.0,0.0,1.6107692307692307,0.0,0.0,False
0,IND000000ADV,Chennai_Mdhavram_C (Tamil Nadu),18,1,0.0,0.0,0.05555555555555555,0.01294665976178146,0.0,500.0,0.0,0.0,0.0,1.0,0.0,0.0,0.0,False
0,IND110052AAA,Delhi_Wazirpur_L (Delhi),10,1,2.0,0.0,0.1,0.01294665976178146,0.0,500.0,0.0,0.0,1.0,1.0,2.1538461538461537,0.0,0.0,False
0,IND110083AAA,Delhi_Mangol_DC (Delhi),1,1,3.0,3.0,1.0,0.01294665976178146,1.0,500.0,500.0,0.0,1.0,1.0,2.1538461538461537,0.0,0.0,False
0,IND110093AAA,Delhi_Shahdara (Delhi),1,1,1.0,1.0,1.0,0.01294665976178146,1.0,500.0,500.0,0.0,1.0,1.0,2.1538461538461537,0.0,0.0,False
0,IND121002AAA,Faridabad_Old (Haryana),1,1,1.0,1.0,1.0,0.01294665976178146,1.0,500.0,500.0,,,,,,,False
0,IND123401AAB,Rewari_YuktiDPP_D (Haryana),13,1,13.0,2.0,0.07692307692307693,0.01294665976178146,0.0,500.0,0.0,0.0004062089332676,1.0,1.0,1.9558823529411768,0.0007944968841851,0.0,False
0,IND124141AAA,ChrkhiDdri_PuranDPP_D (Haryana),10,1,3.0,3.0,0.1,0.01294665976178146,0.0,500.0,0.0,0.0011829596739549,1.0,1.0,1.9392091648189207,0.0022940062413445,0.0,False
0,IND125005AAA,Hisar_IndstlAr_I (Haryana),14,1,9.0,3.0,0.07142857142857142,0.01294665976178146,0.0,500.0,0.0,0.0056380689664577,4.0,5.0,1.9392091648189207,0.010933395011636,0.1428571428571428,False
0,IND125033AAA,Hansi_DelRdDPP_D (Haryana),5,1,6.0,1.0,0.2,0.01294665976178146,0.0,500.0,0.0,5.350068877183026e-06,2.0,2.0,1.9392091648189207,1.03749025990458e-05,0.6666666666666666,False
0,IND125104AAA,Sirsa_AnprnDPP_D (Haryana),1,1,10.0,1.0,1.0,0.01294665976178146,1.0,500.0,500.0,0.0027487464986771,1.0,1.0,1.824264705882353,0.0050144412229544,0.0,False
0,IND127021AAA,Bhiwani_DC (Haryana),8,1,11.0,0.0,0.125,0.01294665976178146,0.0,500.0,0.0,0.0012019821410737,2.0,1.0,1.9311430439479225,0.0023211994506842,0.3333333333333333,False
0,IND134203AAA,Naraingarh_Ward2DPP_D (Haryana),15,1,1.0,1.0,0.06666666666666667,0.01294665976178146,0.0,500.0,0.0,0.000404227426276,1.0,1.0,2.1538461538461537,0.0008706436873638,1.0,False
0,IND136128AAA,Pehowa_WdN14DPP_D (Haryana),22,1,22.0,0.0,0.045454545454545456,0.01294665976178146,0.0,500.0,0.0,0.0008108326609419,1.0,1.0,1.3703703703703705,0.0011111410538834,0.0,False
0,IND142026AAA,Jagraon_DC (Punjab),19,1,21.0,0.0,0.05263157894736842,0.01294665976178146,0.0,500.0,0.0,3.963013983098538e-07,1.0,2.0,1.6774193548387095,6.647636358745935e-07,0.6666666666666666,False
0,IND147101AAA,Samana_PODPP_D (Punjab),8,1,10.0,4.0,0.125,0.01294665976178146,0.0,500.0,0.0,0.0,2.0,2.0,2.0578398765271078,0.0,1.0,False
0,IND148028AAA,Sunam_DC (Punjab),12,1,0.0,0.0,0.08333333333333333,0.01294665976178146,0.0,500.0,0.0,0.0,0.0,2.0,0.0,0.0,0.0,False
0,IND152101AAA,Giddarbaha_DC (Punjab),2,1,1.0,0.0,0.5,0.01294665976178146,0.0,500.0,0.0,,,,,,,False
0,IND152107AAA,Malout_DC (Punjab),1,1,1.0,0.0,1.0,0.01294665976178146,1.0,500.0,500.0,,,,,,,False
0,IND152116AAA,Abohar_DC (Punjab),1,1,2.0,0.0,1.0,0.01294665976178146,1.0,500.0,500.0,,,,,,,False
0,IND152123AAA,Fazilka_GndhiChk_D (Punjab),1,1,2.0,0.0,1.0,0.01294665976178146,1.0,500.0,500.0,0.0,1.0,0.0,1.9392091648189207,0.0,0.0,False
0,IND160003AAA,Chandigarh (Chandigarh),1,1,1.0,0.0,1.0,0.01294665976178146,1.0,500.0,500.0,0.0,1.0,1.0,2.1538461538461537,0.0,0.0,False
0,IND160055AAA,Chandigarh_Mohali (Chandigarh),21,1,36.0,2.0,0.047619047619047616,0.01294665976178146,0.0,500.0,0.0,0.0,2.0,1.0,1.4696843853820596,0.0,1.0,False
0,IND160102AAD,Chandigarh_Raiprkln_C (Chandigarh),15,1,0.0,0.0,0.06666666666666667,0.01294665976178146,0.0,500.0,0.0,0.0,0.0,2.0,0.0,0.0,0.0,False
0,IND176048AAA,Jahu_Sulgwan_D (Himachal Pradesh),11,1,12.0,2.0,0.09090909090909091,0.01294665976178146,0.0,500.0,0.0,0.0003959050969115,1.0,1.0,2.1333333333333333,0.0008445975400779,0.0,False
0,IND176061AAA,Palampur_Cnsrvila_D (Himachal Pradesh),2,1,3.0,0.0,0.5,0.01294665976178146,0.0,500.0,0.0,0.0003955087955132,1.0,1.0,1.9392091648189207,0.0007669742810257,0.0,False
0,IND176110AAB,Sujanpur_SainkSCL_D (Himachal Pradesh),9,1,7.0,0.0,0.1111111111111111,0.01294665976178146,0.0,500.0,0.0,0.0003959050969115,1.0,1.0,1.809523809523809,0.0007163996991732,0.0,False
0,IND176303AAA,Dalhousie_Banikhet_D (Himachal Pradesh),10,1,10.0,0.0,0.1,0.01294665976178146,0.0,500.0,0.0,1.1889041949295614e-06,2.0,1.0,1.770974445423159,2.1055189472766475e-06,0.6666666666666666,False
0,IND177203AAA,Amb_Adrshngr_D (Himachal Pradesh),3,1,0.0,0.0,0.3333333333333333,0.01294665976178146,0.0,500.0,0.0,0.0,0.0,1.0,0.0,0.0,0.0,False
0,IND184121AAA,Samba_Wardno13_D (Jammu & Kashmir),10,1,12.0,0.0,0.1,0.01294665976178146,0.0,500.0,0.0,0.0003955087955132,3.0,3.0,1.9392091648189207,0.0007669742810257,0.8333333333333334,False
0,IND201005AAA,Ghaziabad_RjndrNgr_DC (Uttar Pradesh),1,1,1.0,1.0,1.0,0.01294665976178146,1.0,500.0,500.0,0.0,1.0,1.0,2.1538461538461537,0.0,0.0,False
0,IND201204AAA,Modinagar_SikriKla_DC (Uttar Pradesh),6,1,9.0,2.0,0.16666666666666666,0.01294665976178146,0.0,500.0,0.0,0.0,1.0,1.0,2.0,0.0,1.0,False
0,IND201307AAA,Noida_Chukhndi_D (Uttar Pradesh),28,1,5.0,0.0,0.03571428571428571,0.01294665976178146,0.0,500.0,0.0,0.0,1.0,1.0,1.263157894736842,0.0,0.0,False
0,IND203135AAA,Jewar_SJRoad_D (Uttar Pradesh),16,1,16.0,0.0,0.0625,0.01294665976178146,0.0,500.0,0.0,3.963013983098538e-06,1.0,2.0,1.5675675675675675,6.212292189722033e-06,0.3333333333333333,False
0,IND207123AAA,Kasganj_BnkrGate_D (Uttar Pradesh),1,1,2.0,1.0,1.0,0.01294665976178146,1.0,500.0,500.0,0.0,1.0,1.0,1.9392091648189207,0.0,0.0,False
0,IND209101AAA,Akbarpur_NehruNGR_D (Uttar Pradesh),14,1,16.0,12.0,0.07142857142857142,0.01294665976178146,0.0,500.0,0.0,0.0016145318967143,1.0,1.0,2.6666666666666665,0.0043054183912382,0.0,False
0,IND222001AAA,Jaunpur_Katghara_D (Uttar Pradesh),1,1,2.0,2.0,1.0,0.01294665976178146,1.0,500.0,500.0,3.566712584788684e-06,1.0,1.0,1.9392091648189207,6.9166017326972e-06,0.0,False
0,IND222125AAB,Badlapur_Bhaluahi_D (Uttar Pradesh),1,1,7.0,1.0,1.0,0.01294665976178146,1.0,500.0,500.0,0.0,1.0,0.0,1.9392091648189207,0.0,0.0,False
0,IND223101AAB,Shahganj_KcharaRD_D (Uttar Pradesh),7,1,7.0,2.0,0.14285714285714285,0.01294665976178146,0.0,500.0,0.0,7.926027966197076e-07,1.0,1.0,1.9392091648189207,1.5370226072660444e-06,0.0,False
0,IND231208AAA,Duddhi_MChwkDPP_D (Uttar Pradesh),6,1,0.0,0.0,0.16666666666666666,0.01294665976178146,0.0,500.0,0.0,0.0,0.0,1.0,0.0,0.0,0.0,False
0,IND232104AAB,Chandauli_ShubsNGR_D (Uttar Pradesh),4,1,7.0,4.0,0.25,0.01294665976178146,0.0,500.0,0.0,6.737123771267515e-06,1.0,2.0,2.1538461538461537,1.4510728122730032e-05,0.3333333333333333,False
0,IND241124AAB,Shahabad_KDRoad_D (Uttar Pradesh),4,1,11.0,0.0,0.25,0.01294665976178146,0.0,500.0,0.0,0.0004058126318692,1.0,1.0,1.3587412587412588,0.0005513943662391,0.0,False
0,IND242001AAA,Shahjhnpur_NavdaCln_D (Uttar Pradesh),1,1,4.0,1.0,1.0,0.01294665976178146,1.0,500.0,500.0,0.0,1.0,0.0,1.9392091648189207,0.0,0.0,False
0,IND244001AAA,Moradabad_DC (Uttar Pradesh),16,1,19.0,8.0,0.0625,0.01294665976178146,0.0,500.0,0.0,0.0036059464232213,1.0,1.0,1.944099378881988,0.0070103182016663,1.0,False
0,IND244221AAA,Amroha_SamitiRd_D (Uttar Pradesh),21,1,20.0,0.0,0.047619047619047616,0.01294665976178146,0.0,500.0,0.0,0.0066087221182151,1.0,1.0,0.9802436125965538,0.0064781576438059,0.0,False
0,IND244412AAA,Chandausi_Ganesh_D (Uttar Pradesh),13,1,11.0,0.0,0.07692307692307693,0.01294665976178146,0.0,500.0,0.0,0.001202378442472,1.0,2.0,1.5727370689655171,0.0018910251474008,0.6666666666666666,False
0,IND244601AAB,Thakurdwara_Fathuluh_D (Uttar Pradesh),9,1,9.0,0.0,0.1111111111111111,0.01294665976178146,0.0,500.0,0.0,0.0003947161927166,1.0,1.0,1.3099206349206352,0.0005170468857768,0.0,False
0,IND246701AAA,Bijnor_NaginaRd_D (Uttar Pradesh),12,1,10.0,0.0,0.08333333333333333,0.01294665976178146,0.0,500.0,0.0,0.0020076628838377,1.0,1.0,1.5142857142857142,0.0030401752240971,0.0,False
0,IND250221AAA,Daurala_Sardhnrd_D (Uttar Pradesh),1,1,0.0,0.0,1.0,0.01294665976178146,1.0,500.0,500.0,,,,,,,False
0,IND251201AAA,Khatauli_TilakNgr_D (Uttar Pradesh),2,1,1.0,1.0,0.5,0.01294665976178146,0.0,500.0,0.0,0.0,0.0,1.0,0.0,0.0,0.0,False
0,IND262405AAA,Sitarganj_SidculRd_D (Uttarakhand),2,1,0.0,0.0,0.5,0.01294665976178146,0.0,500.0,0.0,0.0,0.0,1.0,0.0,0.0,0.0,False
0,IND263139AAA,Haldwani_PiliKoti_D (Uttarakhand),6,1,7.0,2.0,0.16666666666666666,0.01294665976178146,0.0,500.0,0.0,0.0,1.0,1.0,2.261904761904762,0.0,0.0,False
0,IND263601AAA,Almora_SuzkiSrv_D (Uttarakhand),12,1,12.0,2.0,0.08333333333333333,0.01294665976178146,0.0,500.0,0.0,0.0011924709075143,1.0,3.0,2.054054054054054,0.0024493997019213,0.3333333333333333,False
0,IND271201AAA,Balrampur_PBRDDPP_D (Uttar Pradesh),6,1,5.0,5.0,0.16666666666666666,0.01294665976178146,0.0,500.0,0.0,0.0,1.0,1.0,3.5,0.0,1.0,False
0,IND273155AAA,Anandnagar_LohiaDPP_D (Uttar Pradesh),2,1,5.0,2.0,0.5,0.01294665976178146,0.0,500.0,0.0,1.0700137754366053e-05,1.0,1.0,2.1538461538461537,2.3046450547865346e-05,0.0,False
0,IND273303AAA,Maharajganj_PakriDPP_D (Uttar Pradesh),1,1,1.0,0.0,1.0,0.01294665976178146,1.0,500.0,500.0,0.0004050200290726,1.0,1.0,2.1538461538461537,0.0008723508318488,0.0,False
0,IND275303AAA,Dohrighat_AzmrdDPP_D (Uttar Pradesh),4,1,4.0,4.0,0.25,0.01294665976178146,0.0,500.0,0.0,1.347424754253503e-05,1.0,1.0,1.9392091648189207,2.612938432352276e-05,0.0,False
0,IND276129AAA,Chiraiyakot_KamalDPP_D (Uttar Pradesh),1,1,1.0,1.0,1.0,0.01294665976178146,1.0,500.0,500.0,1.5852055932394153e-05,1.0,1.0,1.9392091648189207,3.074045214532089e-05,0.0,False
0,IND276140AAA,Jiyanpur_Central_DPP_1 (Uttar Pradesh),1,1,4.0,1.0,1.0,0.01294665976178146,1.0,500.0,500.0,1.4663151737464592e-05,1.0,1.0,1.9392091648189207,2.8434918234421823e-05,0.0,False
0,IND281401AAA,Chhata_GvrdnDPP_D (Uttar Pradesh),12,1,0.0,0.0,0.08333333333333333,0.01294665976178146,0.0,500.0,0.0,0.0,0.0,2.0,0.0,0.0,1.0,False
0,IND282001AAA,Agra_Idgah_P (Uttar Pradesh),12,1,13.0,6.0,0.08333333333333333,0.01294665976178146,0.0,500.0,0.0,0.0,2.0,1.0,1.9392091648189207,0.0,1.0,False
0,IND283203AAA,Firozabad_Sudmpuri_D (Uttar Pradesh),14,1,14.0,5.0,0.07142857142857142,0.01294665976178146,0.0,500.0,0.0,0.0003947161927166,1.0,1.0,2.3157894736842106,0.0009140796041858,0.0,False
0,IND284001AAA,Jhansi_LVMColge_D (Uttar Pradesh),6,1,0.0,0.0,0.16666666666666666,0.01294665976178146,0.0,500.0,0.0,0.0,0.0,1.0,0.0,0.0,0.0,False
0,IND284403AAA,Lalitpur_RjghatRd_D (Uttar Pradesh),3,1,6.0,1.0,0.3333333333333333,0.01294665976178146,0.0,500.0,0.0,0.0003955087955132,1.0,2.0,1.5844155844155845,0.0006266502993846,0.3333333333333333,False
0,IND301705AAA,Neemrana_Rcocmplx_D (Rajasthan),1,1,7.0,7.0,1.0,0.01294665976178146,1.0,500.0,500.0,0.001215060087218,2.0,1.0,2.607902454749886,0.0031687581841244,0.3333333333333333,False
0,IND302006AAC,Jaipur_Central_D_10 (Rajasthan),1,1,22.0,9.0,1.0,0.01294665976178146,1.0,500.0,500.0,0.0,1.0,0.0,2.6875,0.0,0.0,False
0,IND303002AAA,Achrol_BgwriDPP_D (Rajasthan),10,1,5.0,0.0,0.1,0.01294665976178146,0.0,500.0,0.0,0.0,1.0,1.0,1.9392091648189207,0.0,1.0,False
0,IND303106AAA,Paota_SmClyDPP_D (Rajasthan),7,1,9.0,1.0,0.14285714285714285,0.01294665976178146,0.0,500.0,0.0,0.0003959050969115,1.0,2.0,1.5408602150537636,0.000610034412768,0.3333333333333333,False
0,IND303108AAB,Kotputli_LXngrDPP_D (Rajasthan),9,1,0.0,0.0,0.1111111111111111,0.01294665976178146,0.0,500.0,0.0,0.0,0.0,1.0,0.0,0.0,0.0,False
0,IND305624AAA,Bijainagar_Central_DPP_1 (Rajasthan),8,1,10.0,10.0,0.125,0.01294665976178146,0.0,500.0,0.0,0.0027756949937622,2.0,1.0,1.9392091648189207,0.0053826531706456,0.0,False
0,IND305802AAA,Kishangarh_Central_D_2 (Rajasthan),6,1,11.0,3.0,0.16666666666666666,0.01294665976178146,0.0,500.0,0.0,0.0016145318967143,1.0,1.0,2.197037037037037,0.003547186374559,0.0,False
0,IND306116AAA,Falna_SbhRDDPP_D (Rajasthan),3,1,1.0,0.0,0.3333333333333333,0.01294665976178146,0.0,500.0,0.0,0.0,0.0,1.0,0.0,0.0,0.0,False
0,IND312403AAA,BariSadri_BhmprDPP_D (Rajasthan),9,1,7.0,6.0,0.1111111111111111,0.01294665976178146,0.0,500.0,0.0,0.0007890360840349,1.0,1.0,1.9392091648189207,0.0015301060055333,0.0,False
0,IND321001AAB,Bharatpur_NraynDPP_D (Rajasthan),8,1,13.0,1.0,0.125,0.01294665976178146,0.0,500.0,0.0,0.0006051522352191,1.0,2.0,1.6958525345622115,0.0010262489518923,0.6666666666666666,False
0,IND322001AAC,SawaiMadhopur_Central_DPP_1 (Rajasthan),3,1,1.0,0.0,0.3333333333333333,0.01294665976178146,0.0,500.0,0.0,,,,,,,False
0,IND322201AAA,Gangapur_Ward6DPP_D (Rajasthan),14,1,15.0,3.0,0.07142857142857142,0.01294665976178146,0.0,500.0,0.0,2.615589228845035e-05,1.0,2.0,2.3363636363636364,6.110967561937945e-05,0.3333333333333333,False
0,IND331022A1B,,1,1,0.0,0.0,1.0,0.01294665976178146,1.0,500.0,500.0,0.0,0.0,1.0,0.0,0.0,0.0,False
0,IND333028AAA,Sultana_Central_DPP_1 (Rajasthan),2,1,5.0,0.0,0.5,0.01294665976178146,0.0,500.0,0.0,0.0004054163304709,2.0,1.0,1.9392091648189207,0.0007861870636165,0.3333333333333333,False
0,IND335001AAA,Ganga Nagar_DC (Rajasthan),10,1,6.0,0.0,0.1,0.01294665976178146,0.0,500.0,0.0,0.0027582577322365,1.0,1.0,1.790516206482593,0.0049387051712255,0.0,False
0,IND335051AAA,RaisingNgr_BisnolDPP_D (Rajasthan),10,1,7.0,0.0,0.1,0.01294665976178146,0.0,500.0,0.0,0.0015764869624765,1.0,1.0,2.1538461538461537,0.0033955103807188,0.0,False
0,IND335523AAB,Nohar_Central_DPP_2 (Rajasthan),1,1,6.0,5.0,1.0,0.01294665976178146,1.0,500.0,500.0,0.0,3.0,0.0,1.9392091648189207,0.0,0.6666666666666666,False
0,IND341001AAC,Nagaur_KisanCo_D (Rajasthan),9,1,5.0,0.0,0.1111111111111111,0.01294665976178146,0.0,500.0,0.0,0.0039499360369543,2.0,2.0,1.9392091648189207,0.0076597521633103,0.3333333333333333,False
0,IND341303AAA,Didwana_KatlaDPP_D (Rajasthan),14,1,10.0,1.0,0.07142857142857142,0.01294665976178146,0.0,500.0,0.0,0.0039309135698354,2.0,1.0,1.9392091648189207,0.0076228636207359,0.3333333333333333,False
0,IND342601AAA,Piparcity_BsstdDPP_D (Rajasthan),9,1,9.0,3.0,0.1111111111111111,0.01294665976178146,0.0,500.0,0.0,0.0,1.0,2.0,2.1734693877551017,0.0,0.6666666666666666,False
0,IND344022AAB,Balotra_BsnoiHPL_D (Rajasthan),10,1,4.0,0.0,0.1,0.01294665976178146,0.0,500.0,0.0,0.0016145318967143,1.0,2.0,1.9392091648189207,0.0031309150510009,0.6666666666666666,False
0,IND360370AAA,Jetpur_DC (Gujarat),1,1,10.0,1.0,1.0,0.01294665976178146,1.0,500.0,500.0,8.32232936450693e-06,1.0,1.0,1.9782608695652173,1.6463738525437624e-05,0.0,False
0,IND360510AAB,Bhanvad_Mainroad_D (Gujarat),13,1,10.0,0.0,0.07692307692307693,0.01294665976178146,0.0,500.0,0.0,8.32232936450693e-06,1.0,1.0,1.7375,1.4460047270830791e-05,0.0,False
0,IND360530AAB,Jamjodhpur_Court_D (Gujarat),15,1,13.0,1.0,0.06666666666666667,0.01294665976178146,0.0,500.0,0.0,8.32232936450693e-06,1.0,1.0,1.5192307692307692,1.264353884223168e-05,0.0,False
0,IND361001AAA,Jamnagar_Dc (Gujarat),16,1,0.0,0.0,0.0625,0.01294665976178146,0.0,500.0,0.0,0.0,0.0,1.0,0.0,0.0,0.0,False
0,IND363421AAB,Limbdi_Busstand_D (Gujarat),13,1,14.0,0.0,0.07692307692307693,0.01294665976178146,0.0,500.0,0.0,7.926027966197076e-07,1.0,1.0,1.1515151515151516,9.126941294408756e-07,0.0,False
0,IND364004AAB,Bhavnagar_ChtrGIDC_IP (Gujarat),7,1,11.0,0.0,0.14285714285714285,0.01294665976178146,0.0,500.0,0.0,0.001215060087218,1.0,1.0,1.6335877862595425,0.0019849073180507,0.0,False
0,IND383255AAB,Khedbrahma_Patelfli_D (Gujarat),9,1,12.0,0.0,0.1111111111111111,0.01294665976178146,0.0,500.0,0.0,0.0007890360840349,1.0,1.0,1.1980676328502415,0.0009453185934331,0.0,False
0,IND384170AAA,Unjha_DC (Gujarat),6,1,6.0,0.0,0.16666666666666666,0.01294665976178146,0.0,500.0,0.0,0.0012114933746332,1.0,1.0,1.9392091648189207,0.0023493390552061,0.0,False
0,IND384265AAB,Patan_Central_D_2 (Gujarat),12,1,6.0,1.0,0.08333333333333333,0.01294665976178146,0.0,500.0,0.0,0.0012019821410737,1.0,2.0,1.9392091648189207,0.0023308947839189,0.3333333333333333,False
0,IND396001AAA,Valsad_DC (Gujarat),5,1,8.0,0.0,0.2,0.01294665976178146,0.0,500.0,0.0,6.737123771267515e-06,1.0,1.0,1.521978021978022,1.0253754311214844e-05,0.0,False
0,IND396105AAA,Bhilad_Umargaon_DC (Gujarat),2,1,2.0,0.0,0.5,0.01294665976178146,0.0,500.0,0.0,0.0,1.0,1.0,2.1538461538461537,0.0,0.0,False
0,IND396191AAB,Vapi_IndEstat_L (Gujarat),2,1,0.0,0.0,0.5,0.01294665976178146,0.0,500.0,0.0,0.0,0.0,1.0,0.0,0.0,0.0,False
0,IND396445AAA,Navsari_DC (Gujarat),7,1,7.0,1.0,0.14285714285714285,0.01294665976178146,0.0,500.0,0.0,6.737123771267515e-06,1.0,1.0,1.8198529411764703,1.2260574510211102e-05,0.0,False
0,IND396580AAB,Vansda_CikhliRD_D (Gujarat),8,1,17.0,0.0,0.125,0.01294665976178146,0.0,500.0,0.0,0.0,1.0,1.0,1.8125,0.0,0.0,False
0,IND400072AAA,Mumbai_Tejpal_M (Maharashtra),1,1,29.0,14.0,1.0,0.01294665976178146,1.0,500.0,500.0,0.0,1.0,1.0,2.434782608695652,0.0,0.0,False
0,IND402109AAA,Roha_DataSagr_D (Maharashtra),20,1,18.0,2.0,0.05,0.01294665976178146,0.0,500.0,0.0,3.963013983098538e-07,1.0,1.0,2.333333333333333,9.247032627229922e-07,1.0,False
0,IND403002AAA,Central Goa (Goa),1,1,4.0,0.0,1.0,0.01294665976178146,1.0,500.0,500.0,0.0,1.0,0.0,2.1538461538461537,0.0,0.0,False
0,IND403507AAA,Panaji Goa (Goa),3,1,5.0,0.0,0.3333333333333333,0.01294665976178146,0.0,500.0,0.0,0.0,1.0,1.0,1.3333333333333333,0.0,0.0,False
0,IND403507AAB,Goa_Mapusa (Goa),1,1,1.0,0.0,1.0,0.01294665976178146,1.0,500.0,500.0,0.0,1.0,1.0,2.1538461538461537,0.0,0.0,False
0,IND403601AAA,Goa_Margao_Dc (Goa),4,1,6.0,0.0,0.25,0.01294665976178146,0.0,500.0,0.0,0.0,1.0,1.0,1.4285714285714286,0.0,0.0,False
0,IND403702AAA,Canacona_CharRsta_D (Goa),9,1,9.0,0.0,0.1111111111111111,0.01294665976178146,0.0,500.0,0.0,0.0,1.0,1.0,1.772340425531915,0.0,1.0,False
0,IND403726AAB,Goa_ZuariNgr_IP (Goa),22,1,12.0,7.0,0.045454545454545456,0.01294665976178146,0.0,500.0,0.0,6.340822372957661e-06,4.0,5.0,2.1538461538461537,1.36571558802165e-05,0.0,False
0,IND411017AAA,PNQ Rahatani DPC (Maharashtra),2,1,33.0,8.0,0.5,0.01294665976178146,0.0,500.0,0.0,0.0,1.0,1.0,2.333333333333333,0.0,0.0,False
0,IND411033AAB,Pune_Chinchwad DC (Maharashtra),1,1,0.0,0.0,1.0,0.01294665976178146,1.0,500.0,500.0,,,,,,,False
0,IND413307AAB,Sangola_Central_DPP_2 (Maharashtra),3,1,4.0,0.0,0.3333333333333333,0.01294665976178146,0.0,500.0,0.0,0.0003947161927166,1.0,1.0,2.1538461538461537,0.0008501579535434,1.0,False
0,IND413307AAC,Sangola_Central_DPP_3 (Maharashtra),1,1,1.0,0.0,1.0,0.01294665976178146,1.0,500.0,500.0,0.0,0.0,1.0,0.0,0.0,0.0,False
0,IND413709AAA,Shrirampur_DavkharRd_D (Maharashtra),17,1,14.0,1.0,0.058823529411764705,0.01294665976178146,0.0,500.0,0.0,0.0007894323854332,2.0,2.0,2.022575250836121,0.0015966864049857,0.3333333333333333,False
0,IND414001AAA,AhmedNagar_DC (Maharashtra),3,1,3.0,0.0,0.3333333333333333,0.01294665976178146,0.0,500.0,0.0,0.0012114933746332,1.0,3.0,1.9392091648189207,0.0023493390552061,0.6666666666666666,False
0,IND414302AAB,Parner_Hindcwk_D (Maharashtra),3,1,2.0,0.0,0.3333333333333333,0.01294665976178146,0.0,500.0,0.0,0.0007985473175943,2.0,2.0,1.9392091648189207,0.0015485502768205,0.5,False
0,IND415409AAB,Islampur_Shantanu_D (Maharashtra),11,1,4.0,1.0,0.09090909090909091,0.01294665976178146,0.0,500.0,0.0,0.0012114933746332,1.0,1.0,1.9392091648189207,0.0023493390552061,0.0,False
0,IND422605AAA,Sangamner_JawanChk_D (Maharashtra),10,1,10.0,0.0,0.1,0.01294665976178146,0.0,500.0,0.0,0.0005962354537571,1.0,1.0,1.7931034482758623,0.0010691118481163,0.0,False
0,IND424201AAA,Pachora_PcrrdDPP_D (Maharashtra),1,1,1.0,0.0,1.0,0.01294665976178146,1.0,500.0,500.0,0.000803302934374,1.0,1.0,2.1538461538461537,0.0017301909355749,0.0,False
0,IND431131AAB,Majalgaon_SmbjiCwk_D (Maharashtra),1,1,0.0,0.0,1.0,0.01294665976178146,1.0,500.0,500.0,0.0,0.0,1.0,0.0,0.0,0.0,False
0,IND431717AAA,Degloor_Busstand_D (Maharashtra),2,1,2.0,1.0,0.5,0.01294665976178146,0.0,500.0,0.0,0.0,1.0,1.0,2.1538461538461537,0.0,1.0,False
0,IND441904AAB,Bhandara_RjnaiDPP_D (Maharashtra),12,1,0.0,0.0,0.08333333333333333,0.01294665976178146,0.0,500.0,0.0,0.0,0.0,1.0,0.0,0.0,0.0,False
0,IND443201AAA,Chikhli_KKndrDPP_D (Maharashtra),1,1,2.0,2.0,1.0,0.01294665976178146,1.0,500.0,500.0,0.0003947161927166,1.0,1.0,1.9392091648189207,0.0007654372584184,0.0,False
0,IND445101AAA,Nagpur_Gondkhry_H (Maharashtra),1,1,0.0,0.0,1.0,0.01294665976178146,1.0,500.0,500.0,,,,,,,False
0,IND454001AAA,Dhar_Trimurti_D (Madhya Pradesh),17,1,0.0,0.0,0.058823529411764705,0.01294665976178146,0.0,500.0,0.0,0.0,0.0,1.0,0.0,0.0,0.0,False
0,IND458001AAB,Mandsaur_YashDPP_D (Madhya Pradesh),11,1,12.0,2.0,0.09090909090909091,0.01294665976178146,0.0,500.0,0.0,0.000404227426276,1.0,1.0,1.821428571428572,0.0007362713835742,1.0,False
0,IND461001AAA,Hoshangabad_MnRDDPP_D (Madhya Pradesh),1,1,5.0,4.0,1.0,0.01294665976178146,1.0,500.0,500.0,0.0,1.0,0.0,1.9392091648189207,0.0,0.0,False
0,IND462021AAA,Bhopal_Indrapri_DC (Madhya Pradesh),1,1,0.0,0.0,1.0,0.01294665976178146,1.0,500.0,500.0,0.0,0.0,1.0,0.0,0.0,0.0,False
0,IND464668AAA,Bareli_SourvDPP_D (Madhya Pradesh),2,1,7.0,6.0,0.5,0.01294665976178146,0.0,500.0,0.0,0.0058438604194771,1.0,1.0,1.9392091648189207,0.0113324676833725,0.0,False
0,IND470004AAA,Sagar_Bahreya_I (Madhya Pradesh),6,1,1.0,0.0,0.16666666666666666,0.01294665976178146,0.0,500.0,0.0,0.0007933953994163,1.0,2.0,1.9392091648189207,0.0015385596298733,0.0,False
0,IND470117AAA,Khurai_Talaiya_D (Madhya Pradesh),6,1,3.0,2.0,0.16666666666666666,0.01294665976178146,0.0,500.0,0.0,1.981506991549269e-06,1.0,1.0,1.9392091648189207,3.842556518165112e-06,0.0,False
0,IND473001AAA,Guna_HnumnDPP_D (Madhya Pradesh),11,1,10.0,2.0,0.09090909090909091,0.01294665976178146,0.0,500.0,0.0,3.963013983098538e-07,1.0,1.0,1.6904315196998123,6.699203750040869e-07,1.0,False
0,IND477001AAA,Bhind_BhrolDPP_D (Madhya Pradesh),1,1,6.0,0.0,1.0,0.01294665976178146,1.0,500.0,500.0,0.0001971599456591,1.0,1.0,1.9392091648189207,0.0003823343735574,1.0,False
0,IND480001AAA,Chhindwara_NagpurRd_D (Madhya Pradesh),12,1,8.0,0.0,0.08333333333333333,0.01294665976178146,0.0,500.0,0.0,0.0001971599456591,2.0,2.0,1.7524328652377434,0.0003455095684815,0.6666666666666666,False
0,IND480334AAA,Pandhurna_Mataward_D (Madhya Pradesh),21,1,21.0,7.0,0.047619047619047616,0.01294665976178146,0.0,500.0,0.0,7.926027966197076e-07,1.0,1.0,2.1893939393939394,1.735319759265875e-06,0.0,False
0,IND482002AAA,Jabalpur (Madhya Pradesh),1,1,4.0,4.0,1.0,0.01294665976178146,1.0,500.0,500.0,0.0,1.0,0.0,2.1538461538461537,0.0,0.0,False
0,IND483770AAA,Barhi_Central_DPP_1 (Madhya Pradesh),2,1,3.0,0.0,0.5,0.01294665976178146,0.0,500.0,0.0,0.0007890360840349,1.0,1.0,1.9392091648189207,0.0015301060055333,1.0,False
0,IND485771AAA,Maihar_MngalDPP_D (Madhya Pradesh),2,1,3.0,3.0,0.5,0.01294665976178146,0.0,500.0,0.0,0.0,1.0,2.0,1.9392091648189207,0.0,1.0,False
0,IND488001AAA,Panna_Mohnprwa_D (Madhya Pradesh),4,1,3.0,0.0,0.25,0.01294665976178146,0.0,500.0,0.0,0.0,1.0,1.0,1.9392091648189207,0.0,1.0,False
0,IND493445AAB,Mahasamund_RajpurRD_D (Chhattisgarh),1,1,11.0,0.0,1.0,0.01294665976178146,1.0,500.0,500.0,0.0,1.0,0.0,1.7099236641221374,0.0,0.0,False
0,IND495004AAA,Bilaspur_Torwa_DC (Chhattisgarh),1,1,0.0,0.0,1.0,0.01294665976178146,1.0,500.0,500.0,0.0,0.0,1.0,0.0,0.0,0.0,False
0,IND500018AAA,Hyderabad_PndrgNgr_DC (Telangana),2,1,0.0,0.0,0.5,0.01294665976178146,0.0,500.0,0.0,0.0,0.0,1.0,0.0,0.0,0.0,False
0,IND500032AAA,Hyd_Chandanagar_Dc (Telangana),4,1,0.0,0.0,0.25,0.01294665976178146,0.0,500.0,0.0,0.0,0.0,1.0,0.0,0.0,0.0,False
0,IND500035AAA,Hyd_LB-Nagar_Dc (Telangana),1,1,1.0,1.0,1.0,0.01294665976178146,1.0,500.0,500.0,0.0,1.0,1.0,2.1538461538461537,0.0,0.0,False
0,IND500055AAA,Hyd_Trimulgherry_Dc (Telangana),2,1,1.0,0.0,0.5,0.01294665976178146,0.0,500.0,0.0,0.0004038311248777,1.0,2.0,2.1538461538461537,0.0008697901151212,1.0,False
0,IND501301AAC,Ghatkesar_Central_D_1 (Telangana),2,1,2.0,0.0,0.5,0.01294665976178146,0.0,500.0,0.0,0.0003955087955132,1.0,1.0,2.1538461538461537,0.0008518650980285,0.0,False
0,IND503122AAA,Yellareddy_JKRoad_D (Telangana),19,1,20.0,0.0,0.05263157894736842,0.01294665976178146,0.0,500.0,0.0,0.0015955094295954,1.0,1.0,1.538461538461538,0.0024546298916853,0.0,False
0,IND504251AAA,Bellmpalli_BasthDPP_D (Telangana),5,1,2.0,0.0,0.2,0.01294665976178146,0.0,500.0,0.0,0.0008080585511537,1.0,2.0,1.9392091648189207,0.0015669945481077,1.0,False
0,IND504293AAA,Asifabad_PaikjNGR_D (Telangana),9,1,4.0,1.0,0.1111111111111111,0.01294665976178146,0.0,500.0,0.0,0.0005910835355791,2.0,2.0,1.9392091648189207,0.0011462346093686,0.6666666666666666,False
0,IND505001AAA,Karimnagar_DC (Telangana),10,1,0.0,0.0,0.1,0.01294665976178146,0.0,500.0,0.0,0.0,0.0,1.0,0.0,0.0,0.0,False
0,IND505326AAA,Koratla_BhemuDPP_D (Telangana),1,1,0.0,0.0,1.0,0.01294665976178146,1.0,500.0,500.0,0.0,0.0,1.0,0.0,0.0,0.0,False
0,IND505326AAB,,3,1,5.0,1.0,0.3333333333333333,0.01294665976178146,0.0,500.0,0.0,0.0,1.0,1.0,1.9392091648189207,0.0,1.0,False
0,IND505425AAA,DhrmpuriTS_HanumDPP_D (Telangana),2,1,9.0,3.0,0.5,0.01294665976178146,0.0,500.0,0.0,0.0,2.0,0.0,1.9392091648189207,0.0,0.0,False
0,IND506001AAC,Warangal_Central_D_2 (Telangana),15,1,0.0,0.0,0.06666666666666667,0.01294665976178146,0.0,500.0,0.0,0.0,0.0,2.0,0.0,0.0,1.0,False
0,IND507111AAA,Bhadrachalam_ITDARd_D (Telangana),20,1,0.0,0.0,0.05,0.01294665976178146,0.0,500.0,0.0,0.0,0.0,1.0,0.0,0.0,0.0,False
0,IND508206AAA,Kodad_VidyaNgr_D (Telangana),18,1,18.0,5.0,0.05555555555555555,0.01294665976178146,0.0,500.0,0.0,0.0,2.0,2.0,2.0341207114417186,0.0,1.0,False
0,IND508223AAA,Thirumalagiri_Xroad_D (Telangana),14,1,12.0,0.0,0.07142857142857142,0.01294665976178146,0.0,500.0,0.0,0.0007890360840349,2.0,1.0,1.6619122747171529,0.0013113087532523,0.6666666666666666,False
0,IND509103AAC,,6,1,5.0,1.0,0.16666666666666666,0.01294665976178146,0.0,500.0,0.0,0.0,1.0,1.0,1.9392091648189207,0.0,1.0,False
0,IND515671AAA,Dharmavram_SaiNgr_D (Andhra Pradesh),14,1,13.0,5.0,0.07142857142857142,0.01294665976178146,0.0,500.0,0.0,0.0028188918461779,1.0,2.0,2.5161290322580645,0.0070926956129639,0.3333333333333333,False
0,IND516227AAA,Badvel_Sidrd_D (Andhra Pradesh),2,1,2.0,0.0,0.5,0.01294665976178146,0.0,500.0,0.0,,,,,,,False
0,IND518206AAA,Betamcherla_CmtNgRod_D (Andhra Pradesh),5,1,7.0,1.0,0.2,0.01294665976178146,0.0,500.0,0.0,0.000404227426276,1.0,1.0,1.6499999999999997,0.0006669752533554,0.0,False
0,IND530043AAA,Visakhapatnam_VislkNgr_DC (Andhra Pradesh),13,1,13.0,11.0,0.07692307692307693,0.01294665976178146,0.0,500.0,0.0,0.000404227426276,1.0,2.0,2.9879227053140096,0.0012078003050808,0.0,False
0,IND531001AAA,Anakapalle_Kothuru_D (Andhra Pradesh),6,1,6.0,0.0,0.16666666666666666,0.01294665976178146,0.0,500.0,0.0,0.0007989436189926,2.0,2.0,2.1538461538461537,0.0017208016409072,0.0,False
0,IND531036AAA,Chodavaram_BaljiDPP_D (Andhra Pradesh),4,1,5.0,5.0,0.25,0.01294665976178146,0.0,500.0,0.0,0.0003955087955132,1.0,1.0,2.1538461538461537,0.0008518650980285,0.0,False
0,IND531116AAA,Narsiptnm_Wardno8_D (Andhra Pradesh),5,1,5.0,0.0,0.2,0.01294665976178146,0.0,500.0,0.0,0.0,1.0,1.0,2.1538461538461537,0.0,0.0,False
0,IND531163AAA,Bheemunipatnam_SaiTempl_D (Andhra Pradesh),13,1,12.0,0.0,0.07692307692307693,0.01294665976178146,0.0,500.0,0.0,1.981506991549269e-07,1.0,1.0,1.7272727272727273,3.422602985403283e-07,0.0,False
0,IND533242AAA,Razole_Shanthi_D (Andhra Pradesh),2,1,6.0,5.0,0.5,0.01294665976178146,0.0,500.0,0.0,0.0,2.0,1.0,1.9392091648189207,0.0,1.0,False
0,IND533262AAA,Draksharamam_Anaipeta_D (Andhra Pradesh),12,1,15.0,6.0,0.08333333333333333,0.01294665976178146,0.0,500.0,0.0,0.0007886397826366,2.0,2.0,1.950205122220527,0.0015380093436847,1.0,False
0,IND534001AAA,Eluru_Agraharm_DC (Andhra Pradesh),15,1,4.0,0.0,0.06666666666666667,0.01294665976178146,0.0,500.0,0.0,0.0,1.0,1.0,1.9392091648189207,0.0,1.0,False
0,IND535591AAA,Salur_ward9_D (Andhra Pradesh),3,1,21.0,0.0,0.3333333333333333,0.01294665976178146,0.0,500.0,0.0,0.0016050206631549,1.0,1.0,1.6705426356589148,0.0026812554489138,0.0,False
0,IND560077AAA,Bengaluru_ Kothanur_L (Karnataka),1,1,1.0,1.0,1.0,0.01294665976178146,1.0,500.0,500.0,0.0,0.0,1.0,0.0,0.0,0.0,False
0,IND560300AAB,Bangalore_East_I_20 (Karnataka),24,1,18.0,9.0,0.041666666666666664,0.01294665976178146,0.0,500.0,0.0,4.557466080563319e-06,2.0,3.0,3.0576923076923075,1.393532897710707e-05,0.3,False
0,IND562125AAA,Bengaluru_Sarjapur_D (Karnataka),1,1,1.0,0.0,1.0,0.01294665976178146,1.0,500.0,500.0,0.0,0.0,1.0,0.0,0.0,0.0,False
0,IND563101AAB,Kolar_Ambedkar_D (Karnataka),16,1,19.0,2.0,0.0625,0.01294665976178146,0.0,500.0,0.0,0.0009389701130621,2.0,2.0,1.8537405026300409,0.0017406069293424,0.5,False
0,IND571105AAA,Hunsur_RatnaDPP_D (Karnataka),13,1,0.0,0.0,0.07692307692307693,0.01294665976178146,0.0,500.0,0.0,0.0,0.0,1.0,0.0,0.0,0.0,False
0,IND571213AAA,Gonikoppal_Thomas_D (Karnataka),9,1,12.0,0.0,0.1111111111111111,0.01294665976178146,0.0,500.0,0.0,3.566712584788684e-06,1.0,1.0,1.721794871794872,6.141147437655389e-06,0.0,False
0,IND571313AAB,Chamarjngr_BrDbleRd_D (Karnataka),10,1,10.0,0.0,0.1,0.01294665976178146,0.0,500.0,0.0,0.0004117571528439,1.0,1.0,1.7096774193548387,0.0007039719064751,0.0,False
0,IND571430AAA,Malavalli_SulthnRd_D (Karnataka),10,1,11.0,1.0,0.1,0.01294665976178146,0.0,500.0,0.0,0.0004137386598354,2.0,1.0,1.4996045824094606,0.0006204443902092,0.3333333333333333,False
0,IND574117AAA,Uchila_Busstand_D (Karnataka),3,1,5.0,3.0,0.3333333333333333,0.01294665976178146,0.0,500.0,0.0,0.0010064074010078,1.0,2.0,2.3448275862068964,0.002359851836846,0.6666666666666666,False
0,IND574227AAA,Moodbidri_MrdiVlge_D (Karnataka),9,1,2.0,0.0,0.1111111111111111,0.01294665976178146,0.0,500.0,0.0,0.000404227426276,1.0,1.0,2.1538461538461537,0.0008706436873638,0.0,False
0,IND576201AAA,Kundapura_DC (Karnataka),4,1,4.0,1.0,0.25,0.01294665976178146,0.0,500.0,0.0,0.0023980197611729,2.0,1.0,1.9392091648189207,0.0046502618982834,0.3333333333333333,False
0,IND577126AAA,Koppa_Sangetha_D (Karnataka),1,1,1.0,0.0,1.0,0.01294665976178146,1.0,500.0,500.0,0.0003947161927166,1.0,1.0,1.9392091648189207,0.0007654372584184,1.0,False
0,IND577201AAA,Shimoga_DC (Karnataka),11,1,9.0,1.0,0.09090909090909091,0.01294665976178146,0.0,500.0,0.0,0.0017934619780512,3.0,2.0,1.667806109879281,0.00299114684483,0.3,False
0,IND580002AAA,Dharwad_Dc (Karnataka),2,1,11.0,11.0,0.5,0.01294665976178146,0.0,500.0,0.0,0.0,2.0,1.0,2.683890296695175,0.0,1.0,False
0,IND581325AAA,Dandeli_RKComplx_D (Karnataka),14,1,14.0,0.0,0.07142857142857142,0.01294665976178146,0.0,500.0,0.0,0.0007890360840349,2.0,1.0,1.555968218773097,0.0012277150702235,0.3333333333333333,False
0,IND581334AAA,Honnavar_Prbhtngr_D (Karnataka),6,1,5.0,1.0,0.16666666666666666,0.01294665976178146,0.0,500.0,0.0,0.0008151919763233,2.0,3.0,1.9392091648189207,0.0015808277515731,0.3333333333333333,False
0,IND582209AAA,Rona_GadagRD_D (Karnataka),16,1,17.0,0.0,0.0625,0.01294665976178146,0.0,500.0,0.0,0.0,1.0,1.0,1.9016393442622952,0.0,1.0,False
0,IND584101AAA,Raichur_LSRoad_DC (Karnataka),17,1,16.0,0.0,0.058823529411764705,0.01294665976178146,0.0,500.0,0.0,0.001213871183023,2.0,3.0,1.876033317252746,0.0022772627822043,0.3333333333333333,False
0,IND585330AAE,Humnabad_EBroad_D (Karnataka),21,1,20.0,0.0,0.047619047619047616,0.01294665976178146,0.0,500.0,0.0,0.003949539735556,1.0,1.0,1.837209302325581,0.007256131142068,0.0,False
0,IND586101AAB,Bijapur_Central_D_2 (Karnataka),5,1,5.0,0.0,0.2,0.01294665976178146,0.0,500.0,0.0,0.0003959050969115,1.0,1.0,1.9392091648189207,0.0007677427923293,0.0,False
0,IND586211AAA,Indi_SindgiRD_D (Karnataka),19,1,18.0,0.0,0.05263157894736842,0.01294665976178146,0.0,500.0,0.0,3.963013983098538e-07,2.0,2.0,1.90671031096563,7.556319624074954e-07,0.0,False
0,IND603102AAA,Kalpakkam_Sadras_D (Tamil Nadu),12,1,4.0,0.0,0.08333333333333333,0.01294665976178146,0.0,500.0,0.0,0.0003947161927166,1.0,1.0,1.9392091648189207,0.0007654372584184,0.0,False
0,IND610001AAA,Thiruvarur_Bypasrd_D (Tamil Nadu),27,1,27.0,7.0,0.037037037037037035,0.01294665976178146,0.0,500.0,0.0,0.0035623532694072,2.0,2.0,2.298064217758985,0.0081865165794415,0.1666666666666666,False
0,IND614018AAA,Mannargudi_Vadasari_D (Tamil Nadu),10,1,12.0,4.0,0.1,0.01294665976178146,0.0,500.0,0.0,7.926027966197076e-07,1.0,1.0,2.1880479251899474,1.7342529046435012e-06,0.0,False
0,IND620020AAA,Tiruchi (Tamil Nadu),25,1,0.0,0.0,0.04,0.01294665976178146,0.0,500.0,0.0,0.0,0.0,1.0,0.0,0.0,0.0,False
0,IND621112AAA,Tiruchi_Samyaprm_D (Tamil Nadu),1,1,25.0,1.0,1.0,0.01294665976178146,1.0,500.0,500.0,3.963013983098538e-07,1.0,1.0,1.7596153846153844,6.973380374106081e-07,0.0,False
0,IND625008AAA,Madurai_Kappalur_H (Tamil Nadu),19,1,54.0,1.0,0.05263157894736842,0.01294665976178146,0.0,500.0,0.0,2.9326303474929184e-05,5.0,1.0,1.5457579060609752,4.5331365451915234e-05,0.0,False
0,IND625218AAA,Vadipatti_lalaNGR_D (Tamil Nadu),1,1,10.0,0.0,1.0,0.01294665976178146,1.0,500.0,500.0,0.0,1.0,0.0,1.5217391304347827,0.0,0.0,False
0,IND626138AAA,Maharajapuram_Krsnakcl_D (Tamil Nadu),16,1,9.0,0.0,0.0625,0.01294665976178146,0.0,500.0,0.0,2.377808389859123e-06,1.0,1.0,1.24,2.948482403425312e-06,0.0,False
0,IND627756AAA,Sankaran_Kovil_D (Tamil Nadu),17,1,17.0,0.0,0.058823529411764705,0.01294665976178146,0.0,500.0,0.0,1.5852055932394153e-05,1.0,1.0,1.877551020408164,2.9763043791433925e-05,0.0,False
0,IND631102AAA,Sholinghur_ArkonmRD_D (Tamil Nadu),12,1,11.0,0.0,0.08333333333333333,0.01294665976178146,0.0,500.0,0.0,0.0003947161927166,1.0,1.0,1.5199999999999998,0.0005999686129292,0.0,False
0,IND635207AAA,Uthangarai_RgstrOFC_D (Tamil Nadu),1,1,1.0,1.0,1.0,0.01294665976178146,1.0,500.0,500.0,,,,,,,False
0,IND635802AAB,Ambur_Central_D_2 (Tamil Nadu),16,1,17.0,8.0,0.0625,0.01294665976178146,0.0,500.0,0.0,0.0007989436189926,3.0,2.0,2.8320217961537906,0.0022626257428852,0.5,False
0,IND636016AAA,Salem (Tamil Nadu),16,1,0.0,0.0,0.0625,0.01294665976178146,0.0,500.0,0.0,0.0,0.0,2.0,0.0,0.0,1.0,False
0,IND637301AAA,Sankari_Trchngrd_D (Tamil Nadu),10,1,0.0,0.0,0.1,0.01294665976178146,0.0,500.0,0.0,0.0,0.0,1.0,0.0,0.0,0.0,False
0,IND641008AAA,Cjb_Kovaipudur_Dc (Tamil Nadu),4,1,2.0,1.0,0.25,0.01294665976178146,0.0,500.0,0.0,6.737123771267515e-06,1.0,1.0,2.1538461538461537,1.4510728122730032e-05,1.0,False
0,IND673104AAA,Vadakara_Mandodi_D (Kerala),17,1,16.0,1.0,0.058823529411764705,0.01294665976178146,0.0,500.0,0.0,2.377808389859123e-06,2.0,1.0,1.7103222864092429,4.066818681986935e-06,0.3333333333333333,False
0,IND673121AAA,Kalpetta_Ward19_D (Kerala),8,1,11.0,3.0,0.125,0.01294665976178146,0.0,500.0,0.0,0.0,1.0,1.0,2.0,0.0,1.0,False
0,IND680307AAA,Chalakudy_SurbhiTh_D (Kerala),12,1,9.0,1.0,0.08333333333333333,0.01294665976178146,0.0,500.0,0.0,0.0003959050969115,1.0,2.0,1.8461538461538465,0.0007309017173751,0.3333333333333333,False
0,IND683572AAA,Angamaly_CivilStn_D (Kerala),9,1,0.0,0.0,0.1111111111111111,0.01294665976178146,0.0,500.0,0.0,0.0,0.0,1.0,0.0,0.0,0.0,False
0,IND686028AAB,Kottayam_Central_H_1 (Kerala),17,1,25.0,13.0,0.058823529411764705,0.01294665976178146,0.0,500.0,0.0,0.0024428018191819,3.0,2.0,2.5063219012586107,0.00612244769985,0.0,False
0,IND686632AAA,Kothanalloor_Majoor_D (Kerala),1,1,1.0,1.0,1.0,0.01294665976178146,1.0,500.0,500.0,0.0004081904402591,1.0,1.0,1.9392091648189207,0.000791566642742,0.0,False
0,IND695101AAB,Attingal_Central_D_2 (Kerala),21,1,21.0,1.0,0.047619047619047616,0.01294665976178146,0.0,500.0,0.0,0.0004113608514456,2.0,2.0,1.64362268166616,0.0006761220257855,0.3333333333333333,False
0,IND695541AAA,Nedumangad_Arsprmbu_D (Kerala),2,1,14.0,0.0,0.5,0.01294665976178146,0.0,500.0,0.0,0.0011996043326839,1.0,2.0,1.4545454545454546,0.0017448790293584,0.0,False
0,IND700136AAB,CCU_Hub (West Bengal),1,1,0.0,0.0,1.0,0.01294665976178146,1.0,500.0,500.0,0.0,0.0,0.0,0.0,0.0,0.0,False
0,IND712410AAC,Tarkeshwar_Naraynpr_D (West Bengal),6,1,9.0,9.0,0.16666666666666666,0.01294665976178146,0.0,500.0,0.0,0.0012110970732349,1.0,1.0,1.9392091648189207,0.0023485705439025,0.0,False
0,IND721602AAB,Haldia_Central_D_2 (West Bengal),4,1,5.0,1.0,0.25,0.01294665976178146,0.0,500.0,0.0,3.963013983098538e-07,2.0,1.0,2.1538461538461537,8.535722425135313e-07,1.0,False
0,IND722122AAA,Bishnupur_StnRdDPP_D (West Bengal),8,1,9.0,0.0,0.125,0.01294665976178146,0.0,500.0,0.0,0.0003947161927166,1.0,1.0,1.9444444444444444,0.00076750370806,1.0,False
0,IND722140AAA,Khatra_KoralDPP_D (West Bengal),10,1,12.0,0.0,0.1,0.01294665976178146,0.0,500.0,0.0,0.0007985473175943,1.0,1.0,1.3331653225806452,0.0010645955922565,0.0,False
0,IND722154AAA,MirzapurWB_VidyaDPP_D (West Bengal),2,1,5.0,2.0,0.5,0.01294665976178146,0.0,500.0,0.0,0.0015780721680698,2.0,1.0,1.9392091648189207,0.0030602120110666,0.0,False
0,IND722202AAA,Barjora_Central_DPP_1 (West Bengal),5,1,4.0,2.0,0.2,0.01294665976178146,0.0,500.0,0.0,0.0,1.0,2.0,2.1538461538461537,0.0,1.0,False
0,IND723133AAA,Rghunthpur_barkarRd_D (West Bengal),13,1,11.0,1.0,0.07692307692307693,0.01294665976178146,0.0,500.0,0.0,0.0003947161927166,2.0,1.0,1.6754869353506372,0.000661341824068,0.6666666666666666,False
0,IND732139AAA,Samsi_RatuaDPP_D (West Bengal),2,1,7.0,0.0,0.5,0.01294665976178146,0.0,500.0,0.0,0.0,1.0,0.0,2.1538461538461537,0.0,0.0,False
0,IND733102AAA,Balurghat_AkhirDPP_D (West Bengal),1,1,11.0,1.0,1.0,0.01294665976178146,1.0,500.0,500.0,0.0,2.0,0.0,2.014743471298349,0.0,1.0,False
0,IND733140AAA,Gangarampr_FulbaDPP_D (West Bengal),10,1,2.0,1.0,0.1,0.01294665976178146,0.0,500.0,0.0,3.963013983098538e-07,1.0,2.0,2.1538461538461537,8.535722425135313e-07,0.6666666666666666,False
0,IND741101AAB,Krishnanagar_AnadiDPP_D (West Bengal),1,1,1.0,0.0,1.0,0.01294665976178146,1.0,500.0,500.0,,,,,,,False
0,IND741121AAA,Badkulla_Central_DPP_1 (West Bengal),1,1,0.0,0.0,1.0,0.01294665976178146,1.0,500.0,500.0,,,,,,,False
0,IND742223AAA,Jangipur_Central_D_1 (West Bengal),17,1,16.0,16.0,0.058823529411764705,0.01294665976178146,0.0,500.0,0.0,0.0011877152907346,1.0,1.0,4.666666666666667,0.0055426713567616,0.0,False
0,IND754022AAA,Tangi_SriDPP_D (Orissa),2,1,2.0,1.0,0.5,0.01294665976178146,0.0,500.0,0.0,0.0003943198913183,1.0,1.0,1.9392091648189207,0.0007646687471148,1.0,False
0,IND754142AAA,Paradip_Udyabata_D (Orissa),2,1,2.0,0.0,0.5,0.01294665976178146,0.0,500.0,0.0,0.0004054163304709,1.0,1.0,1.9392091648189207,0.0007861870636165,0.0,False
0,IND754202AAA,Cuttack_SliprDPP_DC (Orissa),1,1,1.0,1.0,1.0,0.01294665976178146,1.0,500.0,500.0,,,,,,,False
0,IND754211AAA,Kendrpara_Kapleswr_D (Orissa),1,1,2.0,1.0,1.0,0.01294665976178146,1.0,500.0,500.0,0.0,1.0,0.0,1.9392091648189207,0.0,0.0,False
0,IND757024AAA,Sankerko_AmbkaDPP_D (Orissa),1,1,0.0,0.0,1.0,0.01294665976178146,1.0,500.0,500.0,,,,,,,False
0,IND757041AAA,Udala_NagplDPP_D (Orissa),5,1,3.0,0.0,0.2,0.01294665976178146,0.0,500.0,0.0,0.0,1.0,2.0,1.9392091648189207,0.0,1.0,False
0,IND762001AAA,Phulbani_Krusphrma_D (Orissa),1,1,1.0,0.0,1.0,0.01294665976178146,1.0,500.0,500.0,,,,,,,False
0,IND768201AAA,Jharsuguda_MbRoad_D (Orissa),1,1,0.0,0.0,1.0,0.01294665976178146,1.0,500.0,500.0,,,,,,,False
0,IND781005AAA,Guwahati_North (Assam),10,1,6.0,0.0,0.1,0.01294665976178146,0.0,500.0,0.0,0.0,1.0,1.0,1.804878048780488,0.0,0.0,False
0,IND781102AAA,Hajo_Sardala_D (Assam),2,1,5.0,1.0,0.5,0.01294665976178146,0.0,500.0,0.0,0.0001977543977566,1.0,1.0,2.1538461538461537,0.0004259325490142,0.0,False
0,IND783348AAA,Bilasipara_Wardno5_D (Assam),10,1,11.0,2.0,0.1,0.01294665976178146,0.0,500.0,0.0,0.0035595791596191,1.0,1.0,1.9090909090909087,0.0067955602138182,0.0,False
0,IND787059AAB,Silapathar_Hejunagr_D (Assam),1,1,10.0,5.0,1.0,0.01294665976178146,1.0,500.0,500.0,0.0015836203876461,1.0,1.0,2.12,0.0033572752218098,0.0,False
0,IND790001AAB,Bomdila_CTRoad_D (Arunachal Pradesh),1,1,0.0,0.0,1.0,0.01294665976178146,1.0,500.0,500.0,0.0,0.0,1.0,0.0,0.0,0.0,False
0,IND791102AAA,Pasighat_MissonRd_D (Arunachal Pradesh),1,1,5.0,1.0,1.0,0.01294665976178146,1.0,500.0,500.0,0.0023730527730794,2.0,1.0,1.9392091648189207,0.0046018456861545,0.0,False
0,IND791109AAA,Nirjuli_BageDPP_D (Arunachal Pradesh),1,1,0.0,0.0,1.0,0.01294665976178146,1.0,500.0,500.0,0.0,0.0,1.0,0.0,0.0,0.0,False
0,IND791110AAA,Naharlagun_JmpuCntr_D (Arunachal Pradesh),1,1,0.0,0.0,1.0,0.01294665976178146,1.0,500.0,500.0,0.0,0.0,1.0,0.0,0.0,0.0,False
0,IND792110AAA,Roing_DibngVly_D (Arunachal Pradesh),2,1,2.0,0.0,0.5,0.01294665976178146,0.0,500.0,0.0,0.0,1.0,1.0,2.1538461538461537,0.0,1.0,False
0,IND796081AAA,Kolasib_Diakkawn_D (Mizoram),1,1,3.0,3.0,1.0,0.01294665976178146,1.0,500.0,500.0,0.0003947161927166,1.0,1.0,1.9392091648189207,0.0007654372584184,1.0,False
0,IND799250AAA,Dharmanagr_Ranakant_D (Tripura),1,1,1.0,1.0,1.0,0.01294665976178146,1.0,500.0,500.0,0.0004050200290726,1.0,1.0,1.9392091648189207,0.0007854185523129,0.0,False
0,IND803213AAA,Barh_Malahi_D (Bihar),3,1,0.0,0.0,0.3333333333333333,0.01294665976178146,0.0,500.0,0.0,0.0,0.0,1.0,0.0,0.0,0.0,False
0,IND811213AAA,KharagpurBR_Central_DPP_1 (Bihar),3,1,3.0,0.0,0.3333333333333333,0.01294665976178146,0.0,500.0,0.0,,,,,,,False
0,IND814133AAA,Godda_PushPlza_D (Jharkhand),1,1,2.0,1.0,1.0,0.01294665976178146,1.0,500.0,500.0,0.0002978205008298,1.0,1.0,1.9392091648189207,0.0005775362446802,0.0,False
0,IND824101AAA,AurngbadBR_Mahindra_D (Bihar),11,1,8.0,0.0,0.09090909090909091,0.01294665976178146,0.0,500.0,0.0,0.0007989436189926,2.0,2.0,2.0172236300285085,0.0016116479472924,0.0,False
0,IND829122AAA,Ramgarh_HotelPrk_D (Jharkhand),14,1,14.0,8.0,0.07142857142857142,0.01294665976178146,0.0,500.0,0.0,0.0008080585511537,1.0,1.0,2.5161290322580645,0.0020331795803224,0.0,False
0,IND841226AAB,Siwan_HnmntNgr_D (Bihar),2,1,4.0,2.0,0.5,0.01294665976178146,0.0,500.0,0.0,7.926027966197076e-07,2.0,1.0,2.046527659332537,1.6220835461465534e-06,0.3333333333333333,False
0,IND844101AAB,Hajipur_ThaneDPP_D (Bihar),1,1,0.0,0.0,1.0,0.01294665976178146,1.0,500.0,500.0,0.0,0.0,1.0,0.0,0.0,0.0,False
0,IND848114AAA,DalsinghSarai_Wardno13_D (Bihar),21,1,20.0,6.0,0.047619047619047616,0.01294665976178146,0.0,500.0,0.0,0.0012118896760315,1.0,1.0,2.3125,0.0028024948758229,0.0,False
0,IND852118A1B,,1,1,4.0,3.0,1.0,0.01294665976178146,1.0,500.0,500.0,0.0,2.0,0.0,1.9392091648189207,0.0,0.0,False
0,IND000000AFJ,Trivandrum_Pettah_D (Kerala),21,0,1.0,0.0,0.0,0.0,0.0,0.0,0.0,7.926027966197076e-07,1.0,2.0,2.1538461538461537,1.7071444850270623e-06,1.0,False
0,IND110035AAC,Delhi_North_R_8 (Delhi),3,0,36.0,14.0,0.0,0.0,0.0,0.0,0.0,0.0,1.0,1.0,2.238095238095238,0.0,0.0,False
0,IND110043AAC,Delhi_Nangli_L (Delhi),1,0,9.0,1.0,0.0,0.0,0.0,0.0,0.0,0.0,1.0,1.0,1.9454545454545449,0.0,0.0,False
0,IND110095AAB,Delhi_Jhilmil_L (Delhi),1,0,36.0,16.0,0.0,0.0,0.0,0.0,0.0,0.0,1.0,1.0,1.9802631578947367,0.0,0.0,False
0,IND122001AAJ,Mahbubabad_Yellanda_D (Telangana),13,0,19.0,2.0,0.0,0.0,0.0,0.0,0.0,0.0012019821410737,1.0,1.0,1.8403361344537807,0.0022120511671862,0.0,False
0,IND122002AAD,Gurgaon_Central_D_15 (Haryana),2,0,0.0,0.0,0.0,0.0,0.0,0.0,0.0,0.0,0.0,1.0,0.0,0.0,0.0,False
0,IND124103AAA,Jhajjar_DC (Haryana),9,0,13.0,3.0,0.0,0.0,0.0,0.0,0.0,0.0,1.0,1.0,1.8043478260869563,0.0,1.0,False
0,IND125050AAA,Fatehabad_SirsaDPP_D (Haryana),2,0,1.0,1.0,0.0,0.0,0.0,0.0,0.0,0.0,1.0,1.0,1.9392091648189207,0.0,1.0,False
0,IND125051AAA,Ratia_SchdvDPP_D (Haryana),4,0,13.0,3.0,0.0,0.0,0.0,0.0,0.0,0.0015955094295954,3.0,1.0,2.020876285317877,0.0032243271692705,0.3333333333333333,False
0,IND131028AAE,Sonipat_Central_D_2 (Haryana),1,0,3.0,2.0,0.0,0.0,0.0,0.0,0.0,0.0,1.0,0.0,1.9392091648189207,0.0,0.0,False
0,IND133004AAA,Ambala (Haryana),6,0,0.0,0.0,0.0,0.0,0.0,0.0,0.0,0.0,0.0,1.0,0.0,0.0,0.0,False
0,IND136118AAA,Kurukshetra_DC (Haryana),22,0,17.0,2.0,0.0,0.0,0.0,0.0,0.0,0.001215060087218,1.0,1.0,1.9893617021276595,0.0024171940032954,0.0,False
0,IND140001AAA,RoopNagar_ChotiHvl_DC (Punjab),19,0,21.0,1.0,0.0,0.0,0.0,0.0,0.0,0.000404227426276,1.0,1.0,1.6666666666666667,0.0006737123771267,0.0,False
0,IND140118AAA,AnandprShb_PnjPiara_D (Punjab),17,0,19.0,0.0,0.0,0.0,0.0,0.0,0.0,0.0003947161927166,1.0,1.0,1.7611408199643492,0.0006951507992941,0.0,False
0,IND140406AAA,SirhindFatehgarh_DC (Punjab),7,0,2.0,0.0,0.0,0.0,0.0,0.0,0.0,0.0002019155624388,1.0,1.0,1.9392091648189207,0.000391556509201,1.0,False
0,IND141003AAB,Ludhiana_GillChwk_DC (Punjab),24,0,0.0,0.0,0.0,0.0,0.0,0.0,0.0,0.0,0.0,2.0,0.0,0.0,1.0,False
0,IND141010AAA,Ludhiana_DC (Punjab),1,0,0.0,0.0,0.0,0.0,0.0,0.0,0.0,0.0,0.0,1.0,0.0,0.0,0.0,False
0,IND141109AAA,Raikot_DC (Punjab),18,0,19.0,0.0,0.0,0.0,0.0,0.0,0.0,0.0,1.0,1.0,1.3797619047619047,0.0,1.0,False
0,IND141115AAA,Machhiwara_MnBzrDPP_D (Punjab),14,0,9.0,0.0,0.0,0.0,0.0,0.0,0.0,0.0003951124941149,2.0,1.0,1.8446045824094608,0.0007288263172116,0.3333333333333333,False
0,IND144514AAA,Nawanshahr_DC (Punjab),6,0,12.0,4.0,0.0,0.0,0.0,0.0,0.0,0.0004038311248777,1.0,2.0,1.8174603174603168,0.0007339470444206,1.0,False
0,IND144527AAA,Garhshnker_Jagrata_D (Punjab),4,0,0.0,0.0,0.0,0.0,0.0,0.0,0.0,0.0,0.0,1.0,0.0,0.0,0.0,False
0,IND144601AAA,Kapurthala_DC (Punjab),3,0,3.0,3.0,0.0,0.0,0.0,0.0,0.0,0.0008080585511537,1.0,2.0,1.9392091648189207,0.0015669945481077,0.6666666666666666,False
0,IND147201AAA,Nabha_Sahni_D (Punjab),6,0,7.0,0.0,0.0,0.0,0.0,0.0,0.0,1.1889041949295614e-06,2.0,1.0,1.6298855530352587,1.9377777712587074e-06,0.3333333333333333,False
0,IND147301AAA,Mandi_Gobindgarh_DC (Punjab),2,0,4.0,1.0,0.0,0.0,0.0,0.0,0.0,0.0002019155624388,2.0,1.0,1.9392091648189207,0.000391556509201,1.0,False
0,IND148023AAA,Malerkotla_DC (Punjab),3,0,7.0,0.0,0.0,0.0,0.0,0.0,0.0,0.0008108326609419,2.0,2.0,1.5302106430155211,0.0012407447674779,0.1666666666666666,False
0,IND148102AAA,Bhadaur_BChwkDPP_D (Punjab),1,0,0.0,0.0,0.0,0.0,0.0,0.0,0.0,0.0,0.0,1.0,0.0,0.0,0.0,False
0,IND151302AAA,TalwandiSabo_Wardno3_D (Punjab),15,0,11.0,0.0,0.0,0.0,0.0,0.0,0.0,0.0008080585511537,1.0,1.0,0.8292682926829268,0.0006700973351031,0.0,False
0,IND151505AAA,Mansa_GreenVly_D (Punjab),5,0,15.0,0.0,0.0,0.0,0.0,0.0,0.0,0.0007985473175943,1.0,1.0,0.9210526315789472,0.0007355041083105,0.0,False
0,IND152024AAA,Jalalabad_Muktsar_D (Punjab),2,0,2.0,0.0,0.0,0.0,0.0,0.0,0.0,0.0004050200290726,1.0,1.0,1.9392091648189207,0.0007854185523129,0.0,False
0,IND174307AAA,Bangana_Bhaleti_D (Himachal Pradesh),17,0,14.0,0.0,0.0,0.0,0.0,0.0,0.0,0.0,1.0,1.0,1.3555555555555556,0.0,1.0,False
0,IND176201AAA,Jassur_AadiDPP_D (Himachal Pradesh),9,0,7.0,2.0,0.0,0.0,0.0,0.0,0.0,0.0,1.0,1.0,1.6577380952380951,0.0,1.0,False
0,IND176215AAA,Dharamshala_GrudwrRd_D (Himachal Pradesh),3,0,0.0,0.0,0.0,0.0,0.0,0.0,0.0,0.0,0.0,1.0,0.0,0.0,0.0,False
0,IND177001AAA,Hamirpur_GutmgrCl_D (Himachal Pradesh),7,0,0.0,0.0,0.0,0.0,0.0,0.0,0.0,0.0,0.0,1.0,0.0,0.0,0.0,False
0,IND177101AAA,DehraGopipur_Central_D_1 (Himachal Pradesh),3,0,3.0,1.0,0.0,0.0,0.0,0.0,0.0,3.963013983098538e-07,1.0,1.0,1.9392091648189207,7.685113036330222e-07,0.0,False
0,IND181152AAA,Jammu_TrnptNgr_L (Jammu & Kashmir),5,0,6.0,0.0,0.0,0.0,0.0,0.0,0.0,0.0002015192610405,3.0,1.0,1.9392091648189207,0.0003907879978973,1.0,False
0,IND184104AAA,Kathua_BOB_D (Jammu & Kashmir),12,0,9.0,0.0,0.0,0.0,0.0,0.0,0.0,0.001009181510796,2.0,4.0,1.921886740085809,0.0019395325639386,0.8333333333333334,False
0,IND201001AAC,Ghaziabad_Central_L_8 (Uttar Pradesh),3,0,12.0,2.0,0.0,0.0,0.0,0.0,0.0,0.0,1.0,0.0,2.1538461538461537,0.0,0.0,False
0,IND201301AAL,Dadri_ICDCant_D (Uttar Pradesh),16,0,29.0,1.0,0.0,0.0,0.0,0.0,0.0,1.1889041949295614e-06,1.0,2.0,1.4931818181818182,1.7752501274289131e-06,0.0,False
0,IND203131AAA,Khurja_Pnjbiyon_D (Uttar Pradesh),16,0,5.0,5.0,0.0,0.0,0.0,0.0,0.0,2.377808389859123e-06,1.0,1.0,1.9392091648189207,4.6110678217981336e-06,0.0,False
0,IND203396AAB,Pahasu_Kanongyn_D (Uttar Pradesh),15,0,12.0,1.0,0.0,0.0,0.0,0.0,0.0,0.0,1.0,1.0,1.5517241379310345,0.0,1.0,False
0,IND206001AAA,Etawah_MhraChng_D (Uttar Pradesh),20,0,19.0,0.0,0.0,0.0,0.0,0.0,0.0,0.0003947161927166,1.0,1.0,1.4893617021276595,0.0005878751806417,0.0,False
0,IND206122AAA,Auraiya_AryaNagr_D (Uttar Pradesh),19,0,20.0,0.0,0.0,0.0,0.0,0.0,0.0,0.000404227426276,1.0,1.0,1.663265306122449,0.0006723374539081,0.0,False
0,IND207001AAA,Etah_CivlLine_D (Uttar Pradesh),6,0,6.0,6.0,0.0,0.0,0.0,0.0,0.0,0.000791810193823,1.0,1.0,3.1363636363636367,0.0024834046988087,0.0,False
0,IND209625AAA,Farrukhbad_Pnchlght_D (Uttar Pradesh),11,0,11.0,1.0,0.0,0.0,0.0,0.0,0.0,0.0008108326609419,2.0,1.0,1.9392091648189207,0.0015723741272331,0.3333333333333333,False
0,IND209721AAB,Chhibramau_Bhainpura_D (Uttar Pradesh),10,0,10.0,4.0,0.0,0.0,0.0,0.0,0.0,0.0,1.0,1.0,1.9392091648189207,0.0,1.0,False
0,IND212501AAA,Soraon_BypassRD_D (Uttar Pradesh),13,0,13.0,13.0,0.0,0.0,0.0,0.0,0.0,0.0007985473175943,1.0,1.0,3.904761904761905,0.0031181371448922,0.0,False
0,IND221303AAA,Gopiganj_Wardno13_D (Uttar Pradesh),3,0,2.0,2.0,0.0,0.0,0.0,0.0,0.0,3.963013983098538e-07,1.0,1.0,1.9392091648189207,7.685113036330222e-07,0.0,False
0,IND231225AAB,Anpara_Parasi_D (Uttar Pradesh),7,0,7.0,5.0,0.0,0.0,0.0,0.0,0.0,3.1704111864788306e-06,1.0,1.0,2.4,7.608986847549193e-06,0.0,False
0,IND242307AAB,Tilhar_SingCLNY_D (Uttar Pradesh),10,0,1.0,1.0,0.0,0.0,0.0,0.0,0.0,0.0,0.0,2.0,0.0,0.0,1.0,False
0,IND243002AAA,Bareilly (Uttar Pradesh),1,0,16.0,8.0,0.0,0.0,0.0,0.0,0.0,0.0,1.0,0.0,2.2888888888888888,0.0,0.0,False
0,IND243201AAA,Baheri_HoliCDPP_D (Uttar Pradesh),4,0,3.0,1.0,0.0,0.0,0.0,0.0,0.0,0.0004036329741785,2.0,1.0,2.1538461538461537,0.000869363329,1.0,False
0,IND244235AAA,Gajraula_JawaharN_D (Uttar Pradesh),20,0,21.0,4.0,0.0,0.0,0.0,0.0,0.0,0.0067704130887255,1.0,1.0,1.8429752066115703,0.0124777034610396,0.0,False
0,IND244301AAA,Sambhal_Khwssrai_D (Uttar Pradesh),11,0,10.0,0.0,0.0,0.0,0.0,0.0,0.0,0.0012118896760315,1.0,1.0,0.9090909090909092,0.0011017178873013,1.0,False
0,IND244501AAA,Kanth_Dayanand_D (Uttar Pradesh),8,0,10.0,0.0,0.0,0.0,0.0,0.0,0.0,0.000404227426276,1.0,1.0,0.4621135582946049,0.0001867989743166,0.0,False
0,IND244715AAA,Ramnagar_BhwniGnj_D (Uttarakhand),17,0,17.0,1.0,0.0,0.0,0.0,0.0,0.0,0.0002019155624388,1.0,1.0,1.5483870967741935,0.0003126434515182,0.0,False
0,IND244901AAC,Rampur_ThanaDPP_D (Uttar Pradesh),1,0,2.0,0.0,0.0,0.0,0.0,0.0,0.0,0.0,1.0,0.0,1.9392091648189207,0.0,0.0,False
0,IND244921AAB,Bilaspur_GrmNgriya_D (Uttar Pradesh),3,0,6.0,3.0,0.0,0.0,0.0,0.0,0.0,0.0004036329741785,1.0,2.0,2.1538461538461537,0.000869363329,1.0,False
0,IND246001AAA,Pauri_Khndyusn_D (Uttarakhand),4,0,0.0,0.0,0.0,0.0,0.0,0.0,0.0,,,,,,,False
0,IND246174AAA,SrinagarUK_Srikot_D (Uttarakhand),16,0,20.0,4.0,0.0,0.0,0.0,0.0,0.0,3.963013983098538e-07,1.0,1.0,1.2563086548488007,4.978768766253512e-07,1.0,False
0,IND246444AAB,Karnaprayag_Umalodge_D (Uttarakhand),15,0,16.0,0.0,0.0,0.0,0.0,0.0,0.0,3.963013983098538e-07,1.0,1.0,1.1956521739130437,4.738386284139558e-07,1.0,False
0,IND246725AAB,Chandpur_NorprRD_D (Uttar Pradesh),10,0,14.0,0.0,0.0,0.0,0.0,0.0,0.0,0.0020171741173971,1.0,1.0,1.176,0.002372196762059,0.0,False
0,IND246761AAA,Dhampur_NaginaRD_D (Uttar Pradesh),12,0,11.0,8.0,0.0,0.0,0.0,0.0,0.0,0.0019886404167188,1.0,2.0,2.5161290322580645,0.005003675887228,0.0,False
0,IND247554AAA,Deoband_Ramvlg_D (Uttar Pradesh),14,0,12.0,4.0,0.0,0.0,0.0,0.0,0.0,0.0007977547147977,1.0,2.0,1.8958333333333328,0.0015124099801373,0.0,False
0,IND247776AAA,Shamli_KarnalRd_D (Uttar Pradesh),8,0,11.0,0.0,0.0,0.0,0.0,0.0,0.0,0.0007985473175943,1.0,1.0,1.90282131661442,0.0015194928582438,0.0,False
0,IND250611AAA,Baraut_SrnprHwy_D (Uttar Pradesh),11,0,3.0,3.0,0.0,0.0,0.0,0.0,0.0,0.0008080585511537,1.0,1.0,1.9392091648189207,0.0015669945481077,0.0,False
0,IND251309AAB,Budhana_Busstand_D (Uttar Pradesh),10,0,8.0,0.0,0.0,0.0,0.0,0.0,0.0,0.0007890360840349,1.0,1.0,1.8055555555555556,0.001424648485063,0.0,False
0,IND262001AAA,Pilibhit_ViksClny_D (Uttar Pradesh),7,0,5.0,0.0,0.0,0.0,0.0,0.0,0.0,0.0011924709075143,2.0,2.0,2.1538461538461537,0.0025683988777232,0.6666666666666666,False
0,IND262501AAA,Pithorgarh_Kumud_D (Uttarakhand),8,0,11.0,1.0,0.0,0.0,0.0,0.0,0.0,0.0,1.0,1.0,1.9260940251998375,0.0,1.0,False
0,IND263002AAA,Nainital_Sookhtal_D (Uttarakhand),13,0,13.0,1.0,0.0,0.0,0.0,0.0,0.0,0.0012110970732349,1.0,1.0,1.5238702817650185,0.0018455548382352,0.0,False
0,IND272001AAA,Basti_GndhiNgr_D (Uttar Pradesh),7,0,3.0,0.0,0.0,0.0,0.0,0.0,0.0,0.0004006607136912,1.0,1.0,1.9392091648189207,0.0007769649279729,0.0,False
0,IND272155AAA,Harraiya_MahuGDPP_D (Uttar Pradesh),3,0,0.0,0.0,0.0,0.0,0.0,0.0,0.0,0.0,0.0,1.0,0.0,0.0,0.0,False
0,IND277303AAC,Sikandarpur_Central_D_3 (Uttar Pradesh),6,0,18.0,1.0,0.0,0.0,0.0,0.0,0.0,1.54557545340843e-05,1.0,1.0,1.98,3.060239397748691e-05,0.0,False
0,IND282001AAC,Agra_Idgah_L (Uttar Pradesh),2,0,1.0,0.0,0.0,0.0,0.0,0.0,0.0,0.0,1.0,1.0,1.9392091648189207,0.0,1.0,False
0,IND285001AAD,Orai_Ajnari_D (Uttar Pradesh),21,0,21.0,10.0,0.0,0.0,0.0,0.0,0.0,0.0015955094295954,1.0,1.0,2.333333333333333,0.0037228553357227,0.0,False
0,IND302022AAD,Jaipur_RIICO_L (Rajasthan),7,0,20.0,2.0,0.0,0.0,0.0,0.0,0.0,0.0,1.0,1.0,1.690254089801601,0.0,0.0,False
0,IND303008AAB,Dudu_NrainaRD_D (Rajasthan),5,0,5.0,0.0,0.0,0.0,0.0,0.0,0.0,2.179657690704196e-06,1.0,1.0,1.923076923076923,4.191649405200377e-06,0.0,False
0,IND303301AAB,Bassi_DmodrNGR_D (Rajasthan),12,0,10.0,0.0,0.0,0.0,0.0,0.0,0.0,0.0,1.0,1.0,1.3125,0.0,1.0,False
0,IND303303AAA,Dausa_IndraCln_D (Rajasthan),16,0,15.0,2.0,0.0,0.0,0.0,0.0,0.0,2.1400275508732105e-05,2.0,1.0,1.809661172161172,3.872724766170416e-05,0.3333333333333333,False
0,IND303338AAB,Phulera_NarenaRD_D (Rajasthan),6,0,6.0,0.0,0.0,0.0,0.0,0.0,0.0,6.340822372957661e-06,2.0,1.0,1.843589743589744,1.1689875092709124e-05,0.0,False
0,IND303503AAA,Lalsot_NWclyDPP_D (Rajasthan),11,0,12.0,1.0,0.0,0.0,0.0,0.0,0.0,0.0,1.0,1.0,1.7666666666666666,0.0,1.0,False
0,IND303702AAB,Chomu_ShsmlDPP_D (Rajasthan),12,0,9.0,4.0,0.0,0.0,0.0,0.0,0.0,0.0060416148172337,1.0,2.0,2.1842105263157894,0.0131961586797473,0.3333333333333333,False
0,IND303901AAA,Chaksu_TonkRoad_D (Rajasthan),3,0,10.0,5.0,0.0,0.0,0.0,0.0,0.0,5.548219576337954e-06,1.0,1.0,3.119047619047619,1.7305161059530284e-05,0.0,False
0,IND304001AAA,Tonk_DC (Rajasthan),1,0,4.0,0.0,0.0,0.0,0.0,0.0,0.0,0.0,1.0,0.0,2.1538461538461537,0.0,0.0,False
0,IND306304AAB,Raipur_BypRDDPP_D (Rajasthan),1,0,1.0,0.0,0.0,0.0,0.0,0.0,0.0,0.0,1.0,1.0,1.9392091648189207,0.0,1.0,False
0,IND306902AAA,Sumerpur_BazarDPP_D (Rajasthan),1,0,2.0,0.0,0.0,0.0,0.0,0.0,0.0,0.0,1.0,0.0,1.9392091648189207,0.0,0.0,False
0,IND307001AAA,Sirohi_Ricco_D (Rajasthan),2,0,2.0,0.0,0.0,0.0,0.0,0.0,0.0,0.0004058126318692,1.0,1.0,1.9392091648189207,0.0007869555749202,0.0,False
0,IND311001AAA,Bhilwara_DC (Rajasthan),5,0,14.0,1.0,0.0,0.0,0.0,0.0,0.0,0.0019767513747695,2.0,1.0,1.7522132780616344,0.0034636900062977,0.6666666666666666,False
0,IND312001AAA,Chittaurgarh_DC (Rajasthan),19,0,22.0,1.0,0.0,0.0,0.0,0.0,0.0,0.0023932641443932,2.0,2.0,2.007579265953765,0.0048046674742343,0.1666666666666666,False
0,IND312601AAA,Nimbahera_MsjidDPP_D (Rajasthan),6,0,6.0,0.0,0.0,0.0,0.0,0.0,0.0,0.0008080585511537,1.0,1.0,1.9392091648189207,0.0015669945481077,0.0,False
0,IND322230AAA,Hindaun_MndwrRod_D (Rajasthan),14,0,16.0,0.0,0.0,0.0,0.0,0.0,0.0,2.298548110197152e-05,1.0,1.0,1.3506493506493509,3.104532512474076e-05,0.0,False
0,IND327001AAB,Banswara_KhandDPP_D (Rajasthan),4,0,8.0,4.0,0.0,0.0,0.0,0.0,0.0,0.0012103044704382,1.0,1.0,1.9392091648189207,0.0023470335212952,1.0,False
0,IND331023AAA,Rajgarh_SadulDPP_D (Rajasthan),3,0,5.0,5.0,0.0,0.0,0.0,0.0,0.0,0.0,1.0,0.0,1.9392091648189207,0.0,0.0,False
0,IND332404AAA,Reengus_Shop2DPP_D (Rajasthan),12,0,9.0,1.0,0.0,0.0,0.0,0.0,0.0,0.0,1.0,1.0,1.5416666666666667,0.0,1.0,False
0,IND333001AAA,Jhunjhunu_DC (Rajasthan),3,0,3.0,0.0,0.0,0.0,0.0,0.0,0.0,0.0,1.0,1.0,1.9392091648189207,0.0,1.0,False
0,IND333042AAA,Nawalgarh_NavldiDPP_D (Rajasthan),13,0,14.0,6.0,0.0,0.0,0.0,0.0,0.0,0.0,1.0,1.0,1.3658536585365857,0.0,1.0,False
0,IND333504AAA,Khetri_NagarDPP_D (Rajasthan),2,0,1.0,1.0,0.0,0.0,0.0,0.0,0.0,0.0,0.0,1.0,0.0,0.0,0.0,False
0,IND334001AAB,Bikaner_DC (Rajasthan),2,0,10.0,0.0,0.0,0.0,0.0,0.0,0.0,0.0002019155624388,1.0,1.0,1.65359477124183,0.0003338865182812,0.0,False
0,IND334001AAC,Bikaner_ITICollg_L (Rajasthan),6,0,3.0,0.0,0.0,0.0,0.0,0.0,0.0,0.0033719304475193,1.0,2.0,1.9392091648189207,0.0065388784269615,0.3333333333333333,False
0,IND334803AAA,Nokha_DeVDPP_D (Rajasthan),3,0,6.0,0.0,0.0,0.0,0.0,0.0,0.0,0.0003947161927166,2.0,1.0,1.9392091648189207,0.0007654372584184,0.3333333333333333,False
0,IND335501AAA,Bhadra_GMndiDPP_D (Rajasthan),1,0,1.0,1.0,0.0,0.0,0.0,0.0,0.0,0.0,0.0,1.0,0.0,0.0,0.0,False
0,IND335513AAA,Hanumangarh_DC (Rajasthan),16,0,20.0,1.0,0.0,0.0,0.0,0.0,0.0,0.0047869245901847,3.0,3.0,1.9348959042245688,0.0092622007833802,0.0666666666666666,False
0,IND335524AAA,Rawatsar_ShivmDPP_D (Rajasthan),1,0,7.0,0.0,0.0,0.0,0.0,0.0,0.0,0.0,2.0,1.0,1.9392091648189207,0.0,0.6666666666666666,False
0,IND335701AAA,Anupgarh_PrmNrDPP_D (Rajasthan),7,0,11.0,0.0,0.0,0.0,0.0,0.0,0.0,0.001585998196036,2.0,1.0,2.1538461538461537,0.0034159961145391,0.3333333333333333,False
0,IND335703AAA,Srivijaynagar_BhwanDPP_D (Rajasthan),9,0,9.0,0.0,0.0,0.0,0.0,0.0,0.0,0.0,1.0,1.0,2.1538461538461537,0.0,1.0,False
0,IND335803AAA,Pilibanga_BsstdDPP_D (Rajasthan),7,0,9.0,0.0,0.0,0.0,0.0,0.0,0.0,0.0,1.0,1.0,2.1538461538461537,0.0,1.0,False
0,IND335804AAD,Suratgarh_Central_DPP_2 (Rajasthan),11,0,8.0,0.0,0.0,0.0,0.0,0.0,0.0,0.0016050206631549,2.0,2.0,2.1538461538461537,0.0034569675821798,0.3333333333333333,False
0,IND341030AAA,Tarnau_BsstdDPP_D (Rajasthan),3,0,2.0,0.0,0.0,0.0,0.0,0.0,0.0,0.0,1.0,1.0,1.9392091648189207,0.0,1.0,False
0,IND341512AAA,Parbatsar_AjmhwDPP_D (Rajasthan),5,0,6.0,1.0,0.0,0.0,0.0,0.0,0.0,0.0016050206631549,1.0,1.0,1.9392091648189207,0.0031124707797137,0.0,False
0,IND342602AAC,Bilara_Central_DPP_2 (Rajasthan),4,0,8.0,1.0,0.0,0.0,0.0,0.0,0.0,0.0024087198989272,2.0,2.0,1.9392091648189207,0.0046710117034815,0.3333333333333333,False
0,IND343001AAA,Jalore_RoopNgr_D (Rajasthan),2,0,5.0,0.0,0.0,0.0,0.0,0.0,0.0,0.001215060087218,1.0,1.0,1.9392091648189207,0.0023562556569388,0.0,False
0,IND343029AAB,Bhinmal_RwStnDPP_D (Rajasthan),2,0,2.0,0.0,0.0,0.0,0.0,0.0,0.0,0.0008108326609419,1.0,1.0,1.9392091648189207,0.0015723741272331,0.0,False
0,IND344001AAA,Barmer_Nehru3PL_D (Rajasthan),13,0,9.0,0.0,0.0,0.0,0.0,0.0,0.0,0.0008080585511537,1.0,3.0,1.9392091648189207,0.0015669945481077,0.6666666666666666,False
0,IND345001AAA,Jaisalmer_Gopa3PL_D (Rajasthan),5,0,6.0,0.0,0.0,0.0,0.0,0.0,0.0,0.0,1.0,2.0,0.7725949468511297,0.0,1.0,False
0,IND345021AAA,Pokhran_SttinDPP_D (Rajasthan),10,0,7.0,0.0,0.0,0.0,0.0,0.0,0.0,0.0,2.0,1.0,1.9392091648189207,0.0,1.0,False
0,IND360003AAA,Rajkot_Kothriya_DC (Gujarat),2,0,0.0,0.0,0.0,0.0,0.0,0.0,0.0,0.0,0.0,1.0,0.0,0.0,0.0,False
0,IND360311AAA,Gondal_DC (Gujarat),1,0,2.0,0.0,0.0,0.0,0.0,0.0,0.0,3.963013983098538e-07,1.0,1.0,2.1538461538461537,8.535722425135313e-07,0.0,False
0,IND360575AAA,Porbandar_DC (Gujarat),10,0,11.0,0.0,0.0,0.0,0.0,0.0,0.0,8.32232936450693e-06,1.0,1.0,1.4216867469879515,1.1831745361588162e-05,0.0,False
0,IND361305AAC,Khambhalia_JdswarRD_D (Gujarat),11,0,16.0,1.0,0.0,0.0,0.0,0.0,0.0,1.1889041949295614e-06,1.0,1.0,1.6666666666666667,1.981506991549269e-06,0.0,False
0,IND361315AAA,Bhatiya_Kalyanpr_D (Gujarat),11,0,10.0,0.0,0.0,0.0,0.0,0.0,0.0,1.5852055932394153e-06,1.0,1.0,1.723908918406072,2.732750059692616e-06,0.0,False
0,IND361335AAA,Dwarka_StnRoad_DC (Gujarat),1,0,12.0,0.0,0.0,0.0,0.0,0.0,0.0,1.1889041949295614e-06,1.0,1.0,1.5555555555555556,1.8494065254459843e-06,0.0,False
0,IND362150AAA,Talala_SsnRdDPP_D (Gujarat),11,0,11.0,0.0,0.0,0.0,0.0,0.0,0.0,1.783356292394342e-05,1.0,1.0,1.8101092896174864,3.2280697915607965e-05,0.0,False
0,IND362220AAA,Junagadh_keshod_DC (Gujarat),8,0,14.0,4.0,0.0,0.0,0.0,0.0,0.0,4.359315381408392e-06,1.0,1.0,2.0416666666666665,8.9002689037088e-06,0.0,False
0,IND362225AAA,Mangrol_JilRDDPP_D (Gujarat),6,0,6.0,0.0,0.0,0.0,0.0,0.0,0.0,4.359315381408392e-06,1.0,1.0,1.923076923076923,8.383298810400754e-06,0.0,False
0,IND362560AAA,Una_Mamlatdr_DC (Gujarat),11,0,17.0,0.0,0.0,0.0,0.0,0.0,0.0,1.783356292394342e-05,1.0,1.0,2.035714285714286,3.6304038809456256e-05,0.0,False
0,IND362720AAA,Kodinar_NCplxDPP_D (Gujarat),17,0,16.0,4.0,0.0,0.0,0.0,0.0,0.0,1.783356292394342e-05,1.0,1.0,2.4444444444444446,4.359315381408392e-05,0.0,False
0,IND363001AAA,Surendranagar_DC (Gujarat),14,0,13.0,0.0,0.0,0.0,0.0,0.0,0.0,7.926027966197076e-07,1.0,1.0,1.196003401360544,9.479556406850498e-07,0.0,False
0,IND363310AAB,Dhrangadhra_NvygRDPP_D (Gujarat),9,0,9.0,0.0,0.0,0.0,0.0,0.0,0.0,0.0019719957579898,2.0,1.0,1.7473823601872382,0.0034458306018754,0.6666666666666666,False
0,IND363330AAB,Halvad_CrossRD_D (Gujarat),8,0,8.0,0.0,0.0,0.0,0.0,0.0,0.0,0.0,1.0,1.0,1.4285714285714286,0.0,1.0,False
0,IND363520AAC,Chotila_Central_D_2 (Gujarat),13,0,0.0,0.0,0.0,0.0,0.0,0.0,0.0,0.0,0.0,1.0,0.0,0.0,0.0,False
0,IND363621AAB,Wankaner_JivanDPP_D (Gujarat),2,0,6.0,0.0,0.0,0.0,0.0,0.0,0.0,0.0,1.0,1.0,2.1538461538461537,0.0,1.0,False
0,IND363641AAA,Morbi_DC (Gujarat),7,0,0.0,0.0,0.0,0.0,0.0,0.0,0.0,0.0,0.0,2.0,0.0,0.0,1.0,False
0,IND364270AAA,Palitana_STRdDPP_D (Gujarat),2,0,0.0,0.0,0.0,0.0,0.0,0.0,0.0,,,,,,,False
0,IND364290AAA,Bhavnagar_Mahuva_DC (Gujarat),1,0,11.0,9.0,0.0,0.0,0.0,0.0,0.0,0.0,1.0,0.0,2.4827586206896552,0.0,0.0,False
0,IND365560AAA,Amreli_MrktYrd_DC (Gujarat),7,0,7.0,1.0,0.0,0.0,0.0,0.0,0.0,0.0008108326609419,1.0,1.0,1.9473684210526323,0.0015789899186764,0.0,False
0,IND370201AAA,Gandhidham_Sector1A_IP (Gujarat),9,0,13.0,1.0,0.0,0.0,0.0,0.0,0.0,0.0019910182251087,2.0,2.0,1.7164795824094603,0.0034175421316042,0.3333333333333333,False
0,IND383001AAA,Himmatnagar_DC (Gujarat),13,0,11.0,0.0,0.0,0.0,0.0,0.0,0.0,0.0008080585511537,1.0,1.0,1.5046610169491526,0.0012158542013335,0.0,False
0,IND383315AAC,Modasa_Central_D_1 (Gujarat),13,0,13.0,0.0,0.0,0.0,0.0,0.0,0.0,0.0007985473175943,1.0,1.0,1.2526132404181185,0.001000270943119,0.0,False
0,IND384355AAB,Vadnagar_BsstdDPP_D (Gujarat),13,0,13.0,1.0,0.0,0.0,0.0,0.0,0.0,0.0,1.0,2.0,1.5882352941176472,0.0,1.0,False
0,IND385001AAA,Palanpur_DC (Gujarat),5,0,13.0,1.0,0.0,0.0,0.0,0.0,0.0,0.000404227426276,2.0,1.0,1.7278835915359272,0.0006984579371111,0.6666666666666666,False
0,IND385320AAA,Bhabhar_TirupDPP_D (Gujarat),8,0,11.0,0.0,0.0,0.0,0.0,0.0,0.0,0.0,1.0,1.0,1.2933333333333332,0.0,1.0,False
0,IND385340AAB,Radhanpur_Santalpr_D (Gujarat),4,0,9.0,1.0,0.0,0.0,0.0,0.0,0.0,0.0011829596739549,2.0,1.0,1.4628478256527038,0.0017304899868797,0.3333333333333333,False
0,IND387620AAB,Kapadvanj_Busstand_D (Gujarat),1,0,1.0,0.0,0.0,0.0,0.0,0.0,0.0,,,,,,,False
0,IND388121AAA,Anand_VUNagar_DC (Gujarat),11,0,1.0,1.0,0.0,0.0,0.0,0.0,0.0,0.000404227426276,1.0,1.0,2.1538461538461537,0.0008706436873638,1.0,False
0,IND388620AAB,Khambhat_MotvdDPP_D (Gujarat),13,0,11.0,0.0,0.0,0.0,0.0,0.0,0.0,0.0003947161927166,1.0,1.0,1.5517970401691332,0.0006125194195644,1.0,False
0,IND389001AAA,Godhra_DC (Gujarat),21,0,21.0,0.0,0.0,0.0,0.0,0.0,0.0,0.0008100400581453,1.0,1.0,1.673469387755102,0.0013555772401615,0.0,False
0,IND395010AAB,Surat_Brpc (Gujarat),1,0,0.0,0.0,0.0,0.0,0.0,0.0,0.0,0.0,0.0,1.0,0.0,0.0,0.0,False
0,IND396321AAA,Bilimora_DC (Gujarat),25,0,15.0,2.0,0.0,0.0,0.0,0.0,0.0,9.907534957746346e-06,2.0,2.0,2.1373397435897434,2.1175768226195995e-05,0.0,False
0,IND400016AAA,Mumbai Mahim (Maharashtra),1,0,0.0,0.0,0.0,0.0,0.0,0.0,0.0,0.0,0.0,1.0,0.0,0.0,0.0,False
0,IND412803AAB,Wai_Central_DPP_3 (Maharashtra),2,0,7.0,0.0,0.0,0.0,0.0,0.0,0.0,0.000404227426276,1.0,1.0,1.2790697674418603,0.0005170350801205,0.0,False
0,IND413304AAA,Pandharpur_RajCmplx_D (Maharashtra),11,0,13.0,2.0,0.0,0.0,0.0,0.0,0.0,0.0015966983337904,2.0,2.0,2.1538461538461537,0.003439042565087,0.3333333333333333,False
0,IND413501AAA,Osmanabad_Kakdepot_D (Maharashtra),22,0,22.0,1.0,0.0,0.0,0.0,0.0,0.0,0.0004535009001325,2.0,2.0,1.7515194760264818,0.0007943156589777,0.6666666666666666,False
0,IND414203AAB,Ashti_SavtaHTL_D (Maharashtra),1,0,1.0,0.0,0.0,0.0,0.0,0.0,0.0,0.0,1.0,1.0,1.9392091648189207,0.0,1.0,False
0,IND414502AAA,Shevgaon_VidyaNgr_D (Maharashtra),7,0,7.0,0.0,0.0,0.0,0.0,0.0,0.0,0.0011924709075143,1.0,1.0,2.107142857142857,0.0025127065551195,0.0,False
0,IND415003AAA,Satara_DC (Maharashtra),9,0,8.0,0.0,0.0,0.0,0.0,0.0,0.0,0.0012245996280201,1.0,2.0,1.9114583333333333,0.002340771163976,0.3333333333333333,False
0,IND415124AAA,Karad_Mundhe_D (Maharashtra),16,0,11.0,1.0,0.0,0.0,0.0,0.0,0.0,0.0012019821410737,1.0,1.0,1.7391304347826086,0.0020904037236065,0.0,False
0,IND415301AAB,Atapadi_Vidyangr_D (Maharashtra),4,0,6.0,0.0,0.0,0.0,0.0,0.0,0.0,0.000404227426276,1.0,1.0,2.1538461538461537,0.0008706436873638,1.0,False
0,IND416122AAA,Kolhapur_Central_H_2 (Maharashtra),1,0,1.0,0.0,0.0,0.0,0.0,0.0,0.0,,,,,,,False
0,IND421802AAA,Khandala_Satara_D (Maharashtra),7,0,2.0,0.0,0.0,0.0,0.0,0.0,0.0,0.0003947161927166,1.0,1.0,1.9392091648189207,0.0007654372584184,0.0,False
0,IND422103AAC,Sinnar_Central_D_1 (Maharashtra),11,0,11.0,1.0,0.0,0.0,0.0,0.0,0.0,0.0006057466873166,1.0,1.0,1.3971471471471473,0.0008463172560782,0.0,False
0,IND423105AAA,Malegaon_Rawlgaon_D (Maharashtra),8,0,9.0,3.0,0.0,0.0,0.0,0.0,0.0,4.359315381408392e-06,2.0,2.0,1.7334294672020871,7.556565738960614e-06,0.3333333333333333,False
0,IND424101AAA,Chalisgaon_BhadgDPP_D (Maharashtra),1,0,8.0,3.0,0.0,0.0,0.0,0.0,0.0,3.963013983098538e-06,1.0,1.0,2.1538461538461537,8.535722425135313e-06,0.0,False
0,IND425109AAA,Erandol_BsStdDPP_D (Maharashtra),1,0,1.0,0.0,0.0,0.0,0.0,0.0,0.0,0.0004046237276743,1.0,1.0,2.1538461538461537,0.0008714972596063,0.0,False
0,IND425201AAA,Bhusawal_Samarth_D (Maharashtra),9,0,9.0,6.0,0.0,0.0,0.0,0.0,0.0,9.114932161126638e-06,1.0,1.0,2.6666666666666665,2.430648576300437e-05,0.0,False
0,IND425401AAA,Amalner_Murtingr_D (Maharashtra),1,0,1.0,0.0,0.0,0.0,0.0,0.0,0.0,5.944520974647807e-06,1.0,1.0,2.1538461538461537,1.2803583637702968e-05,0.0,False
0,IND425406AAA,Shindkheda_KakaCplx_D (Maharashtra),7,0,11.0,5.0,0.0,0.0,0.0,0.0,0.0,5.944520974647807e-07,2.0,3.0,2.129958117762996,1.2661580706163494e-06,0.6666666666666666,False
0,IND431107AAB,Paithan_SantaNGR_D (Maharashtra),6,0,7.0,0.0,0.0,0.0,0.0,0.0,0.0,0.0011829596739549,1.0,1.0,1.5769230769230769,0.0018654364089289,0.0,False
0,IND431122AAA,Beed_JalnaRd_D (Maharashtra),7,0,9.0,0.0,0.0,0.0,0.0,0.0,0.0,0.0012114933746332,1.0,1.0,2.224489795918368,0.0026949546496943,0.0,False
0,IND431127AAA,Georai_Bazarrd_D (Maharashtra),7,0,7.0,0.0,0.0,0.0,0.0,0.0,0.0,0.0012019821410737,1.0,1.0,2.095238095238096,0.0025184387717736,0.0,False
0,IND431203AAA,Jalna_BhgyaNgr_D (Maharashtra),12,0,15.0,2.0,0.0,0.0,0.0,0.0,0.0,0.0,1.0,2.0,2.4727272727272727,0.0,1.0,False
0,IND441603AAA,Chamorshi_Central_DPP_1 (Maharashtra),1,0,4.0,1.0,0.0,0.0,0.0,0.0,0.0,0.0,1.0,0.0,2.1538461538461537,0.0,0.0,False
0,IND442605AAA,Gadchiroli_Central_DPP_1 (Maharashtra),3,0,8.0,4.0,0.0,0.0,0.0,0.0,0.0,3.963013983098538e-07,1.0,1.0,2.7333333333333334,1.0832238220469338e-06,0.0,False
0,IND457001AAA,Ratlam_Khjurwli_DC (Madhya Pradesh),19,0,17.0,1.0,0.0,0.0,0.0,0.0,0.0,0.0003959050969115,1.0,2.0,1.1555555555555554,0.0004574903342088,0.3333333333333333,False
0,IND457226AAA,Jaora_RtlamNka_D (Madhya Pradesh),16,0,16.0,0.0,0.0,0.0,0.0,0.0,0.0,0.0,1.0,1.0,1.075,0.0,1.0,False
0,IND461111AAA,Itarsi_DivrsnRd_D (Madhya Pradesh),20,0,1.0,1.0,0.0,0.0,0.0,0.0,0.0,0.0,0.0,1.0,0.0,0.0,0.0,False
0,IND464001AAA,Vidisha_ShrprDPP_D (Madhya Pradesh),1,0,0.0,0.0,0.0,0.0,0.0,0.0,0.0,0.0,0.0,1.0,0.0,0.0,0.0,False
0,IND464221AAA,GanjBasoda_MnRDDPP_D (Madhya Pradesh),1,0,1.0,0.0,0.0,0.0,0.0,0.0,0.0,0.0003970940011064,1.0,1.0,1.9392091648189207,0.0007700483262402,0.0,False
0,IND465001AAA,Shajapur_MhpraRD_D (Madhya Pradesh),9,0,13.0,2.0,0.0,0.0,0.0,0.0,0.0,0.0015955094295954,1.0,3.0,1.4492753623188404,0.0023123325066601,0.5,False
0,IND465333A1B,,2,0,2.0,0.0,0.0,0.0,0.0,0.0,0.0,0.0,1.0,2.0,1.9392091648189207,0.0,1.0,False
0,IND465333AAA,Shujalpur_AstrdDPP_D (Madhya Pradesh),3,0,4.0,0.0,0.0,0.0,0.0,0.0,0.0,0.0,2.0,1.0,1.9392091648189207,0.0,1.0,False
0,IND465669AAB,Narsinghgarh_Central_D_1 (Madhya Pradesh),11,0,10.0,1.0,0.0,0.0,0.0,0.0,0.0,0.0016145318967143,1.0,1.0,2.125,0.0034308802805179,0.0,False
0,IND466001AAA,Sehore_Mangalam_D (Madhya Pradesh),15,0,14.0,13.0,0.0,0.0,0.0,0.0,0.0,0.000404227426276,1.0,1.0,2.8488372093023253,0.0011515781329957,1.0,False
0,IND471001AAA,Chhatarpur_Busstand_D (Madhya Pradesh),9,0,12.0,1.0,0.0,0.0,0.0,0.0,0.0,0.0011764207008828,2.0,1.0,2.036912274717153,0.0023962657658595,0.6666666666666666,False
0,IND473443AAA,Mungaoli_AshkngRd_D (Madhya Pradesh),7,0,2.0,0.0,0.0,0.0,0.0,0.0,0.0,0.0,0.0,1.0,0.0,0.0,0.0,False
0,IND476001AAA,Morena_Prjapati_D (Madhya Pradesh),1,0,3.0,0.0,0.0,0.0,0.0,0.0,0.0,0.0,1.0,0.0,1.9392091648189207,0.0,0.0,False
0,IND476111AAA,Ambah_MrenTirh_D (Madhya Pradesh),8,0,9.0,6.0,0.0,0.0,0.0,0.0,0.0,0.0008084548525521,1.0,2.0,2.623263888888889,0.0021207904204969,0.6666666666666666,False
0,IND480661AAA,Seoni_Kidwai_D (Madhya Pradesh),8,0,14.0,1.0,0.0,0.0,0.0,0.0,0.0,0.0008025103315774,3.0,2.0,1.8115135928724784,0.0014537583740731,0.6666666666666666,False
0,IND480886AAA,Lakhnadon_Central_DPP_1 (Madhya Pradesh),8,0,8.0,3.0,0.0,0.0,0.0,0.0,0.0,0.0002019155624388,1.0,2.0,2.212121212121212,0.0004466616987284,0.6666666666666666,False
0,IND483225AAA,Sihora_KtnRdDPP_D (Madhya Pradesh),3,0,3.0,3.0,0.0,0.0,0.0,0.0,0.0,0.0,1.0,1.0,1.9392091648189207,0.0,1.0,False
0,IND483501AAA,Katni_Bargawan_DC (Madhya Pradesh),3,0,14.0,7.0,0.0,0.0,0.0,0.0,0.0,0.0007985473175943,2.0,1.0,2.2109838927542884,0.0017655752568032,0.6666666666666666,False
0,IND484001AAA,Shahdol_Sohagpur_D (Madhya Pradesh),6,0,3.0,1.0,0.0,0.0,0.0,0.0,0.0,0.001596302032392,2.0,2.0,1.9392091648189207,0.0030955635310338,0.1666666666666666,False
0,IND484224AAA,Anuppur_JthriDPP_DC (Madhya Pradesh),1,0,2.0,0.0,0.0,0.0,0.0,0.0,0.0,0.0,1.0,0.0,1.9392091648189207,0.0,0.0,False
0,IND484446AAA,Dola_ChainDPP_D (Madhya Pradesh),3,0,5.0,0.0,0.0,0.0,0.0,0.0,0.0,0.0011817707697599,1.0,1.0,1.9392091648189207,0.0022917007074336,0.0,False
0,IND484551AAA,PaliBirsighpr_CtyLgDPP_D (Madhya Pradesh),1,0,1.0,1.0,0.0,0.0,0.0,0.0,0.0,0.0,1.0,1.0,1.9392091648189207,0.0,1.0,False
0,IND487001AAA,Narsingpur_JrjolDPP_D (Madhya Pradesh),4,0,2.0,0.0,0.0,0.0,0.0,0.0,0.0,0.0027338851962405,1.0,1.0,1.9392091648189207,0.0053015752281124,0.0,False
0,IND487001AAB,Narsinghpur_KndliDPP_D (Madhya Pradesh),4,0,5.0,1.0,0.0,0.0,0.0,0.0,0.0,0.0027338851962405,1.0,1.0,1.9392091648189207,0.0053015752281124,0.0,False
0,IND491001AAA,Durg_Pulgaon_DC (Chhattisgarh),1,0,0.0,0.0,0.0,0.0,0.0,0.0,0.0,,,,,,,False
0,IND493118AAC,Bhatpara_TrengaRD_D (Chhattisgarh),11,0,0.0,0.0,0.0,0.0,0.0,0.0,0.0,0.0,0.0,1.0,0.0,0.0,0.0,False
0,IND494334AAB,Kanker_KrisnKunj_D (Chhattisgarh),11,0,1.0,0.0,0.0,0.0,0.0,0.0,0.0,0.0,0.0,1.0,0.0,0.0,0.0,False
0,IND495334AAB,Mungeli_Panderia_D (Chhattisgarh),12,0,11.0,0.0,0.0,0.0,0.0,0.0,0.0,3.963013983098538e-07,1.0,1.0,1.6363265306122448,6.484784921731445e-07,0.0,False
0,IND500039AAB,Hyd_Uppal_Dc (Telangana),2,0,0.0,0.0,0.0,0.0,0.0,0.0,0.0,0.0,0.0,1.0,0.0,0.0,0.0,False
0,IND501101AAB,Vikarabad_Central_DPP_2 (Telangana),6,0,5.0,0.0,0.0,0.0,0.0,0.0,0.0,0.0007985473175943,1.0,2.0,2.1538461538461537,0.0017199480686647,0.6666666666666666,False
0,IND501141AAA,Tandur_SnthiNGR_D (Telangana),5,0,8.0,0.0,0.0,0.0,0.0,0.0,0.0,0.0008080585511537,1.0,1.0,1.6170212765957446,0.0013066478699508,1.0,False
0,IND502110AAA,Medak_Dwaraka_D (Telangana),19,0,19.0,1.0,0.0,0.0,0.0,0.0,0.0,0.001585998196036,1.0,1.0,1.5526315789473684,0.0024624708833191,0.0,False
0,IND502220AAC,Zahirabad_Mohim_D (Telangana),22,0,22.0,5.0,0.0,0.0,0.0,0.0,0.0,0.0039210060348776,1.0,1.0,2.1875,0.0085772007012949,0.0,False
0,IND502295AAA,Sangareddy_Pothredy_D (Telangana),2,0,4.0,1.0,0.0,0.0,0.0,0.0,0.0,0.0003955087955132,1.0,1.0,2.1538461538461537,0.0008518650980285,0.0,False
0,IND502313AAA,Narsapur_Xroad_D (Telangana),6,0,19.0,0.0,0.0,0.0,0.0,0.0,0.0,0.0015764869624765,1.0,1.0,1.3472222222222223,0.002123878268892,0.0,False
0,IND503185AAA,Bodhan_SuryaDPP_D (Telangana),19,0,20.0,2.0,0.0,0.0,0.0,0.0,0.0,0.0016145318967143,1.0,1.0,1.7833333333333334,0.0028792485491405,0.0,False
0,IND503187AAA,Banswada_Menagrdn_D (Telangana),20,0,19.0,0.0,0.0,0.0,0.0,0.0,0.0,0.0016050206631549,1.0,1.0,1.5357142857142858,0.0024648531612736,0.0,False
0,IND504201AAA,Chinnur_AsnsdhRD_D (Telangana),6,0,5.0,1.0,0.0,0.0,0.0,0.0,0.0,1.981506991549269e-07,1.0,1.0,1.9392091648189207,3.842556518165111e-07,1.0,False
0,IND504296AAA,Kaghaznagar_Central_DPP_1 (Telangana),4,0,3.0,0.0,0.0,0.0,0.0,0.0,0.0,1.981506991549269e-07,1.0,2.0,1.9392091648189207,3.842556518165111e-07,1.0,False
0,IND505302AAB,Vemulawada_Central_DPP_2 (Telangana),10,0,13.0,1.0,0.0,0.0,0.0,0.0,0.0,0.0012162489914129,2.0,2.0,1.660781052997696,0.0020199232806661,0.1666666666666666,False
0,IND505325AAA,Metpally_GunjRDPP_D (Telangana),3,0,5.0,0.0,0.0,0.0,0.0,0.0,0.0,0.0,1.0,1.0,1.1290322580645162,0.0,1.0,False
0,IND505467AAA,Husnabad_Greenmkt_D (Telangana),13,0,13.0,0.0,0.0,0.0,0.0,0.0,0.0,0.0,1.0,1.0,1.6202380952380953,0.0,1.0,False
0,IND505503AAA,Mahadevpur_Kataram_D (Telangana),1,0,1.0,0.0,0.0,0.0,0.0,0.0,0.0,0.0004058126318692,1.0,1.0,1.9392091648189207,0.0007869555749202,0.0,False
0,IND506143AAA,Ghanpur_Palakrty_D (Telangana),9,0,17.0,2.0,0.0,0.0,0.0,0.0,0.0,0.0035334232673306,1.0,1.0,1.9565217391304348,0.0069132194360817,0.0,False
0,IND506169AAB,Bhupalpally_JwahrNGR_D (Telangana),1,0,2.0,0.0,0.0,0.0,0.0,0.0,0.0,0.0008108326609419,1.0,1.0,1.9392091648189207,0.0015723741272331,0.0,False
0,IND506343AAA,Mulugu_LaxmiNGR_D (Telangana),2,0,2.0,0.0,0.0,0.0,0.0,0.0,0.0,0.001215060087218,1.0,1.0,1.9392091648189207,0.0023562556569388,0.0,False
0,IND507123AAA,Yellandu_Sudimala_D (Telangana),12,0,13.0,0.0,0.0,0.0,0.0,0.0,0.0,0.0011924709075143,1.0,1.0,0.7758620689655172,0.0009251929454852,0.0,False
0,IND508001AAA,Nalgonda_HydRoad_DC (Telangana),14,0,15.0,4.0,0.0,0.0,0.0,0.0,0.0,0.0027487464986771,2.0,1.0,1.891669359737396,0.005199719529233,0.3333333333333333,False
0,IND508116AAA,Bhuvanagiri_HBColny_D (Telangana),15,0,13.0,6.0,0.0,0.0,0.0,0.0,0.0,0.0008080585511537,1.0,2.0,1.9642857142857144,0.0015872578683378,0.6666666666666666,False
0,IND508248AAB,Devarakonda_DindiRD_D (Telangana),15,0,16.0,6.0,0.0,0.0,0.0,0.0,0.0,0.0011924709075143,2.0,1.0,2.1977687626774847,0.0026207753109367,0.3333333333333333,False
0,IND508252AAB,Choutuppal_Nagaram_D (Telangana),6,0,7.0,3.0,0.0,0.0,0.0,0.0,0.0,0.000404227426276,1.0,1.0,2.0434782608695654,0.0008260299580423,0.0,False
0,IND508277AAB,Mothkur_Mainroad_D (Telangana),11,0,14.0,0.0,0.0,0.0,0.0,0.0,0.0,0.0,1.0,1.0,1.068181818181818,0.0,1.0,False
0,IND509001AAA,Mahabubnagar_DC (Telangana),19,0,17.0,2.0,0.0,0.0,0.0,0.0,0.0,0.0008080585511537,1.0,1.0,1.4736842105263157,0.0011908231280161,0.0,False
0,IND509203AAA,Bijnapally_nagar_D (Telangana),19,0,19.0,0.0,0.0,0.0,0.0,0.0,0.0,0.0007985473175943,1.0,1.0,1.514705882352941,0.0012095643192973,0.0,False
0,IND515134AAA,Puttaprthi_Gokulam_D (Andhra Pradesh),23,0,32.0,1.0,0.0,0.0,0.0,0.0,0.0,0.0023932641443932,3.0,2.0,1.794337606837607,0.0042943238573807,0.1666666666666666,False
0,IND515301AAA,Madakasira_RTCStand_D (Andhra Pradesh),16,0,14.0,9.0,0.0,0.0,0.0,0.0,0.0,0.000404227426276,1.0,1.0,2.6818181818181817,0.0010840644613766,0.0,False
0,IND515411AAA,Tadipatri_CBRoad_D (Andhra Pradesh),2,0,2.0,1.0,0.0,0.0,0.0,0.0,0.0,,,,,,,False
0,IND515591AAA,Kadiri_GVManu_D (Andhra Pradesh),10,0,9.0,1.0,0.0,0.0,0.0,0.0,0.0,0.0027713356783808,2.0,1.0,1.7426700585999368,0.0048295237090439,0.3333333333333333,False
0,IND515761AAA,Kalyandurg_Shankrpa_D (Andhra Pradesh),19,0,19.0,0.0,0.0,0.0,0.0,0.0,0.0,0.0011829596739549,2.0,1.0,1.8180894308943087,0.0021507264803916,0.3333333333333333,False
0,IND515801AAA,Guntakal_Verpatem_D (Andhra Pradesh),19,0,20.0,15.0,0.0,0.0,0.0,0.0,0.0,0.0012019821410737,1.0,2.0,2.3861283643892337,0.0028680836803054,0.3333333333333333,False
0,IND515865AAB,Rayadurgam_RailGate_D (Andhra Pradesh),18,0,18.0,0.0,0.0,0.0,0.0,0.0,0.0,0.0,1.0,1.0,1.5842696629213484,0.0,1.0,False
0,IND516001AAA,Cuddapah_DC (Andhra Pradesh),2,0,2.0,0.0,0.0,0.0,0.0,0.0,0.0,,,,,,,False
0,IND516269AAA,Rayachoti_Madnpali_D (Andhra Pradesh),15,0,10.0,0.0,0.0,0.0,0.0,0.0,0.0,0.0027618244448213,1.0,1.0,1.6307692307692307,0.004503898325401,0.0,False
0,IND516360AAB,Proddatur_Central_D_2 (Andhra Pradesh),2,0,2.0,0.0,0.0,0.0,0.0,0.0,0.0,,,,,,,False
0,IND516390AAA,Pulivendula_RTCStand_D (Andhra Pradesh),15,0,15.0,0.0,0.0,0.0,0.0,0.0,0.0,0.0027523132112619,1.0,1.0,1.5921052631578947,0.0043819723495091,0.0,False
0,IND517325AAA,Madnapalle_PngnrRd_D (Andhra Pradesh),1,0,0.0,0.0,0.0,0.0,0.0,0.0,0.0,0.0,0.0,1.0,0.0,0.0,0.0,False
0,IND517583AAA,Puttur_Artmclny_D (Andhra Pradesh),19,0,19.0,1.0,0.0,0.0,0.0,0.0,0.0,3.566712584788684e-06,1.0,1.0,2.1538461538461537,7.682150182621781e-06,0.0,False
0,IND518102AAA,Srisailam_Sishumdr_D (Andhra Pradesh),14,0,14.0,0.0,0.0,0.0,0.0,0.0,0.0,0.0007890360840349,1.0,1.0,2.019230769230769,0.0015932459389166,0.0,False
0,IND518124AAA,Bngnpalle_Enkndla_D (Andhra Pradesh),7,0,15.0,8.0,0.0,0.0,0.0,0.0,0.0,0.0012019821410737,1.0,2.0,2.7857142857142856,0.0033483788215626,0.3333333333333333,False
0,IND518222AAA,Dhone_RmNyrDPP_D (Andhra Pradesh),5,0,4.0,0.0,0.0,0.0,0.0,0.0,0.0,0.0003947161927166,1.0,1.0,1.9392091648189207,0.0007654372584184,0.0,False
0,IND518422AAB,Atmakur_IndraNgr_D (Andhra Pradesh),14,0,12.0,4.0,0.0,0.0,0.0,0.0,0.0,0.0007985473175943,1.0,1.0,2.378205128205128,0.0018991093258173,0.0,False
0,IND521001AAA,Machilipatnam_DC (Andhra Pradesh),8,0,20.0,4.0,0.0,0.0,0.0,0.0,0.0,0.0003947161927166,2.0,2.0,1.9296045824094603,0.0007616461742171,0.6666666666666666,False
0,IND521201AAA,Nuzvid_Ward17_D (Andhra Pradesh),3,0,21.0,2.0,0.0,0.0,0.0,0.0,0.0,0.0012114933746332,1.0,1.0,1.6226415094339623,0.001965819438084,0.0,False
0,IND522647AAA,Vinukonda_Kothapet_D (Andhra Pradesh),19,0,14.0,0.0,0.0,0.0,0.0,0.0,0.0,0.0011924709075143,1.0,1.0,1.6545454545454543,0.0019729973197055,0.0,False
0,IND523105AAA,Kandukur_LICOffce_D (Andhra Pradesh),19,0,20.0,1.0,0.0,0.0,0.0,0.0,0.0,0.0007985473175943,2.0,1.0,1.6937060623248938,0.0013525044328628,0.6666666666666666,False
0,IND523226AAA,Chimkurthy_MSRClgRd_D (Andhra Pradesh),13,0,5.0,2.0,0.0,0.0,0.0,0.0,0.0,0.0,1.0,1.0,1.9392091648189207,0.0,1.0,False
0,IND523230AAA,Kanigiri_Tiglgndi_D (Andhra Pradesh),19,0,21.0,0.0,0.0,0.0,0.0,0.0,0.0,0.0,1.0,1.0,1.6125670041691484,0.0,1.0,False
0,IND523316AAB,Markapur_VidyaNgr_D (Andhra Pradesh),14,0,14.0,0.0,0.0,0.0,0.0,0.0,0.0,0.0012019821410737,2.0,1.0,1.9526402966951748,0.0023470387645686,0.3333333333333333,False
0,IND524003AAA,Nellore_DC (Andhra Pradesh),14,0,14.0,0.0,0.0,0.0,0.0,0.0,0.0,0.0,1.0,1.0,1.61,0.0,1.0,False
0,IND524132AAA,Venktagiri_TirupthiRd_D (Andhra Pradesh),14,0,15.0,5.0,0.0,0.0,0.0,0.0,0.0,3.566712584788684e-06,1.0,1.0,2.1142857142857143,7.541049464981789e-06,0.0,False
0,IND530012AAC,Vizag_Gajuwaka_L (Andhra Pradesh),5,0,0.0,0.0,0.0,0.0,0.0,0.0,0.0,0.0,0.0,2.0,0.0,0.0,1.0,False
0,IND532127AAA,Rajam_SamathBv_D (Andhra Pradesh),21,0,21.0,6.0,0.0,0.0,0.0,0.0,0.0,0.0016145318967143,1.0,1.0,1.8833333333333333,0.003040701738812,0.0,False
0,IND532440AAA,Palakonda_VadaiDPP_D (Andhra Pradesh),17,0,17.0,0.0,0.0,0.0,0.0,0.0,0.0,0.0,1.0,1.0,1.5,0.0,1.0,False
0,IND533308AAB,Mandapeta_Mainrd_D (Andhra Pradesh),16,0,15.0,13.0,0.0,0.0,0.0,0.0,0.0,1.981506991549269e-07,2.0,2.0,2.469604582409461,4.89353874640646e-07,1.0,False
0,IND535501AAB,Parvathipuram_Central_D_2 (Andhra Pradesh),18,0,20.0,0.0,0.0,0.0,0.0,0.0,0.0,0.001585998196036,1.0,2.0,1.565217391304348,0.0024824319590129,0.3333333333333333,False
0,IND535558AAA,Bobbili_ColegRd_D (Andhra Pradesh),20,0,3.0,1.0,0.0,0.0,0.0,0.0,0.0,0.0015955094295954,1.0,1.0,1.9392091648189207,0.0030940265084265,0.0,False
0,IND560099AAH,Bengaluru_South_D_20 (Karnataka),1,0,0.0,0.0,0.0,0.0,0.0,0.0,0.0,,,,,,,False
0,IND561202AAB,Pavagada_PnukndRD_D (Karnataka),14,0,16.0,0.0,0.0,0.0,0.0,0.0,0.0,0.0003947161927166,1.0,1.0,1.7573529411764703,0.0006936556622005,0.0,False
0,IND561203AAB,Doddablpur_ChikaDPP_D (Karnataka),12,0,12.0,0.0,0.0,0.0,0.0,0.0,0.0,0.0012174378956078,1.0,1.0,2.0,0.0024348757912157,0.0,False
0,IND561207AAB,Bagepalli_TBCross_D (Karnataka),13,0,13.0,0.0,0.0,0.0,0.0,0.0,0.0,0.0004073978374625,1.0,1.0,1.1430499325236168,0.0004656760706218,0.0,False
0,IND562101AAA,Chikblapur_ShntiSgr_D (Karnataka),13,0,13.0,0.0,0.0,0.0,0.0,0.0,0.0,0.0008124178665352,1.0,1.0,1.52,0.0012348751571335,0.0,False
0,IND562117AAA,Kanakapura_VaniThtr_D (Karnataka),10,0,11.0,2.0,0.0,0.0,0.0,0.0,0.0,0.0003955087955132,1.0,1.0,1.9259259259259256,0.0007617206432106,0.0,False
0,IND562132AAC,Bengaluru_Nelmngla_L (Karnataka),1,0,0.0,0.0,0.0,0.0,0.0,0.0,0.0,,,,,,,False
0,IND563130AAA,Malur_NharuExt_D (Karnataka),10,0,10.0,0.0,0.0,0.0,0.0,0.0,0.0,0.0001311097126075,2.0,1.0,2.0227859610838337,0.0002652068860242,0.6666666666666666,False
0,IND563131AAA,Mulbagal_Sunku_D (Karnataka),14,0,14.0,0.0,0.0,0.0,0.0,0.0,0.0,0.0,1.0,1.0,1.565217391304348,0.0,1.0,False
0,IND571111AAB,Gundlupet_Swamylyt_D (Karnataka),10,0,8.0,2.0,0.0,0.0,0.0,0.0,0.0,0.0008175697847132,1.0,1.0,1.9148550724637683,0.0015655276493512,0.0,False
0,IND571401AAA,Mandya_Dc (Karnataka),10,0,8.0,0.0,0.0,0.0,0.0,0.0,0.0,3.963013983098538e-07,1.0,1.0,1.274193548387097,5.049646849432009e-07,0.0,False
0,IND571426AAA,Krishnarajpet_MuruPost_D (Karnataka),15,0,18.0,1.0,0.0,0.0,0.0,0.0,0.0,0.0012019821410737,2.0,1.0,1.6258545824094606,0.0019542481720391,0.3333333333333333,False
0,IND571432AAB,Nagamangala_MandyaRD_D (Karnataka),17,0,12.0,1.0,0.0,0.0,0.0,0.0,0.0,0.0,1.0,1.0,1.761904761904762,0.0,1.0,False
0,IND571438AAB,Srirangapatna_Bburynkpl_D (Karnataka),8,0,0.0,0.0,0.0,0.0,0.0,0.0,0.0,0.0,0.0,1.0,0.0,0.0,0.0,False
0,IND571440AAA,Kollegala_NarsipuraRd_D (Karnataka),10,0,10.0,1.0,0.0,0.0,0.0,0.0,0.0,5.944520974647807e-06,1.0,1.0,1.288888888888889,7.661827033990508e-06,0.0,False
0,IND572101AAA,Tumkur_Veersagr_I (Karnataka),13,0,6.0,2.0,0.0,0.0,0.0,0.0,0.0,0.0016224579246805,2.0,1.0,2.1538461538461537,0.0034945247608503,0.0,False
0,IND573103AAA,Arsikere_HsnRdDPP_D (Karnataka),6,0,4.0,4.0,0.0,0.0,0.0,0.0,0.0,0.0002013211103414,1.0,2.0,1.9392091648189207,0.0003904037422455,0.6666666666666666,False
0,IND574104AAA,Karkala_MarketRd_D (Karnataka),11,0,9.0,1.0,0.0,0.0,0.0,0.0,0.0,0.0003947161927166,1.0,1.0,1.7857142857142858,0.0007048503441368,0.0,False
0,IND574202AAA,Puttur_Darbe_DC (Karnataka),6,0,5.0,4.0,0.0,0.0,0.0,0.0,0.0,0.0008080585511537,1.0,1.0,2.473684210526316,0.0019988816791699,0.0,False
0,IND574239AAA,Sullia_Srirampt_D (Karnataka),7,0,6.0,0.0,0.0,0.0,0.0,0.0,0.0,0.0007985473175943,1.0,1.0,1.5620723362658844,0.0012473886740134,0.0,False
0,IND575014AAA,Surathkal_DC (Karnataka),1,0,2.0,2.0,0.0,0.0,0.0,0.0,0.0,6.089831487361419e-05,1.0,1.0,1.9392091648189207,0.0001180945703249,1.0,False
0,IND576101AAA,Udupi (Karnataka),3,0,3.0,0.0,0.0,0.0,0.0,0.0,0.0,0.0010064074010078,2.0,1.0,1.9392091648189207,0.001951634455576,0.6666666666666666,False
0,IND577101AAA,Chikmagalur_DC (Karnataka),9,0,10.0,1.0,0.0,0.0,0.0,0.0,0.0,0.0007993399203909,2.0,2.0,1.9392091648189207,0.0015500872994278,0.3333333333333333,False
0,IND577116AAA,,8,0,8.0,0.0,0.0,0.0,0.0,0.0,0.0,1.5852055932394153e-06,3.0,1.0,1.9392091648189207,3.0740452145320888e-06,0.3333333333333333,False
0,IND577132AAD,Mudigere_HesglDPP_D (Karnataka),11,0,7.0,0.0,0.0,0.0,0.0,0.0,0.0,0.0007886397826366,1.0,1.0,2.136363636363636,0.0016848213538145,1.0,False
0,IND577401AAA,Sagara_Vardhard_D (Karnataka),8,0,9.0,0.0,0.0,0.0,0.0,0.0,0.0,0.0001967636442608,1.0,2.0,1.625,0.0003197409219238,0.6666666666666666,False
0,IND577432AAA,Thirthahalli_NadthiCx_D (Karnataka),1,0,1.0,1.0,0.0,0.0,0.0,0.0,0.0,0.000404227426276,1.0,1.0,1.9392091648189207,0.0007838815297056,1.0,False
0,IND577501AAA,Chitradurga_DC (Karnataka),10,0,12.0,0.0,0.0,0.0,0.0,0.0,0.0,0.0003947161927166,2.0,1.0,1.888959421119138,0.0007456028709003,0.6666666666666666,False
0,IND577522AAA,Challakere_Shivangr_D (Karnataka),10,0,10.0,0.0,0.0,0.0,0.0,0.0,0.0,0.0023583896213419,1.0,1.0,1.5823717948717948,0.0037318492181298,0.0,False
0,IND577535AAC,Molakalmuru_KnsgraRD_D (Karnataka),10,0,10.0,3.0,0.0,0.0,0.0,0.0,0.0,0.0023679008549013,1.0,1.0,1.837209302325581,0.0043503294776095,0.0,False
0,IND577598AAC,Hiriyur_TahurDPP_D (Karnataka),11,0,10.0,0.0,0.0,0.0,0.0,0.0,0.0,0.0,1.0,1.0,1.6425467188179053,0.0,1.0,False
0,IND581303AAA,Karwar_Central_D_1 (Karnataka),14,0,13.0,1.0,0.0,0.0,0.0,0.0,0.0,0.0002019155624388,1.0,2.0,1.6585365853658536,0.0003348843474595,0.6666666666666666,False
0,IND581314AAA,Ankola_Kakrmath_D (Karnataka),10,0,10.0,0.0,0.0,0.0,0.0,0.0,0.0,0.0005216227515651,2.0,2.0,1.834019904990106,0.0009566665092661,0.3333333333333333,False
0,IND581343AAC,Kumta_Central_DPP_2 (Karnataka),6,0,2.0,1.0,0.0,0.0,0.0,0.0,0.0,0.0,1.0,1.0,1.9392091648189207,0.0,1.0,False
0,IND581400AAB,Mallapur_ShtDRDPP_D (Karnataka),12,0,13.0,0.0,0.0,0.0,0.0,0.0,0.0,0.0002019155624388,2.0,1.0,1.6687280580192168,0.0003369421643924,0.6666666666666666,False
0,IND581402AAA,Sirsi_Vidygiri_D (Karnataka),10,0,15.0,0.0,0.0,0.0,0.0,0.0,0.0,0.0016133429925194,1.0,2.0,1.4216867469879515,0.0022936683508107,0.3333333333333333,False
0,IND583227AAA,Gangavathi_PhrmPlza_D (Karnataka),16,0,16.0,0.0,0.0,0.0,0.0,0.0,0.0,0.000404227426276,1.0,1.0,2.0,0.0008084548525521,1.0,False
0,IND584123AAA,Manvi_APMCYard_D (Karnataka),1,0,2.0,0.0,0.0,0.0,0.0,0.0,0.0,0.0008100400581453,1.0,1.0,2.1538461538461537,0.0017447016636976,0.0,False
0,IND584128AAA,Sindhanur_VasaviNg_D (Karnataka),2,0,1.0,0.0,0.0,0.0,0.0,0.0,0.0,0.0004054163304709,1.0,1.0,2.1538461538461537,0.0008732044040913,0.0,False
0,IND585222AAA,Sedam_DBRCmplx_D (Karnataka),22,0,21.0,1.0,0.0,0.0,0.0,0.0,0.0,3.963013983098538e-07,2.0,2.0,1.8269230769230769,7.24012169989156e-07,0.0,False
0,IND587103AAB,Bagalkot_Sector4_D (Karnataka),19,0,19.0,0.0,0.0,0.0,0.0,0.0,0.0,0.0012019821410737,1.0,2.0,1.7058823529411764,0.0020504401230082,0.3333333333333333,False
0,IND590016AAA,Belgaum_Dc (Karnataka),5,0,17.0,4.0,0.0,0.0,0.0,0.0,0.0,0.0007985473175943,2.0,1.0,2.0562712490761275,0.0016420298901961,0.6666666666666666,False
0,IND591115AAB,Kittur_ColageRD_D (Karnataka),6,0,6.0,0.0,0.0,0.0,0.0,0.0,0.0,0.0,1.0,1.0,1.9392091648189207,0.0,1.0,False
0,IND591123AAC,Ramdurg_GndhiNGR_D (Karnataka),19,0,18.0,4.0,0.0,0.0,0.0,0.0,0.0,0.0012114933746332,1.0,1.0,1.9655172413793105,0.0023812111156584,0.0,False
0,IND591126AAA,Saundatti_ShanthiS_D (Karnataka),2,0,0.0,0.0,0.0,0.0,0.0,0.0,0.0,0.0,0.0,1.0,0.0,0.0,0.0,False
0,IND591201AAA,Chikodi_IndraNgr_D (Karnataka),11,0,3.0,0.0,0.0,0.0,0.0,0.0,0.0,0.0,0.0,1.0,0.0,0.0,0.0,False
0,IND591237AAB,Nipani_AkkolRD_D (Karnataka),3,0,10.0,5.0,0.0,0.0,0.0,0.0,0.0,0.0,1.0,0.0,2.3014705882352944,0.0,0.0,False
0,IND591304AAA,Athani_VikrmMah_D (Karnataka),12,0,10.0,0.0,0.0,0.0,0.0,0.0,0.0,0.0003966976997081,1.0,2.0,1.4344262295081966,0.0005690335856469,0.0,False
0,IND600048AAA,Chennai_Vandalur_Dc (Tamil Nadu),1,0,10.0,9.0,0.0,0.0,0.0,0.0,0.0,0.0,2.0,1.0,3.276923076923077,0.0,1.0,False
0,IND600073AAA,Chennai_Selaiyur_DC (Tamil Nadu),1,0,0.0,0.0,0.0,0.0,0.0,0.0,0.0,,,,,,,False
0,IND603001AAA,Chennai_Chnglptu_DC (Tamil Nadu),13,0,12.0,6.0,0.0,0.0,0.0,0.0,0.0,0.000404227426276,1.0,1.0,2.8632183908045974,0.0011573914009811,1.0,False
0,IND604303AAA,Marakkanam_MJRDPP_D (Tamil Nadu),4,0,4.0,0.0,0.0,0.0,0.0,0.0,0.0,0.000404227426276,1.0,1.0,1.9392091648189207,0.0007838815297056,0.0,False
0,IND605010AAB,Pondicherry_Vasanthm_I (Pondicherry),19,0,23.0,2.0,0.0,0.0,0.0,0.0,0.0,0.0071587884590691,2.0,3.0,1.751541623843782,0.0125389159623521,0.0,False
0,IND606003AAA,Virudhchlm_SelamRd_D (Tamil Nadu),14,0,15.0,4.0,0.0,0.0,0.0,0.0,0.0,0.0015955094295954,1.0,1.0,2.127717391304348,0.0033947931613403,0.0,False
0,IND606105AAA,Pennadam_EastmnRD_D (Tamil Nadu),14,0,14.0,0.0,0.0,0.0,0.0,0.0,0.0,0.001585998196036,1.0,1.0,1.6,0.0025375971136576,0.0,False
0,IND606803AAA,Polur_StationRD_D (Tamil Nadu),9,0,11.0,3.0,0.0,0.0,0.0,0.0,0.0,0.0007985473175943,1.0,1.0,2.15,0.0017168767328278,0.0,False
0,IND608301AAA,Lalpet_PriyrNGR_D (Tamil Nadu),16,0,10.0,7.0,0.0,0.0,0.0,0.0,0.0,3.963013983098538e-06,1.0,1.0,2.555555555555556,1.012770240125182e-05,0.0,False
0,IND609110AAA,Sirkazhi_Pngktgudi_D (Tamil Nadu),8,0,7.0,4.0,0.0,0.0,0.0,0.0,0.0,0.002801058283254,1.0,1.0,2.7333333333333334,0.0076562259742277,0.0,False
0,IND614602AAA,Pattukotai_anthniyr_D (Tamil Nadu),16,0,0.0,0.0,0.0,0.0,0.0,0.0,0.0,0.0,0.0,1.0,0.0,0.0,0.0,False
0,IND614616AAA,Aranthangi_HsptlRod_D (Tamil Nadu),16,0,14.0,0.0,0.0,0.0,0.0,0.0,0.0,2.377808389859123e-06,1.0,1.0,1.2354497354497354,2.9376627462016146e-06,0.0,False
0,IND614620AAA,Manamelkudi_TmpleSrt_D (Tamil Nadu),16,0,15.0,0.0,0.0,0.0,0.0,0.0,0.0,9.114932161126638e-06,1.0,1.0,1.5086206896551724,1.375097524307898e-05,0.0,False
0,IND614715AAA,Thirthurpondi_Madaprum_D (Tamil Nadu),17,0,17.0,0.0,0.0,0.0,0.0,0.0,0.0,0.000404227426276,1.0,1.0,1.706153846153846,0.0006896741780617,1.0,False
0,IND614804AAA,Peravurani_SH71_D (Tamil Nadu),14,0,16.0,0.0,0.0,0.0,0.0,0.0,0.0,1.5852055932394153e-06,1.0,1.0,1.5,2.377808389859123e-06,0.0,False
0,IND621010AAA,Thuraiyur_Mthrapuri_D (Tamil Nadu),16,0,8.0,0.0,0.0,0.0,0.0,0.0,0.0,2.377808389859123e-06,1.0,1.0,1.7727272727272727,4.21520578202299e-06,0.0,False
0,IND621211AAA,Musiri_ThryrRD_D (Tamil Nadu),8,0,0.0,0.0,0.0,0.0,0.0,0.0,0.0,0.0,0.0,1.0,0.0,0.0,0.0,False
0,IND621212AAA,Perambalur_goplpurm_D (Tamil Nadu),16,0,18.0,0.0,0.0,0.0,0.0,0.0,0.0,4.359315381408392e-06,2.0,1.0,1.7343104647624017,7.5604062851762755e-06,0.3333333333333333,False
0,IND621306AAA,Manapparai_BypassRd_D (Tamil Nadu),12,0,0.0,0.0,0.0,0.0,0.0,0.0,0.0,0.0,0.0,1.0,0.0,0.0,0.0,False
0,IND622407AAA,Ponnamaravathi_Puduvalvu_D (Tamil Nadu),14,0,14.0,0.0,0.0,0.0,0.0,0.0,0.0,1.5852055932394153e-06,1.0,1.0,1.4583333333333333,2.3117581568074806e-06,0.0,False
0,IND623315AAB,Oriyur_Vllyaprm_D (Tamil Nadu),15,0,15.0,0.0,0.0,0.0,0.0,0.0,0.0,5.1519181780281e-06,1.0,1.0,1.0416666666666667,5.3665814354459375e-06,0.0,False
0,IND623407AAA,Thiruvadanai_RamnadRD_D (Tamil Nadu),15,0,15.0,0.0,0.0,0.0,0.0,0.0,0.0,1.1889041949295614e-06,1.0,1.0,1.84375,2.192042109401379e-06,0.0,False
0,IND623503AAA,Ramnthpurm_TnhbBlkC_D (Tamil Nadu),7,0,7.0,0.0,0.0,0.0,0.0,0.0,0.0,1.5852055932394153e-05,1.0,1.0,1.1777777777777778,1.8670199209264223e-05,0.0,False
0,IND623526AAA,Rameswram_Kdthdstrt_D (Tamil Nadu),8,0,7.0,0.0,0.0,0.0,0.0,0.0,0.0,1.664465872901386e-05,1.0,1.0,0.9014084507042254,1.5003636037420943e-05,0.0,False
0,IND623701AAA,Paramakudi_VagaiNgr_D (Tamil Nadu),7,0,5.0,0.0,0.0,0.0,0.0,0.0,0.0,1.4266850339154735e-05,1.0,1.0,1.411764705882353,2.0141435772924336e-05,0.0,False
0,IND623704AAA,Muthukulathur_VaiklSRT_D (Tamil Nadu),7,0,8.0,0.0,0.0,0.0,0.0,0.0,0.0,1.664465872901386e-05,1.0,1.0,1.060778914240755,1.7656303014471233e-05,0.0,False
0,IND624001AAA,Dindigul_Central_D_1 (Tamil Nadu),20,0,11.0,2.0,0.0,0.0,0.0,0.0,0.0,3.963013983098538e-06,1.0,2.0,1.709090909090909,6.773151171113865e-06,0.0,False
0,IND624101AAA,Kodaikanal_Athithnr_DC (Tamil Nadu),10,0,15.0,0.0,0.0,0.0,0.0,0.0,0.0,3.1704111864788306e-06,1.0,1.0,0.7798507462686568,2.4724475297540137e-06,0.0,False
0,IND624202AAA,Batlagundu_RTOofice_D (Tamil Nadu),10,0,10.0,0.0,0.0,0.0,0.0,0.0,0.0,1.981506991549269e-06,1.0,1.0,0.706599713055954,1.4001322716470802e-06,0.0,False
0,IND624619AAA,Oddnchtram_Palani_D (Tamil Nadu),7,0,10.0,0.0,0.0,0.0,0.0,0.0,0.0,3.1704111864788306e-06,1.0,1.0,1.5384615384615383,4.8775556715058925e-06,0.0,False
0,IND624703AAA,Gujiliam_Parai_D (Tamil Nadu),1,0,3.0,1.0,0.0,0.0,0.0,0.0,0.0,,,,,,,False
0,IND625106AAA,Melur_MduraiRD_D (Tamil Nadu),13,0,12.0,0.0,0.0,0.0,0.0,0.0,0.0,1.981506991549269e-06,1.0,1.0,1.337353801169591,2.6499759071925352e-06,0.0,False
0,IND625516AAA,Cumbum_LFRoad_D (Tamil Nadu),7,0,8.0,0.0,0.0,0.0,0.0,0.0,0.0,2.377808389859123e-06,1.0,1.0,1.2826086956521738,3.049797717428005e-06,0.0,False
0,IND625531AAA,Theni_Rathnam_D (Tamil Nadu),7,0,6.0,0.0,0.0,0.0,0.0,0.0,0.0,3.963013983098538e-07,1.0,1.0,1.5454545454545454,6.124657973879559e-07,0.0,False
0,IND625532AAA,Usilampatti_MrutiNGR_D (Tamil Nadu),7,0,0.0,0.0,0.0,0.0,0.0,0.0,0.0,0.0,0.0,2.0,0.0,0.0,0.0,False
0,IND626117AAA,Rajpalayam_AshkTalk_D (Tamil Nadu),9,0,17.0,1.0,0.0,0.0,0.0,0.0,0.0,9.114932161126638e-06,1.0,1.0,1.6490147783251234,1.503065783712878e-05,0.0,False
0,IND626123AAA,Sivakasi_Msstreet_DC (Tamil Nadu),17,0,17.0,1.0,0.0,0.0,0.0,0.0,0.0,2.2589179703661667e-05,1.0,1.0,1.824829931972789,4.122141126195403e-05,0.0,False
0,IND626607AAB,Narikkudi_MukkuRD_D (Tamil Nadu),7,0,7.0,0.0,0.0,0.0,0.0,0.0,0.0,1.5852055932394153e-05,1.0,1.0,1.2708333333333333,2.0145321080750903e-05,0.0,False
0,IND627657AAA,Thisayanvilai_UdnkdiRD_D (Tamil Nadu),16,0,17.0,0.0,0.0,0.0,0.0,0.0,0.0,6.737123771267515e-06,1.0,1.0,1.238095238095238,8.341200859664542e-06,0.0,False
0,IND627811AAA,Tenkasi_RailwyRd_D (Tamil Nadu),10,0,10.0,0.0,0.0,0.0,0.0,0.0,0.0,2.377808389859123e-06,1.0,1.0,1.4067796610169492,3.3450524806492744e-06,1.0,False
0,IND628204AAA,Tirchchndr_Shnmgprm_D (Tamil Nadu),17,0,17.0,0.0,0.0,0.0,0.0,0.0,0.0,6.340822372957661e-06,1.0,1.0,1.4375,9.114932161126638e-06,0.0,False
0,IND628613AAA,Peikulam_SriVnktpm_D (Tamil Nadu),14,0,16.0,0.0,0.0,0.0,0.0,0.0,0.0,7.1334251695773685e-06,1.0,1.0,1.0285714285714285,7.337237317279578e-06,0.0,False
0,IND628801AAA,Eral_Busstand_D (Tamil Nadu),17,0,17.0,2.0,0.0,0.0,0.0,0.0,0.0,5.944520974647807e-06,1.0,1.0,1.620771670190275,9.634711188561048e-06,0.0,False
0,IND630002AAA,Karaikudi_Sbrmnprm_D (Tamil Nadu),14,0,16.0,0.0,0.0,0.0,0.0,0.0,0.0,2.377808389859123e-06,1.0,1.0,1.6875,4.01255165788727e-06,0.0,False
0,IND630561AAA,Sivaganga_Wardno3_D (Tamil Nadu),20,0,16.0,0.0,0.0,0.0,0.0,0.0,0.0,1.3077946144225176e-05,1.0,2.0,1.9797297297297296,2.589079878552687e-05,0.0,False
0,IND632402AAA,Ranipet_MBTRd_DC (Tamil Nadu),11,0,8.0,6.0,0.0,0.0,0.0,0.0,0.0,0.000404227426276,1.0,1.0,2.952380952380953,0.0011934333537673,0.0,False
0,IND635001AAA,Krishnagiri_BnglorRd_D (Tamil Nadu),8,0,8.0,1.0,0.0,0.0,0.0,0.0,0.0,0.0004038311248777,2.0,2.0,1.9392091648189207,0.000783113018402,0.6666666666666666,False
0,IND636102AAA,Attur_KaaduRd_D (Tamil Nadu),5,0,6.0,0.0,0.0,0.0,0.0,0.0,0.0,0.0,1.0,1.0,1.6653558052434458,0.0,0.0,False
0,IND636352AAA,Thoppur_HghsclRD_D (Tamil Nadu),5,0,0.0,0.0,0.0,0.0,0.0,0.0,0.0,0.0,0.0,1.0,0.0,0.0,0.0,False
0,IND636705AAB,Dharmapuri_Central_D_2 (Tamil Nadu),9,0,9.0,0.0,0.0,0.0,0.0,0.0,0.0,0.0003951124941149,2.0,2.0,1.7696045824094606,0.000699192880153,0.3333333333333333,False
0,IND637211AAA,Tirchngode_Mhdhvpur_D (Tamil Nadu),16,0,15.0,0.0,0.0,0.0,0.0,0.0,0.0,0.0,1.0,1.0,1.5108695652173911,0.0,1.0,False
0,IND638001AAA,Erode (Tamil Nadu),3,0,10.0,1.0,0.0,0.0,0.0,0.0,0.0,3.963013983098538e-07,1.0,1.0,1.852941176470588,7.343231792211995e-07,0.0,False
0,IND638401AAA,Sathyamangalam_Mlydpthr_D (Tamil Nadu),12,0,12.0,1.0,0.0,0.0,0.0,0.0,0.0,1.3077946144225176e-05,1.0,1.0,1.8139534883720927,2.372278602905962e-05,0.0,False
0,IND638452AAA,Gobicheti_Ward25_D (Tamil Nadu),3,0,12.0,0.0,0.0,0.0,0.0,0.0,0.0,1.2285343347605467e-05,1.0,1.0,1.02,1.2531050214557578e-05,0.0,False
0,IND638501AAB,Anthiyour_TherSRT_D (Tamil Nadu),14,0,3.0,0.0,0.0,0.0,0.0,0.0,0.0,1.149274055098576e-05,1.0,1.0,2.1538461538461537,2.475359503289241e-05,0.0,False
0,IND638657AAA,Dharapuram_Techrcly_D (Tamil Nadu),16,0,15.0,0.0,0.0,0.0,0.0,0.0,0.0,1.743726152563357e-05,1.0,1.0,1.4473684210526316,2.5238141681838063e-05,0.0,False
0,IND639001AAA,Karur (Tamil Nadu),9,0,0.0,0.0,0.0,0.0,0.0,0.0,0.0,0.0,0.0,1.0,0.0,0.0,0.0,False
0,IND639104AAB,Kulithalai_AnnaNGR_D (Tamil Nadu),1,0,16.0,0.0,0.0,0.0,0.0,0.0,0.0,2.377808389859123e-06,1.0,1.0,1.9411764705882355,4.615745697961827e-06,0.0,False
0,IND641654AAA,Avinashi_Valluvar_D (Tamil Nadu),11,0,11.0,1.0,0.0,0.0,0.0,0.0,0.0,0.0,1.0,1.0,2.0,0.0,1.0,False
0,IND641664AAA,Tirpur_Palladam_DC (Tamil Nadu),15,0,15.0,0.0,0.0,0.0,0.0,0.0,0.0,1.822986432225328e-05,2.0,1.0,1.876923076923077,3.421605303561384e-05,0.3333333333333333,False
0,IND642001AAA,Pollachi_Venkatsa_DC (Tamil Nadu),18,0,18.0,0.0,0.0,0.0,0.0,0.0,0.0,5.944520974647807e-06,1.0,1.0,1.370967741935484,8.149746497501027e-06,1.0,False
0,IND642126AAA,Udumalpet_Artclgrd_D (Tamil Nadu),17,0,18.0,2.0,0.0,0.0,0.0,0.0,0.0,6.737123771267515e-06,1.0,1.0,1.482781582952816,9.98968305010909e-06,1.0,False
0,IND643217AAA,Kotagiri_CroslySRT_D (Tamil Nadu),10,0,13.0,1.0,0.0,0.0,0.0,0.0,0.0,1.822986432225328e-05,2.0,1.0,1.6945701357466063,3.089178365920295e-05,0.3333333333333333,False
0,IND643231AAA,Coonoor_Fairybnk_D (Tamil Nadu),11,0,15.0,3.0,0.0,0.0,0.0,0.0,0.0,0.0,1.0,1.0,2.459016393442623,0.0,1.0,False
0,IND670643AAA,Kuthuparamba_IdstrlAr_D (Kerala),5,0,17.0,0.0,0.0,0.0,0.0,0.0,0.0,0.0,1.0,0.0,1.490036231884058,0.0,0.0,False
0,IND671323AAD,Manjeshwar_Central_D_1 (Kerala),1,0,3.0,0.0,0.0,0.0,0.0,0.0,0.0,0.0004050200290726,1.0,1.0,1.9392091648189207,0.0007854185523129,0.0,False
0,IND673305AAA,Koyilandy_Pshrikvu_D (Kerala),14,0,6.0,2.0,0.0,0.0,0.0,0.0,0.0,0.0,1.0,1.0,2.1538461538461537,0.0,1.0,False
0,IND673506AAA,Kallachi_ZamQuatr_D (Kerala),17,0,17.0,1.0,0.0,0.0,0.0,0.0,0.0,1.5852055932394153e-06,1.0,1.0,1.6875,2.675034438591513e-06,0.0,False
0,IND673573AAA,Thamarassery_Chungam_D (Kerala),12,0,0.0,0.0,0.0,0.0,0.0,0.0,0.0,0.0,0.0,1.0,0.0,0.0,0.0,False
0,IND673632AAA,Kozhikode_Central_H_4 (Kerala),15,0,8.0,2.0,0.0,0.0,0.0,0.0,0.0,,,,,,,False
0,IND676306AAA,Tirurangadi_Kooriyad_D (Kerala),7,0,4.0,0.0,0.0,0.0,0.0,0.0,0.0,0.0,0.0,1.0,0.0,0.0,0.0,False
0,IND676509AAA,Malappuram_Munduprm_D (Kerala),4,0,7.0,0.0,0.0,0.0,0.0,0.0,0.0,7.926027966197076e-07,1.0,1.0,1.625,1.287979544507025e-06,0.0,False
0,IND678683AAA,Vadakkencherry_Robinson_D (Kerala),13,0,14.0,9.0,0.0,0.0,0.0,0.0,0.0,0.000404227426276,1.0,1.0,2.419590643274854,0.0009780648983726,0.0,False
0,IND679322AAA,Printhlmna_EmsPnmbi_D (Kerala),1,0,3.0,0.0,0.0,0.0,0.0,0.0,0.0,7.926027966197076e-07,1.0,1.0,2.1538461538461537,1.7071444850270623e-06,0.0,False
0,IND679329AAA,Nilambur_StteHW28_D (Kerala),3,0,0.0,0.0,0.0,0.0,0.0,0.0,0.0,0.0,0.0,1.0,0.0,0.0,0.0,False
0,IND679531AAA,Shoranur_KdrShrRd_D (Kerala),15,0,14.0,6.0,0.0,0.0,0.0,0.0,0.0,0.0011924709075143,1.0,1.0,2.8125,0.0033538244273841,0.0,False
0,IND680012AAA,Arimbur_Veluthur_D (Kerala),11,0,11.0,0.0,0.0,0.0,0.0,0.0,0.0,0.0012114933746332,1.0,1.0,1.526315789473684,0.0018491214665454,0.0,False
0,IND680104AAA,Guruvayoor_ManhrBld_D (Kerala),17,0,16.0,1.0,0.0,0.0,0.0,0.0,0.0,0.0004050200290726,1.0,1.0,1.5,0.000607530043609,0.0,False
0,IND680712AAA,Irinjlkuda_Greens_D (Kerala),9,0,7.0,0.0,0.0,0.0,0.0,0.0,0.0,0.0,1.0,1.0,2.1538461538461537,0.0,1.0,False
0,IND683565AAA,Kunnathund_Pringla_D (Kerala),13,0,6.0,1.0,0.0,0.0,0.0,0.0,0.0,0.0003947161927166,1.0,1.0,1.0,0.0003947161927166,1.0,False
0,IND685514AAA,Kattappana_Palikval_D (Kerala),9,0,9.0,0.0,0.0,0.0,0.0,0.0,0.0,5.944520974647807e-06,2.0,1.0,1.8758545824094608,1.115105691052224e-05,0.0,False
0,IND686540AAA,Karukachal_MnimlaRd_D (Kerala),2,0,9.0,1.0,0.0,0.0,0.0,0.0,0.0,5.548219576337954e-06,2.0,1.0,2.1538461538461537,1.1950011395189438e-05,0.3333333333333333,False
0,IND689101AAA,Tiruvalla_TKRoad_D (Kerala),10,0,16.0,0.0,0.0,0.0,0.0,0.0,0.0,0.0012210046081926,1.0,2.0,1.333846153846154,0.0016286323004662,0.3333333333333333,False
0,IND689503AAB,Manthuka_Central_D_1 (Kerala),1,0,1.0,0.0,0.0,0.0,0.0,0.0,0.0,0.0003955087955132,1.0,1.0,1.9392091648189207,0.0007669742810257,0.0,False
0,IND689650AAA,Kozhenchery_Cherukole_D (Kerala),3,0,6.0,0.0,0.0,0.0,0.0,0.0,0.0,0.0,1.0,1.0,2.1538461538461537,0.0,1.0,False
0,IND690537AAA,Kayamkulam_Bhrnikvu_D (Kerala),1,0,0.0,0.0,0.0,0.0,0.0,0.0,0.0,0.0,0.0,1.0,0.0,0.0,0.0,False
0,IND690548AAA,Haripad_Kumrpurm_D (Kerala),15,0,7.0,0.0,0.0,0.0,0.0,0.0,0.0,0.0004101719472506,2.0,1.0,2.1538461538461537,0.0008834472710015,0.3333333333333333,False
0,IND691506AAA,Kottarakkara_Amankovl_D (Kerala),20,0,21.0,0.0,0.0,0.0,0.0,0.0,0.0,1.4266850339154735e-05,1.0,1.0,1.4230769230769231,2.030282548264328e-05,0.0,False
0,IND691574AAA,Kalluvathukal_Pariplly_D (Kerala),21,0,21.0,0.0,0.0,0.0,0.0,0.0,0.0,9.907534957746346e-06,2.0,1.0,1.7102564102564102,1.694442517132516e-05,0.3333333333333333,False
0,IND695121AAA,Neyatinkra_Arlumodu_D (Kerala),18,0,20.0,0.0,0.0,0.0,0.0,0.0,0.0,0.0,1.0,1.0,1.0740740740740742,0.0,1.0,False
0,IND695572AAB,Kallikkad_Mutyvila_D (Kerala),14,0,19.0,0.0,0.0,0.0,0.0,0.0,0.0,0.0008017177287808,3.0,2.0,2.051282051282051,0.0016445491872427,0.3333333333333333,False
0,IND695582AAA,Kazhakkoottam_Rdiosttn_D (Kerala),20,0,0.0,0.0,0.0,0.0,0.0,0.0,0.0,0.0,0.0,2.0,0.0,0.0,1.0,False
0,IND695609AAA,Pangodu_Central_D_1 (Kerala),3,0,3.0,0.0,0.0,0.0,0.0,0.0,0.0,0.0007977547147977,1.0,1.0,2.1538461538461537,0.0017182409241797,0.0,False
0,IND695614AAA,Kilimanoor_Krvnkuzy_D (Kerala),3,0,21.0,0.0,0.0,0.0,0.0,0.0,0.0,0.0004038311248777,1.0,1.0,1.525,0.0006158424654385,0.0,False
0,IND711303AAA,Bagnan_Harop_D (West Bengal),17,0,18.0,7.0,0.0,0.0,0.0,0.0,0.0,6.340822372957661e-06,1.0,1.0,2.271062271062271,1.4400402458731684e-05,1.0,False
0,IND712612AAA,Kamarpukur_ChatiDPP_D (West Bengal),3,0,1.0,1.0,0.0,0.0,0.0,0.0,0.0,0.0,0.0,1.0,0.0,0.0,0.0,False
0,IND713103AAA,Bardhaman_Bankura_D (West Bengal),4,0,6.0,1.0,0.0,0.0,0.0,0.0,0.0,0.0,1.0,1.0,2.1633547632963177,0.0,1.0,False
0,IND713145AAB,Manteswar_MemariRD_D (West Bengal),3,0,3.0,1.0,0.0,0.0,0.0,0.0,0.0,0.0004050200290726,1.0,1.0,1.9392091648189207,0.0007854185523129,0.0,False
0,IND721401AAA,Contai_Kanakpur_D (West Bengal),2,0,2.0,2.0,0.0,0.0,0.0,0.0,0.0,0.0007890360840349,1.0,1.0,1.9392091648189207,0.0015301060055333,0.0,False
0,IND721501AAC,AmaDubi_Bulabeda_D (West Bengal),7,0,1.0,0.0,0.0,0.0,0.0,0.0,0.0,0.0,0.0,1.0,0.0,0.0,0.0,False
0,IND721636AAB,Tamluk_Central_DPP_2 (West Bengal),3,0,1.0,1.0,0.0,0.0,0.0,0.0,0.0,0.0,1.0,1.0,2.1538461538461537,0.0,1.0,False
0,IND722101AAA,Bankura_KeranDPP_D (West Bengal),8,0,2.0,1.0,0.0,0.0,0.0,0.0,0.0,0.000404227426276,1.0,1.0,2.1538461538461537,0.0008706436873638,1.0,False
0,IND722101AAB,Bankura_NapitDPP_D (West Bengal),1,0,1.0,1.0,0.0,0.0,0.0,0.0,0.0,0.0,1.0,0.0,2.1538461538461537,0.0,0.0,False
0,IND722143AAB,Mejia_Central_D_1 (West Bengal),10,0,9.0,6.0,0.0,0.0,0.0,0.0,0.0,0.0,1.0,1.0,3.78,0.0,1.0,False
0,IND723131AAA,Manbazar_Central_DPP_1 (West Bengal),12,0,6.0,1.0,0.0,0.0,0.0,0.0,0.0,0.0008080585511537,1.0,1.0,1.9392091648189207,0.0015669945481077,0.0,False
0,IND731224AAA,Rampurhat_SrifoDPP_D (West Bengal),11,0,15.0,15.0,0.0,0.0,0.0,0.0,0.0,0.0016050206631549,1.0,1.0,3.238095238095238,0.0051972097664063,0.0,False
0,IND732123AAC,Chanchal_BargaDPP_D (West Bengal),1,0,4.0,1.0,0.0,0.0,0.0,0.0,0.0,,,,,,,False
0,IND732204AAB,Paranpur_Nijgan_D (West Bengal),8,0,11.0,8.0,0.0,0.0,0.0,0.0,0.0,0.0004073978374625,1.0,1.0,3.0,0.0012221935123875,0.0,False
0,IND733128AAA,Itahar_NatunDPP_D (West Bengal),7,0,6.0,0.0,0.0,0.0,0.0,0.0,0.0,0.0012174378956078,1.0,2.0,2.1538461538461537,0.0026221739290015,0.3333333333333333,False
0,IND733129AAB,Kaliyaganj_Central_DPP_1 (West Bengal),5,0,5.0,0.0,0.0,0.0,0.0,0.0,0.0,0.0004097756458523,2.0,1.0,2.1538461538461537,0.0008825936987589,0.3333333333333333,False
0,IND733134AAA,Raiganj_SubrtDPP_D (West Bengal),3,0,5.0,0.0,0.0,0.0,0.0,0.0,0.0,0.0,1.0,1.0,2.1538461538461537,0.0,1.0,False
0,IND733201AAA,Dalkhola_DltprDPP_D (West Bengal),1,0,0.0,0.0,0.0,0.0,0.0,0.0,0.0,0.0,0.0,1.0,0.0,0.0,0.0,False
0,IND733202AAB,Islampure_ShbdnDPP_D (West Bengal),1,0,1.0,0.0,0.0,0.0,0.0,0.0,0.0,3.963013983098538e-07,1.0,1.0,1.9392091648189207,7.685113036330222e-07,0.0,False
0,IND733202AAC,Islampure_Central_DPP_2 (West Bengal),1,0,0.0,0.0,0.0,0.0,0.0,0.0,0.0,,,,,,,False
0,IND735224AAA,Mainaguri_MilpaDPP_D (West Bengal),8,0,0.0,0.0,0.0,0.0,0.0,0.0,0.0,0.0,0.0,1.0,0.0,0.0,0.0,False
0,IND736146AAA,Mathabhang_Pshimpra_D (West Bengal),8,0,8.0,0.0,0.0,0.0,0.0,0.0,0.0,1.1889041949295614e-06,1.0,1.0,1.509118541033435,1.79419736408063e-06,0.0,False
0,IND741165AAB,Nazirpur_Central_D_1 (West Bengal),15,0,18.0,16.0,0.0,0.0,0.0,0.0,0.0,0.0012019821410737,1.0,1.0,3.283783783783784,0.0039470494632558,0.0,False
0,IND742147AAA,Khargram_BoiDPP_D (West Bengal),3,0,11.0,0.0,0.0,0.0,0.0,0.0,0.0,0.0015955094295954,1.0,1.0,2.168202764976958,0.0034593879567957,0.0,False
0,IND752030AAA,Balugaon_Thikiri_D (Orissa),1,0,0.0,0.0,0.0,0.0,0.0,0.0,0.0,,,,,,,False
0,IND752050AAA,Khurdha_JatniDPP_D (Orissa),3,0,2.0,0.0,0.0,0.0,0.0,0.0,0.0,0.0,1.0,2.0,2.1538461538461537,0.0,1.0,False
0,IND752055AAA,Khurdha_MunplDPP_D (Orissa),2,0,2.0,0.0,0.0,0.0,0.0,0.0,0.0,0.0,1.0,1.0,2.1538461538461537,0.0,1.0,False
0,IND752056AAA,Khurdha_MdhsnDPP_D (Orissa),1,0,7.0,2.0,0.0,0.0,0.0,0.0,0.0,0.0,2.0,1.0,2.1538461538461537,0.0,1.0,False
0,IND754103AAA,Jagatsghpr_Markndpr_D (Orissa),1,0,7.0,7.0,0.0,0.0,0.0,0.0,0.0,0.0008100400581453,1.0,1.0,10.703832752613245,0.0086705333053048,0.0,False
0,IND754160AAA,Tirtol_Central_D_2 (Orissa),1,0,0.0,0.0,0.0,0.0,0.0,0.0,0.0,,,,,,,False
0,IND756029AAA,Basta_Central_DPP_1 (Orissa),1,0,0.0,0.0,0.0,0.0,0.0,0.0,0.0,,,,,,,False
0,IND757001AAA,Baripada_KalikDPP_D (Orissa),2,0,8.0,3.0,0.0,0.0,0.0,0.0,0.0,0.0,3.0,0.0,1.9392091648189207,0.0,0.6666666666666666,False
0,IND758001AAA,Kendujhar_Sirjudin_D (Orissa),6,0,7.0,2.0,0.0,0.0,0.0,0.0,0.0,0.0004062089332676,3.0,1.0,1.9392091648189207,0.0007877240862238,0.3333333333333333,False
0,IND758034AAA,Joda_Central_D_1 (Orissa),4,0,13.0,6.0,0.0,0.0,0.0,0.0,0.0,0.0,1.0,2.0,2.294522868435912,0.0,1.0,False
0,IND758035AAA,Barbil_PunjbiPd_D (Orissa),1,0,3.0,0.0,0.0,0.0,0.0,0.0,0.0,0.0,1.0,1.0,1.9392091648189207,0.0,0.0,False
0,IND759122AAC,Angul_Central_I_2 (Orissa),1,0,1.0,1.0,0.0,0.0,0.0,0.0,0.0,,,,,,,False
0,IND764020AAC,Koraput_GhtimDPP_D (Orissa),1,0,1.0,1.0,0.0,0.0,0.0,0.0,0.0,0.0,1.0,1.0,2.1538461538461537,0.0,1.0,False
0,IND764059AAA,Nabarangpr_PhdofDPP_D (Orissa),3,0,7.0,3.0,0.0,0.0,0.0,0.0,0.0,0.0015959057309937,1.0,1.0,2.5333333333333337,0.0040429611851842,0.0,False
0,IND767001AAA,Balangir_Rjndpara_D (Orissa),4,0,3.0,0.0,0.0,0.0,0.0,0.0,0.0,1.1889041949295614e-06,1.0,1.0,1.9392091648189207,2.3055339108990668e-06,0.0,False
0,IND767017AAA,Sonepur_BrezeDPP_D (Orissa),3,0,4.0,0.0,0.0,0.0,0.0,0.0,0.0,1.5852055932394153e-06,1.0,1.0,1.9392091648189207,3.0740452145320888e-06,0.0,False
0,IND768028AAA,Bargarh_JJCpxDPP_D (Orissa),1,0,2.0,2.0,0.0,0.0,0.0,0.0,0.0,0.0,1.0,0.0,1.9392091648189207,0.0,0.0,False
0,IND768028AAB,Bargarh_GurpdDPP_D (Orissa),1,0,1.0,1.0,0.0,0.0,0.0,0.0,0.0,0.0,0.0,1.0,0.0,0.0,0.0,False
0,IND770001AAA,Sundargarh_DiyoDPP_D (Orissa),6,0,6.0,3.0,0.0,0.0,0.0,0.0,0.0,3.963013983098538e-07,1.0,1.0,1.9392091648189207,7.685113036330222e-07,0.0,False
0,IND781335AAA,Nalbari_Bhgtpura_D (Assam),4,0,2.0,2.0,0.0,0.0,0.0,0.0,0.0,0.003211626531903,1.0,1.0,1.9392091648189207,0.006228015604642,0.0,False
0,IND783129AAA,Lakhipur_WrdN4DPP_D (Assam),1,0,10.0,1.0,0.0,0.0,0.0,0.0,0.0,0.0035500679260596,1.0,1.0,1.8764044943820224,0.0066613634118198,0.0,False
0,IND783370AAB,Kokrajhar_HplrdDPP_D (Assam),2,0,0.0,0.0,0.0,0.0,0.0,0.0,0.0,0.0,0.0,1.0,0.0,0.0,0.0,False
0,IND784101AAA,Balipara_EragnDPP_D (Assam),1,0,1.0,1.0,0.0,0.0,0.0,0.0,0.0,0.0,1.0,1.0,2.1538461538461537,0.0,1.0,False
0,IND785612AAB,Bokakhat_MlnprDPP_D (Assam),2,0,3.0,1.0,0.0,0.0,0.0,0.0,0.0,0.0077900965865767,2.0,2.0,1.9392091648189207,0.0151066266955143,0.3333333333333333,False
0,IND785621AAA,Golaghat_BaruaRd_D (Assam),3,0,2.0,0.0,0.0,0.0,0.0,0.0,0.0,2.318363180112645e-05,2.0,1.0,1.9392091648189207,4.49579112625318e-05,0.6666666666666666,False
0,IND785675AAA,Moranhat_TiloiDPP_D (Assam),1,0,3.0,2.0,0.0,0.0,0.0,0.0,0.0,0.007402910120428,1.0,1.0,1.9392091648189207,0.0143557911518648,0.0,False
0,IND786190AAA,DoomDooma_Pthrgoan_D (Assam),10,0,10.0,5.0,0.0,0.0,0.0,0.0,0.0,0.0019981516502782,2.0,2.0,2.6081730769230766,0.0052115253378652,0.5,False
0,IND791125AAB,Likabali_ZoomCDPP_D (Arunachal Pradesh),4,0,0.0,0.0,0.0,0.0,0.0,0.0,0.0,0.0,0.0,1.0,0.0,0.0,0.0,False
0,IND792001AAA,Tezu_Farmnala_D (Arunachal Pradesh),3,0,11.0,0.0,0.0,0.0,0.0,0.0,0.0,0.0007985473175943,1.0,2.0,0.6956521739130435,0.0005555111774569,0.3333333333333333,False
0,IND792103AAB,Namsai_HelipadRD_D (Arunachal Pradesh),11,0,10.0,0.0,0.0,0.0,0.0,0.0,0.0,0.0008080585511537,1.0,1.0,2.3843843843843846,0.0019267221910393,0.0,False
0,IND793150AAA,Jowai_Ldthlabh_D (Meghalaya),1,0,2.0,1.0,0.0,0.0,0.0,0.0,0.0,0.0,1.0,1.0,1.9392091648189207,0.0,1.0,False
0,IND811307AAA,Jamui_Mehsouri_D (Bihar),2,0,0.0,0.0,0.0,0.0,0.0,0.0,0.0,,,,,,,False
0,IND814101AAB,Dumka_Dudhani_D (Jharkhand),11,0,12.0,0.0,0.0,0.0,0.0,0.0,0.0,0.0007985473175943,1.0,1.0,1.092783505154639,0.0008726393367525,0.0,False
0,IND815351AAA,Jamtara_D (Jharkhand),12,0,11.0,11.0,0.0,0.0,0.0,0.0,0.0,0.0008080585511537,1.0,1.0,3.4722222222222228,0.0028057588581728,0.0,False
0,IND815353AAA,Madhupur_Sitarmrd_D (Jharkhand),11,0,7.0,0.0,0.0,0.0,0.0,0.0,0.0,0.0006282698167872,2.0,3.0,1.9392091648189207,0.0012183465866928,0.8333333333333334,False
0,IND816107AAA,Pakur_Hatpada_D (Jharkhand),8,0,11.0,0.0,0.0,0.0,0.0,0.0,0.0,0.0007890360840349,1.0,1.0,1.488372093023256,0.0011743792878659,0.0,False
0,IND821307AAA,DehriSone_Dilliyan_D (Bihar),7,0,4.0,0.0,0.0,0.0,0.0,0.0,0.0,0.0,1.0,1.0,1.9392091648189207,0.0,0.0,False
0,IND825102AAA,Phusro_RhmgjDPP_D (Jharkhand),3,0,3.0,3.0,0.0,0.0,0.0,0.0,0.0,,,,,,,False
0,IND825409AAA,JhumriTlya_RadhaCpx_D (Jharkhand),14,0,14.0,11.0,0.0,0.0,0.0,0.0,0.0,0.0007890360840349,1.0,1.0,2.7045731707317078,0.00213400582362,0.0,False
0,IND826001AAC,Dhanbad_Central_D_4 (Jharkhand),1,0,0.0,0.0,0.0,0.0,0.0,0.0,0.0,0.0,0.0,1.0,0.0,0.0,0.0,False
0,IND827013AAA,Bokaro_KSClny_DC (Jharkhand),5,0,20.0,17.0,0.0,0.0,0.0,0.0,0.0,0.000404227426276,1.0,1.0,4.447315855181024,0.0017977270419764,1.0,False
0,IND841301AAC,,1,0,1.0,0.0,0.0,0.0,0.0,0.0,0.0,7.926027966197076e-07,1.0,1.0,2.1538461538461537,1.7071444850270623e-06,0.0,False
0,IND841405AAA,Barauli_SiwanRd_D (Bihar),1,0,0.0,0.0,0.0,0.0,0.0,0.0,0.0,0.0,0.0,1.0,0.0,0.0,0.0,False
0,IND854334AAA,Raniganj_Central_DPP_1 (Bihar),2,0,7.0,3.0,0.0,0.0,0.0,0.0,0.0,0.0012110970732349,2.0,1.0,1.9666806058012731,0.0023818411256737,0.6666666666666666,False
