center,n2v_0,n2v_1,n2v_2,n2v_3,n2v_4,n2v_5,n2v_6,n2v_7,n2v_8,n2v_9,n2v_10,n2v_11,n2v_12,n2v_13,n2v_14,n2v_15,n2v_16,n2v_17,n2v_18,n2v_19,n2v_20,n2v_21,n2v_22,n2v_23,n2v_24,n2v_25,n2v_26,n2v_27,n2v_28,n2v_29,n2v_30,n2v_31
IND845418AAB,0.81916535,-0.1734026,0.66218936,-1.0176743,0.46077985,-1.4487115,-0.9315499,0.41109064,1.0933774,-0.3788486,0.6753702,0.06425995,0.4393127,0.4968317,0.06704751,-0.1432222,0.030755073,0.889156,0.29134887,0.98809,0.90130264,0.90957445,-0.9874091,-0.87763447,-0.8322155,0.23348163,0.6607758,-0.400673,-1.8132029,0.93802637,-0.51039344,0.49072644
IND144527AAA,1.7115945,-0.92552704,0.7532161,-0.17859446,0.51134723,-0.70911765,-0.037003905,-0.8159265,-0.7604789,-0.4376085,1.3223225,0.7868027,0.0419636,1.4870156,-0.08451795,0.4759971,-0.15674391,0.33025923,1.5535767,0.5731713,0.71972656,1.7176019,-0.6524562,-0.43754888,0.73243725,0.5689401,-0.6480663,-0.29387093,-0.19149542,-0.14881462,-0.68359447,0.44711816
IND732204AAB,1.4588392,0.19599093,0.28936136,-0.5550558,0.99113375,1.2615921,0.22992063,0.15318559,-0.20604175,0.19168884,-0.19827098,1.2806574,0.26375756,0.8838549,1.4849772,1.0073632,0.37546882,-0.43234065,-0.21965903,0.56357676,0.44500706,1.333411,-1.1228765,-1.3049654,-1.2766699,0.200478,0.832588,-0.72219276,-1.3055316,-1.2171117,0.5078415,0.44522908
IND602105AAB,0.79511946,0.8144104,-0.500912,-0.0935971,-0.024017017,-0.054287672,0.4985824,-0.49797904,-1.2731754,-1.3189971,0.39895704,1.9125441,-0.92120624,1.0408247,0.48891902,-0.4774329,0.05263219,0.76480234,-0.4698248,1.4078277,0.32634485,-0.4329572,-0.6149671,0.17925242,-0.14543413,-1.3477633,0.049512886,-0.6607871,-0.6443137,0.18257366,0.071710214,1.5358205
IND443301AAA,0.34557593,0.53874433,0.040001336,-0.5122567,0.68679136,0.4097328,0.4764613,1.0613245,-1.6151499,-0.5061099,0.14141805,1.1301448,0.03373946,0.61981875,1.2157276,-0.28226057,-0.29086596,0.046453588,-0.24659292,1.2720665,1.4660283,0.7980747,-0.7155947,-1.1064428,-0.37334517,-1.1208808,-0.5482043,1.2418023,-0.95220435,-0.13274445,0.6679984,0.12824515
IND131301AAA,-0.16593966,-0.5155725,0.96091247,-0.44481194,-0.26154652,-1.3164568,0.15442976,0.5826994,-0.34843653,0.06090976,-0.07644657,1.0758263,0.05867499,-0.2223297,-0.12987322,-0.18739988,-0.15249738,0.46817303,-0.111787,0.29705223,1.105136,0.96155095,-1.43516,-1.0777805,0.05783647,-1.2684795,-0.17730975,-0.31877607,-0.103924856,-0.49267742,0.25334823,-0.5605277
IND505326AAB,0.7566388,0.63466674,1.0035248,-0.06359565,0.24760887,-0.27867863,-0.049570296,-1.3327463,-0.59089893,0.16352648,-0.39312962,0.87059337,0.29439393,0.9386371,0.3140446,-0.43512782,0.7381052,-0.5382533,-0.5754291,0.781807,0.9268583,0.24597906,-0.26801667,0.396581,0.4161462,-1.1945193,0.41570622,-0.6233584,-0.53529847,-1.3144858,0.46857834,1.2057409
IND473443AAA,-0.14254287,1.0045702,1.7913954,-0.30073646,0.49029478,-0.7578796,0.2963,0.7076042,-0.44255906,0.34670556,0.2544885,-0.8318668,0.009115093,0.75346416,0.94472206,0.69331384,0.56802565,0.8016581,0.19348428,1.1040899,0.47051927,0.6407993,-0.23737879,-0.47232634,-0.53755754,-0.9897837,0.15560561,-0.4999988,-2.1851892,-1.3571978,0.917424,-0.3682311
IND136128AAA,0.5213956,-0.31022453,0.85035115,-1.2758404,0.25363472,-1.0169939,0.52968645,0.2688737,-0.9618076,0.63866204,-1.1331749,1.5974054,0.017611485,-0.24722122,0.00014818131,-0.89475334,-0.057849023,0.3345927,-0.21154939,-0.030497164,1.5666012,1.5678416,-0.7316119,-0.6444164,0.54049605,-1.0075309,-0.15286034,-0.6999941,-0.12137698,-0.16870266,-0.120613374,-0.22730899
IND600076AAB,0.7890006,0.22111908,-0.35745013,-0.07103233,0.3375104,-0.8278547,0.5615918,-0.10544139,0.060709868,-1.1672732,0.075536385,0.9862875,-0.4999055,0.44068006,0.36695147,-0.2255195,0.1750151,0.64760035,-0.4040822,0.7682291,-0.11004172,-0.5389483,-0.8069152,-0.040932387,0.46317878,-1.4884654,-0.27212307,-0.878806,-0.4884578,-0.6169061,-0.28792387,0.29614183
IND246174AAA,1.4265788,-0.23042887,-0.004110225,-1.1483839,-0.51545405,-1.6929274,-1.7324146,0.17148702,0.023297703,-0.28090146,-0.5807897,0.30164787,0.25201,0.99192023,1.5737911,-0.9074197,-1.2674919,0.06592854,1.1279726,0.6427066,0.090728045,0.72454965,-1.086001,-0.32433364,0.33552402,-1.5898973,-0.24528745,-0.9881754,-0.9836098,-1.9482398,0.30432972,0.20703642
IND442605AAA,1.8906162,-0.37158495,1.5406687,-0.12515168,-0.788434,-1.5439062,0.24684986,-0.097123936,0.25444064,-1.2784258,-0.9303177,0.22236651,0.6505787,1.06646,1.9927975,-0.37673137,-1.3456328,0.9902332,1.1179504,1.0855258,-0.6607111,0.8711506,-0.21123265,-0.2219088,0.0014166817,0.083936125,-0.32846472,-0.46523917,-2.1237352,-0.4509232,1.2946033,1.0406424
IND175015AAA,0.5721847,-0.15425713,0.89724475,-1.2720973,1.2022923,-1.2620193,0.19535595,-0.1218776,-1.0067035,0.36258543,0.71608174,0.4573856,-0.10990345,1.1370167,-0.06312434,0.10077175,-0.77706516,1.179398,1.3548402,0.7579275,0.9220179,0.32905445,-1.5657454,-0.82544154,0.9094896,0.44498745,-0.6887473,-1.296804,0.48355356,0.159498,0.4587983,0.4006299
IND141109AAA,1.5773523,-1.1219537,0.9329311,-0.05583743,0.67730653,-0.95395607,0.049745463,-0.5050915,-0.5959847,-0.7988652,1.1872481,0.25811478,-0.18928094,1.0223897,-0.15364581,0.53185534,-0.08215309,0.41657153,1.1140999,0.76605403,0.6604186,1.5694753,-0.8537394,-0.42544073,0.8223315,0.3972324,-1.2143338,-0.35395575,-0.10615914,-0.115833946,-0.3924116,0.09692229
IND574216AAA,1.0608845,-0.47873306,0.52774936,-1.1266911,0.09191165,-0.28011042,0.18889427,0.2550766,-1.014233,-0.4807616,0.44917697,-0.5029377,-0.45210835,-0.22665282,0.6878865,-0.8242385,0.76191354,0.8909552,0.22843513,0.8939159,-0.19468452,-0.21151412,-0.3620143,-0.1918138,0.609505,-0.34286714,-0.14856783,-0.7776605,-0.6578185,0.033264443,0.18704075,-0.4958654
IND431514AAA,1.2342149,-0.5293717,0.53451985,-1.7462003,-0.26445222,-0.5904498,-0.35118917,-1.1981684,-0.5458895,0.23213501,0.096226014,-0.1901581,-0.20789708,0.7551121,1.128714,0.30948967,0.20279668,-0.7625001,-0.4745312,0.6623889,1.1153115,-0.30857447,-0.902458,-1.4455876,1.2244917,-0.74501985,0.007683939,0.48092228,-1.2576867,-0.11136597,0.058564067,0.29776967
IND140118AAA,0.51359355,-0.48335597,1.1836637,-0.20219824,0.7388005,-0.28972644,0.8378586,-0.013819134,-0.9940991,-0.044786807,1.0561376,0.3975842,-0.39239985,0.56029814,-0.764292,-0.082896225,-0.011893264,1.009378,0.62532526,0.5645864,0.79572827,1.1008742,-1.5674322,-0.217343,0.06630777,-0.17182185,-0.24487835,-0.95483243,0.22768812,-0.27356035,0.4430003,0.4951318
IND276129AAA,0.6932473,0.5468906,1.0271407,-1.7528431,0.5757217,-1.8367028,-0.3827569,-0.95686775,-0.28002,-1.1586946,0.18563637,0.40620634,-0.15724,1.7813327,1.0348817,-0.26855952,-0.25756934,-0.3584556,0.3584739,-0.005626651,0.6585808,1.8602118,0.2050962,0.4632431,-0.19078733,0.6583614,-0.06299523,-0.554146,-1.2733635,-0.2796966,0.7366749,0.3779854
IND122413AAE,0.66447204,-0.9871793,0.63159275,-0.18756177,1.0331262,-0.6477367,-0.30499902,-0.5848522,-0.3825593,-1.0331705,0.860731,0.37020782,-0.73973066,0.2657394,0.31232467,-0.009171979,-0.73417604,-0.7338552,-0.089290775,0.5281732,0.5422881,0.3354603,-1.6652129,-0.9331335,-0.026797067,-0.42193505,0.23323928,-0.05215535,-0.63226014,0.535202,-0.01936397,-0.8377211
IND246424AAA,1.4959129,-0.22576758,-0.0068595116,-1.1219501,-0.5060538,-1.6550543,-1.8033717,0.16740735,-0.010052784,-0.26601967,-0.5715248,0.28896835,0.21997492,0.9954208,1.5678407,-0.9203931,-1.3051656,0.11372687,1.167432,0.62802464,0.07073761,0.7684925,-1.1249796,-0.3630787,0.37797678,-1.5942068,-0.25481388,-1.006414,-0.9898614,-1.9128542,0.37496752,0.22730146
IND391110AAD,-0.04332006,0.18658361,1.3998954,0.14956287,0.34905145,-0.117152005,-1.4699764,-0.13545056,-0.7942987,-1.1904606,-0.26529276,0.5739834,-0.10965865,-0.19713594,0.10047094,0.25369865,0.2979846,0.20143524,0.27109244,0.66830206,0.06176757,0.028321495,-0.9157859,-0.54775983,0.45729077,-1.259312,-0.44327825,-0.5333568,-1.1397156,1.0274142,0.69880146,0.3880027
IND333028AAA,1.022081,-1.0601835,1.8560467,-1.5596064,-0.24789841,-0.08940093,0.17672947,-1.3260233,-0.6980928,-1.9528635,0.003953476,0.68420833,0.3639208,0.88095367,0.24709035,-0.14406824,-1.050679,-0.32860094,0.2580311,1.3173807,-0.16432136,1.3151345,0.101071775,-0.9996583,-0.4447113,-0.2666558,-0.32706052,0.5169988,0.034752447,-0.7248147,0.77349335,-0.45155168
IND804401AAA,0.87385666,0.7598594,1.1715138,-0.76985776,0.75964874,-0.61582774,-0.3504441,1.0751201,-1.6506573,0.1387824,0.86499095,1.5457684,-0.41660625,0.71817774,0.70548517,1.1482676,-0.28636715,0.2696911,-0.6179187,0.6839424,-0.87257636,2.0584884,-0.3204661,-0.27446273,-0.10594943,0.79305315,0.29609928,0.173967,-1.8151723,0.1537071,0.40031224,1.2829558
IND174307AAA,0.6211313,-0.4216289,0.7803366,-0.39408273,0.5859296,-0.44743493,0.5204238,0.15092024,-0.52568096,-0.66172767,0.92162937,0.39079478,0.021471472,0.72425705,-0.74765855,-0.12321099,0.35503602,0.70287734,0.66035306,0.63804793,0.8800901,0.9041484,-1.0858471,-0.50298864,0.48556778,-0.37745675,-0.66946137,-0.3007046,0.34259883,0.5446885,0.2314291,0.21071203
IND754211AAA,1.1247301,-0.078586385,1.263837,-0.8142946,0.8241671,1.0782645,0.06599667,-0.9104947,0.68283606,-0.91724133,1.230326,0.72151,0.44525906,0.93011194,0.60602766,-0.31696188,0.47556508,-0.77356154,-0.59379023,0.614805,0.077843,0.71285826,-1.4125621,-0.45119905,0.6751478,-0.7912693,0.913598,-0.5504038,-1.0997592,-0.46556163,-0.85604507,-0.09779608
IND785675AAA,0.78156805,-0.5249606,0.43439195,-0.8340925,0.284963,-0.61330384,0.09517627,0.5425646,-0.13953389,-0.04611859,-0.4626343,1.9276316,-0.39351067,1.3111739,0.75987786,-0.31088755,1.7232141,-0.3259036,0.3383242,0.81269276,0.55462533,0.7383813,0.7635112,-0.22558913,-0.9696092,-0.5884827,0.2608568,-0.9297354,-1.1996214,0.40716153,-0.086495236,-0.1942291
IND331304AAA,0.836784,-0.8074341,1.5226969,-1.5860378,-0.4194519,-0.015567218,0.20234562,-1.1786048,-0.8645048,-1.5914114,-0.32026017,0.56956583,0.45985818,0.9294707,0.14284667,-0.23083101,-0.5352295,-0.17021608,0.31092185,1.3492544,-0.2822509,0.75466,0.020306826,-0.90485805,-0.5972383,-0.2601261,-0.3554508,0.4007547,0.021834947,-0.76355237,0.8459336,-0.43272838
IND641008AAA,1.9603798,0.12827642,1.598588,-1.6481262,-0.3396767,0.780694,-0.8633462,-1.7235247,-0.588982,0.66725826,0.4619838,0.50035703,0.9908209,0.8691824,1.0492915,0.3843507,-0.8908801,0.79387385,0.462413,1.3839186,0.55914664,0.811439,-0.1441768,-0.25800443,-0.081997626,0.05538909,0.063249536,-1.0215712,0.10797471,-0.19017796,-0.24490586,0.38053727
IND591201AAA,1.5043799,0.99241513,1.6510612,-1.3208998,-0.22933748,-0.51606876,-1.1666584,-0.26172245,-1.2512472,0.19062687,-0.28633192,0.3190205,-0.033395853,1.6842194,0.10453574,-0.8059455,0.75285405,-0.18181115,1.0449662,1.0951424,-0.03857638,-1.1816862,-0.59608287,-0.43463263,0.10871428,-0.9064089,0.15166105,-0.08212559,-0.5908226,0.08256192,-0.4225332,0.16568635
IND731204AAB,1.6351595,-0.6233562,0.2255045,-0.5146585,0.3973479,0.3340936,-0.13955684,-0.8751467,-1.0434377,-1.1618855,-0.2903424,0.14557049,1.2295353,0.0053054336,0.94373107,-0.10243736,0.33924603,0.0012602054,1.01168,0.5473729,1.7658925,1.4346505,-0.6058575,0.63302386,-0.62269163,0.15896529,0.08517072,-0.53779745,-2.0229309,-0.2776424,0.2798663,-0.119523324
IND606003AAA,1.4146718,-0.630201,-0.6008437,-0.25252402,0.038109004,-0.16320236,0.6107715,0.13853039,0.37699685,-0.94585,1.1047736,1.6650907,-0.19481802,0.80931795,0.89901763,0.16454534,-0.948446,0.8249715,0.49564818,2.126023,-0.05751532,-0.30450577,0.13015887,0.22455466,-0.7189726,-1.8771509,-0.7884813,-0.7593444,-1.1527658,-0.48582187,-0.29369015,0.46059188
IND804452AAA,1.1361722,0.52062625,1.6867871,-1.2462811,-0.43717834,-1.1357003,-0.954224,0.8430899,-0.24765654,1.1247874,0.9465566,0.6387611,-0.4449517,1.2846708,1.6527151,-0.21861707,-0.4959884,0.9869796,-0.019426806,-0.19119626,0.8148951,0.50601363,-0.5215741,-0.50344837,0.36428756,-0.9804161,0.71462834,-1.0486127,-1.0373533,-0.38222924,-0.6889325,1.0754738
IND604303AAA,0.541483,0.22833891,0.30031767,-0.11722369,0.22002973,-0.8437006,0.59843713,0.3053143,-0.53599256,-1.594707,0.56672144,0.69496536,-0.39355883,0.13511445,0.6506556,-0.07361335,-0.4627846,0.46310326,0.7225223,0.9615083,-0.81684524,-0.03211396,-1.0097467,-0.0074959593,0.34386396,-2.186942,0.3730334,-0.23093286,-0.38817748,-0.5026347,-0.33695564,0.3345324
IND364004AAB,-0.037491463,0.20137845,1.0886678,-0.16094632,-0.513843,0.10927596,-0.9026305,-0.107156076,-0.099699885,0.025484577,-0.26839802,1.2406492,-0.1700308,-0.03042965,0.6466649,-0.070360176,-0.35779238,0.4656458,0.25037482,1.5619031,0.02162132,0.52933264,-0.24291702,-1.1276593,0.7157537,-0.18935746,-0.78859437,0.6889194,-1.6819777,0.8534524,0.91871953,-0.26184896
IND721212AAA,1.0956957,0.99023956,0.3345486,-0.309704,0.3363772,0.0696867,-0.43721324,1.0029557,0.07776311,-0.37349576,-0.8177016,0.08238991,0.45083705,0.76869,-0.3697174,-0.44536424,0.22433867,-0.074014075,0.9367865,2.1195412,0.81170285,1.4162705,-0.6234593,-0.1750996,-0.2176627,-0.9933817,-0.3589657,-0.36938417,-1.7567744,-1.3981398,-0.5449299,0.46252736
IND442001AAA,1.2131656,0.025300903,1.0282067,-0.94014883,0.23304269,-0.40204716,-0.22073601,-0.1990725,-0.77625,-0.4232499,0.21577008,1.2141122,0.10785117,0.80689466,0.61973286,0.06181786,0.05652772,0.44100168,0.36759397,1.1125294,0.2671186,0.9008066,-0.58946955,-0.25419882,-0.23170076,-0.5941175,-0.029256636,-0.5064242,-0.8189357,-0.27395803,0.29730576,0.31749657
IND742148AAA,1.8269252,1.316295,0.5906793,-0.2512544,0.21099092,-0.4990786,-0.6660322,-0.18623212,-1.5016515,0.3037205,-1.0928943,0.79762423,-0.16495465,0.92553526,0.6911634,0.19778243,-0.36390367,0.41465002,-0.5680647,0.75445175,0.10532478,1.6662545,-1.9698254,0.4895398,-0.29001975,0.62134606,-0.21573527,-1.8375365,-1.7773873,0.48116368,0.29319695,-0.38323352
IND627756AAA,1.8077822,0.7256762,0.20841253,-1.4291091,-0.27925256,-0.22112234,-1.1038059,-0.59458447,0.41437387,0.7790595,0.61832196,1.2381365,-0.2052517,-0.3822872,0.028075831,-0.09842853,-0.26295653,0.20254862,0.856083,1.6254376,1.3032731,0.5717248,0.09385907,-1.0131168,-0.8630184,-1.5140759,0.87975407,-1.079352,-0.6597241,0.026942333,0.70461017,1.6284701
IND262701AAA,0.834618,-0.38526437,0.52120113,-2.075885,0.28713658,-0.40415534,-0.88313526,1.0095764,-0.6280754,-0.55427647,-0.45530066,1.4206787,0.11748365,1.0168428,-0.34340262,0.96818227,-1.1349003,0.24345866,-0.54349804,0.56526,-0.22313718,1.6855104,-0.21788584,-0.2592893,0.95510006,-0.37803254,-0.9369387,-1.4435415,-1.5909445,-1.6569723,1.22992,0.7150062
IND723133AAA,1.5131035,-1.0968413,-0.0948576,-0.6578282,0.06850025,0.2495349,-0.40769425,-0.4403721,-0.5275033,-1.2433437,-0.005663425,0.4295313,0.53276235,0.26651093,1.2830364,-0.4264617,-0.19765224,-0.38693208,0.26978636,0.22275293,1.3805153,0.8876574,-0.97595286,0.027108192,-1.2992836,-0.50271267,0.39302677,-0.45117992,-1.5044159,-0.36223367,-0.2309339,-0.29545957
IND441904AAB,1.9087324,0.9452275,1.267961,-0.18234757,-0.23746262,0.13406198,0.15114719,0.6139515,-1.503281,0.2487887,-0.3777765,1.0084625,0.14760785,1.9160557,1.3711822,0.84287155,-0.6114496,0.6678726,1.1362138,0.5081883,0.11003592,1.3083755,0.6035308,-1.2039835,0.83952665,0.27210942,-0.18123583,-0.10666148,-1.2700588,-1.1978701,-0.13617848,-0.045103006
IND676306AAA,-0.3166299,0.31075984,1.6355727,-1.1355635,1.1844894,0.038286045,-1.1810572,-0.66494846,-1.2737755,-0.63536745,0.18699962,0.5641966,-0.1974979,0.06011174,0.50286555,-0.9294214,-0.18945222,0.80572504,0.9484964,0.14235581,0.07721544,2.0069776,-0.3403066,-0.31702596,-0.6629399,-0.85895133,-0.011643277,-1.4002798,-0.94338715,-1.4772358,-0.39964595,1.0298516
IND250002AAA,0.58058655,-0.8375612,0.8689994,-0.6127432,-0.20003673,-0.79602075,0.29848114,0.11943568,-0.45235035,0.029340843,-0.44726026,1.2122626,-0.8220946,0.65068483,-0.6143262,0.04289441,-0.5961553,-0.28535098,-0.7863605,0.24825275,1.1754814,0.80158603,-1.286584,-1.4702697,0.23120894,-0.85582185,-0.68180114,-0.41486362,-0.13855574,-0.476213,0.3209108,-0.22432749
IND413517AAA,1.505011,-0.78872067,0.4453512,-1.4101828,-0.41447386,-1.169789,-0.29980946,-1.2523869,-0.7738174,-0.002014967,0.40949833,0.43962765,-0.17595564,0.199473,0.75713086,1.3653477,-0.29845762,-0.40171096,-0.15663931,1.3177717,0.96525764,-0.37950623,0.08591263,-1.5996238,1.0346249,-0.52260005,-0.29539543,0.36783266,-1.2814735,0.315451,-0.19048944,0.4060251
IND761020AAA,0.48049587,-0.5529832,0.8346298,-0.74131143,0.38840133,0.97598475,-0.2731276,-0.5125171,0.23358056,-0.64043957,0.45378435,0.38710758,0.04777179,0.20700628,1.0632709,-0.54536366,0.817112,0.14882323,0.05886374,0.92197436,-0.23849176,0.43011793,-1.8403345,-0.1285375,0.4295103,-0.477392,0.67830867,-0.2724519,-0.5923755,-0.21279736,-0.08203683,-0.60965484
IND000000AEM,1.3174356,0.48992255,0.98510385,-0.6468569,1.704263,-1.5958043,-0.08387037,-0.086079724,-0.3980216,-0.9452616,-0.17675614,2.599194,0.5216805,0.4963667,1.771156,-0.5667703,-0.91659284,-1.0445979,0.94101506,0.092765115,0.637892,0.8047457,-1.2911537,-0.6896808,-0.1889575,0.3350038,-1.4001131,-0.45464292,-0.6091599,-0.84968007,0.054828662,2.030677
IND344001AAA,0.4824836,-1.3705847,1.0682622,-1.217238,-0.29773057,-0.16846742,-0.91900134,-0.21073782,-1.1773008,-0.6198767,-0.75787467,1.9388969,1.0798819,0.28989756,-0.25123775,-0.99224275,-0.64261156,0.96702814,-0.5121118,2.117154,0.1920471,0.2832641,-0.9878207,-0.62737983,-0.3494447,-0.38819292,0.64774084,-0.57153314,0.16366258,-0.5887071,-0.52878755,-0.25266397
IND335701AAA,1.1937946,-0.97590953,0.6796305,-0.8991883,1.3015794,-0.84302574,-0.3701363,-0.6235064,0.19038972,0.4625637,0.887097,0.82389206,0.33287472,0.47628862,-0.24221316,-0.93462354,-0.02862046,0.4939063,0.5339303,1.2810193,0.35434023,0.7339492,-0.5465172,-0.25372028,-0.76227355,-1.734494,-0.54189324,1.4917423,-1.1554781,0.62326145,0.8645318,0.6747526
IND581320AAA,1.4235619,-0.15469211,0.40845624,-1.0219282,0.006175972,-1.3108494,-0.08567017,-0.18774307,-0.8739605,-0.63788784,0.191637,-0.061925896,-0.14253166,-0.31980252,1.0419371,-1.2073001,0.3608546,1.8657502,0.70848185,1.3340702,0.2956453,-0.22114755,-0.38639688,-0.21645904,1.0930815,0.13605025,-0.040621646,-0.44006994,-0.5974866,0.16948819,0.5420694,-0.54924065
IND532127AAA,1.0610292,0.18115388,-0.3693698,-1.4983772,1.1771469,0.2558227,-0.27171412,-0.916161,0.41055778,-0.8229666,-0.38564286,1.5667222,0.69110733,0.8214408,0.33835816,0.5010524,-0.57432854,1.6417857,0.5630871,1.1607299,0.019273575,0.7839943,-0.7461491,0.3493712,0.848272,-0.91196674,1.0906731,-0.046480913,-1.0006003,-0.11444477,-0.30966547,-0.22725974
IND523201AAA,0.86158764,0.10864388,1.3879353,-0.5243478,-0.3060271,-0.7818095,1.0446296,-0.35063782,0.35683286,-0.6723548,0.4409451,1.2177352,-0.28154618,-0.19801006,0.24986005,0.6160277,-0.360696,0.66435766,-0.37962005,1.2961626,0.29282916,-0.8470727,-0.3901071,0.29908398,1.2180005,-1.1178905,0.38923982,-0.7541417,-0.75663465,-1.0284269,-0.17571686,0.8933957
IND141003AAB,1.4414595,-0.8602101,0.88492113,-0.13866912,0.7724694,-0.90390867,0.15830202,-0.53400314,-0.71318316,-0.8908658,0.95879996,-0.009017374,0.08125068,1.0456879,-0.28287223,0.5353655,0.008689976,0.6200422,0.99785006,0.7897137,0.60292166,1.369367,-0.784743,-0.38391185,0.86957526,0.4841172,-1.2808181,-0.5200109,-0.21867609,-0.20394087,-0.3608996,0.2425888
IND587103AAB,1.1200969,-0.5438328,0.71191984,-0.87130684,-0.9832128,-1.1866685,-0.6080146,-1.2418898,-0.3905938,-0.87088245,-0.2912563,0.907701,0.3943705,0.16514552,0.055087786,0.28347084,1.9012265,0.6169912,-0.13190745,1.6359645,1.0003839,0.008481736,-0.07184085,0.060747504,0.5259657,-0.20665875,-0.58349216,0.2438865,-1.4244335,0.40019614,0.86294186,0.48537394
IND423601AAA,-0.012420677,1.0138565,-0.29433292,-0.9319779,-0.29840228,-0.39751202,-0.5363313,0.6515251,-1.0778325,0.05543945,0.1322365,2.0134752,-0.026091812,1.3069704,0.23955311,-0.16827816,0.34085932,0.79493636,0.07766058,0.7879418,0.94352794,-0.079083696,-1.4823184,-1.5826699,0.23360528,-0.5728208,0.4862159,-0.32030228,-0.96675175,-0.15436123,1.7183325,-0.43276575
IND623704AAA,2.3397658,0.39265984,-0.4803959,-1.23252,0.17649898,-0.43971607,-1.0325915,-0.70086926,0.23818853,1.0483508,0.41361344,0.7133985,-0.22868632,-0.23348446,0.02677874,0.122489005,-0.3319608,-0.68054795,0.1212074,1.629273,0.73738205,1.480436,-0.5957078,-0.60615295,-0.35983422,-0.82390505,0.65315366,-0.90561235,-1.1908854,0.018583702,0.12667722,1.801103
IND799250AAA,1.5446738,-0.9082096,-0.59222955,-1.3812281,0.64660674,-0.8981359,-0.59390974,0.4643234,-0.48690632,-0.4131867,-0.2178083,1.780974,-0.73450017,1.2218388,0.27549776,1.3504547,0.95369345,0.008396867,0.13497233,0.4394928,-0.64370537,0.61415786,-0.88900185,0.028352408,-0.9577245,-0.37852514,0.12312502,-0.22322387,-0.9276802,-0.28364998,0.20908086,-0.11821111
IND741165AAB,1.9300327,-0.15313557,1.4929717,-0.103569455,-0.1024246,0.28690752,0.07467762,0.03983578,-1.3826632,-0.8098634,-1.1657662,1.4065971,-0.23782066,0.39209804,1.2274584,0.48089033,0.0043000528,0.4569478,0.5112407,0.27369508,0.21645536,0.6240618,-1.6452832,0.52984613,-0.58040595,0.6708629,0.3949269,-1.4686203,-0.69417125,0.31331915,0.2703202,-0.03588903
IND631501AAA,0.7312687,0.64245397,0.12554799,-0.10141465,-0.06750848,-0.53002197,0.72707784,-0.4801647,0.28917673,-1.502553,0.059716176,1.2162216,-0.22029299,0.40216795,0.37651289,0.015663434,0.113218926,0.5072831,-0.04617247,0.89761853,-0.28623495,-0.71248126,-1.2829161,0.16201653,0.35082456,-1.0133816,-0.2867932,-0.50052315,-0.5883627,-0.34414765,-0.40873998,0.25326204
IND263645AAA,1.2243557,-0.43941152,1.0766214,-0.3857307,-0.80575305,-1.7098917,0.39066604,0.8908176,-0.29031244,-0.88748574,-0.67521685,0.66945,-1.0158097,-0.1997904,0.33895063,-0.17395258,0.45378286,-0.26587287,0.2377629,0.14481191,0.874757,1.5426842,-1.0553117,-1.3740472,0.4580539,-0.94311386,0.40386587,0.1948717,-0.8754808,-0.9276064,1.2416446,0.51213163
IND412803AAB,0.85727566,0.14630148,0.59664583,-0.8634254,0.21444158,-0.38408554,-0.6798712,-0.3276111,-0.5299633,-0.35969585,-0.045570266,-0.08222356,-0.7883236,0.3714099,-0.017063964,0.24491978,0.8690029,-0.16788599,0.5520304,1.2156198,1.2328893,-1.0564984,0.15016398,-0.73609453,0.90669763,-1.029829,0.18082944,-0.070702806,-1.0957025,-0.22416398,0.53776306,-0.15565863
IND600016AAB,0.7948791,1.2553768,1.4280429,-0.75194526,-0.8431337,-0.80462515,-0.4255634,-0.23378995,-0.85271925,0.53458697,-0.26129454,1.5355376,-0.15449737,0.4023671,0.12960617,-0.4354641,-0.18980937,0.5558232,0.28574434,0.9222061,0.90608823,0.24951857,-0.07838684,0.1628421,-0.5986874,-0.4583026,-1.0273306,-1.7912836,-1.895584,-1.2288862,-1.194085,-0.664917
IND431603AAA,1.0032474,-0.38899878,0.3435031,-1.2219707,-0.36383194,-0.86073494,-0.34994394,-1.1511862,-0.7560588,-0.25880834,0.10154893,0.03793548,-0.15768494,0.3481173,0.83765054,0.9741495,-0.010135006,-0.4581666,-0.28085262,1.0879225,0.78917956,-0.15829611,0.107421555,-1.4195915,1.1581396,-0.48926935,0.14701068,0.21172826,-1.1539947,0.116321646,-0.24182554,-0.083013296
IND343001AAA,-0.3487684,-0.90677625,1.5691007,-1.3467765,-0.1215398,-0.36379716,-0.61637974,0.0755178,-0.6497556,-1.4379681,-0.2331828,1.165969,0.23770383,-0.079539604,-0.26278037,-0.7958359,-0.49822092,0.42360955,-0.5399513,1.6748109,-0.28972945,0.45157,0.18643966,-1.2638615,0.18176003,0.3865812,-0.22758949,-1.317158,-0.8332692,-0.13772796,-0.042493813,0.32146415
IND362560AAA,0.6456232,-0.662489,1.2362967,-0.7778984,-0.5657902,-0.773463,1.3160535,-0.037242636,0.47146335,1.0249264,-0.25949368,0.7803996,1.0335083,0.59312344,1.3411804,0.4886477,0.1347507,0.0123328585,1.1379689,1.3880938,0.21206379,1.0638046,-0.22995786,-1.1473923,-0.33090988,-0.9372743,-1.1821533,-1.3178903,-1.4677906,-0.37955216,-0.24177751,0.61032885
IND600116AAB,0.6631749,0.5143988,0.23141387,0.086980276,0.31044146,-0.22322044,0.6400022,-0.57193565,-0.41628027,-1.0927706,0.34963876,1.1505531,-0.59649754,0.487363,0.5075557,-0.32504815,0.14860223,1.0393765,-0.20096886,1.2330225,-0.06417631,-0.5500583,-0.6156827,-0.05300943,0.108302094,-1.4201609,0.38576952,-0.73846585,-0.20168547,0.46116757,-0.005618963,1.2266139
IND609110AAA,1.4204652,0.4005926,0.6144155,-0.4386621,0.092118554,-0.6559059,0.8152727,0.33909097,-0.9395541,-1.0988206,0.6129184,1.6911973,-0.47252357,0.97240627,0.7065616,-0.21725106,0.056731377,0.2684315,0.66864306,0.54241663,-1.0386436,1.2861925,-1.1105667,0.222434,0.07964445,-1.8399706,1.2957222,-0.41838112,0.25058383,-0.55059266,-0.66011745,1.0625075
IND201001AAC,0.039338212,-0.45038918,0.8667973,-0.62814677,1.2427658,-0.42239684,-0.467079,0.08044473,-0.11475787,-0.7793878,0.06411749,0.88865715,-0.34054518,0.5210642,-0.2656627,0.29164588,-0.12091706,0.24478444,-0.5833009,0.14788212,0.21260773,0.071741335,-0.45730928,-0.9865538,-0.23259474,-0.7563643,-0.20367733,0.10363322,-0.01439146,0.081027344,0.016590923,-0.4547953
IND638401AAA,1.9200102,0.09599856,1.5130244,-1.3446699,-0.2359366,0.84010124,-0.84108144,-1.5327998,-0.59660757,0.49154106,0.25410828,0.43360096,0.8158536,0.707843,0.94846237,0.28806615,-0.8047018,0.99468905,0.62616235,1.4818255,0.55241174,0.9045851,-0.11506327,-0.29265958,-0.071314044,0.059697945,-0.05320318,-0.6524327,0.29656473,-0.24387366,-0.18486995,0.24433401
IND636402AAA,1.2334889,-0.16786596,0.9106601,-1.1856196,0.32021624,-0.76566446,-0.23942193,-0.25578865,-0.43199995,-0.26558462,0.08761481,1.0009339,0.06491623,0.49695522,0.6017667,0.20565316,0.050361484,0.4108745,0.26999646,1.466167,0.28530017,0.8858853,-0.35039222,-0.46249276,0.025043529,-0.28119916,-0.012575821,-0.54599786,-1.1465815,-0.35399258,0.04082567,0.32077774
IND562125AAA,0.7341098,0.39551947,0.13738967,-0.71080375,0.61543596,-0.16905375,0.53129053,-0.26365915,-0.3392507,-0.73747194,0.77027255,0.07637156,0.24523234,-0.53409666,0.6549404,0.18264474,1.0651482,0.99610174,-0.41505638,0.84232485,-0.0651873,0.023649303,-0.866696,-0.9982875,-0.20325342,-0.6813238,-0.8740098,-1.2240404,0.0021794115,-0.115657344,0.23699936,0.19094607
IND384265AAB,0.6354789,0.36552414,0.4941525,-0.74005723,0.55950725,-0.007504532,-0.6628192,-0.97854745,-0.56603825,-0.6383243,-0.18872036,1.159654,-0.7670118,-0.16143252,0.6258705,-0.32198238,-0.6620165,-0.29430994,1.6097678,1.9291734,-0.23651865,0.9861869,-0.40987346,-0.5095796,0.00088613294,-0.16600507,-1.7297697,-0.045477446,-1.6941941,0.8508227,-0.5889372,1.2418811
IND322230AAA,1.2730986,0.63434166,0.33020124,-0.3019816,-0.17102024,-2.1370163,-0.7134972,-0.13018858,-0.23503165,-0.10537531,0.87989926,2.2956386,0.46916208,-0.12275999,0.18049866,0.05397401,-0.13776505,0.16078867,-0.15276091,1.6535709,-0.941508,0.75858194,-0.15074068,0.33735687,-0.037903216,-0.15702192,-0.016131569,-0.21029706,-0.98381525,-1.6338371,0.97389156,0.390033
IND854311AAA,-0.009277106,0.38831037,0.7796161,0.538609,0.8465468,-1.7938039,-1.5873554,0.10862616,-0.021975301,-0.35677612,1.1594886,0.96256685,0.35361412,1.0410844,0.37813708,-0.6263803,-0.055624537,0.76620626,0.19577624,1.8429848,0.3872446,0.70722455,-0.9305172,0.036366507,0.03522023,-0.26521015,0.6792632,0.009660833,-1.0491072,0.296005,-0.28941616,-0.5441532
IND600119AAA,0.808586,0.30900124,0.36632976,-0.48996103,0.47553387,-1.1862527,1.3897837,-0.10511637,-0.0038137976,-1.876008,0.48628286,0.8058558,-1.0631182,0.2456007,0.100477375,-0.04142373,0.12489867,1.5340217,-0.7609445,0.89693505,0.47395298,0.44501394,-0.6362777,0.54084784,0.3209718,-1.6785191,0.5541811,-0.58911306,-1.1267568,0.19574952,-0.6603321,0.15579568
IND122050AAA,0.22243638,-0.56614006,1.965258,-0.42725146,0.50162965,-0.87439394,-1.197413,-1.1067717,-0.11973173,-0.39118823,0.22179182,0.55278754,-0.2925183,1.4983703,0.4158831,-0.6484013,-0.96690685,0.0054793945,0.56195915,0.61978376,0.105810024,-0.0184981,-1.8031831,0.76055413,0.34175172,-0.5169987,-0.44296068,-0.55779594,-0.5972509,0.45985374,-0.113131434,0.008520951
IND131028AAA,0.0832637,-0.18718918,0.120292194,-1.1355159,-0.12020013,-2.1388807,-0.92826164,-0.24351338,-1.3108985,0.12632257,2.0790994,0.88974994,-0.1530046,1.4206982,1.3810432,-0.48955393,-0.50073135,1.0404702,1.2184168,0.60559934,-0.9250049,1.5945013,-1.4386573,-0.6034714,0.60683143,-0.14075801,0.29112425,-0.35535547,-1.2505571,-0.95791376,0.24817775,0.924162
IND370001AAA,-0.2140242,0.49457306,1.1891012,-0.9623475,-1.2462697,0.03549876,-0.45566016,0.58866775,-0.4558182,-1.0588547,0.009388155,1.2536969,-0.4911215,-0.0031459415,1.215773,0.75329554,0.0011199628,-0.69609857,0.9385567,1.9844269,-0.023075445,0.704113,-1.3915249,-0.16081172,0.25674298,-0.13407433,-0.3587777,0.11040671,-1.5389162,0.94822955,-0.10083287,0.20056869
IND532001AAB,1.0421371,0.41793528,-0.38896087,-1.2654852,0.93849355,0.107470185,0.11907173,-1.2582303,0.4455542,-0.50218356,-0.20169227,1.55127,0.25622576,0.7100902,0.5262774,0.44011,-0.3775836,1.4813951,0.38915104,0.9709251,0.13924468,0.6456657,-0.6617657,0.4760844,1.0326202,-0.9424336,1.1041967,0.039207283,-0.78687066,-0.6401282,-0.17110395,-0.052477594
IND603001AAA,0.9721888,0.050677866,-0.33628806,0.011015566,0.013815407,-0.9977305,0.41208255,-1.0969026,-0.18507305,-1.1348872,0.28276798,1.5428307,-0.97991854,0.24176037,0.36883003,-0.7427423,-0.527917,0.8789614,-0.04745697,0.51669145,0.01027926,0.12578486,-0.9393688,-0.5389077,0.6028442,-1.3922075,0.041904703,-1.7270558,-0.41502497,-0.63318956,-0.40352106,0.35786977
IND533242AAA,0.81616175,0.29794458,1.216222,-1.1643937,0.7404804,0.15397237,0.35405025,-0.87753826,-0.13012147,-0.8486248,-0.5471629,0.9173655,0.4341516,0.05293576,1.1976736,-0.54152787,-0.67582065,0.58753884,-0.25140595,0.35910633,0.29667714,0.08146068,-0.006264626,0.8077673,1.4437746,-1.3195465,0.3938347,-0.69731724,-1.1809239,-1.1696585,0.8344947,0.22351901
IND521165AAA,0.92380136,0.05878067,0.9002398,0.045077313,1.620836,-0.39780512,-0.27997267,-0.7802644,-0.5007287,-0.30503434,0.012404326,0.1669813,-0.80220544,0.021173501,0.25541493,0.3888102,-0.55435616,-1.0207766,-0.20466484,0.9261621,0.41697764,-0.07298596,-0.9084276,-0.52788246,1.2803996,-0.38381216,0.5761727,-0.7447264,-0.59954804,-0.032420773,0.21424715,0.0064271954
IND792110AAA,0.7116605,-0.15882088,0.46869066,-0.86311364,-0.06261372,-0.8195669,0.15917924,0.020190977,-0.30372238,0.3861764,-0.11652335,2.0826833,0.33242592,1.3709183,0.76627713,-0.85679775,1.7470653,-0.38285264,0.52096236,1.2869614,0.32928652,0.9773369,0.90657055,-0.24494012,-0.8811431,-0.7178764,0.24063148,-0.6424497,-1.5853341,0.8002566,-0.041498806,0.17443061
IND380006AAB,-0.61523074,-0.17482339,0.9103784,-0.25828826,0.24739957,0.50586987,-0.79522604,-0.02641876,-0.4119125,-0.4324817,-0.30770734,0.8877175,-0.4378375,-0.016304504,0.86767393,-0.16655299,-0.36080888,-0.10923616,0.5390892,1.3121926,-0.19617496,0.16607556,-1.0367014,-0.64202315,0.63518876,-0.38429764,-1.0773968,-0.18513267,-1.5986136,0.4816944,0.3778564,0.112148374
IND123401AAB,-0.18909882,0.25260538,2.1186361,-0.67649186,1.7270674,-0.7131141,-0.6206605,0.38707882,0.34745854,0.4851083,0.6646101,1.4441204,0.64605004,-0.2310647,0.19473441,-0.2634697,-0.06349615,0.7312679,0.53130674,1.0414335,-0.08952553,0.041573033,-1.1539576,-0.040286224,0.47534412,-0.7600096,-0.15946673,-1.8621838,-1.6045625,-0.016371256,0.005413022,-1.4274113
IND383001AAA,0.47205114,0.120759696,0.5409597,-0.7111361,0.83179325,0.17367606,-0.59164524,-0.5679299,-0.97690463,-0.48522553,-0.55810386,0.73544633,-0.87188774,-0.14014995,0.7529599,-0.6052269,-0.520986,-0.4968257,0.8752099,1.76792,0.05823487,0.418797,-0.3606216,-1.1412736,0.01851389,-0.09268068,-1.5768877,-0.05946923,-1.3276908,0.53988713,-0.55053717,1.043469
IND509001AAA,-0.12026997,0.4105449,0.7463939,-0.40213072,0.5283027,0.024710989,0.4102358,-0.81723326,-0.539411,-0.6727758,1.0210352,0.07911204,-0.31808534,0.4853835,0.6428901,-0.28544706,0.045923,-0.12602715,-0.40935627,0.87256926,0.28236768,-0.038946316,-0.2921767,0.31733978,0.87114066,-0.8143256,0.5637192,-0.24238203,-0.92731845,-0.9166049,0.16867729,-0.12939687
IND600016AAC,0.80765015,0.4440439,0.21089327,-0.1554151,0.3191717,-0.9172298,0.9650519,0.0013615808,-0.04410875,-1.7178423,0.39936477,0.6134741,-0.7124539,0.28904894,0.26306665,0.006818109,0.05337053,0.9908091,-0.74430203,0.71373004,0.07358392,0.013281206,-0.6502108,0.3494112,0.24356186,-1.390492,0.3006854,-0.60402983,-0.8524534,0.00992209,-0.47593474,0.27715454
IND121002AAB,-0.074094996,-0.6840771,0.7237694,0.54486805,0.43783957,-0.57533705,-0.07106068,0.0006435673,0.100731395,-0.70112985,0.29842946,0.47845986,-0.3892519,-0.054317072,0.13558051,0.061469276,-0.16360348,0.33994234,-0.38714284,0.8755858,0.21149336,0.047625385,-1.1363949,-0.5950099,-0.11024436,-0.48938656,0.29428273,-0.23165128,-0.8126588,0.5081776,0.014489119,-0.37732545
IND233001AAA,0.9740097,0.70031494,1.1526852,-1.793898,0.55099756,-1.7421753,-0.43086675,-1.0310389,-0.08498769,-1.0921549,0.46504068,0.36675626,-0.019767597,1.5922818,1.1814492,-0.13613601,-0.16405857,-0.45761806,0.33455542,-0.086549684,0.6970321,1.9115897,0.17104611,0.23805963,-0.13683677,0.8020217,-0.081321724,-0.51895916,-1.4134792,-0.05883372,0.87483716,0.54024434
IND207302AAA,0.26361337,0.36322832,1.3032869,-0.5973417,1.3899074,-0.4185747,-0.21080358,-0.893895,-0.2161461,-0.001365722,-0.22024457,1.5950606,-0.31688476,1.071881,0.26588738,0.3698863,-0.58511525,0.6408895,-0.96508235,0.59548664,0.46503642,0.19794618,-0.2813133,-1.0168284,-0.49415118,-0.042237423,-0.57456803,-0.38563824,-0.43531665,0.8188487,-0.80832225,-0.37229067
IND614804AAA,0.45153064,-0.564813,1.0722739,-2.0098097,0.05227886,-0.026910853,-0.7347517,0.57895446,0.09389692,0.73694956,1.5045538,1.9620099,0.18739931,0.52762985,0.64327943,-0.3545359,0.43348157,0.17581272,1.12507,1.6978487,-0.11778136,-0.27237886,-0.306745,0.3854494,-0.5717882,-0.0529306,-0.10350379,-0.951532,-1.2330441,-0.9515692,-0.6111972,1.827746
IND204215AAA,0.45970005,0.6915121,1.6439208,-0.57678515,1.5778095,-0.8987318,0.5851544,-1.8388295,0.16547865,0.24375114,-0.054164104,2.096675,-0.1433567,1.0800906,0.5012602,0.2876424,-0.6166782,1.2992754,-0.5020868,0.8443265,0.8519636,0.82650274,0.13434294,-0.9209275,-0.17148182,0.07812448,-0.19474618,-0.6716697,-0.86408126,0.97362745,-0.81973004,-0.3509271
IND396445AAA,-0.12997296,0.6620329,-0.08825676,-1.9274687,-0.15597504,0.33883354,0.008441301,0.46903366,-0.13247773,-0.8134665,1.2726746,0.81712055,0.73772687,0.8991977,0.71293133,0.2283023,-0.18192692,0.79386306,0.41566902,1.3682973,0.24596293,2.2067537,0.20421417,-0.87198913,-0.22745436,-1.3578568,-0.47131586,-0.7395479,-1.3165586,-0.09343338,0.26976344,1.419165
IND532222AAA,1.1445345,0.54254496,-0.5275748,-1.5626142,1.0892451,0.0021518501,-0.11016226,-1.1449732,0.43962005,-0.6688698,-0.33075085,1.2705753,0.17316575,0.95170605,0.53274614,0.6449011,-0.4650341,1.5966504,0.88300765,1.0258285,0.4429153,0.7207747,-0.5545813,0.31773624,1.0495863,-0.89405674,1.2134539,-0.23227887,-0.809349,-0.7128633,-0.23364055,0.0037931455
IND483225AAA,0.07103053,-0.55562747,0.6216299,-1.1588304,1.2170368,-1.3796799,0.34867665,0.17470409,-0.746347,0.5232485,0.6088958,0.4765783,-0.14852938,0.21024187,1.8026578,-0.3009851,0.7175086,0.168697,-0.45705652,0.7938028,-0.24419443,0.25343075,-0.72789204,-0.22272885,-0.50058824,0.10574391,-0.8359198,-0.27722898,-0.8894089,-0.5633432,1.1701196,0.20759127
IND283122AAB,1.3089558,-0.23986451,1.2625085,0.5439298,0.76477116,-0.7251282,-0.8767416,-0.4486609,-0.25551862,-0.5675044,0.09533454,0.63485307,-0.5549584,0.20560127,1.3377728,0.119337134,-0.6876859,0.51551914,-0.93760943,0.5824052,-0.073157124,0.92540795,-0.5284326,-1.3626062,-0.14139764,-0.7903747,-0.18765602,0.3570364,0.29431713,0.7017653,0.035169493,-0.02961168
IND307001AAA,-0.13537382,-0.7492713,2.26966,-1.2532178,-0.53461903,-0.92464423,-0.72914034,-0.03790626,-0.36725402,-1.542937,-0.3814536,1.4121681,0.040764768,-0.52315784,0.3592368,-0.85686034,-0.57801604,0.92679244,-0.4374706,1.9207659,-0.32818568,0.90747976,0.62525624,-0.8646548,0.23840111,0.79652315,-0.003435074,-1.9287189,-1.0464603,-0.35525778,-0.33142284,0.5061394
IND500050AAA,0.7366815,0.96770424,0.68551576,-0.23935819,0.46772736,0.2581252,0.11199789,-0.76764673,-0.67985165,-0.8963629,0.44181368,0.38921145,-0.16951841,0.59378815,1.094721,0.5953475,-0.588701,-0.96825063,-0.9805942,0.9363863,-0.060996097,-0.36397898,-0.5523705,0.048623607,0.41044933,-1.0867046,0.0203176,-0.26922363,-0.65824294,-0.5526875,0.5331151,0.14378116
IND244235AAA,0.037928265,-0.28285238,1.3890758,-0.35618016,0.17592004,-0.7061201,0.07382726,0.20378406,0.026550455,0.07880712,-0.07582641,0.94452256,-0.12509714,0.03991676,0.0010602148,-0.65412056,0.021450328,0.05082575,-0.3529486,-0.11520947,1.0364714,1.2482886,-1.8176094,-0.81906223,0.24764848,-0.097412445,-0.1602712,0.15143727,-0.228438,-0.7219068,0.35362518,-0.033766784
IND783301AAA,2.1613517,-0.27640054,0.46759954,-0.9148899,-0.007758599,-0.42765665,-1.1601139,1.1176201,-0.068557665,-0.8577189,0.4284401,1.450427,-1.2855163,0.53225094,1.3798305,0.6259985,1.1282965,-0.546413,0.9408791,0.6135467,0.32419467,1.4859353,0.35589784,-0.74757665,-0.32124123,0.07747901,-0.23953617,-0.6343857,-0.5146768,-1.183671,-1.1288167,0.41250512
IND505001AAA,0.9962711,0.27454948,1.337866,-0.24980776,-0.39469603,-0.09401688,0.27076277,-0.2984387,-0.6660645,0.40664157,-0.5893181,0.54689974,0.20199801,1.4264736,0.1696693,-0.26472327,0.6672541,-0.2660142,-1.0461534,1.2554827,0.4671847,0.8570785,0.46886846,0.64394426,0.0115766805,-0.9078922,-0.072818875,-1.093599,-0.41252664,-1.2568134,0.6815638,1.262947
IND410206AAA,-0.13405907,-0.32176024,0.34986508,-0.15594338,0.021842556,-0.4776428,0.47596234,0.98257375,-0.66475374,-0.6834005,0.87892276,1.4214077,0.5019246,-0.40908697,0.9092146,1.1600074,0.4664217,0.6338535,0.07473594,1.07993,1.620218,0.5964928,-0.11040539,-1.5065444,0.8179721,-0.60575736,0.4539847,-0.25926358,-1.1557199,-0.39724228,0.32688916,0.07910554
IND515134AAA,1.4626893,0.5851676,1.2804986,-1.3998255,0.123201326,0.5148138,0.088805,-0.29549882,-0.26388046,0.42985612,0.8733771,0.54502213,-0.8507194,-0.23032415,-0.54183984,1.1396568,0.8520413,0.4274347,-0.05264486,1.2688942,0.22019798,0.028656006,-0.67098755,1.017342,0.59089106,-1.0353835,-0.5417671,-0.84916174,-1.4825826,-1.1659225,0.54445356,-0.16289085
IND486886AAA,0.3555356,-0.28713948,0.5250776,-2.346822,-0.081899405,-0.90969896,-1.0996858,-1.3245721,-0.20438817,-0.13930894,0.21536177,0.6287153,-0.7761511,1.0877835,-0.09148776,-0.29874015,0.788189,0.48741186,1.912001,0.77338517,0.13898063,1.1751617,-0.34516785,-0.46386996,-0.91457456,-0.90954274,1.0373249,0.12912811,-1.0686766,-1.0500333,0.58310324,0.6275318
IND244601AAB,0.3497787,0.16355433,1.911879,-1.3660781,-0.20350824,-0.90899503,0.047418088,-0.6956206,0.1496131,0.5398139,-0.29367727,1.3112514,-0.6094781,0.7058186,0.41706163,-0.98189336,0.06300112,0.5833033,-0.5125822,0.08267003,0.22994128,1.5088447,-1.7440305,-1.0642583,0.39621726,0.6375715,0.015843477,-0.44496006,-0.35014534,-0.9918444,0.31209984,0.65074277
IND530043AAA,1.125184,0.27189538,-0.07419766,-0.4839403,0.7425172,0.55729425,0.26942074,-0.93999857,0.015584105,-1.1429306,0.30220616,0.79237515,0.1736861,0.47560433,0.56166744,-0.3559628,-0.13862264,1.0965555,-0.058720283,0.48410812,0.30850866,0.2042037,-0.9650335,0.03905654,1.3117071,-0.89209515,1.1834795,-0.38762572,-1.2154838,-0.7826562,0.27571195,0.82647306
IND370201AAA,-0.529083,0.30215004,1.3867862,-0.80964494,-0.71719164,0.09527567,-0.682225,0.6177405,-0.50622696,-1.2504979,-0.08282166,1.0024601,-0.39430103,0.0463854,0.97474587,0.21311134,-0.31682214,-0.43298364,0.7721874,1.464155,0.14799844,0.4939409,-1.1673205,-0.30595222,0.4683684,-0.06644157,-0.6419217,0.15334637,-1.2716361,0.65281117,-0.22013927,0.25526223
IND461111AAA,1.1946639,0.3525141,0.82948405,-1.4628962,-0.51299465,0.40686357,-0.035695184,-0.83572704,-1.456944,0.22419417,-0.5327129,1.6964562,-0.5096036,2.3243003,-0.09733764,-0.5587057,-0.22534381,1.0556275,-0.20087922,0.5515929,-0.25090808,1.2606889,0.24457163,-0.23477344,-0.2217263,-0.27192217,-0.4863938,0.3361553,-1.702826,0.14984095,0.44015402,1.3114445
IND790001AAB,1.3154452,-0.068576396,0.1891938,-1.1229831,0.79711765,-0.32532692,-0.37925285,0.6712516,0.3388324,-0.10130384,-0.6621061,1.6976302,-1.4926755,1.7094426,0.050213117,0.17946923,0.6414801,0.49438724,0.017050348,0.8819667,0.23749587,0.37740934,0.088227995,-0.82695127,-0.8468169,0.10904156,0.5082576,-1.2944187,-0.39855462,-0.16388662,0.22484513,-0.44970986
IND571111AAB,1.6398336,0.4607455,1.0882776,-0.66648906,-0.5737375,0.09547592,-1.161496,0.039788205,-0.9049864,-0.5108982,1.5388917,-0.32045934,-0.026749456,0.7000908,0.016578684,-0.5833442,1.3162674,1.0325365,-0.4617675,1.6516483,-0.13418463,1.4689547,-0.7522602,-0.07566167,-0.0085252235,0.3028568,-0.4817881,-0.78903973,-0.2066319,-1.0952271,0.30721435,0.6085779
IND431708AAA,1.3593899,-0.7199361,0.3464509,-1.6833137,-0.2596646,-0.60986245,-0.1641576,-1.3145087,-0.7808825,0.21841022,0.1407313,-0.060323797,-0.18417117,0.62726074,1.2646549,0.56800413,0.090894945,-0.8040578,-0.47634393,0.8821019,1.0968039,-0.12639599,-0.55902106,-1.447264,1.2476691,-0.7550725,-0.09412732,0.3531575,-1.2332375,-0.07733006,0.0137195485,0.23113778
IND608001AAA,1.3235382,0.25728527,0.7421381,-0.34691447,0.28285822,-0.63652045,0.90921926,0.3685003,-0.8590093,-1.2415311,0.6634738,1.2850064,-0.4072555,0.83143467,0.8035482,0.027357042,-0.004111389,0.4033933,0.52653426,0.5555897,-1.1838608,1.0825496,-1.2980211,0.29441026,0.20437753,-2.1322742,1.3020175,-0.31397766,-0.040574025,-0.38735732,-0.49791363,1.0738117
IND518422AAB,1.6125697,0.9588302,0.62193507,-0.92241466,0.97488105,0.21607454,0.677367,-0.4180852,-1.398511,-0.17278449,1.0693939,0.46075702,-0.005178374,0.41455862,0.44116494,-0.36391586,0.9358088,-0.22455078,-0.75154674,1.9991527,0.7911938,1.0045595,0.19650537,0.6914895,0.74942946,-0.57942474,-0.6167859,-0.38073382,0.29558796,0.00096794363,-0.16806968,0.1529717
IND852118A1B,-0.02108008,0.49009472,0.75922924,0.42926583,0.5964003,-1.8724989,-1.5795174,0.23166089,-0.13637707,-0.45532218,1.1606307,0.84070265,0.3370976,0.7216797,0.39155164,-0.4617133,-0.09360196,0.6106759,0.055179067,1.8027781,0.36131686,0.73705953,-0.9518838,-0.12067952,0.09298282,-0.16456026,0.8001641,-0.12446443,-0.99358296,0.2095302,-0.3467526,-0.50093263
IND201306AAA,0.47255173,-0.7324588,1.2423733,-0.57128537,1.0816199,-1.1470739,-0.89149743,-0.27278417,-0.03588265,-0.25185183,0.029251033,1.0108408,-0.63069594,0.12623204,-0.27144378,-0.5443499,-0.4185602,-0.21906786,0.09430279,0.5923965,0.7979568,-0.6106548,-0.04252647,-0.62633556,-0.92574954,-1.2964121,-0.6837944,-0.47063348,-0.77818406,0.16383536,0.07399109,-0.4369098
IND201204AAA,0.44644317,-0.70789295,0.88898104,-0.5713477,0.06440712,-0.9346386,0.23489791,0.23597679,-0.5607672,-0.12730466,-0.6415121,0.9027891,-0.41571537,0.62015504,-0.46311644,0.14119077,-0.56574434,-0.15873209,-0.66619307,-0.06122539,0.9582126,0.66138065,-1.2281278,-1.3786077,0.16727202,-0.8594639,-0.49098745,-0.22704294,-0.34878805,-0.22748141,0.5530559,-0.18873228
IND680587AAA,1.9723554,0.28298548,0.5301033,-0.65588313,0.5991495,-1.0072691,0.48404336,0.36915314,-1.0137717,-1.010882,-1.063308,0.15116051,0.24109548,-0.21919255,-0.24191199,0.4569773,0.56423104,1.0856346,0.3875419,1.1567755,-0.3982608,0.13206486,-0.4657961,-0.16568963,0.40978384,-0.34256902,-0.7549604,-0.52034,-0.27929217,0.13581695,0.564391,0.8304519
IND211002AAB,0.06495672,-0.24379168,1.3334641,-0.7036495,1.0088497,-0.76239586,0.07108606,-0.17631184,-0.43718198,1.0279787,-0.18925634,1.1039239,0.5348089,-0.0047596563,1.2991606,1.2070395,-0.95632166,0.46136236,0.5422479,1.9644313,0.06774339,1.3397166,-0.93682474,-0.057718836,-0.79033715,-1.2175664,0.0679419,0.32545194,0.08829315,-1.1388247,-0.40683028,-0.2391342
IND577126AAA,0.8197317,-0.12002223,0.9976478,-0.20279394,0.17826228,-0.29299444,0.05239028,-0.8172105,0.5604828,-0.60332245,0.33744806,-0.074359454,0.53068465,-0.2284714,0.21827106,-0.33787385,2.1699986,0.5367671,0.14856963,1.7827816,0.23290305,0.5948722,-0.6557095,-0.5023212,0.6151944,-0.64853853,-1.2149426,-0.5275667,-0.7022468,0.06133524,-0.100959085,-0.23877859
IND332001AAB,0.77723515,-0.71971846,1.4046584,-1.3418031,-0.25628212,-0.15993617,0.12434107,-1.1527035,-0.7047175,-1.7522064,-0.1426361,0.64238507,0.4992017,0.7397029,0.046298448,-0.32392013,-0.70750916,0.02974232,0.10478296,1.2862042,-0.43712306,0.8608154,-0.051705267,-0.88109946,-0.69753975,-0.37627137,-0.41414613,0.24664411,0.15587536,-0.8292351,0.82414085,-0.6559543
IND584101AAA,0.8478839,0.0827527,0.4429494,-0.7132406,0.59244996,0.072496705,0.59098774,-0.9303462,-1.7953734,-0.69148844,0.6373377,0.6618194,0.57096404,-0.15015799,0.25783467,-0.3924365,0.14840686,0.24000607,-0.4475472,1.8008196,0.19350407,0.9980586,0.4024918,0.71679664,0.7533973,-1.1838292,-0.2215885,-0.35512066,-0.15311313,-0.043249264,-0.11750164,-0.56764585
IND142026AAA,1.683805,-0.8473337,0.92531604,-0.11639411,0.77158254,-1.1024987,0.08265231,-0.29684424,-0.55317724,-1.0214769,1.0755429,-0.054572042,-0.092475414,0.98529565,-0.11381128,0.6224028,-0.13179573,0.5001662,0.98061967,0.8271647,0.7153466,1.4230331,-0.81511515,-0.47003454,0.8666412,0.48718518,-1.3461555,-0.4130155,-0.15691556,-0.13635851,-0.19061619,0.19985332
IND140901AAA,0.5986167,-0.5468782,1.2058017,0.054848056,0.7918236,-0.81450075,1.0034175,0.23989181,-0.9787073,0.05173573,0.7935157,0.3616792,-0.35125753,0.49340543,-0.47912803,-0.006504543,0.35483214,0.72951126,0.51670337,0.9207646,0.9133642,1.2674569,-1.3135682,-0.33703527,-0.17745243,0.075950235,-0.19780634,-0.9551225,0.3236062,0.34310934,-0.06475185,-0.3811059
IND722101AAC,1.5181974,-0.9005897,0.0889486,-0.8434004,0.20669582,0.18240745,-0.23629041,-0.5618191,-0.8315337,-1.1945435,-0.20729885,0.5086113,0.2694815,0.51047045,1.2175201,-0.1949388,0.12804359,-0.043115184,0.43522635,0.056404762,1.9524456,0.75764364,-0.7750123,0.15978892,-1.1766763,-0.25931644,0.17647101,-0.8375119,-1.2104471,0.23842429,-0.10778045,-0.30003893
IND176310AAA,0.84156555,0.17797431,1.0253818,-0.8384237,1.0393168,-0.51392394,0.6055933,-1.0363768,-1.2528608,-0.24906895,0.4788151,1.0074848,1.1849912,0.71281564,-0.45911,0.31103906,-0.041051984,0.86025774,1.4138277,1.0189713,0.7400524,0.48893002,1.1564357,-0.95074415,-1.8609931,-1.4211079,0.7063483,-0.94189864,-1.9049486,-0.7939703,-0.103507526,0.6297185
IND803213AAA,1.3904172,0.7632158,1.1769754,-1.7018032,0.41850916,-0.20678836,1.0027308,-0.10904769,-0.11269018,-0.6957833,-0.14834896,1.7363951,-0.15803196,0.100183316,-0.61396813,-0.2916453,0.4619051,0.043243565,0.54288447,1.4017634,1.0714076,1.494957,-0.26504007,0.5517923,-0.5340195,0.5825939,0.9913776,0.9519468,-1.5469161,-0.83154446,-0.44464964,1.5697112
IND531116AAA,0.7434959,0.7446638,0.24824463,-0.8403655,0.28414345,0.4441039,-0.15218946,-0.65568966,-0.4393939,-1.3356031,-0.17189194,0.76262295,0.29907292,0.816516,0.6313536,-0.33726278,-0.039950605,1.4875932,-0.22998162,0.4578617,0.45790577,0.18080132,-1.1805494,0.56550735,1.1238152,-1.0402418,1.0069932,-0.34587538,-1.0466955,-0.6469174,0.2976018,0.9817034
IND577201AAA,0.9382235,-0.080708265,0.63783115,-0.2872519,-0.011376964,-0.45894828,0.13912025,-0.5474495,0.2624645,-0.652907,0.26152328,-0.2281117,0.21975796,-0.12333719,0.2609761,-0.30892688,1.8581998,0.6279164,-0.03639045,1.5420836,0.27097377,0.3329181,-0.463899,-0.35139275,0.52571595,-0.84473294,-1.014929,-0.40324277,-0.46857488,-0.09696375,-0.06461709,-0.14943546
IND134109AAA,0.4013374,-0.5700411,0.88668555,-0.15804298,0.68331176,-0.5674689,0.52781135,-0.09830843,-0.600827,-0.18833138,0.7057971,0.3974153,-0.20219167,0.96881074,-0.88052356,0.25642192,0.10460108,0.47521225,0.57990533,0.61713165,0.70703423,0.68302345,-1.23229,-0.63774806,0.27078626,-0.21268103,-0.63965464,-0.65680265,0.1244563,0.14874591,0.09508893,0.16145091
IND848101AAA,0.7462064,-0.21334772,1.0786351,-0.3162509,0.4236933,-1.8257737,-0.59557635,0.4003849,1.1148531,-0.044619355,0.7455665,0.01844836,0.5110786,-0.08428351,-0.01877184,0.06480008,0.36890778,0.7028477,0.319465,1.2571032,1.1088557,0.6528663,-0.94384414,-1.214061,-0.40012655,-0.03622965,0.20853178,-0.4617172,-1.4381729,0.60943574,-0.19287811,0.40770492
IND695121AAA,1.4769963,1.0291992,0.58331555,-1.0471641,0.36298043,-2.3878615,-0.29996496,0.20198321,-0.92932767,-0.8239072,0.7074543,1.1728212,0.32091933,0.29226562,1.2695533,0.014409521,-0.45084292,0.087822355,1.5700032,0.8092479,-0.4002366,0.4791703,0.40122172,-0.74351037,-0.08894856,-0.85340834,-0.17328542,0.30814144,-0.50787324,0.7786275,0.21330689,1.6156657
IND321001AAB,0.25266638,-0.4075477,0.78621143,-0.62555546,0.50561047,-0.97582185,-0.9944424,0.0062229643,-0.13842145,-1.4087627,0.19935605,-0.24324208,1.0818012,0.7467339,0.35471433,-0.44506252,-0.47773913,0.07800952,-0.47851324,1.6628598,0.1767862,0.04232615,-1.6669942,-1.071137,-0.61696863,-0.73573416,0.05061373,-0.04090222,-0.10953825,0.014474843,0.5893272,-0.3488337
IND388620AAB,-0.5959345,-0.03669647,1.9081616,-0.3441256,-0.45597658,0.09367787,-1.5622349,-0.0044067064,-0.4389379,-1.2329886,-0.44676787,0.45593235,-0.7389603,0.47920555,0.42796314,0.2894401,-0.33855683,0.50502384,0.21243593,0.91833556,0.4752985,0.7448084,-0.64269596,-1.0475347,0.10686044,-0.35974073,-0.49186462,-0.8704,-1.5678977,0.752249,1.2436482,0.6835585
IND600032AAB,1.0989091,0.12759297,-0.24218073,-0.22990796,0.20731965,-0.6094522,0.41408074,-0.46543893,-0.00081650534,-1.200985,0.15209468,1.1307856,-0.7248634,0.48458827,0.25919092,-0.29396024,-0.060202632,0.578603,-0.5094215,0.5983262,-0.36755013,-0.5309456,-0.83866334,-0.19974743,0.73100847,-1.4978539,-0.3620325,-0.98186654,-0.49685794,-0.47552365,-0.3115953,0.30584332
IND000000AFF,1.7232127,1.442888,0.3490055,-1.8303602,0.2567315,-0.9097913,-0.75086933,-0.00021828726,-1.0476496,0.38755578,1.2213827,0.70508206,-0.519763,1.631155,1.0926138,-0.33311766,-1.3660852,0.7140307,0.8367152,1.244608,0.39509326,0.7856778,0.73852146,-0.46273115,-1.1308259,-1.1835394,-1.5518106,-0.9520533,-0.2845065,-1.2957422,0.55149645,-0.53307956
IND600044AAD,1.2189525,0.12398896,-0.24424087,-0.01089713,0.115376845,-0.9152461,0.44558093,-1.060253,-0.025084615,-1.2465689,0.39027184,1.2624434,-0.7530314,0.30259752,0.29880872,-0.6805529,-0.29590058,0.75464153,0.10491703,0.59835595,-0.09160353,-0.22845243,-0.7974178,-0.4998245,0.5387331,-1.4585944,0.047014136,-1.5105796,-0.3804472,-0.6812178,-0.29933098,0.22512048
IND854335AAA,-0.25101078,0.33227038,0.83815384,0.31281716,0.6661173,-1.9172028,-1.3060502,0.31008515,-0.10199458,-0.5222244,1.101995,0.8575633,-0.18015021,0.6703252,0.4643351,-0.17299446,-0.14829402,0.76287365,-0.31125954,1.9464265,0.57065153,0.85223573,-0.76584536,-0.010570127,0.027173173,-0.18491086,1.1006025,-0.071627855,-1.0487666,0.19685829,-0.46838218,-0.43469948
IND508116AAA,0.82425934,0.7980952,0.6372496,-0.44021273,0.86632574,-0.10300984,0.87782705,-1.486415,-0.33162683,-0.548595,-0.47736263,1.2694819,-0.79309905,0.3065029,0.6359263,-0.36561185,0.9348833,0.3267232,-0.83422875,1.1258012,-0.43303823,0.7856196,0.36990875,-0.80713236,0.2685833,-0.86151963,0.18384367,0.36518052,-1.1942006,-1.2901243,0.8844288,-0.25678834
IND802101AAA,-0.099965766,-0.0028637806,1.2509227,-0.8464201,0.43213916,-0.83288294,-0.20527865,-0.40614963,0.43069193,-0.01234334,-0.35479492,0.19138637,-0.57824606,0.9507187,1.8333325,-0.03681041,-0.74311787,0.072428785,-0.45081806,2.402656,0.884488,0.3223368,-1.191894,-0.33431634,-0.74897,-0.57554305,-0.06189655,-0.3360967,0.45346966,0.9810939,0.16958694,0.6697615
IND571313AAB,1.5703396,0.53496844,1.1533707,-0.6533474,-0.7001143,0.06847233,-1.2020373,0.17414646,-1.0547018,-0.16903554,1.5504835,-0.10609804,0.12373412,0.8573487,-0.17196816,-0.4816917,1.0537643,0.90426236,-0.40207252,1.5965798,-0.35925573,1.3901157,-0.7915323,-0.23674265,-0.106539465,0.30772424,-0.67809254,-0.6585541,-0.3517155,-1.3710059,0.47801626,0.56427574
IND401602AAA,-0.13116431,1.3936574,0.872951,-0.9784206,-0.7194231,-1.3991169,-0.34937307,-1.1049658,-0.14047216,0.37113577,1.2726123,2.3197732,-0.9065273,0.18643375,1.6374974,-0.06914031,0.8998994,-0.40676293,-0.64049387,1.354328,0.11184119,2.1303132,-0.36476734,-0.10018239,-0.39986148,-1.0180539,-0.959194,-0.88131666,-1.4109708,-0.16288525,-0.59450287,-0.2291446
IND721306AAA,1.4158738,-0.17425586,0.011609587,-0.3355061,0.3370708,0.9867327,-0.26149127,-0.08147911,-0.4050072,0.0113951685,-0.6467855,0.862558,-0.86212045,0.51327497,1.1216426,0.04210892,0.42361027,-0.17740431,-0.06356061,1.2457145,0.82261455,-0.22771768,-1.296486,0.15169685,-0.895676,0.124200545,0.09681832,-0.5116039,-0.58822,-0.20060688,0.5402755,-0.14437063
IND203396AAB,0.5460108,-0.29528856,1.3080026,-0.91965187,1.1547667,-1.1838866,-0.8072856,-0.052148342,-0.19650964,-0.29308993,0.9215181,0.5144734,-1.0937461,0.06637341,-0.3855718,-0.19968414,-0.605271,-0.6048552,0.11043051,0.82325464,0.5315682,0.30919605,-0.14882119,-0.63195914,-1.1577046,-2.1022227,-0.8743362,-1.0318874,-0.36943668,-0.18046738,0.42068905,-0.18080395
IND802301AAA,1.027592,0.7961468,1.3343953,-0.81076443,0.8485584,-0.61765283,-0.4343534,1.235917,-1.7546877,0.09552713,0.9684235,1.6988317,-0.51628405,0.8740363,0.78375906,1.2788846,-0.27155587,0.2321162,-0.6847244,0.768708,-0.98811466,2.3546882,-0.46511573,-0.33811498,-0.06832672,0.91776156,0.2923728,0.23510204,-2.0488064,0.16992922,0.45745134,1.5064529
IND803101AAA,1.131565,0.50597227,1.7959096,-1.3459492,-0.4737083,-1.1562649,-1.0417672,0.8854753,-0.24782345,1.2080815,1.0008626,0.67284805,-0.503861,1.3637654,1.8681209,-0.14277904,-0.5271486,0.96722686,-0.009526971,-0.16463499,0.8224905,0.55081934,-0.6273596,-0.4758775,0.3812367,-1.0171611,0.7429143,-1.1630094,-1.0837766,-0.3887687,-0.6768689,1.1353525
IND400102AAC,-0.4301718,-0.09475626,0.08376311,-0.48715672,0.6614099,-0.039476402,-0.16921009,0.39086226,-1.1016561,-0.3074873,-0.16402625,0.77972156,-0.21413672,-0.18461059,1.107049,-0.09424668,0.5968935,-0.14773774,0.12528968,0.5616836,1.4356627,-0.064453036,-1.1413316,-0.5237044,0.7270904,-0.5231087,-0.03434518,-0.0750614,-0.8401885,-0.34998286,0.3379807,-0.26300204
IND603203AAA,1.1795162,-0.020426484,-0.28521773,0.15856008,-0.09880588,-0.9304326,0.30957758,-1.1984197,-0.009363725,-1.1509577,0.21976718,1.6314728,-0.6935603,0.32038593,0.58992124,-0.78020227,-0.39606693,0.9600986,0.28821933,0.8241968,-0.19300015,-0.063830815,-0.8565655,-0.6628164,0.79212385,-1.7009891,-0.17888993,-1.7114,-0.4423289,-0.6418611,-0.5398314,0.22877964
IND781102AAA,0.9271026,-0.43997845,0.53316975,-0.5960299,1.2068884,-0.31605887,-0.36586234,0.49373856,0.2134666,-0.8288944,-0.89439327,1.807173,-0.87973315,0.91884273,0.82769084,0.35766196,1.0772555,0.4937525,0.23481572,0.090004526,0.59191805,0.75075716,-0.21468115,-0.3555008,-0.31766048,-0.07811667,0.26073256,-1.0378517,-0.62875104,0.7308426,-0.45449358,-0.5965188
IND000000ACO,1.1153224,-1.0623685,0.5658135,-1.1874788,-0.3340213,-0.7305103,-0.20770967,0.13827565,-0.63144743,0.059240025,0.61029017,-0.79590505,-0.4809857,0.2650059,0.9022797,-0.40489954,0.99186325,1.388067,0.42796117,1.7467358,0.051210273,0.5626093,0.054100487,-0.17984363,0.8783549,-0.023009343,-0.03922863,-0.5272823,-1.1560849,0.37493908,0.6558318,-0.36346343
IND852139AAB,0.04263802,-0.004368003,0.5909223,0.5189938,0.58442044,-1.5871872,-1.1892203,-0.1693737,0.06289484,-0.6170453,0.7951325,0.6132918,-0.06811736,0.924535,0.39307907,-0.29520357,0.55311185,0.15245295,0.25143313,1.5711385,0.6929322,0.7233756,-1.3360075,0.04677683,-0.27408737,0.461483,0.655205,-0.14357366,-1.5164548,-0.11546431,-0.734512,-0.48116654
IND813102AAA,0.4881702,0.69136196,1.7184296,-1.4470332,-0.16616312,-0.80192405,-0.4941255,0.28852677,-1.3941628,0.59626377,0.6224332,0.93531126,1.205674,0.16362908,0.74959487,0.79815024,-0.58992285,-0.050011568,-0.18187958,0.6716898,0.6855459,0.81303334,-0.042957604,-1.1210196,-1.3033638,-0.07792367,-0.9383023,-0.26413167,-1.1829398,-2.1674635,-0.317257,1.3513558
IND742121AAA,1.5169065,0.1806842,1.28239,0.12051426,0.23317787,0.1570204,0.02537957,-0.060631815,-1.1873988,-0.43425363,-0.5880334,1.5440042,-0.019253563,0.34025273,1.2174428,0.61714107,0.25005,-0.006834659,0.41572767,-0.083020784,0.25920165,0.53815943,-1.2774224,0.47007984,0.04954431,0.5501005,0.41958243,-1.0208023,-0.7455611,0.29181585,0.5608345,-0.5116173
IND431107AAB,0.85911936,0.05991569,1.2396356,-1.146809,-0.008712327,-0.12762524,-0.50345546,-0.6622217,-0.6435216,-0.004979296,0.57975715,0.17842825,0.34516957,1.7544148,0.30401886,0.44410747,0.9895862,-0.2589809,-0.83795124,1.0146204,1.4205489,0.049964752,-0.06686816,-1.0677574,0.5721166,0.7371213,0.069998235,-0.051567353,-1.7942522,0.5405034,0.77062804,0.3615559
IND691551AAA,1.9045974,0.9562293,0.37732166,-1.2681681,-0.04785887,-1.0947943,-0.04909907,0.8467702,-1.3109022,-1.445728,-0.18729472,0.96556187,1.1196439,-0.19990718,0.17859773,0.6646326,-0.038952403,0.30717194,0.56002873,1.2714424,0.2536693,0.31527308,-0.053513773,-1.0055945,-0.042638235,-0.00022744156,0.111657806,-0.61678123,-0.045153636,0.3872438,-0.5327126,0.91539234
IND503187AAA,0.45396617,0.7984878,1.80654,-0.28346342,0.15048546,-0.2519735,0.2678488,-1.2102865,-1.4505413,0.06364726,-0.31422898,0.29414245,-0.41707632,0.43593076,1.0748917,-0.58303666,-0.47214893,-0.0023213078,-0.27734387,1.463728,0.06044105,0.25248104,-0.95750755,0.6514776,0.18107803,-1.3277415,1.0222325,0.18711819,-0.45193696,-1.2802931,0.3451595,1.546471
IND721102AAA,1.0771968,-0.28486577,0.30287415,-0.013258749,0.29438162,0.6798938,-0.20296915,0.20539343,-0.34174147,-0.3495901,-0.2741232,0.6059675,-0.5795053,0.32596186,0.9396131,0.13597721,0.5912497,-0.26445466,0.0553135,0.6421323,0.92528677,0.028364172,-1.1784309,0.15995078,-0.68587387,0.11907535,0.32232285,-0.549041,-0.4290913,-0.1621225,0.32305443,-0.3041604
IND722101AAA,1.4634994,-0.8778076,0.2494893,-0.6489329,0.33971363,0.029330144,-0.11425543,-0.6919905,-0.50487125,-1.606412,-0.07712636,0.08421214,-0.00947936,0.44505584,1.4416531,-0.059424553,-0.03755283,-0.27222064,0.24717683,0.03525444,1.3506995,0.61494374,-0.7196957,0.4434659,-1.1808088,-0.46083558,0.0026222232,-1.1092275,-1.1480504,-0.41997516,-0.17434172,-0.31518486
IND413307AAB,1.5407444,0.9446142,0.018029906,-0.87954074,-0.22112225,-0.33204135,-0.076642394,-0.46352282,-0.39058346,-0.90219563,0.5055908,1.7735231,0.06845988,0.6218148,0.39580065,0.17775592,0.2718107,-0.5997895,-0.48466113,0.8983012,1.1395607,-0.73564565,0.0862376,-0.24666145,1.1390467,-0.3921229,-0.21247098,-0.113029726,-1.7074332,0.24367334,1.2397318,-1.0808175
IND209625AAA,0.0981533,0.4883711,2.1245809,-0.9368656,0.7389825,-0.78907603,-0.5909331,-0.30564,-0.700297,-0.46587113,0.31031477,1.3552264,0.2877208,0.9235472,0.4894324,0.5479311,-0.21100986,0.6700059,-1.5045577,0.38262224,0.45067063,1.0030819,-0.453077,-0.89518094,-0.6660098,-0.5992701,-0.57399327,-0.1329613,0.3536344,0.84757835,-0.6103423,0.7204749
IND530026AAA,1.3749827,0.9682173,0.12997217,-0.98579645,0.8853406,0.40710306,0.05972959,-1.129375,0.13910139,-1.3454001,0.5230072,0.2812506,0.4655999,0.93505025,1.0867134,-0.11805137,0.011195134,1.2928098,-0.19626693,0.70724833,0.7094954,0.4296448,-0.26057234,0.52991277,0.88964593,-0.8324307,1.4054754,-0.8309929,-1.1871349,-0.49757883,-0.021569306,0.6119233
IND226004AAA,0.70901704,-0.75598574,1.8228096,-1.0712042,-1.2240473,0.04246969,-0.8516841,-0.10818393,-0.3800997,0.6850802,1.8684673,0.5670831,0.6718271,0.43497393,0.6059715,0.21130684,-0.8194689,-0.4106796,1.6105144,2.7102833,0.43014163,1.0653167,-0.29855043,0.013838405,0.80645317,-0.8741157,-1.0223901,-1.6256713,-1.2002696,-0.700528,0.8632743,-0.83226967
IND410209AAA,-0.12400782,-0.24232356,0.49413067,-0.50425863,-0.50115246,-0.35844293,0.18348001,0.5593929,-0.90402436,-0.3804822,0.4734721,1.4824787,0.31976274,-0.547054,1.0904315,1.1695285,0.4706604,0.038158048,0.18344815,0.9974623,1.4078113,0.16599384,-0.10017014,-1.5786531,0.7133135,-0.36524296,0.16523926,-0.16778274,-1.1605182,-0.069241494,0.17283939,0.17732802
IND341303AAA,-0.12690064,-0.5195071,1.5671527,-0.72740364,-0.42398018,-0.61950904,0.21033514,-0.5203974,-0.08477422,-1.7124635,-0.20135653,0.8342823,0.80090225,1.0701987,0.15156415,-0.674049,0.60877293,0.3683341,0.45747897,1.7176125,2.1317326e-05,0.28321233,-0.15664364,-1.0590062,-0.8621802,-0.08848093,-0.21732803,-0.19045885,0.03604606,-0.6967228,0.3242311,-0.96852833
IND132103AAB,0.18646906,-0.6231512,1.0789253,-0.5377463,0.34099755,-0.8829412,0.4564322,-0.005823904,-0.3959174,-0.12528989,-0.2450472,1.1606699,-0.56982887,0.061757866,-0.5006694,-0.2258645,-0.17732598,0.5133032,-0.1764684,-0.19973344,1.3806486,1.0469489,-1.159849,-0.8870098,0.48204195,-0.71874887,-0.2968691,-0.17534801,-0.33382028,-0.3374854,0.35522705,-0.27113053
IND110087AAA,-0.079782516,-0.7483376,1.4782486,-0.44110975,0.48663968,-0.2594656,-0.6315859,-0.455845,0.38831833,-0.6724327,0.74107397,0.9640431,0.035395436,0.39401367,-0.7381383,1.0139208,0.14127015,0.6433294,-0.3218038,0.31300342,0.29899254,0.14938632,-0.85103786,0.029580139,-0.38017538,-1.0563986,-0.09748861,-0.06082204,-1.118801,0.18767855,0.7651451,-0.56758136
IND804420AAA,1.2333221,0.52244806,1.827041,-1.2967695,-0.4308125,-1.2020384,-1.0317501,0.9215672,-0.30023822,1.1624641,1.0828092,0.7028754,-0.44636542,1.3044544,1.8015771,-0.22827281,-0.4319969,1.018496,-0.01913685,-0.15664795,0.81811136,0.5509639,-0.57276326,-0.57704747,0.36703464,-1.0244603,0.7255797,-1.056039,-1.1099343,-0.4061429,-0.7735119,1.2407771
IND695101AAB,1.5421026,0.87463135,0.6082723,-1.0852743,0.32588947,-1.720842,0.3486333,1.0831891,-0.9873884,-0.73503053,-0.1625807,1.4977683,1.0847292,0.10949714,0.47244227,0.28486234,-0.38330737,-0.20111625,1.3453608,1.5347131,0.08269521,0.7425524,0.46048295,-0.48893094,0.42719033,-0.3169761,0.48493257,-0.10282916,-0.29291624,0.5818739,0.25500828,1.5290803
IND201007AAB,0.07495092,-0.46176407,1.3752254,-0.317026,0.7587182,-1.2819313,-0.52640927,0.106126755,-0.24116033,-0.50292856,0.21281143,1.1645523,-0.88314223,0.011902843,-0.25409353,-0.12278388,-0.22744599,-0.26596722,-0.21497351,0.5843978,0.706032,-0.004263477,-0.47546616,-0.33556515,-0.8185513,-1.2136047,-1.0521996,-0.290418,-0.4904623,0.1710548,-0.41588327,-0.22677915
IND360050AAA,1.249645,-0.1347091,-0.49224347,-0.46012005,0.60177475,0.04778155,-1.0850085,0.035126552,-1.0718266,0.35193494,-0.5765777,0.6230643,0.54421633,0.9664651,0.9232959,0.4968689,-1.4613018,1.3578565,0.58254874,0.9966579,-0.26610914,0.36395326,-0.6977228,-1.4715712,0.5903154,-0.76142967,0.0477629,-1.6997881,-1.9277916,-1.0476184,0.18175115,1.7248392
IND506167AAB,0.06966755,-0.1683793,0.5928337,0.045515373,0.56666464,0.5271541,0.3112838,-1.0053759,-0.5199801,-0.43262184,0.18017127,0.13894574,-0.5239397,0.7189242,0.9308185,0.050276414,-0.15199332,-0.49013752,-0.20754395,1.532661,0.16165471,-0.4263091,-0.21075357,0.025731387,0.8022069,-0.27047622,0.3483384,-0.64037204,-0.91613436,-0.70053196,0.36340132,0.14781904
IND132001AAA,0.0578411,-0.6648654,1.2181427,-0.5329216,0.2959668,-1.0916705,0.49772972,0.27030185,-0.19831473,-0.12865137,-0.23508875,1.3000715,-0.58429825,0.0751597,-0.5642685,-0.20207627,0.12126451,0.52949816,-0.35396752,0.078578815,1.3682837,0.834185,-1.1404094,-0.6965294,0.7094146,-0.59760743,-0.3362735,-0.1824308,-0.4588271,-0.25825554,0.35391447,-0.08249831
IND712310AAA,1.4646828,1.2788591,1.6911826,-2.1347055,-0.3216077,-0.26539138,-0.08001279,0.7274358,0.6149203,-0.95874965,0.15877338,1.1178503,1.6298969,1.9837925,0.59746045,0.75085735,-0.37597603,0.23597069,1.0386792,0.26570976,0.5652107,0.26105797,-0.07774218,0.0048716515,-0.3549049,-1.0786958,-0.732708,-1.184431,-1.2237693,-0.021007227,1.5174962,-0.06794898
IND464668AAA,0.11884779,-0.23441386,0.5796722,-0.2513827,1.5290357,-1.0621206,0.15411459,0.38726658,-0.4834051,-0.09083984,0.83881885,0.13637006,-0.18689214,0.09517143,1.6857191,0.013759951,0.42561775,0.5849305,-0.6436983,0.8560613,-0.638979,0.06173692,-0.295565,-0.14411275,-0.4449053,-0.94244874,0.23371203,-0.31261194,-1.0306804,-0.38412777,0.69761616,0.08698284
IND506132AAA,0.37462217,0.6397058,0.8066842,0.071358986,0.63770074,0.12828821,0.82274735,-0.8659071,-1.0627046,-0.30643907,0.24371909,0.7102234,-0.12597501,1.1800953,1.0520263,0.24091668,0.37121975,-0.4480661,0.59595454,1.9773293,-0.27170712,0.17817383,0.9722536,-0.29409733,0.93750936,-0.6490018,-0.28552464,-1.2905091,-0.92812324,-0.9951069,0.006897851,0.5685497
IND501218AAC,0.7391226,1.1042869,0.6393011,-0.41262218,0.9100542,0.21574911,0.064949684,-0.74122196,-0.8049497,-0.67066187,0.67809576,0.5071096,-0.05322065,0.5935964,1.3304008,0.5104103,-0.7073349,-0.9901082,-1.1044393,0.87813693,-0.110073306,-0.28714395,-0.73738223,0.13817295,0.19491547,-1.4374828,0.0751996,-0.41610172,-0.7809391,-0.7178073,0.73726135,0.25583604
IND313324AAA,-0.180179,-0.51898766,0.62477267,-1.2145557,-0.039299462,0.30364338,-0.6063347,-0.14959592,-0.6041811,-1.0052055,-0.646515,1.1318994,0.43711695,0.35534185,0.2278825,-0.44719478,-0.7495512,-0.28176016,-0.2821687,2.4246008,-1.1929845,0.4170548,-0.8080873,-0.9907827,-0.20362246,0.16682887,-0.38789552,-0.12369888,-1.2848351,-0.019111536,0.34307885,0.43922508
IND362225AAA,0.6865427,-0.60624725,1.3714393,-0.9108265,-0.448062,-0.61159277,1.2374483,-0.15784489,0.26585406,1.0804944,-0.2361882,0.8772445,1.0849516,0.61273634,1.1478155,0.70243543,0.19382389,0.009540665,1.182097,1.5158132,0.28510422,0.60262436,-0.28346896,-0.97804964,-0.39859894,-0.96634865,-1.4614378,-0.99918795,-1.7164997,-0.14477293,-0.5974815,0.83342355
IND403507AAA,0.360599,1.1213473,0.6710055,-1.3060446,-0.2487056,-0.86942387,-1.3984568,-0.5216057,-0.44219956,-1.4436376,-0.07430197,1.4503034,-0.7463765,0.5350532,0.3915425,0.96030474,0.14877483,1.1276748,0.08167126,0.41274226,-0.35738727,1.6167569,-0.5731306,-1.521599,0.62972546,-0.109657176,0.87087744,-0.8440295,-0.5254956,-0.8789432,-0.3978306,0.86964184
IND638657AAA,1.5749092,0.5588675,1.2430475,-1.5749079,-0.35162014,0.46532688,-0.90290034,-1.307247,-0.5128393,0.55942804,0.3977856,0.9987548,0.88056517,1.1096225,1.1969271,1.0652227,-0.9426244,0.15319455,1.1930368,0.7889943,0.5782731,0.9689458,-0.0803508,-0.03772766,0.09872143,-0.6355231,-0.15443656,-0.9338102,0.56416523,-0.21678992,0.6071366,0.26269525
IND142001AAB,0.726635,-0.7356962,0.70833546,-0.13153833,0.25237206,-0.7007343,0.28341287,-0.37399325,-0.9232952,-0.515544,0.87106514,0.5832669,-0.05342683,0.76779145,-0.8761392,0.37380654,0.14292705,0.5815249,0.70653516,0.92948574,1.0708278,1.0907037,-1.0341935,-0.08737657,0.41519845,-0.12525529,-1.2286147,-0.2715687,-0.049500532,-0.3789931,-0.6404898,0.10836879
IND177101AAA,1.021488,0.10344312,0.20678672,-0.96109134,0.99589264,-1.233429,0.5835441,-0.8706905,-0.32231224,0.018612081,0.6856906,0.001796321,1.5071232,-0.29563317,1.0458736,-0.9363239,0.3062573,0.68760425,1.4239432,1.2421653,0.27617297,3.252722,-0.57688147,-1.3609259,-0.5802964,-0.5573288,0.42461115,-0.9988555,-1.1987599,-0.6658803,0.26691017,-0.15389471
IND584128AAA,1.1377131,0.3551272,0.5575427,-1.3390808,0.67147756,0.1364744,0.31721202,-0.7852811,-2.0575364,-0.4039217,0.2633959,1.1365753,-0.051587768,0.25840184,0.3151263,-0.23594455,-0.5499279,-0.19367325,-0.18751447,1.7010939,0.32855192,1.5832818,0.6141281,1.1999667,0.58147794,-1.2868669,-0.11970399,-0.88591605,-0.30340794,0.13614444,-0.3253571,-0.9177594
IND110093AAA,0.18514654,-0.6087558,1.2079796,-0.16634478,1.3988583,-0.39938974,-0.28443113,-0.28649697,0.124896936,-0.953088,-0.07894953,0.31336477,0.07061394,0.7407021,0.5800116,0.12991008,0.27607396,-0.010551452,0.043778926,0.24788728,0.55326754,0.110230684,-0.85427725,-0.69391763,-0.44464302,-0.7958588,0.20920935,-0.2480166,-1.2191902,1.083057,0.28432003,-0.8784778
IND251001AAA,0.14023572,-0.96247244,1.316106,-0.5971181,0.00019766232,-0.97969013,0.4648569,0.32689688,-0.48734754,0.1532201,-0.07004523,1.5152663,0.0054839533,-0.16850066,-0.0057508186,-0.4541555,-0.6832684,0.51873523,0.048452076,-0.08029845,1.3444494,0.76707786,-1.1277952,-0.95554656,0.019160178,-0.57235235,-0.21591456,0.3461794,-0.34434563,-0.18676275,0.5175872,-0.14620902
IND262723AAB,0.73765653,-0.35154307,0.41445675,-1.920556,0.34631002,-0.3555852,-0.8006237,0.90808344,-0.625066,-0.55006653,-0.46632573,1.3679243,0.10454359,0.89530873,-0.24677029,0.8945328,-1.1672888,0.32051817,-0.5175259,0.49376756,-0.19151984,1.5990226,-0.11766617,-0.23897049,0.9017523,-0.33354384,-0.90238065,-1.3747125,-1.4760069,-1.5701209,1.1180251,0.7237636
IND148023AAA,0.67696744,-1.3920083,0.73266524,-0.9099403,0.4723112,-0.16980056,0.7629078,-0.17252173,-0.39935693,0.3636289,0.8498117,0.9354595,-0.29145727,0.73212403,-1.1691812,0.63801795,-0.0033477333,0.032514647,1.5954473,0.98062474,0.31299457,0.8658648,-1.4190836,-0.6801515,0.49291107,-0.75656134,-0.033360694,-1.4984807,-0.41561702,-0.11579732,0.3242101,0.98255056
IND691305AAA,2.1439452,1.110681,0.39015472,-1.3734041,-0.22270985,-1.2146758,-0.41955513,0.8942171,-1.496355,-1.4905057,-0.21089426,1.0372608,1.2623298,-0.052498735,0.23314987,0.73168373,-0.16476673,0.20540139,0.5320601,1.0948315,0.66553664,0.43158618,-0.075856484,-1.2766081,-0.34474427,0.22397628,0.09998848,-0.6246796,-0.17522502,0.21893859,-0.78108096,0.86459965
IND733140AAA,1.7941824,-0.9592719,0.604318,0.24127708,0.69583106,0.060289845,0.2454183,0.45050576,-1.2890861,0.2134044,0.07348284,2.3701487,0.861813,-0.04429126,1.0460771,-0.37665683,-0.023160404,-0.005479683,1.2821835,0.9860934,0.29228175,0.41716266,-1.0425869,0.26059487,-0.2647473,0.7248612,1.2283785,-1.4897392,-1.0897228,0.08606197,0.30541834,0.11932976
IND691001AAB,1.8075407,1.0843692,0.1839456,-1.0464892,-0.27267835,-1.3881975,0.0995762,0.51169777,-1.0848447,-1.3681538,-0.07820965,0.9508542,1.0587522,-0.11658099,0.110339604,0.52507293,0.110311225,0.52027255,0.5952126,1.3067752,0.051278584,0.07076764,0.05194757,-0.703264,0.12589364,-0.114628956,0.11976337,-0.3505677,-0.08307103,0.5421516,-0.27266628,0.98493034
IND783348AAA,1.7323064,-0.44052383,0.5850614,-0.75723124,0.25112227,0.022082342,-1.2730033,1.0685668,-0.076869614,-0.96437603,0.059491977,1.3633695,-1.303627,0.651713,1.2466687,0.44258463,0.7835539,-0.5171416,0.9999103,0.54029363,0.5311071,1.0528005,0.21283247,-0.8344677,-0.44148457,0.068993025,-0.10226471,-0.6837345,-0.38793164,-0.6872708,-0.9965131,0.16231745
IND741123AAB,1.2828945,-0.14008565,1.3166084,-0.2521325,0.013525306,0.1815096,-0.06476349,-0.30114612,-1.3658822,-0.091813155,-0.8965128,1.5399756,0.09604239,0.17082956,1.6363922,0.44777843,0.2687909,0.27010185,0.1292796,-0.15475565,-0.01942924,0.52320504,-1.7631485,-0.07266068,-0.49537256,0.66367877,0.73369426,-1.189258,-0.9486136,-0.057442006,0.47920522,-0.085167885
IND690573AAA,1.8287884,0.88164914,0.27194268,-1.0705639,-0.23862864,-1.5544193,0.09243948,0.68590987,-1.1767693,-1.1810862,-0.19963127,0.93232226,1.111122,-0.11191127,0.082118966,0.5074669,0.10374776,0.22078563,0.5704625,1.2581404,0.21639308,0.11010723,0.19101837,-0.7778039,0.11053237,-0.07294768,0.19082825,-0.2186451,-0.23074405,0.32603285,-0.22054398,0.9517555
IND731224AAA,1.556595,0.24031746,1.7488253,-0.3133182,-0.31585532,-0.19549403,-0.48935547,-0.444961,-1.38742,-0.1800129,-1.4025838,1.4888241,-0.59112287,-0.22602393,1.2918253,0.45070878,0.29226562,-0.020186776,0.71209633,0.35470498,-0.11343388,0.84453267,-0.67469656,0.54024595,-0.46955267,0.35999933,0.52834046,-1.1513286,-0.7007197,0.005369595,0.11157361,-0.46724698
IND844505AAB,0.7461423,-0.2063994,1.0924537,-0.21628635,0.410736,-1.6385832,-0.4067421,0.20522796,1.237702,-0.26596355,0.8692397,0.069269694,0.3364253,0.0702999,-0.019717336,-0.0017848143,0.4254354,0.7071812,0.2525973,1.5128736,0.8153794,0.6655354,-0.8880055,-1.0054307,-0.45759478,0.2006988,0.36710036,-0.6156735,-1.415626,0.41215885,-0.44768748,0.36472976
IND246701AAA,0.5727156,0.37541407,1.4631706,-1.307125,-0.6878545,-0.8932992,0.5468065,-0.2579053,0.041603312,0.390586,-0.28974548,1.4458171,-0.7168893,0.43171608,0.89421725,-1.3655812,0.23560113,0.29102916,-0.3278581,-0.10613966,-0.28042942,1.7647088,-1.1289455,-1.2873873,0.49647963,0.3981454,0.08323053,-1.0024798,-0.77707005,-1.2968827,0.21932325,1.0043244
IND411021AAA,0.3380318,0.066672735,0.63432145,-0.6066148,0.3529679,-0.56017727,-0.26683196,-0.70492953,-0.43864945,-0.20818944,0.0117946705,0.04040928,-0.19636485,0.38248202,0.37199065,0.06474314,0.13127597,0.39207238,-0.264943,0.9688596,1.0983454,-0.7082866,-0.1958549,-0.9006912,1.4765888,-0.22371535,0.17689061,-0.027013045,-0.94062567,0.34129408,0.52013856,-0.013169133
IND515671AAA,1.2056712,0.5823062,1.0451765,-1.1445205,0.08583551,0.47739798,0.107827336,-0.2623963,-0.42567784,0.10605772,1.0227011,0.5195201,-0.6359636,-0.4610076,-0.1791148,0.77407116,0.91852176,0.29307434,-0.80848765,1.3323865,0.21221063,0.030735107,-0.52981603,0.86809486,0.3153236,-1.3480049,-0.6080482,-0.6897692,-1.0226531,-1.1054275,0.5440786,-0.21056081
IND508206AAA,0.94740236,0.8689792,1.5864023,-0.50972074,1.1558946,-0.13413163,-0.056771886,-0.3140454,0.24911931,0.19567618,0.47769994,1.1829329,-0.6856362,0.10226608,0.44608998,0.020952769,-0.43279952,-1.0449563,0.1833296,0.9210459,-0.07392197,-0.0017613976,-0.40478033,-0.68524927,1.4170648,-0.7554773,1.2212646,-0.2825208,-0.9546258,0.41474983,0.48803005,0.61001146
IND607801AAA,1.3339403,-0.5492794,-0.52361715,-0.11769195,0.19742243,0.01924076,0.4787817,0.11444591,0.2627972,-1.0274984,1.2640532,1.5497376,-0.11902903,0.8043832,0.89975774,0.32848746,-0.9070376,0.6122114,0.55694705,2.1292307,-0.13333476,-0.48942184,-0.00928992,0.21738711,-0.56863636,-1.9650072,-0.66681296,-0.6298729,-0.99852556,-0.475435,-0.2830116,0.30108717
IND585330AAE,0.33209366,0.24517079,0.45786136,-0.80311704,0.13942663,0.15168199,0.35788137,-0.7523937,0.3988478,-0.65914273,0.6301268,0.72025716,-1.3569522,0.5200478,1.6084952,0.3213606,0.32237512,0.002053034,0.7978406,1.3809651,1.0480676,0.89629924,-0.1994,0.4741907,1.295132,-0.8382998,-0.047384236,-0.14469755,-0.2107905,-1.6413745,0.27455908,0.3966852
IND205001AAB,0.35104105,0.33782881,1.6868304,-0.45073795,1.1828223,-0.49982667,-0.3407926,-0.04593667,-0.4061456,-0.21483503,0.38778996,1.2661427,0.057553705,0.79699355,0.30394322,0.25746685,-0.05517404,0.5791499,-0.88033307,0.07467663,0.41014484,0.31588435,-0.20419675,-0.79776627,-0.55376035,-0.5187552,-0.5390501,0.058730014,0.15381403,0.48072848,-0.60713893,0.01872233
IND816107AAA,0.23903191,-0.16718894,1.359289,-0.8608741,0.5822956,-0.012364211,-0.058627285,-0.26372933,-0.22830495,0.106977545,-0.47572708,1.1371382,-0.35391563,-0.39553908,1.5917009,0.040220883,-0.07230791,0.14695248,0.15506625,1.374854,1.179056,0.22018288,-0.8948651,0.23664217,-1.3929888,0.3640963,1.2139901,0.02011818,-1.1904635,-0.2572481,0.65346754,-0.6403081
IND244901AAB,0.43831024,0.355325,1.6193606,-1.2934655,-0.12779666,-0.9539161,0.18547249,-0.21141571,-0.28786623,0.614881,-0.37192842,1.1911669,-0.45160538,0.3774429,-0.0021963287,-0.763175,0.069330364,0.47952878,-0.2887745,-0.0047917087,0.3025502,1.6319462,-1.9409903,-1.0257748,0.20868728,0.5345428,0.05682294,0.11213261,-0.44627652,-0.79062617,0.71817327,0.7590474
IND573103AAA,1.2901207,0.1844809,0.5311392,0.04626477,-0.33435813,-1.5390593,0.7131639,0.44038272,-1.5840473,0.0180213,-0.22648092,-0.1035645,-0.76387304,0.6911267,0.7492805,-0.82079947,0.9267111,0.72748744,0.54911274,1.7838631,0.18454836,0.32168737,-0.64932746,-0.47467214,0.56434464,-0.5084145,0.41985515,-0.75578994,-0.22168334,0.3604175,0.25190365,-0.7622081
IND605010AAB,0.669613,0.18462019,0.18847533,-0.11863991,0.24548286,-0.6119263,0.6280852,0.23734434,-0.60707116,-1.6594362,0.410055,1.0882875,-0.2702474,0.39934498,0.77264005,0.024805611,-0.22875069,0.47892782,0.44321832,0.5979337,-0.84620196,0.20401375,-0.874474,0.19208317,0.22797605,-1.7825277,0.40773174,-0.31171268,-0.11361923,-0.7003025,-0.28870067,0.56315506
IND843126AAA,0.7585193,-0.23588811,1.2255284,-0.2475221,0.23476121,-1.622051,-0.7237223,0.19736657,1.1272744,-0.26375854,0.7442933,0.2594026,0.36217,0.15771285,-0.03401508,0.04574243,0.0148083875,0.6716523,0.53497094,1.3620859,0.67994785,0.71950674,-0.91147196,-0.75657105,-0.48040938,0.27380076,0.30210298,-0.3094967,-1.6233425,0.7087247,-0.47941834,0.4215479
IND791110AAA,0.8677056,0.7737139,0.1696586,-1.0908661,1.296461,-0.39912915,-0.46305585,-0.06381997,0.32703954,0.45727438,-0.12921397,2.1438534,-1.2439166,0.5046184,-0.28773242,-0.24945204,0.72170514,1.5271081,0.7566823,1.0789213,0.5320577,0.92127144,0.15093857,-0.18960673,-0.25382182,0.739517,-0.40080035,-0.584225,-1.2304722,-0.31844905,1.1141562,0.9561426
IND148001AAA,0.6641208,-1.11458,0.65822953,-1.034739,0.41755638,0.03253869,0.664156,-0.1219669,-0.53167635,0.40705046,0.6918827,1.0506233,-0.29102492,0.80920774,-1.167039,0.8406893,-0.051021576,0.034055777,1.7232745,1.0672209,0.5637008,0.8880281,-1.1859211,-0.38334477,0.3142946,-0.72416186,-0.0118383365,-1.7956114,-0.42004827,-0.21649703,0.24992739,1.2750341
IND614809AAA,0.71514916,0.49908867,0.48268658,-0.4112117,-0.08883633,-0.6638833,0.3246811,0.3779309,-0.64581496,-1.7332118,0.36074552,2.1502023,-0.2795137,0.7306406,0.94419146,-0.62244624,-0.17399119,0.4395524,0.96126205,0.94082946,-0.61999124,0.44144914,-1.2281328,0.19094518,0.2076356,-1.6563958,0.7481137,-0.28694785,0.22060387,-1.1062837,-0.6973338,0.74681276
IND184121AAA,0.49202484,-0.23798485,0.3763618,-0.3641862,0.84752774,-0.79800874,0.38899755,0.4501804,-0.45571145,-0.19115643,0.4920033,0.32112774,-0.58508927,0.8507402,-1.0623319,0.24395064,-0.25347602,0.6833216,0.5832118,0.9561134,1.0091416,0.892215,-0.9568474,-0.6285027,0.76613575,-0.80101913,-0.6972836,-1.0266447,-0.007889833,-0.214255,-0.21996263,-0.33663246
IND495004AAA,0.24088301,-0.48321646,1.4704608,0.19949885,-0.71169055,-0.12533537,0.9271718,-0.87166065,-0.8665061,0.026257228,0.13798107,0.8364524,-0.5789495,1.4942596,0.17786212,0.7295948,0.16121754,0.64037067,0.4555157,2.0433264,-0.23125103,1.9040756,-0.87872726,-1.6703469,-1.2673134,-0.5857968,1.1028198,-0.38779262,-1.0142771,-1.7346449,-1.1248329,0.64958984
IND743347AAA,1.5844253,-0.104979895,0.8150234,0.22248401,0.45884833,0.7533869,-0.429653,0.12332635,-0.22463368,-1.4045254,-0.8503418,1.218316,0.2867568,0.08114721,1.0743535,0.6297123,0.41169366,0.16735935,0.32239112,1.1366805,1.661677,-0.5176778,-0.5729873,-0.3496249,-1.123299,-0.37079197,0.83186466,-0.644019,-0.69553035,-0.7342369,0.6795382,0.076272495
IND281004AAA,0.67025214,0.055388656,1.4265001,0.015620196,0.94595116,-0.4499555,-0.7902525,-0.27228528,-0.12961446,-0.30043,0.13291734,1.1560338,-0.32794213,0.82089406,0.7015562,0.68186384,-0.3583025,0.55733764,-1.0552939,0.34137747,-0.17782035,0.3237281,-0.48686174,-1.0531851,-0.7500105,-0.65382564,-0.29456708,-0.39383003,-0.28330472,1.0082324,-0.3917791,-0.19280204
IND700028AAB,1.0123171,-0.21047702,0.5036454,0.038645905,0.64533216,0.34807375,0.05893486,-0.2906848,-0.342388,-0.71256435,-0.41854542,0.66657335,-0.43056574,-0.113713354,0.9037097,-0.1388879,0.63774484,-0.28959778,-0.29947138,0.57210463,0.6158566,-0.008873285,-0.6596339,-0.27598274,-0.80631673,0.38550156,0.33964807,-0.7319207,-0.2862324,-0.50802463,0.2871112,-0.71073335
IND385535AAA,0.62277645,0.035230897,0.58100307,-0.7082361,0.50988406,0.19595414,-0.6190149,-0.6678438,-0.92242175,-0.9590522,-0.42531618,0.8638262,-0.7375852,-0.23357852,0.6760004,-0.54119056,-0.59258854,-0.47027862,1.2497454,1.9380515,-0.24808455,0.5721085,-0.67326546,-0.7380082,-0.32197496,0.12509488,-1.5440595,-0.2410344,-1.5669745,0.69757944,-0.5305298,0.8870927
IND122101AAC,0.051784277,-0.9749194,1.9563998,-0.67447585,0.33679572,-0.6395928,-0.959865,-0.85293424,0.1185825,-0.5955041,-0.049738545,0.5020146,-0.43909976,1.2905598,0.97035265,-0.550801,-0.8616014,0.09606556,0.053685557,0.30129543,0.2990624,-0.0034388728,-1.7133322,0.348229,-0.19617437,-0.40859467,-0.37240762,-0.375351,-0.31703046,0.070398994,0.41344553,-0.41285795
IND396191AAC,-0.41249108,-0.08270582,1.0592107,-0.84242004,0.18631583,0.24885476,-0.03485095,-0.10813086,-1.8244883,-0.42455462,-0.2900719,0.8159488,-0.07893951,-0.025596816,0.67037696,0.4006093,0.7341066,0.013437867,0.32351983,0.14774536,0.8606921,-0.11877383,-0.5877521,-0.97311795,0.61196536,-0.4037128,-0.5276102,-0.19608498,-0.6806591,0.47727668,0.535439,0.22321355
IND127021AAA,-0.028173676,-0.38455895,1.5004454,0.15406172,0.28205645,-0.52829236,0.27358454,-0.54956657,-0.058825932,-1.0729225,0.56252825,0.40890992,0.036554806,-0.16075495,-0.025822157,0.08821373,-0.68031216,0.060147926,-0.5374824,0.963117,0.6563622,0.1998594,-0.9032256,-0.12108983,0.12382116,-0.6717017,0.27258012,0.08927928,-0.45834655,0.61909384,0.31184992,-0.23229948
IND625516AAA,2.1769702,1.2379363,0.11188754,-0.8828657,-0.100455634,-0.054425415,-1.4629155,-0.99444675,-0.16843799,0.3557945,0.6934871,1.4778072,0.22344421,-0.3588534,0.4691332,0.39638698,0.20750141,0.3423007,-0.3786302,0.69047433,1.0131606,1.214019,0.4584776,-0.74990785,-1.0003189,-1.0932361,0.72964865,-1.020725,-1.3423452,-0.15379757,0.17183356,1.4214511
IND534001AAA,1.0301132,0.084874325,0.92425424,-0.51236326,0.83687484,-1.0132654,-1.0969806,-0.47866896,-0.50411606,0.12777764,0.2991639,0.86238515,0.11794971,-0.018116105,-0.24211226,-0.040451337,-0.68802387,-1.0910922,-0.6894227,1.3892925,0.30528834,-0.7094183,-1.1783371,-0.27283823,1.3487748,-0.8828883,0.89298874,-0.6516806,-1.0681522,-0.36192515,-0.289014,0.20467319
IND271201AAA,0.6055581,1.2212081,1.5581267,-0.72918767,-0.3365746,-0.3359605,-0.32348815,-0.36185515,-1.1969184,0.25456992,1.6658304,2.0802464,-0.14957654,0.43938243,0.35415402,-0.45567146,0.23245256,-0.08493262,0.8603019,1.0154167,0.5131434,2.6154666,0.34789407,-0.8667579,0.04361041,0.59292746,1.1576883,-0.5988247,-0.6873553,-0.36623716,0.64934874,-0.687639
IND000000ACB,0.093267485,-0.46565354,0.9177977,0.2915731,0.66562897,-0.32606143,-0.1977973,-0.15309379,0.11367291,-0.57176214,0.25189543,0.39669147,-0.25810212,0.16590989,0.12578076,-0.03977567,-0.23358038,0.09401229,-0.2760903,0.54592776,0.33086953,-0.05981871,-0.93275833,-0.24830562,-0.03232727,-0.53348607,0.07638491,-0.094473004,-0.3511665,0.37986273,0.08393473,-0.16481243
IND333502AAA,0.9752811,-1.0013232,1.5821503,-1.5647013,-0.3270504,-0.10942688,0.08361304,-1.2763674,-0.8258303,-1.5978259,-0.12146555,0.62206304,0.22518755,0.96063405,0.28847745,-0.054629747,-0.8486706,-0.3219494,0.3431727,1.1998899,-0.20486823,1.2386373,0.24251306,-0.8372248,-0.4573097,-0.186188,-0.31637833,0.45565888,0.016271282,-0.7449983,0.8295546,-0.39635327
IND201001AAA,0.44338822,-0.7250519,1.4244505,-0.42344084,0.67147106,-1.2450042,-0.66256994,0.20814933,-0.68225366,-0.6283238,-0.17368615,0.89953613,-0.010635394,0.2384246,0.21710116,0.0643347,0.115817934,-0.35277084,-0.021556098,0.21447158,0.89137435,0.12119441,-0.46933886,-0.062471803,-0.7334668,-1.2868596,-0.77462256,0.31142572,-0.5935476,0.4370799,-0.63806313,-0.69586885
IND360311AAA,1.4277112,-0.13725662,-0.46507722,-0.52245224,0.6874195,0.05556244,-1.1174688,-0.0003279179,-1.0958546,0.32319054,-0.6315301,0.6817086,0.5960383,1.0522374,1.0895331,0.55966204,-1.5850197,1.4765966,0.6562403,1.1489934,-0.27924523,0.39566308,-0.76941854,-1.6640244,0.6650474,-0.82237965,0.06857979,-1.8171749,-2.1002169,-1.0603553,0.24332583,1.8700136
IND768216AAA,0.9291496,-0.14769976,1.4432485,-1.0750401,-0.62505615,-0.8901237,-0.8211079,0.2817422,-0.47535795,0.5163575,-0.3082069,1.4372933,0.76436263,0.85781944,-0.29765308,-0.44349596,-0.532643,1.8599097,1.8747356,0.6117869,-0.23276788,1.8821238,-1.133645,0.95804304,-0.47445586,-0.43661678,0.34094995,-0.26698786,-1.253473,-0.4600087,0.14578159,0.25120822
IND671315AAA,1.4631008,-0.12187064,0.24638008,-0.9016421,-0.3440942,-0.8871561,0.03871858,0.0112690525,-1.0636764,-0.3118127,0.6587589,-0.38269392,-0.7180083,-0.2574035,0.62572545,-0.76020277,0.32737848,1.1334484,0.38479185,1.2044325,-0.04824506,-0.1573864,0.042382665,-0.50038975,0.9466842,-0.34203595,0.11771621,-0.8172631,-0.71966386,-0.0040839263,0.39894032,-0.58930415
IND621704AAA,0.4978526,0.8893208,-0.07245698,-1.4322071,-0.9766629,-1.5638945,1.3251894,-0.0009678598,-0.8469094,0.6599978,0.2034951,1.3186569,-0.0043479437,0.45478573,0.95264524,0.23228398,-1.1233878,0.9300322,0.2767045,1.1727617,0.43241686,0.5352313,-1.2820024,-0.28012094,-1.3375295,-0.49002975,0.7554472,-0.8439244,-1.5852855,-0.3806916,0.16903578,0.6795557
IND673104AAA,1.802154,1.0134863,0.8720451,-0.4154464,0.18867908,-0.82442796,0.100157805,0.43418235,0.37708697,0.893483,-0.22155869,1.5059382,0.8075213,1.4864373,1.4535233,-1.2220316,-0.74146044,1.265203,-0.53358847,1.4569848,-0.16545388,1.6239223,-0.3787189,-1.4006805,0.31261644,-1.2494007,-0.035947196,0.29953155,-0.31312174,-1.5758598,0.6014927,-0.8902257
IND110052AAA,-0.31097588,-0.74551785,0.54540926,0.45328382,0.87121207,-0.12810808,-0.10911915,-0.25863913,0.035013832,-1.0209419,0.36355036,0.45074368,-0.062490754,0.40268275,0.03174011,-0.009987242,-0.20580484,0.19903016,-0.29926702,0.8401858,0.34317258,0.0588871,-1.204505,-0.14651571,-0.2926797,-0.37400287,0.0031188014,-0.3682433,-0.3726869,0.23629299,0.2203657,0.105016716
IND000000AET,1.5717281,0.0008558043,0.60185695,-0.47670758,0.7816678,-0.88264,-1.2000644,0.96442115,-0.26017204,-0.56241757,0.053257193,1.5331644,-1.2375902,0.5545568,1.0575379,0.5054076,1.6857053,-0.41596535,-0.114014916,-0.004506248,0.60755324,1.3940247,0.20699872,-0.18080238,-0.2610488,-0.64926434,-0.86648864,-0.6280079,-1.0601995,-0.74933696,-0.9707333,0.5518333
IND571440AAA,1.6613914,0.4505549,1.054588,-0.5847909,-0.6392385,0.14209636,-1.1232947,0.17172536,-1.0349016,-0.28254393,1.4775541,-0.11019303,0.058664024,0.7047142,-0.1864918,-0.4579362,1.1810695,1.0059397,-0.43062425,1.5067518,-0.3479913,1.0905865,-0.9306964,-0.3444271,-0.23385873,0.2931014,-0.67573065,-0.53019196,-0.36949137,-1.3470268,0.47923243,0.42954078
IND757025AAA,2.4139915,-0.86324656,0.5076165,-0.44594613,0.26386905,-0.47621027,0.32731462,-0.9662491,0.47024906,-0.06527661,-0.64322907,0.55450547,-0.014333499,0.04834427,1.4341462,0.17131838,0.07539627,0.3609452,1.2540535,0.84408516,0.98829526,0.2969555,-1.1044126,-0.92322844,-0.5389695,0.28974947,0.36033636,-1.1070318,0.09339415,-0.5285918,0.6267875,-0.7596174
IND571438AAB,1.5920428,-0.24237481,0.64775145,-0.46416008,1.3020616,-0.7987574,-1.6416341,-0.07479607,-1.4186765,1.0554597,0.5168742,1.505644,-0.19514115,1.0519543,0.6503841,0.335947,-0.18676984,1.5885227,0.15210412,0.17909962,-0.2283108,0.09162363,-0.7580468,-0.102264464,-0.03581185,0.28541416,-0.05568525,-0.79889846,-1.9470886,-2.168027,-0.17657173,-0.27153903
IND614616AAA,0.36939755,-0.5715467,1.1624082,-2.019265,0.2118772,-0.071117595,-0.66456896,0.63312215,0.028940288,0.7557909,1.5778344,1.9502697,0.100560725,0.4967361,0.72226024,-0.17315371,0.30326155,0.16649316,1.2128897,1.6886798,-0.24145074,-0.09590701,-0.32166445,0.32360166,-0.5953543,0.002625978,-0.06412598,-1.0141118,-1.1729771,-0.856048,-0.5467032,1.7612582
IND821307AAA,0.5800548,-0.087141134,0.85120046,-1.1126417,0.6864811,-0.11679137,-0.1749089,-0.1499389,0.35257712,0.14982568,-0.3134992,0.26859295,-0.5375456,0.98586744,1.3384454,-0.39730415,-0.7037447,0.047549736,-0.07909276,2.2993138,0.78321654,0.30549213,-0.8598005,-0.19253466,-0.4252741,-1.19721,-0.067183755,-0.15934682,0.41437346,1.2746389,0.92772335,0.9765654
IND121004AAC,0.020560745,0.09123152,1.1113883,-1.1762358,1.8976363,-0.5458945,-0.5494829,0.48845556,-0.70685667,-0.21136384,0.05069422,0.5940417,-0.4175187,0.44945875,-0.47938156,-0.09433251,-0.059220865,-0.19513035,-0.6320316,0.3712575,1.0014911,0.34595558,-1.197028,-0.4881821,-0.3042057,-0.85516447,0.473287,-0.53777784,-0.7330336,1.043363,0.1814692,0.070962705
IND151505AAA,0.83013386,-0.5236985,0.588083,-0.13238354,-0.15508562,-0.51483333,-0.024933774,-0.34127522,-1.5303186,-0.16246061,0.39185962,1.0775652,-0.100156635,0.98810416,-1.3949758,0.5112944,-0.4492765,0.45202607,0.6504311,1.2937131,1.0778784,1.393135,-1.5446217,0.4529511,-0.53582084,-0.2811857,-1.1719365,-0.24252234,-0.15444829,-0.746738,-0.30442387,0.60562277
IND302014AAA,-0.04136795,-0.5433988,0.8299321,-0.78177667,0.2240881,-0.21329024,-0.14925916,-0.12897064,-0.17638491,-1.0666083,-0.10428546,0.27054998,0.21732879,0.13207868,-0.24619167,-0.46615645,-0.08481065,0.15151083,-0.4580734,1.3618618,-0.386903,-0.051282883,-0.54069114,-0.8029134,-0.43794125,-0.18499959,-0.31563804,-0.16164342,-0.20552726,0.012316444,0.10083227,-0.38158032
IND425201AAA,0.65186286,0.37506017,-0.0060974527,-0.9426466,0.24471727,-0.6184693,-0.138713,0.4376169,-1.4917942,-0.5270642,0.7937691,0.9718942,0.39900923,0.46366784,1.1664652,0.04283335,-1.4542347,0.4129939,1.5429299,0.18463619,1.1393477,1.0599453,-0.9738051,-1.4216506,0.43809947,-1.1140871,0.021565478,0.5977788,-0.85394424,-0.18940514,0.9115779,-0.8374039
IND712612AAA,1.4248343,-0.5434545,0.5452292,-0.29142925,0.23528846,0.06943263,-0.8580645,-0.027628265,-0.10943663,-0.3806852,-0.7511924,1.2138133,0.031553198,0.5472799,1.313268,0.23880933,0.53044057,-0.95471483,0.5835816,0.63079697,0.5503,-0.7640696,-1.3126055,-0.17817652,-0.7594777,0.2219229,0.9907988,-0.7174598,-1.4923453,-0.89141,0.12634555,-0.46473235
IND841428AAA,0.96910703,1.8041672,1.655558,-2.1542914,-0.29354352,-0.59535265,1.4351441,0.17214946,-0.47321102,0.17779432,0.17443666,0.34461674,0.7931001,1.3613515,0.7946984,-1.6511271,-0.56735104,-0.1327752,0.48216423,1.6554611,0.9984499,0.66006786,-0.90857744,0.21341692,-0.07979204,0.502038,-0.12591621,-0.81256443,-1.1594441,-0.04433248,0.40780193,-0.028659543
IND622001AAA,0.45033985,-0.51401603,1.1895475,-2.1042728,0.30098048,-0.07810578,-0.44162905,0.71242815,-0.04108211,0.84100825,1.6176825,1.7573794,-0.054102376,0.5473141,0.6117276,0.09311829,-0.07567895,0.21798149,1.3141726,1.5129328,-0.43793124,0.042067148,-0.35132986,0.24202712,-0.5288534,0.20532651,0.09313032,-1.0244155,-0.9155481,-0.72001594,-0.17289634,1.4566442
IND327001AAB,-0.45142284,-0.6391587,0.6426197,-1.0779202,-0.07298858,0.3059501,-0.7490645,-0.0008326102,-0.45634195,-0.77469826,-0.7077407,1.2877176,0.1152148,0.14902209,-0.052843507,-0.56816614,-0.5109584,0.17473413,0.30300295,1.8354787,-0.922905,0.33786634,-0.45009428,-1.1609148,-0.09993686,-0.44149244,-0.3032138,-0.15922236,-1.1974605,0.0023051382,0.29161742,-0.12935081
IND507167AAA,0.93112797,1.179986,1.5666349,-0.622865,1.1882707,-0.31355286,-0.31802434,-0.07349835,-0.22268905,0.3549851,0.19481629,0.93071103,-0.97775275,0.0074520493,0.44585887,-0.18680033,-0.25089154,-1.4190547,0.47826505,1.0093563,-0.0082473075,-0.1333941,-0.4378594,-0.6068147,1.1492461,-0.8945304,0.8887249,-0.5350319,-0.8892444,-0.12936734,0.7563079,0.49282318
IND232101AAB,0.52733374,0.7115699,1.047421,-1.7774242,0.3719445,-1.9561496,-0.33903125,-1.0458822,-0.368043,-1.1595684,0.37395626,0.31326327,-0.28428915,1.8331298,1.0071883,-0.50048304,-0.036003906,0.03681769,0.11755327,0.045858152,1.0565728,1.7379465,0.39859438,0.5630105,-0.44875506,0.2229219,-0.46380308,-0.49094853,-1.2527691,-0.51056737,0.4319549,0.34594494
IND563125AAB,1.7320892,1.4134297,0.27865666,-1.1626984,0.06586633,0.10913708,0.4023511,-0.6056813,-0.0741276,-0.47407475,0.73508996,0.12056467,-0.3005487,-0.179177,0.49693397,-0.09508411,0.72864145,0.9008603,0.5212691,0.8058851,-0.43257838,0.10116909,-1.5130236,-1.3850214,-0.3627697,-0.7815294,-0.34291908,-0.90864635,-0.65455693,0.5230629,0.06672501,0.06855701
IND261201AAB,0.72962457,-0.36242023,0.46012342,-1.9509131,0.20383905,-0.39410478,-0.8147427,1.0274467,-0.5580147,-0.534603,-0.3730629,1.2550747,0.092416614,1.0055023,-0.33185294,0.85646987,-1.0342492,0.23946987,-0.48845172,0.5593093,-0.20014232,1.5577699,-0.19671671,-0.33541435,0.8880881,-0.3422763,-0.7856107,-1.2410312,-1.4993502,-1.5042659,1.1302762,0.6688945
IND508277AAB,0.9644919,0.65499574,1.0012202,-0.42891482,0.7803899,0.006636705,1.017151,-1.5779405,-0.18862855,-0.67734575,-0.24227546,1.642606,-0.871798,0.36877704,0.4193898,-0.20622818,0.92200875,0.21738821,-0.8969269,1.1445822,-0.7357503,0.7747737,0.32692492,-0.75854754,-0.01058036,-0.9084745,-0.025270868,0.47325397,-1.4670892,-1.4842588,0.9100928,-0.24865943
IND591302AAB,1.1641898,-0.5371907,0.31491902,-0.54654133,-0.61047894,-0.99994534,-0.11179043,-1.3411851,-0.74017906,-0.5001918,0.25851312,0.35209838,-0.022977466,-0.083759226,0.198084,0.16992757,1.5980287,0.72864026,0.06266662,1.5206532,1.0361831,-0.15105774,-0.11723331,-0.54654914,0.6745435,0.043798726,-0.25812316,-0.6745036,-1.1998478,0.5248493,0.5835652,0.090363584
IND124112AAA,0.56860167,-0.49217027,1.2366879,0.3690401,0.8720907,-0.26229167,-0.2096138,-0.25955948,0.28616422,-0.2236611,0.22371323,0.22086939,0.06580057,0.49320054,0.013337668,-0.5599976,-0.38381052,0.4851957,-0.33533403,0.7670267,0.46817595,0.16648085,-1.0085316,-0.0027915973,-0.040762734,-1.087054,-0.12311494,0.59566146,-0.78821486,0.49352413,0.1483693,-0.14546074
IND335703AAA,1.382004,-0.9628151,0.6198701,-0.853412,1.2503363,-0.6550448,-0.31412706,-0.7366095,0.21362081,0.39094922,0.80886483,0.7014163,0.36304745,0.29465392,-0.048378758,-1.2256367,-0.08332404,0.2852051,0.67272574,1.5998504,0.111773625,0.5834553,-0.42421708,-0.110381365,-0.8711191,-1.4364321,-0.3290316,1.3664876,-1.0874248,0.46414128,0.8024186,0.7003954
IND641011AAA,1.9859678,0.15426101,1.5632223,-1.4965321,-0.34917513,0.8579157,-0.8033293,-1.6875495,-0.62186307,0.58511233,0.4030248,0.41674504,0.9149337,0.79471576,0.99349433,0.42013398,-0.84629476,0.9309708,0.58725053,1.460461,0.5941374,0.88327384,-0.11410081,-0.27243158,-0.043548144,0.037775207,0.012127335,-0.8857036,0.15609671,-0.23922673,-0.29287386,0.29893947
IND207123AAA,0.5409695,0.019981088,1.574637,-0.10234911,1.5263085,-0.55820954,-0.13659228,-0.7370925,-0.14540498,-0.15955912,0.0073557273,1.5917137,-0.38349238,0.8947954,0.3729137,0.45223063,-0.16399527,0.79460883,-0.8849066,0.55168194,0.48852643,0.33730394,-0.22001836,-1.0022905,-0.55205876,-0.24059643,-0.5702268,-0.51389074,-0.2164203,0.83116966,-0.80656147,-0.24845627
IND422103AAC,-0.19698863,0.75617,0.11452559,-0.25954613,-0.19932422,-0.17047574,-0.5510163,0.3718034,-0.84471655,0.20991476,0.044542532,2.1019754,-0.15462793,1.3703034,0.2481191,-0.14328034,0.1950711,0.64177114,-0.16636463,1.1639091,1.1419231,-0.54958904,-1.1659777,-1.2471702,0.15772234,-0.67281795,0.05611416,-0.43061283,-0.6269402,-0.2995622,1.6796409,-0.268523
IND504208AAB,0.8784096,0.8720136,1.2925903,0.20517796,0.3594509,-0.70759696,-0.012413693,-0.8378597,-1.3567306,-0.09397286,-0.14387076,0.4593237,0.79516226,1.0071152,0.048193898,-0.29957834,0.43377358,-0.32858706,-0.70530075,0.9244408,1.2001252,0.43221006,-0.40376833,0.5911592,0.60821205,-1.2614734,0.10310305,-0.6931072,-1.3159484,-1.7341158,0.050937727,1.3965598
IND516115AAA,1.437125,0.3493158,0.999958,-1.1466277,-1.5708735,-0.80564475,-0.24273412,-0.21785909,0.2863359,-0.40920743,0.31642446,1.0736934,-1.0788969,2.033311,0.44856992,0.2923759,0.089515254,0.49867034,-0.50575453,1.9046085,0.019637106,2.3593712,-0.62233835,0.18130766,0.0478178,-0.5384737,0.4220759,0.6063215,-0.34526476,-0.46338838,0.1841614,-0.59224206
IND500010AAB,0.3998436,0.37109235,0.6266692,-0.021471802,0.7399064,0.14374818,0.1709962,-0.40311515,-0.6143926,-0.46814126,0.2702394,0.5247767,-0.5952347,0.26488742,0.7028531,-0.044732384,0.31990746,-0.3310956,-0.5681965,0.6408923,0.5307387,-0.373898,-0.07869595,0.22869372,0.6814767,-0.9628348,0.40308607,-0.20603137,-0.5915231,-0.6719808,0.16920994,0.14472672
IND505503AAA,1.030509,0.06901717,0.7039577,-0.5588495,1.0602493,-0.37862656,0.073861696,-1.0723854,-0.82382154,-0.073499225,0.24817054,1.3625871,-0.18866265,0.8976922,2.0945957,0.7440468,-0.22957979,0.30582407,0.5886456,2.4509592,-1.0497674,0.060910437,1.2194136,-0.040387027,0.55090845,0.73772895,0.14398693,-0.9797566,-0.64424974,-0.9693882,0.067926265,0.048808705
IND241124AAB,0.39264622,0.9461866,2.3684447,-1.044429,1.0301838,-0.8757152,-0.46789092,-0.588005,-0.88746434,-0.68238556,0.56934905,1.101524,0.38080025,1.4360379,0.28705806,0.6553738,-0.1568892,0.9545662,-1.2396551,0.55912095,-0.13191983,1.2813146,-0.3199517,-0.64589125,-0.7396355,-0.8266483,-0.3603141,0.10607869,-0.1135083,0.9047905,-0.89881504,1.0401422
IND581400AAB,1.2438315,-0.4676345,0.27338248,-0.9815666,-0.69234365,-1.5795163,-0.09886499,-0.7209439,-0.5074095,-0.018495256,0.08859982,0.2575322,-0.44129518,-0.11126205,0.56868005,-0.49236828,0.8686436,0.49922934,-0.090316474,1.7280718,0.62834734,-0.45312694,-0.6524778,0.04508034,1.3770132,0.018172987,0.19713674,-0.36177558,-1.113453,0.5450514,0.3851046,-0.07892848
IND621306AAA,1.7137856,0.6279949,0.028397717,-1.3069187,0.037396766,-0.29799876,-1.0203878,-0.4474975,0.13263792,0.9614182,0.44464922,0.9662301,0.039200924,-0.52284884,0.19698484,-0.051505785,-0.22156721,0.26478955,0.3447275,1.3463153,1.2551736,0.79695207,-0.17543077,-0.8841781,-0.78342974,-1.2814696,0.95813364,-0.81134146,-0.5359471,-0.1901701,0.4670838,1.7662013
IND509324AAA,0.9201742,0.32962167,0.5023109,-0.23507409,0.3001278,-0.15342216,-0.12714116,-1.3012393,-0.69045097,-0.330367,0.8871087,1.1070352,-0.034151543,-0.09663189,1.4874183,0.87927085,0.37502134,-0.11163824,-0.87201107,1.2220788,0.89653605,-0.13150598,-0.0035461856,0.8977483,0.312325,-1.0979893,0.936682,0.21172099,-0.9687181,-0.83176625,-0.028294148,-0.024668878
IND826001AAC,0.10477838,-0.22652681,1.3603616,-0.9287574,0.36536324,-0.3988007,0.0479482,-0.6010725,0.2878043,-0.1589918,-0.37682006,1.5519761,-0.316732,-0.19629075,1.5058154,0.16017707,-0.59610295,0.3443053,-0.046583205,1.4321762,1.4824574,0.5567185,-0.31416023,0.0016478498,-1.6774485,0.2123836,1.1041355,0.13605812,-1.2003092,-0.3361523,0.3359765,-0.6942385
IND274301AAB,0.85923105,0.07362949,1.2144406,-1.721368,0.13751459,-0.224036,-0.30729973,0.16913825,-0.6375787,0.22067276,-0.71775025,0.19821814,-0.9794721,0.27440232,0.9952727,1.334204,-0.42524067,1.111328,-0.3729371,1.5642936,0.3702756,1.5741948,0.9744292,0.22986072,-1.0654776,-1.2432461,0.34640804,0.056020822,-0.8762295,0.021934131,0.4312488,0.17492063
IND272001AAA,0.50292325,-0.38616088,1.387626,-1.5596572,0.40766615,-0.15649621,-0.11563073,0.46261626,-0.099032074,-0.6104769,-0.2506627,0.56458443,-0.9732001,-0.09366572,0.68681604,0.83119595,-0.96424645,0.88781685,-0.1745045,2.036257,0.8219299,1.5291961,0.9227396,0.07624514,-0.8896186,-0.8201496,0.76336837,0.46366718,-0.774981,0.08726568,0.26034635,0.46181545
IND523105AAA,1.3173543,0.07882066,1.6459078,-0.048100945,-0.22649622,-0.4717221,1.1457299,-0.39949787,0.3926923,-0.7645572,0.26297513,1.3460137,-0.59530157,-0.0018024334,0.3764473,0.699415,-0.38735113,0.37843135,-0.25560394,1.1665293,0.25366634,-0.6084606,-0.3716191,0.090150736,0.9546939,-0.98475975,0.3128426,-0.63297117,-0.31440592,-1.3970624,-0.18477021,0.6660145
IND110014AAA,0.086214066,-0.8904195,1.0935125,-0.39108163,1.0672325,-0.3383824,-0.09763831,0.75966203,-0.03366963,-0.87993413,1.0893521,0.62813175,-0.13261385,0.71905756,0.010640214,0.2946602,-0.25990668,-0.39023143,-0.09594911,0.36330104,0.36413833,0.13011797,-0.5293198,-0.61141276,-0.12411383,-0.7009163,0.7654371,-0.12767448,-0.43389255,0.2980261,-0.14207457,-0.2558439
IND421302AAG,-0.2098779,-0.06305779,0.26947263,-0.2035865,0.3422241,0.13167103,0.035089195,-0.005429087,-0.7381999,-0.33979264,-0.013957692,0.84684914,-0.1532564,-0.0306094,0.72439027,0.12725511,0.28553724,0.03599997,-0.08550715,0.33028993,1.017535,-0.20707692,-0.60694176,-0.8719229,0.33191136,-0.40620765,-0.255866,0.044109657,-0.6653828,-0.11742188,0.60395026,-0.36310464
IND301001AAB,-0.07155825,-0.28988284,0.8896981,-0.52054703,0.4429986,-0.6918855,-0.5972643,0.15737174,0.15284905,-1.2600863,0.19467591,-0.04516075,0.58514667,0.29019392,-0.07949003,-0.31273872,-0.50674975,-0.25694805,-0.44254643,1.5082794,0.05029707,0.007400117,-1.2713056,-0.82175297,-0.21252589,-0.48858902,0.08653988,-0.13028145,-0.06762479,0.016943734,0.41458943,-0.18895315
IND561207AAB,1.1445222,-0.38067007,0.39702684,-1.0208867,0.38839868,0.3886418,-0.73815984,-0.9305122,-0.66241425,-0.85769796,1.5742601,-0.30967855,0.049697686,-0.37468177,-0.20801798,0.104590654,0.9244184,0.699945,0.9906365,1.9927117,0.12911725,-0.19610725,-0.08470392,-0.4118972,-0.2058431,-0.77962583,-0.34419003,-1.1997039,-0.9398449,-0.046443395,1.2472371,-0.37927458
IND335513AAA,0.83599013,-0.44129318,0.70760465,-0.14050388,1.2387586,-0.27404693,-0.5837592,-0.5779735,0.37360892,0.08361381,0.74982053,0.8074831,0.2881365,0.79003483,-0.27306676,-0.84416926,0.10297701,-0.09527602,0.042131614,1.2774612,0.47396913,0.67598605,-0.9540214,-0.40390983,-0.37911108,-1.4591883,-0.28316998,1.2500798,-0.82916844,0.5895748,0.77744806,0.23275399
IND000000ACA,1.1653589,-0.94719577,0.82195663,-0.021494513,0.6855709,-0.9116829,0.09492205,-0.35519806,-0.6060165,-0.6730232,0.8916415,0.29824373,0.05751373,0.75054127,-0.38973337,0.45104373,-0.0843459,0.30893114,0.8946195,0.55106694,0.5984736,1.5131793,-0.84906816,-0.624231,0.605476,0.16422845,-1.4011977,-0.7601487,-0.05978808,-0.26033315,-0.3586624,0.45353574
IND147001AAB,0.797128,-1.1273806,0.5861563,-0.81545395,0.7643058,-0.26573122,0.87526405,0.35031697,-0.3825282,-0.0020254473,0.4884796,0.64490414,-0.10733729,0.61705637,-1.1524032,0.26119024,0.22008742,0.20314871,1.1615441,0.7374793,0.89911515,0.6069187,-1.4000307,-0.48930055,0.16201587,-0.324445,-0.37027773,-0.7148895,-0.35137352,0.15690233,0.1227774,0.648753
IND402107AAA,1.8298061,-1.2255654,0.35888147,-1.952273,-0.020529335,-0.38356277,-0.8218569,0.16894525,-0.38676566,-1.0878597,1.6560242,1.0911525,0.89642704,0.531037,0.71368873,0.11096744,-1.4733632,0.17219144,0.6377879,0.8782768,-0.43717802,0.9213746,0.47764742,-0.12519065,0.14472105,-0.68420833,0.2393924,0.7359062,-2.4595845,-0.5978382,-0.24373098,0.5308602
IND791111AAC,1.3343765,-0.2782278,0.21911116,-1.0215493,0.8993604,-0.39268368,-0.3186187,0.70299196,0.34457418,-0.19403245,-0.5449596,1.7357465,-1.4078603,1.3225561,-0.12284695,-0.08069436,0.90176845,0.26573572,0.42469043,0.683586,0.43544543,0.33149812,-0.010120493,-0.5873521,-0.75811636,0.11795749,0.62627876,-1.4161549,-0.6405858,-0.4697332,0.3925889,-0.38501024
IND742137AAA,1.4629539,0.15193273,1.6159658,-0.3033003,-0.45435566,-0.14318997,-0.51450384,-0.6601132,-1.8515477,-0.2883209,-1.2802296,1.6248711,-0.18070598,-0.17589192,1.1125015,0.2314737,0.2684313,-0.04749361,0.8073095,0.14070655,-0.22141936,0.7669426,-0.95223045,0.13851403,-0.48163912,0.31307667,0.53877646,-1.0909095,-0.7064833,0.11304176,0.41609183,-0.2492733
IND380021AAA,-0.3110764,0.07572763,1.1297907,-0.101803064,-0.062940955,0.25697318,-0.39919853,0.16466409,-0.579476,-0.56080115,-0.22959848,0.99738914,-0.47545737,-0.3882426,0.5631631,-0.25740182,-0.47455153,-0.24257202,0.3576193,1.4758877,0.1305088,0.13984467,-0.7031041,-1.1467495,0.22410655,-0.2777123,-0.81242174,0.07492075,-0.992323,0.6650839,0.45932642,0.28699854
IND733134AAA,2.0240548,-0.28353244,0.7680539,-0.41342565,0.27212262,1.3030853,0.54329675,-0.1303244,-0.611779,-1.022,0.13499086,1.2276857,0.3819625,0.17158806,0.3739217,1.1266603,0.048351325,-0.6341233,-0.19441383,0.5235903,0.009149807,1.1881791,-1.0789181,-1.1102568,-1.4325861,-0.06454873,0.5585513,-0.6997255,-0.9942693,-0.9285786,0.027649669,0.1303336
IND243301AAB,0.4921569,-0.07469281,1.5735935,-1.1411295,0.21721964,-0.74475163,0.16091956,-0.7606618,-0.16584581,0.86510015,-0.21757227,1.4204687,-0.56968147,0.75028914,0.07426289,-0.8259967,-0.14586537,0.9563505,-0.5837729,0.23589212,0.31309086,1.7948973,-1.7005959,-0.8922522,0.39227203,0.64917356,0.3252974,-0.18252173,-0.103667356,-1.0478339,0.3036948,0.6849007
IND533106AAA,0.57520497,0.00079149817,0.6402001,-0.6805385,0.77838093,0.24971941,0.03674827,-0.83234787,-0.2993289,-0.5236826,-0.27983427,0.7949776,0.04458609,-0.016786756,1.0158081,-0.43861145,-0.35826093,0.59021294,-0.4432873,0.62566084,0.09820127,0.027477387,-0.13354436,0.7295493,1.3108754,-1.0129213,0.44051298,-0.4085503,-1.0519804,-0.87793434,0.90600836,0.29511118
IND532201AAA,1.1431259,0.551894,-0.32515603,-1.4871007,1.2487959,0.03992282,0.055547256,-1.1635585,0.46204615,-0.63178176,-0.28406426,1.469054,0.15591958,1.021971,0.24266015,0.6361358,-0.35946676,1.4847031,0.67613363,1.1072001,0.1958744,0.74856603,-0.53539467,0.31256658,0.8720784,-0.9712028,1.2719271,0.1385253,-0.86502516,-0.68860334,-0.24208541,-0.057559066
IND000000AAZ,0.61564714,0.893541,0.1806827,-0.47518376,0.042607874,0.7367894,0.74686384,1.1905493,-1.5576792,-0.4120029,0.19153903,0.9039235,0.07868688,0.3834051,1.1006603,-0.09554744,-0.06922061,0.2019088,-0.50040025,1.3862906,1.5333565,0.76826274,-0.93105507,-1.1265385,-0.12778269,-1.0374448,-0.6911071,0.915773,-0.97409135,-0.5543478,0.55570614,-0.0286299
IND231225AAB,0.19012062,-0.31220743,0.50528824,-2.4407496,-0.24772458,-0.7799329,-1.1500762,-1.5416946,-0.31265223,-0.3668971,0.29606512,0.89018595,-0.8176334,1.1876974,-0.36719176,-0.24360129,0.72764325,0.24920866,1.8968161,0.9301511,0.1981,1.3012565,-0.35231912,-0.30765176,-0.8090896,-1.0025262,1.0047051,0.04286907,-1.1967989,-0.8645932,0.412169,0.6271722
IND141010AAA,1.1724876,-1.0672603,1.0464675,0.062822916,0.45769677,-0.9211493,0.19063151,-0.27725443,-0.70037067,-0.5983748,0.92459136,0.37642288,-0.4491781,1.0917147,-0.33566186,0.4478897,-0.1692555,0.37668356,1.1781892,0.5138559,0.7231047,1.438244,-0.7127092,-0.65537983,0.837953,0.21101636,-1.1219097,-0.46448258,-0.20451048,-0.06678841,-0.21879789,0.18220976
IND506314AAA,0.19579874,0.19999947,0.6279958,-0.33014178,0.96184915,0.23762514,0.617308,-0.80105424,-0.9787478,-0.4919813,0.28924084,0.599944,-0.28887394,0.9523211,1.1757487,0.55739045,0.040634435,-0.30166805,0.5717423,1.8426142,-0.32430908,-0.52181774,0.58586603,-0.13511999,0.8357376,-0.4613535,0.18777914,-1.1754022,-1.2496582,-0.8568384,-0.43394825,0.28288674
IND562117AAA,1.5786402,0.32507443,-0.03648327,-0.46077657,1.0810437,-0.22726677,0.078099824,0.17838019,-0.80884355,-0.7067738,0.4810354,0.24559982,-0.5532286,0.353792,0.15138412,-0.11747885,1.839442,0.776298,-0.5744441,1.3802952,-0.60702795,-0.24114019,-0.7790976,-0.544699,0.124598086,-0.66783166,0.11441909,-0.059197884,-0.35641256,0.15925652,0.3714458,-0.5107585
IND487551AAA,0.67324436,-0.4594273,0.74522775,-0.5249255,1.6647547,-1.4358534,0.36926347,0.0903157,-0.6824655,0.0021365546,1.1997094,0.06612572,-0.27703315,0.53351647,1.591823,-0.21270461,0.84007096,0.23654482,-0.85627264,0.83987665,-0.8386769,0.47914404,-0.19002001,-0.3208246,-0.45056158,-0.78525966,-0.050861534,-0.56517696,-1.074685,-0.3948319,1.3438643,0.13877234
IND754142AAA,1.2204915,-0.17234771,1.3031136,-0.7325099,0.98172075,1.2077146,0.07750046,-0.7098606,0.62544465,-0.9853047,0.990917,0.73475647,0.3834046,0.9835984,0.57677215,-0.4302471,0.58998805,-0.67162913,-0.6853359,0.56245756,0.03907533,0.66713136,-1.4446522,-0.39959335,0.7703384,-0.7959709,0.75452006,-0.5256709,-1.0574274,-0.3329563,-0.876811,-0.15900159
IND500018AAA,0.8475897,0.4356855,1.0733562,0.4909278,0.800139,-0.019708838,0.47494495,0.010689029,-0.25357062,-0.3139102,0.17345366,0.5260908,-0.25621486,0.515141,0.9053801,0.56423867,0.119796604,-0.06555237,-0.16803908,1.4614991,0.7733328,-0.08178603,0.026220728,0.67400026,0.9981875,-1.3143245,0.98589915,0.17008063,-0.7788277,-0.76173574,-0.022026228,-0.30809104
IND136118AAA,0.5125654,-0.4250136,0.93574494,-0.6752721,0.236857,-0.74580467,0.33324513,0.3782873,-0.58132946,0.41506594,-1.045557,1.2388049,-0.23997703,-0.3203903,-0.16087122,-0.502366,-0.0024486624,0.3243964,-0.25717372,0.104165815,1.3635678,1.1437277,-1.0646732,-0.5484659,0.5566197,-1.0417753,-0.37259975,-0.3180723,0.003111161,0.2928891,0.058438092,-0.0852733
IND332715AAB,1.2281816,0.050872486,1.5738337,-1.0412769,1.6092315,-1.7783208,0.5744664,0.58621305,-1.0001317,-0.30875343,0.24272728,1.1160676,1.3040113,0.4941073,-0.13094714,0.13319242,0.27490315,0.7248582,1.1877846,0.5495861,0.28069606,1.2308317,0.2038333,0.020030946,-0.5391661,0.7933612,0.42479196,-0.32039928,-1.1116037,-1.637563,0.9137431,-0.70810044
IND272155AAA,0.6691759,-0.27571568,1.4598408,-1.5670943,0.40386155,-0.19214882,-0.2452669,0.5202262,-0.12418242,-0.5663098,-0.22916168,0.39793658,-0.8778246,0.059694063,0.37873384,0.8260241,-0.8901331,0.8457125,-0.13519464,1.9285132,0.69276816,1.5095505,0.9798223,0.17065942,-0.8628729,-0.94875413,0.7049697,0.43217027,-0.9126653,0.015717795,0.25263578,0.45361084
IND284001AAA,1.1056871,0.10043273,1.0170122,0.32399836,0.6426546,-0.9515023,-0.6189893,-0.6838968,-0.28517523,0.42155743,0.44312176,1.5432994,0.38622892,0.07399195,0.9127197,1.0595984,-1.4965993,0.74891376,-0.15309334,0.95561874,-0.34392378,1.0029478,-1.1999576,-0.85058224,-0.67947584,-0.84238815,-0.5237563,-0.25941208,-0.0822986,0.20488419,-0.6342608,-0.3233934
IND504251AAA,1.0185795,1.0394803,1.3808681,0.17248207,0.40439525,-0.5450858,0.019384604,-0.62917805,-1.3034458,-0.22783537,0.07510115,0.6054635,0.92647064,1.0089909,-0.1968356,-0.1257714,0.4933818,-0.391281,-0.74088866,0.858037,1.2750452,0.4515834,-0.64805216,0.44788128,0.30346078,-1.2983932,0.1552005,-0.7635607,-1.2435278,-1.894911,0.19890535,1.3224571
IND470117AAA,-0.12218825,0.782431,1.9183552,-0.18865728,0.72607553,-1.0983124,0.17452537,0.9376106,-0.76810426,0.29346943,0.26932755,-0.8289467,0.16051915,1.061431,1.4753667,0.80392766,0.3370225,1.0497774,0.4407092,1.1552709,0.30588025,0.7394983,-0.33075052,-0.25746238,-0.6607701,-0.7455796,-0.050812997,-0.9195379,-2.143679,-1.2708758,0.77188766,-0.17947124
IND814133AAB,0.5761435,-0.713016,0.7012979,-1.1047641,0.8263135,-0.57271,-0.21333618,-0.46890336,-0.1488675,0.44532925,-0.24600856,1.9017464,-0.184162,-0.17876689,1.3743148,0.16019502,-0.45902726,-0.85845596,0.42601353,1.465077,1.370662,0.64713633,-0.6050314,0.025518993,-1.5500834,0.0026297222,1.0424685,0.36435264,-1.1068344,-0.6901494,0.5757255,-1.0892999
IND303901AAA,1.4236794,0.7902834,0.6629719,-0.0030752765,-0.49326155,-1.6043696,-0.75398165,-0.1405886,0.34434777,-0.06309113,0.908834,2.3194911,0.73938465,0.17161608,0.16075163,-0.34709832,-0.4312311,0.14495097,0.38978475,1.1509945,-0.8931653,1.3427745,0.050761916,0.30785125,-0.16981414,-0.66875714,0.11076041,-0.6265706,-1.2729495,-1.2260634,1.2200031,0.37154657
IND486889AAA,0.46174282,-0.23094259,0.6304511,-2.3463624,0.10405928,-1.1850454,-1.088493,-1.1949748,-0.1287403,0.06050848,0.1539007,0.49947748,-0.77152866,0.94521534,0.233836,-0.3394455,0.9111789,0.7368502,1.9642022,0.8175277,0.11502594,1.0875885,-0.27461705,-0.7451689,-1.0712425,-0.93520737,1.146518,0.12394903,-1.0409808,-1.2831877,0.76246417,0.6841092
IND816109AAA,0.57199144,-0.6973586,1.1467023,-0.7997964,0.5556652,-0.5093797,-0.25412643,-0.6137741,-0.13363545,0.2717072,-0.5155424,1.5435793,-0.29737654,-0.35041696,1.1512699,0.15305799,-0.44479516,-0.759702,-0.025376318,1.3221965,1.4922246,0.6692823,-0.34534547,0.12389686,-1.2794275,-0.018900273,1.0854058,0.19605573,-1.0248833,-0.43064424,0.72229064,-0.7886225
IND792103AAB,0.63019556,-0.15999213,0.3410826,-0.9132533,-0.34790957,-0.8334849,0.43736702,-0.41941825,-0.47848406,0.5467658,0.0088319285,1.9525377,0.55132335,1.3159311,0.7129042,-0.80169266,1.3397827,-0.40927857,0.5099018,1.3377261,0.2625742,1.1119502,0.74960226,-0.16160493,-0.7191803,-0.7244894,0.3347089,-0.37145156,-1.6452556,0.85036963,-0.19325624,0.21265739
IND457226AAA,-0.29432344,-0.118310995,0.9197094,-0.11425276,0.17866604,0.25317433,-0.5092301,0.3483546,-0.49200255,-0.7585132,-0.6637535,1.079457,-0.49021173,-0.23272343,0.6757535,-0.6292319,-0.49503142,0.25374937,0.5537232,1.3663038,-0.081622794,0.34763682,-0.5396156,-0.90633196,0.29044467,-0.54226834,-0.9292744,0.060389332,-1.8408229,0.70887554,0.36976215,-0.20733033
IND313001AAB,-0.55269897,-0.41889408,0.7214266,-0.8664498,-0.16160348,0.15411004,-0.6826531,0.07775428,-0.6268957,-0.8903399,-0.46825165,0.94243693,0.4166103,0.30338413,0.089932084,-0.5076793,-0.43000868,0.04404906,-0.13512425,1.6470605,-0.7700801,0.3438795,-0.67402154,-1.1404653,-0.25007114,-0.06631347,-0.5165379,-0.24835652,-1.0835586,0.073532596,0.08292911,-0.07046926
IND627657AAA,1.0563931,-0.89360785,0.60091907,-1.1304275,-0.044106957,-1.1622652,-1.2202914,-0.18631023,-1.3871452,-0.67824215,1.6564237,1.850753,-0.510891,0.18902716,0.30825448,-0.31775975,-0.53476876,0.56787103,-0.3397844,0.7402029,0.92220426,0.5001988,1.0130997,-0.11990175,-0.044813626,0.43207073,-0.2166451,-1.101248,-0.9586643,-0.6615659,1.212289,0.90584207
IND152024AAA,0.8587498,-1.5396082,0.9696957,-0.21884347,-0.043387987,-1.4056058,0.24614714,-0.27234322,-1.2063715,-0.85896266,0.20038345,-0.062706895,-0.055530023,1.1501037,-0.75200135,0.6094607,-0.27136007,0.7842684,0.84130543,0.74523145,1.2005428,1.3304534,-0.85793275,-0.3420432,-0.19347468,0.06040472,-1.0272752,-0.36286384,-0.6077019,0.094954975,-0.2725794,0.41773376
IND263139AAA,0.78600156,-0.60497445,1.0221304,-0.4006752,-0.4675584,-1.6335588,0.26406986,1.0371197,-0.2445875,-0.8727348,-0.36170465,0.8325178,-0.95785016,0.048470274,-0.06940445,-0.22582367,0.25315264,0.0012804337,-0.0029297464,0.08302052,0.9913975,1.1049464,-0.995727,-1.2131169,0.36940217,-0.8833387,0.13728797,-0.10532374,-0.60461354,-0.56227165,1.1127013,0.22457601
IND581115AAC,0.92292076,-0.62239414,0.22290793,-0.7685172,-0.07816865,-0.26220047,-0.1772792,-0.7374476,-1.0117446,-1.1475914,0.58954054,0.10289413,0.1254619,0.44597435,0.3259985,0.5626658,1.488394,0.8479774,-0.088648304,1.2517976,-0.27420267,-0.12776804,-0.9831808,-0.046869814,0.66918945,-0.3650939,0.07607254,-0.4358616,-0.39965263,0.7881003,0.7375495,0.8351621
IND175101AAA,0.87993604,-0.5107076,0.5355592,-0.60441893,0.8961051,-1.1191872,0.35927737,-0.41488317,-0.5556678,-0.22985135,0.57475215,0.425138,-0.062041312,1.3717803,-0.65724367,0.46244225,-0.032156616,0.4680743,0.55459726,0.68328494,1.1548259,0.09635989,-1.2852216,-0.30308315,0.12909822,0.09521137,-0.6692775,-0.80492634,0.44182613,0.28150672,0.3863723,0.16574189
IND444203AAA,0.58348686,0.87600195,0.288371,-0.4972669,0.26950154,0.39552662,0.54425526,1.1364981,-1.5790577,-0.66574883,0.33565065,1.1353619,-0.09396015,0.780595,0.73885953,0.090530746,0.17472778,-0.0054678638,-0.5766878,1.066586,1.7254689,0.5433021,-0.91234356,-0.97543305,-0.1347862,-0.9551421,-0.77671456,0.9427935,-0.77769566,-0.32431602,0.42407793,-0.23635449
IND342902A1B,0.34813276,-1.2667698,1.0379715,-1.155876,0.04904971,-0.4168689,-0.48596045,0.21567771,-0.5025839,-0.8424518,-0.3608556,0.8029812,0.76835,0.18549025,-0.18815087,-0.79600495,0.025497157,0.5754012,-0.66502297,1.4525397,-0.14968066,-0.17189169,-0.6017909,-0.73019207,-0.7539395,-0.027150815,0.061472565,-0.49111125,-0.16855396,-0.13107157,-0.024004227,-0.47193894
IND333504AAA,1.2223231,0.0851997,1.5787957,-1.0817788,1.62562,-1.7625296,0.60617054,0.5398844,-0.9802217,-0.30537108,0.26320234,1.1539936,1.3147689,0.520726,-0.13770908,0.13844824,0.26788583,0.7387968,1.2117082,0.57557225,0.29051122,1.1919954,0.26554406,0.0473234,-0.49890068,0.7737435,0.37885025,-0.3497872,-1.113342,-1.600531,0.9306068,-0.7165439
IND201304AAA,0.51483095,-0.75860006,1.3108304,-0.5131962,0.97311044,-1.4899638,-1.0602045,-0.11478026,0.1830088,-0.28242415,0.060806036,1.2155453,-0.8927394,0.073161565,-0.40472394,-0.6184244,-0.29960492,-0.1133356,0.03744466,0.5987163,0.9134003,-0.3891589,-0.07199759,-0.50872964,-0.765024,-1.1616365,-0.5565185,-0.37349272,-0.73015904,0.03003913,0.20851815,-0.35378328
IND844101AAB,0.73993486,0.99864256,1.262262,-1.48225,0.6653031,-1.1406139,-0.3268054,-0.53571683,-1.7422179,0.6332785,0.61298573,0.6160504,1.0103548,1.0353256,0.8153001,-0.23196338,0.31512833,-1.0257021,1.3263377,1.3107446,0.36426255,1.2572162,-0.88034135,-0.29861364,-0.93814754,-1.2003304,1.042693,-0.4010196,0.68984574,-0.113774985,1.2145941,-0.005904514
IND635802AAB,0.83941525,-0.16644652,0.1393582,-0.2613802,-0.19588122,-0.07536293,0.65133834,-0.5627751,-0.6055385,-1.2237616,0.1973354,0.44244725,-0.089330055,-0.17294654,0.47550377,-0.42857772,0.6242738,0.91661674,0.07459824,0.9835861,-0.14926901,-0.7731481,-0.7432165,-0.40996432,-0.033821102,-1.0459802,-0.1764884,-0.08874339,-0.42958322,-0.6594704,-0.1380434,0.32587352
IND425109AAA,0.7286424,0.020669289,0.74704665,-0.9056737,0.49743173,0.21201716,-0.18349233,0.65694004,-1.0511363,-0.7788489,0.8644796,1.1202273,0.33984375,0.29660666,0.8012632,0.5176149,-0.64477825,-0.23493026,1.5338712,0.029537324,0.7917767,-0.1868789,-1.2011408,-1.3975136,0.4612639,-0.59622866,0.42996997,0.25913194,-1.4255813,-0.97460264,1.008071,-0.88752383
IND415709AAA,1.0724381,-0.33433983,1.8191017,-1.0667801,-0.32712665,0.5323672,-0.9172585,-0.14166023,-1.1286324,-0.5716048,-0.03257561,-0.18951666,-0.36789316,1.0950973,0.3242452,-0.041504398,1.3324128,0.19420642,0.1744091,1.3951647,-0.12016669,-0.7541396,-0.122945085,-1.20094,0.52971256,-1.0494356,0.46324214,0.48539418,-0.57229495,0.0057679983,-0.014209837,0.22008803
IND431122AAA,0.9978102,-0.2345151,1.3368543,-1.0988855,0.025001215,-0.1713407,-0.24625896,-0.4068632,-0.7493503,0.21001534,0.5040617,-0.10389273,0.13469954,1.5418657,0.23694034,0.5396208,0.57477874,-0.20640258,-0.79828584,1.1296508,1.6953952,0.25855052,0.047227323,-1.1665581,0.21756944,0.70453566,0.19317299,-0.023643244,-1.7295179,0.4675406,1.1894008,0.32121545
IND000000ACS,0.6537755,0.68050873,0.20678169,-0.87573165,0.5339825,-0.0104791885,0.42263827,-0.24618968,-0.5635321,-0.6727816,0.47674483,-0.19526197,-0.13365428,-0.38043836,0.50879914,0.04969318,0.95134515,0.9282609,-0.1668782,1.0210235,-0.10909088,-0.06982944,-0.763917,-0.8379797,-0.11970705,-0.7058744,-0.3053536,-0.84359163,-0.049462296,0.01933321,-0.083830796,0.02853068
IND517408AAA,1.6637034,-0.72221375,0.9398755,-1.7147421,-0.4273541,-0.72825915,-0.93163025,-0.51005495,-0.10946545,1.0970322,0.69568485,1.7913082,0.8463121,0.7921092,0.6501495,0.061362293,-0.0198657,0.41709197,-0.1702894,0.561806,-1.0971415,1.2015835,-0.0922711,-0.7532936,1.1881219,-1.8738861,1.143865,-1.4498515,-0.67923456,-0.45401838,0.18353984,-1.077938
IND126102AAA,-0.21383359,-0.4480898,0.87741345,-0.341431,-0.3453683,-1.3327806,0.28240645,0.67748106,-0.33425048,0.09955715,-0.020203635,1.0477003,-0.06546092,-0.32623863,-0.45790502,-0.034374677,-0.3565157,0.5998086,0.06823008,0.56872916,1.081867,1.1405132,-1.6060144,-1.3712891,0.030900877,-1.2191286,-0.046962686,-0.45656496,-0.39144906,-0.75113356,0.23489882,-0.53097117
IND110030AAD,0.09464453,-0.28715622,1.4671878,0.08786273,0.4729852,-0.59573597,-0.08965929,0.019083513,-0.13075317,-0.37237793,0.3112678,0.527684,-0.45926353,-0.038120214,-0.08177479,-0.033138916,-0.09386696,-0.08427761,-0.40762508,0.42661247,0.34825823,-0.28438556,-1.014625,-0.25434586,-0.31393543,-0.658119,-0.31031176,-0.27119863,-0.53518224,0.38985515,0.10179636,-0.37019196
IND516390AAA,1.3802872,0.17985684,0.72209376,-0.781937,0.16704616,0.018273033,0.4326199,-0.53087056,-0.8520017,0.36299965,1.0044907,0.33003107,-0.5451638,-0.5188748,-0.33625817,0.33999094,0.86876523,-0.008195824,-0.3543051,1.5013129,0.13661042,-0.31645027,-0.64694715,0.71695715,0.4408762,-1.3088019,-0.016574176,-0.62534064,-1.0806534,-1.035465,0.42565966,-0.20843099
IND282001AAC,0.06432946,-0.5380906,0.85802,-0.18457167,0.88414717,-0.36996847,-0.38333622,0.11982733,0.45524728,-0.64363694,0.11477927,0.73523563,-0.50388235,0.37946346,0.22868913,0.23779726,0.03342021,0.29606894,-0.36352915,0.43153188,0.42309934,-0.1926873,-0.76169574,-0.74786913,-0.0036108808,-0.48416805,-0.07974189,-0.0554699,-0.20050964,0.42043084,-0.0006385763,-0.3528249
IND331023AAA,0.7121382,-0.81123555,1.3681958,-1.6246921,-0.4813583,-0.019684106,-0.06294838,-0.99983966,-1.0918438,-1.3861403,-0.49217746,0.6401957,0.3701616,1.0085613,0.20122747,-0.06941981,-0.7201705,-0.19184662,0.27384624,1.414764,-0.5424695,1.1510174,0.2804976,-0.7246797,-0.33469856,-0.078645095,-0.718026,0.46150622,-0.1531664,-0.8791459,0.9564103,-0.34962142
IND413531AAA,1.1543181,-0.88145137,0.3313025,-1.4410609,-0.4558948,-0.97553873,-0.30559734,-1.3094362,-0.69127613,-0.08817457,0.16657177,0.35801256,-0.060502242,0.25498527,0.7474649,1.2411182,-0.35354626,-0.47834635,-0.25529328,1.2475102,0.8756429,-0.34859967,-0.040722184,-1.706097,0.8569622,-0.5971701,-0.14557794,0.42160663,-1.433379,0.34368575,-0.12840326,0.36468312
IND363641AAA,1.5490634,1.2993932,1.9534472,-1.0288688,0.8014528,0.12997505,0.2279524,-0.49685347,0.18886791,-1.3254219,0.17362405,0.9950219,0.4010233,0.78293526,0.28617546,0.31756634,-0.60539824,1.5375794,1.5420643,1.1448314,-0.15795562,1.126535,-0.71584594,0.9738799,-0.29439798,0.85550135,-1.0966315,0.0039545735,-1.2543555,-1.0567981,0.06858573,-0.15023421
IND852118AAA,-0.12341249,0.29339653,0.84993446,0.45836774,0.8420408,-1.6214821,-1.1217612,-0.08830071,0.21918155,-0.70763034,1.1702974,0.80685186,-0.21499279,0.7965103,0.3803628,-0.14447215,0.16189368,0.6155964,-0.041658532,1.7314817,0.3342967,0.7398549,-0.7709101,0.08549463,-0.14361896,0.09792817,0.85162646,-0.34702787,-1.3021079,0.09994263,-0.5376144,-0.38498306
IND632006AAA,0.7595764,0.07537696,0.30098557,-0.43056643,-0.22156337,-0.03549896,0.6225254,-0.46126714,-0.5878727,-1.2031643,0.28830993,0.106994815,-0.24740502,-0.15417266,0.104612075,-0.36566108,0.5602958,0.88055915,0.1515848,0.73749894,0.029773798,-0.6109748,-0.68303776,-0.37865478,-0.05688785,-1.4376651,-0.2879717,-0.5085233,-0.59989685,-0.78697366,0.12931708,0.5805306
IND509103AAB,1.1566241,0.57328284,0.69400364,-0.16165765,0.8742769,0.037475985,0.43923846,-0.71741784,-1.49443,-0.45081407,0.62724304,0.6816403,0.6627689,0.35290805,0.5041291,-0.5467854,0.6247159,0.00609842,-0.25917572,1.7924299,0.089082286,0.9035801,0.20244393,0.50360525,1.170068,-1.0647506,-0.61613464,-0.1928658,0.06099263,0.20587242,-0.02739891,-0.37858182
IND712124AAA,1.2825602,1.0622901,0.33017015,-0.31552446,0.3706175,0.02799858,-0.40192178,1.000158,0.09752699,-0.33718473,-0.89918697,0.1077202,0.47649613,0.8530602,-0.39370137,-0.51534355,0.29905936,-0.07300236,1.0872166,2.2837498,0.82747114,1.5606592,-0.6268136,-0.27208328,-0.37653652,-1.1592449,-0.5800849,-0.37438136,-2.0665143,-1.5310361,-0.58092695,0.4759401
IND686507AAA,1.9269954,1.407697,-0.088393345,-1.5003686,0.34432498,-1.498567,0.7741945,0.25444406,-0.41780886,-0.52939427,0.063588224,0.35706377,0.03661118,1.0543854,-0.30869636,0.5362547,0.35624722,0.17875634,-0.08514332,1.9460089,-0.62552905,0.8117497,-0.533303,-1.075858,0.38051006,0.63669395,-1.2033993,0.032679345,-0.84918374,-0.3879586,1.070005,0.4309493
IND721501AAC,1.6399134,-0.29678395,0.08669566,-0.44994515,0.465313,1.3139552,-0.42260373,-0.19749469,-0.23020186,0.19107759,-0.64742905,0.830741,-0.45648345,0.82231784,1.3821651,-0.28455424,-0.0647242,0.23853552,0.52105606,1.5467159,0.89601916,-0.10436868,-1.3211939,0.09840695,-0.8568744,0.585603,0.16754104,-0.7185758,-0.74270403,0.0023313318,0.89254594,0.22401674
IND334001AAC,0.36804083,-0.64185005,1.4850479,-1.3936679,-0.3896954,-0.39781946,0.3757822,-1.0452477,-0.8088787,-1.8743232,-0.24691087,0.7406208,0.90096384,1.1996222,0.44386476,-0.28788608,-0.078352265,-0.14833118,0.3868649,1.7247531,0.009006331,0.77576727,0.15979275,-0.9648339,-0.92075795,-0.2745804,-0.3626776,-0.033712797,0.22997393,-0.93984586,0.7147279,-0.7747429
IND396001AAA,-0.15858112,0.6965811,-0.07542839,-1.8203343,-0.2106406,0.30992934,-0.01088213,0.4808694,-0.19117229,-0.79459155,1.2634844,0.8171793,0.7532179,0.91574967,0.7291011,0.21730366,-0.18927595,0.8577416,0.37372187,1.3622372,0.19448787,2.171015,0.24523091,-0.8443693,-0.23889829,-1.3518976,-0.48188126,-0.79092735,-1.3220828,-0.054803655,0.2619435,1.4249033
IND591123AAC,1.1973231,-0.2511874,0.5969234,-0.67670774,-0.9513082,-0.94366336,-0.33396313,-0.97382045,-0.624066,-0.73537856,0.20461307,0.57983875,0.034300994,-0.12276657,-0.0102148885,-0.0058397534,1.7295603,0.44748375,-0.40669376,1.466534,0.92920023,-0.030611834,-0.42310363,0.06721479,0.49793372,0.07549925,-0.3635298,0.09955871,-1.1506189,0.47273058,0.5897886,0.47700676
IND251201AAA,0.8685636,-0.8859875,1.0615618,-0.36789805,-0.059036884,-1.0318214,0.14701864,0.062054828,-0.42223135,0.16384323,-0.500587,1.2692345,-0.7034076,0.7003881,-0.5960632,0.2706683,-0.61259896,-0.066059396,-0.7576659,0.13537313,1.3672867,0.9784379,-1.1932108,-1.3321068,0.13403499,-0.8572364,-0.6802283,-0.5351632,-0.13737915,-0.7382871,0.34021237,-0.26386654
IND306304AAB,0.60804355,-0.74534136,1.1657875,-1.3197317,0.9458824,-0.33994558,-0.18337624,-0.0008690146,-0.67269963,-0.6325671,0.109336644,0.27083826,0.63188416,0.1680367,-0.4419365,-1.1420599,-0.9590195,-0.28772914,-0.17262526,1.6861333,-0.5371373,0.8620132,-0.37178424,-1.6381885,-0.80859655,0.40850326,0.80107224,-1.1837176,-0.9246957,-0.5685996,0.2565085,0.73888105
IND363001AAA,2.3080804,0.46900114,0.077528924,-1.2843884,0.3499872,-0.62754905,-0.16327369,0.5876439,-1.075144,-0.6383204,1.4508172,1.1795857,0.4931294,0.8633264,1.0418282,-0.80146956,-1.623589,-0.6137231,-0.43216994,0.14130062,0.23285268,1.2354326,-0.77379954,-0.41346577,-0.070355274,-0.31900278,-0.28969494,-1.9772909,-0.60394984,-0.0048683984,1.4478494,0.6948832
IND212402AAA,0.07068113,-0.09738475,1.4197488,-0.76927763,1.201795,-0.55201846,0.12864004,-0.12627548,-0.59927714,0.96341825,-0.1885987,1.2084032,0.41819683,0.075903706,1.4456588,1.1185573,-1.0417902,0.43950132,0.62902117,2.1345584,0.02278046,1.3564655,-0.8386181,0.007556617,-0.81652594,-1.2100066,-0.046481192,0.1312232,0.19102003,-1.261788,-0.64734197,-0.28934518
IND125001AAA,0.68969244,-0.64475566,1.1077498,0.16991107,1.2208414,-0.2484535,-0.22481754,0.06386977,0.25843146,-0.31967953,0.010623141,0.9014703,0.34473273,0.8807906,-0.38099316,-0.4813309,0.038104482,0.046891987,0.25915012,0.86547375,0.20346388,0.15090644,-0.6715066,-0.32330567,-0.36002988,-0.9402366,-0.072312124,0.7206169,-0.46812287,0.6660521,0.535789,-0.11188887
IND602001AAA,0.7564947,0.32099512,0.28860584,0.09986829,0.11591064,-0.26469183,0.46366447,-0.35421178,-0.41292188,-1.0644674,0.19128606,1.1305509,-0.8146006,0.9049821,0.55169934,-0.247602,-0.07758485,1.1599029,-0.37162378,1.1783412,0.013637568,-0.5377933,-0.70714784,-0.008364089,0.15589114,-1.6599638,0.16802572,-0.7845186,-0.18365446,0.48526597,0.04513928,1.5255724
IND277201AAA,0.59381336,-0.4818293,1.7118195,-2.0421133,0.39761278,-0.10681869,-0.24458313,0.7093639,-0.12245784,-0.41823554,-0.12999736,0.7167156,-0.5271983,0.45477313,0.5861752,0.40453392,-0.8907542,0.6893171,-0.2877225,2.260149,0.3388458,1.2749184,1.1885235,0.115613125,-0.93372697,-0.9467474,0.699418,0.8415613,-0.8624355,-0.16642947,0.41896358,0.6265729
IND531036AAA,1.0803083,0.8008532,0.17085104,-0.9298246,1.0212928,0.3135131,0.08633555,-1.0216953,-0.023786068,-1.4105791,0.20273578,0.48578456,0.49119654,0.9153678,1.1395738,-0.41477975,0.10661558,1.343624,0.019296296,0.6794316,0.55010706,0.3033675,-0.39015114,0.57717204,0.8882029,-1.0914159,1.3871216,-0.83405435,-0.9139985,-0.50137764,-0.15474316,0.49512106
IND425406AAA,0.47901362,0.29360577,0.51537323,-1.5932654,0.8385254,-0.17850317,-0.9266283,0.82399714,-1.3565403,-1.1364943,0.9588261,0.6004771,-0.03819161,0.380574,1.8734795,-0.1790518,-0.9042021,0.39546457,1.4349022,0.67313385,0.6251869,-0.51033944,-1.3435225,-1.0547607,0.39250994,-0.24664919,-0.050745394,0.3865673,-1.2289793,-0.6454417,1.0244831,-0.70469856
IND305802AAA,0.29857254,-0.7947599,1.6174552,-1.1279122,0.93875104,-0.35128957,-0.094421454,0.14527108,-0.5288754,-0.7069179,-0.290902,0.35003242,0.8385687,0.33483943,0.13962393,-1.12147,-1.1894368,0.2456691,-0.2852414,2.0084913,-0.48857123,0.37203377,-0.31087574,-1.330158,-0.5714785,0.019973023,-0.65409833,-0.57404554,-0.20779583,-0.42647403,-0.20635217,0.9355187
IND641664AAA,1.7272648,0.55039185,1.3631387,-1.5621951,-0.29696727,0.54834425,-0.9514899,-1.4598187,-0.60413873,0.54634905,0.4038312,1.009331,0.888849,1.1191037,1.195104,1.0176424,-0.99102855,0.21546918,1.231154,0.933283,0.6044782,1.0274272,-0.09412199,-0.08729471,0.10791286,-0.54441726,-0.1639355,-0.92436063,0.53501517,-0.23041709,0.5632016,0.34644997
IND501401AAC,1.7896533,-0.024837408,0.5900081,0.5762984,0.74812347,-0.123031266,0.49012765,-1.0297508,-0.8344029,-0.03529642,1.0504725,0.4752883,-0.744057,0.93210274,1.1334068,0.57570046,0.25475898,-0.055175796,0.42945123,0.06168467,0.5051018,0.31134987,0.05489173,0.35228944,0.84272575,-1.3473749,0.0024263272,-0.23566696,-1.3862166,-0.63459426,0.9894662,0.34115005
IND361315AAA,1.7271506,1.185153,1.6764159,-1.0559207,0.6367029,0.29482394,0.34887996,-0.38216075,0.15290046,-1.275824,0.6240115,1.1976358,0.2643578,0.6755693,0.24713169,0.0007813962,-0.6887393,1.2438068,1.752455,0.9062803,-0.05796302,0.7175009,-0.568552,0.9091124,-0.30312136,0.8252384,-0.9634191,-0.053373516,-1.5677179,-0.9899573,1.8064673e-05,0.021882288
IND273303AAA,0.64509076,-0.22021672,1.3586029,-1.7856224,0.4643089,0.12343962,0.00891379,0.26094308,-0.17676161,-0.014012737,-0.53682387,0.7678356,-0.64739376,0.040262107,0.59884363,1.0005758,-1.180378,0.7590333,0.14600736,1.981693,0.6403986,1.5165306,0.88782984,-0.08605908,-0.97696304,-0.87719965,0.5900326,0.58989,-0.7515775,-0.42583004,-0.29404274,0.18937217
IND176201AAA,0.73860496,0.1890943,0.9494956,-0.7613291,0.9594134,-0.4413293,0.58581746,-1.0026336,-1.1137047,-0.21170266,0.36861178,0.9263954,1.1106069,0.65773255,-0.50370395,0.3089381,-0.06119015,0.7626435,1.3235326,0.8890913,0.66794854,0.4721977,1.0850524,-0.8940949,-1.7178669,-1.2662897,0.6449007,-0.81748337,-1.7138078,-0.68806046,-0.086028144,0.5920115
IND621112AAA,0.2093314,0.3113868,0.28078032,-0.96853036,-0.59018946,-2.1961951,1.4828993,-0.13520233,-0.6686441,-0.45136365,0.94500107,1.2321897,-0.34450033,0.9849551,0.3485474,0.34743187,-1.3507497,1.0097703,0.66073257,1.2522212,0.5844617,0.8428051,-0.896843,-0.5387356,-1.2953837,0.49908647,0.82665145,-0.8544724,-1.4155071,-1.0221746,0.77833796,0.60724235
IND362001AAA,0.8155976,-0.5145715,1.1936709,-1.231132,-0.51289403,-0.9055685,1.0540935,-0.3301564,0.38461852,1.200054,-0.54748815,0.8536551,1.1021811,0.820897,1.2468112,0.7938901,0.20251101,0.09018001,1.3104266,1.4049348,0.4586331,0.7559838,-0.51865155,-0.58682925,-0.088446945,-0.95291096,-1.5460658,-0.84718597,-1.730681,-0.18040964,-0.53649384,0.9226491
IND523316AAB,1.1555992,0.4063789,1.3725635,0.060426112,0.34380692,-0.61535245,1.4540919,0.13699774,-0.00032083044,-0.78734344,0.4475702,1.1358197,-0.08761707,-0.07495352,0.6231834,0.60146284,-0.46010807,0.49598962,-0.20725869,1.0523252,0.26942277,-0.6328057,-0.40434277,0.09949641,1.0215374,-0.8364657,0.29763392,-1.0542877,-0.4386551,-1.2143365,-0.33951452,1.2329757
IND276128AAA,1.771869,-0.52707213,0.6541741,-0.5609238,0.82694626,-0.16176622,-0.30095643,0.8066723,-1.1195014,0.5102905,0.82321566,0.17984453,-0.44588614,1.6481248,0.11933014,-0.18750235,-1.0735339,1.119921,0.19785643,1.3187482,-0.8480434,1.5575658,0.012305435,0.9796495,-0.19201413,-1.0962088,0.51147765,-1.7446147,-1.4927068,0.34937143,0.5679325,0.6748473
IND410505AAB,0.6472493,0.01428201,0.8116174,-0.4827738,0.06459717,-0.090117544,-0.12931465,-0.86605376,-0.2887581,-0.3685702,-0.10781745,0.07389563,0.06865874,0.10961679,-0.09147059,0.2776436,0.30353203,0.2963313,-0.102355264,0.97028697,0.97496635,-0.5527624,0.08868499,-1.095605,1.5755569,-0.38320568,0.040614374,0.0061028134,-1.4225303,0.01847623,0.24183668,0.18345189
IND530012AAC,0.55955654,-0.093087494,0.4032246,-0.20887373,0.70477885,0.46831414,0.28167874,-0.518286,-0.20484413,-0.25025216,-0.18108852,0.763138,-0.13059974,0.07564763,0.8757878,-0.34576395,-0.01800754,0.22458163,-0.2920042,0.985671,0.4789001,-0.3372284,0.06250846,0.57003736,1.0687145,-0.9392546,0.3047285,-0.5998974,-0.8137036,-0.6328082,0.8165793,0.11128186
IND141115AAA,1.7983127,-1.0009427,0.6813627,-0.1463467,0.5873276,-0.62009376,0.13207352,-0.82483053,-0.7740122,-0.5054748,1.3576287,0.70632946,-0.015827265,1.5223902,-0.18763237,0.40061793,-0.22506364,0.19421855,1.7026317,0.5722884,0.7616755,1.7774132,-0.74183226,-0.5134345,0.7632671,0.36433116,-0.5439222,-0.36921117,-0.1651036,0.04164396,-0.79713655,0.6297426
IND500035AAD,1.3110309,0.6580416,1.0777557,0.036605585,0.8343104,-0.06222649,1.002887,-1.4279652,-0.24605298,-0.63470286,0.14632066,1.1689112,-1.1653093,0.2681117,0.46505332,-0.043656208,0.6646246,0.11642151,-0.6277934,1.2095095,0.16479357,0.8700511,0.6123265,-0.14951123,0.12981182,-1.0162548,0.39659038,0.3098953,-0.6903023,-1.5915062,0.5148913,-0.04585198
IND176048AAA,0.49457255,0.2923159,0.97273695,-1.219848,1.1243948,-1.035687,0.026599644,-0.5082984,-0.9161912,0.59919155,0.8759825,0.5269851,0.12065984,1.8301767,0.26361832,0.1499547,-0.87890774,1.1060388,1.4857827,0.88905805,0.6528834,0.5236544,-1.3993216,-0.8728969,0.85033435,0.76057464,-0.36023143,-1.2030051,0.4402878,0.15051682,0.52378154,0.59720635
IND388121AAA,-0.69031036,0.02052416,1.8396978,-0.3726671,-0.43620574,0.15616259,-1.4837313,0.18936352,-0.67895824,-1.2255881,-0.23397559,0.30647418,-0.91433597,0.5587779,0.18675722,0.03357792,-0.08082828,0.45695964,0.31177688,0.86965847,0.2569907,0.81171674,-0.965511,-1.1155919,0.23018791,-0.43655646,-0.27913877,-0.6948558,-1.5539016,0.7192915,0.99771667,0.5698521
IND785690AAB,0.88409257,-0.4377718,0.6968489,-0.42552698,-0.029941399,-0.44492227,-0.16180512,-0.064101055,0.24477744,0.08948522,0.098159246,2.018723,-0.2040924,1.5961725,0.24637851,-0.43581665,1.724751,-0.3121129,0.42761117,0.58502257,0.30075762,1.1182445,0.2629977,-0.7284631,-0.4335012,-0.8312223,0.17142233,-1.0639548,-1.241983,0.7714554,-0.8480658,0.20274147
IND301705AAA,-0.14619465,-0.39600134,1.1507723,-0.10940473,1.2091739,-0.37787965,-0.40180373,0.17941394,0.457127,-0.27140573,0.29380152,1.019409,0.55350447,-0.23157236,-0.041741643,0.010796171,-0.6784176,0.59387517,0.33705842,0.8342792,0.46205842,0.090024844,-1.2138895,0.22050178,0.6482704,-0.85100293,-0.3919931,-1.0436668,-0.79812974,0.22786054,0.0984155,-0.8109916
IND614620AAA,2.1444976,-0.27551636,-0.34676585,-1.0267233,0.6160478,-0.8448224,-0.3329564,-0.75741184,0.20602304,0.60808456,0.24539807,0.6623401,-0.31660047,0.2259096,0.11211102,0.37247902,-0.18381098,-1.1365865,-0.25894582,1.7137458,-0.3238935,2.3875446,-1.3226397,0.1032137,0.2439113,-0.009755835,0.16367218,-0.80227274,-1.9489583,0.07439,-0.24537832,1.1750733
IND788121AAA,1.2833594,-0.8634814,-0.17189333,-1.2512925,0.17568247,-1.1129235,-0.5716655,0.49098706,-0.573577,-0.40184036,-0.5938795,2.1592288,-0.8288989,0.91906464,0.64260465,1.3574085,0.5360623,0.03741611,0.31287336,0.36527762,-0.4080853,0.6333088,-0.6793503,0.16846073,-0.8273727,0.01199343,0.24580115,-0.38234758,-0.739269,-0.10667256,0.13604015,-0.27660602
IND495677AAA,0.62840664,0.59380364,1.0358864,-0.43112034,-0.10663069,-0.7805744,-0.7834626,-0.2357669,0.7421355,2.0976806,0.40743575,1.9164656,-0.0031212165,1.2851918,0.60607874,1.1800613,-0.68045026,0.34311682,1.2171925,1.0133944,1.2912303,1.8335177,-0.9033774,-0.51932496,0.22253184,0.14425854,-0.34680787,-0.97249395,-1.3747956,-1.8213427,0.48539653,0.6314533
IND571301AAA,1.7253083,0.5133633,1.1202811,-0.36639833,-0.41365024,0.06866778,-0.8641298,0.15912351,-0.9849785,-0.96490616,1.1826084,-0.5014597,-0.34246805,0.5610224,0.18387623,-0.44018185,1.3560511,1.0696981,-0.45721012,1.3933195,0.06252002,1.2199534,-0.86154217,-0.046065994,0.14886273,0.4017336,-0.1421676,-0.75517917,-0.08692225,-0.78755563,0.10516834,0.5232961
IND363330AAB,-0.23343077,0.32469732,1.2647309,-0.89065856,-0.7189207,0.12740263,-0.7301777,0.6114169,-0.6731109,-1.3560444,0.021641245,1.39222,-0.4833044,-0.36142308,0.98681456,0.38305232,-0.2637677,-0.35464555,0.9499303,1.5104874,0.10709964,0.31893942,-1.3157808,-0.5234564,0.5225805,-0.1651418,-0.86757195,0.065929264,-1.3962663,0.6331014,-0.032785486,0.22597784
IND517644AAA,1.3787184,0.3198428,0.69794947,-1.2881922,-1.3936372,-0.7541649,-0.32546836,-0.48254484,0.2753359,-0.4498703,0.539902,0.9458441,-1.1276597,2.1737275,0.38499227,0.19837376,-0.12007302,0.5374921,-0.5544881,1.6355935,0.1506112,2.4051886,-0.64000773,0.16493902,0.080397286,-0.67029035,0.49830642,0.67675644,-0.33938056,-0.34959134,0.33890423,-0.6037335
IND413304AAA,1.1899551,0.6239499,0.06942061,-0.8954025,-0.08393331,-0.13103789,0.14509207,-0.37753177,-0.40244138,-0.96886045,0.59040636,1.3624802,-0.15209201,0.771786,0.38709897,0.14539528,0.23978469,-0.5751298,-0.5163597,0.675315,1.1819053,-0.8249344,0.19132918,-0.351042,1.0394319,-0.40209725,-0.38491657,-0.2817156,-1.4395641,0.13581307,1.0042794,-1.0280031
IND131028AAB,0.26092535,-0.6112127,1.0067068,-0.38706353,0.07216069,-0.7937724,0.33371085,0.29036784,-0.26919448,-0.14213863,-0.3030127,1.0494117,-0.2810737,0.06721689,-0.15071194,-0.17059511,-0.12149287,0.23735256,-0.12657173,-0.18342292,1.0195334,0.76704913,-1.1826634,-0.89781505,0.38531467,-0.72963977,-0.5001044,0.06625825,-0.2561593,-0.21898748,0.32100296,-0.21205449
IND503111AAC,0.32992664,0.55001426,1.4510734,0.26209936,0.23839782,0.23711906,0.46960527,-0.9315893,-1.0269421,-0.30333018,-0.17648362,0.3066874,0.014834185,0.36232117,0.76058644,-0.2815234,0.18591334,-0.1436937,-0.3273789,1.2805201,0.66349185,-0.15277559,-0.60747784,0.4796632,0.25303,-1.0849383,0.823082,-0.27487075,-0.31939298,-1.148303,0.2715374,0.9501744
IND181152AAB,0.71536547,-0.40716255,0.33852425,-0.3929419,0.93010885,-0.8497346,0.6597071,0.41896126,-0.10657493,-0.40781316,0.8125088,-0.0074096587,-0.6577334,1.0411294,-0.86084425,0.30326226,-0.33377284,0.9635446,0.5048769,1.0925492,0.77500033,1.168748,-0.84294206,-0.67478895,0.56987435,-0.87787414,-0.6832785,-1.1196829,0.13849166,-0.4061966,-0.093954094,0.0073356708
IND244301AAA,0.62642276,0.17511271,1.5523975,-1.1237488,0.26153272,-0.6675802,0.38947764,-0.6384685,-0.25654367,0.82708126,-0.17896116,1.2679024,-0.41651368,0.7660456,0.108087644,-0.8812457,0.10933312,0.91286194,-0.33559617,0.21968745,0.32593158,1.8378816,-1.6625911,-0.9773355,0.4450954,0.7206018,0.16092846,-0.21655883,-0.070937045,-0.89611113,0.25122115,0.6768276
IND110020AAB,-0.1587427,-0.7621772,0.9851286,-0.73822665,0.88655543,-0.34305358,-0.46298167,0.4460537,-0.30159003,-0.6541869,0.20672962,0.74269545,-0.35473,0.5600424,-0.18139745,0.45054993,0.23535202,0.4239543,-0.2739761,0.30454898,0.59910005,0.23262702,-0.27075067,-1.0060395,-0.35563773,-0.49488974,-0.36015275,-0.10285877,-0.13756032,0.56575024,0.04108617,-0.56285226
IND221401AAA,0.89081246,-0.038755246,0.56223947,-1.0936704,-0.5730601,-0.053274464,-1.088745,-0.58544207,-0.8555568,0.28557342,-0.4097288,0.104394086,0.6751195,1.4467696,0.99269944,0.4514751,0.5783257,-0.6431348,0.87411094,0.70062006,-0.9162292,1.9479897,-0.7622634,0.36128303,-0.19119327,-1.5435511,0.51978475,-0.88877165,-2.5114172,-0.6132622,1.012397,0.62099576
IND457001AAA,-0.29394543,-0.34177625,0.8252106,-0.040924005,0.23915143,0.28039452,-0.4946418,0.50340897,-0.3978798,-0.65771556,-0.5134473,0.8911386,-0.58534133,-0.37567785,0.71773887,-0.66027236,-0.21104105,0.06293432,0.9421146,1.4818438,-0.012447533,0.43580985,-0.7648034,-0.7983438,0.318732,-0.49959034,-0.82304555,-0.16321266,-1.7148533,0.69506085,0.4234993,-0.4262308
IND451666AAA,0.07268744,0.2540732,0.3036118,-0.6985548,0.54238397,0.0057077347,-0.18437755,0.45457166,-1.0081928,-0.3048405,0.37329537,0.73598886,-0.16116655,0.037414934,0.7343888,0.14613163,-0.39883083,-0.12224742,0.67905754,0.45213008,1.1943579,-0.2732231,-0.8846174,-0.8530723,0.40375406,-0.40644693,-0.058894135,0.5149735,-0.88201284,-0.52025026,0.5999764,-0.8432158
IND502220AAC,0.042302378,0.2725073,0.19022088,-0.67126334,0.24416843,0.15137546,0.7546721,-0.7051771,-0.26380447,-0.70416224,-0.118310355,0.76192194,-0.6095921,0.52124673,1.3049465,0.16060574,0.55201817,-0.2369957,-0.03402704,1.0310562,0.918781,0.27532768,-0.6254115,0.3409894,1.1065654,-0.99999994,-0.28186268,-0.019902136,-0.14177085,-1.3362848,0.17245317,0.042385556
IND533401AAA,0.2986205,0.045330804,0.96055347,-0.87113863,0.6297857,0.23663113,0.24854368,-0.73522085,-0.311035,-0.5352319,-0.6958893,0.9777525,-0.18894415,0.011632853,0.95541674,-0.38417602,-0.3767684,0.9599836,-0.07403411,0.5072152,0.03040349,-0.1306153,-0.066054456,0.84199107,1.0881132,-1.1431497,0.45901403,-0.70657384,-1.3500729,-0.9337383,1.2077333,0.3202272
IND521301AAA,0.85390127,0.14072087,0.6939427,0.0946671,1.5700785,-0.5771994,-0.65847874,-0.3154336,-0.28521413,-0.6108631,0.0957793,0.42724353,-0.52239406,-0.35223344,0.13557877,0.42127487,0.055755105,-0.951573,0.023460845,1.4164324,0.4570136,-0.3651239,-0.69342005,-0.43380412,1.267627,-0.08872265,0.72274345,-0.8766695,-0.8506154,-0.11030368,0.38821587,-0.089286156
IND68004AAA,1.9638132,0.38914925,0.7662061,-0.5334892,0.41429675,-0.78283215,0.5060148,0.28135324,-1.2799253,-0.8634924,-0.9829658,0.045011945,0.469762,-0.18045951,-0.37327695,0.39263773,0.45381862,1.0359646,0.28250352,1.1563175,-0.499718,0.06688068,-0.6017873,-0.26718578,0.4141685,-0.47076222,-0.73801994,-0.45487884,-0.3803166,0.18347445,0.38849476,0.5633245
IND140001AAA,0.3901764,-0.1961952,1.1721659,-0.19148514,0.855275,-0.33066285,0.85716933,0.11740327,-1.0640823,0.043809768,0.9478007,0.34284213,-0.37150258,0.4953797,-0.81926733,-0.108883016,0.10201708,1.3031455,0.7145814,0.8124563,0.85195893,1.5250874,-1.6222409,-0.18527102,-0.19559693,0.13132039,-0.25291812,-1.1803217,0.1759654,-0.3292259,0.38851556,0.46944898
IND781018AAB,0.904368,-0.53708726,0.5600119,-0.5735116,0.6989401,-0.08149252,-0.56934816,0.5443213,0.1567533,-0.5156058,-0.4572916,1.676172,-0.6891773,0.8797186,0.27096844,0.13208033,0.8248016,-0.18223642,-0.033022963,0.22549433,0.4230193,0.31624663,-0.011435179,-0.11536484,-0.72389895,-0.23389895,0.12841134,-0.56326354,-0.26701567,0.06746404,-0.124802865,-0.41277847
IND764071AAB,0.5569354,0.38573393,0.07362678,-1.114703,0.8166909,0.13604155,0.15289763,-0.53033215,-0.2369129,-1.6098725,0.27970347,1.1929507,0.19236296,0.74981517,0.8111091,-0.4472288,0.2855999,0.9850932,-0.75901157,0.52308935,-0.07942094,0.18721083,-0.6501046,0.4193726,1.0799887,-0.55693376,1.2674941,-0.07121022,-1.3601276,-0.45583844,0.24710882,0.85419446
IND736146AAA,1.3826294,0.016994176,0.5606109,-1.1932318,0.38545376,-0.064356275,-0.06547727,0.23756933,-1.701817,1.1840717,0.054420326,0.9805053,0.6137273,1.5328718,1.8254237,-0.08760784,0.36804062,0.6034874,0.98219585,0.9398887,-0.89248157,0.23736142,-0.56834894,-0.86306494,-0.73889184,-1.4053738,0.56872195,0.45175043,-1.7098744,-1.461361,-1.2689321,0.3752274
IND562160AAB,1.4942408,-0.2275503,0.62000346,-0.45290685,1.2620686,-0.73996425,-1.6092196,-0.046776056,-1.367905,1.0195464,0.45694256,1.4170907,-0.19245164,0.9948623,0.60928553,0.29247898,-0.1978865,1.5529798,0.117787614,0.13392772,-0.26011148,0.08023036,-0.70743066,-0.104472704,-0.06814553,0.34111303,-0.053903412,-0.7930498,-1.880481,-2.1263871,-0.16272268,-0.25096667
IND764020AAC,0.5131194,0.7307672,-0.071923845,-1.0387572,0.8144153,0.49943468,0.31124753,-0.75680155,0.21068782,-1.581092,0.06857919,0.97890985,-0.0404857,0.73649263,0.9691346,-0.26382565,0.40295246,1.002349,-0.18770394,0.70151925,-0.072518624,0.36849436,-0.57106817,0.08756902,1.2161256,-0.57311034,0.9009041,-0.4091205,-1.255135,-0.77694255,0.09913193,0.7219859
IND413002AAA,0.45241812,0.093077496,0.19417423,-0.4301161,-0.033794504,0.1156645,0.18983401,-0.53159297,-0.6385968,-0.6542282,0.18599834,0.85382295,-0.033177525,0.5516671,0.49601042,0.14117219,0.1716041,-0.39880317,-0.33657628,0.45992106,0.9487066,-0.7368531,-0.12900223,-0.2977645,0.98848414,-0.57677764,-0.078800835,0.013437075,-1.0142179,-0.2053217,0.6327401,-0.4799847
IND531163AAA,1.5099957,0.18198371,-0.14355926,-0.65632415,0.39658448,0.47480717,0.32989487,-0.7495535,-0.18802764,-1.1332606,0.27273968,0.7343998,-0.040301707,0.69071007,0.44384804,-0.40135014,-0.2854426,1.3203363,-0.13581891,0.5597319,0.23572685,0.4144813,-0.89728224,0.46447963,1.6251554,-0.94883806,1.3242629,-0.93783283,-1.4525205,-1.0094608,0.27726197,0.93473077
IND304001AAA,1.3137339,0.7294274,0.5761315,-0.054392952,-0.4242629,-1.5471925,-0.67385745,-0.12337341,0.26875192,-0.04947174,0.84845084,2.167631,0.6392635,0.14676006,0.100371785,-0.3579833,-0.3115311,0.09247548,0.2985926,1.206192,-0.86282986,1.2164533,0.05775432,0.27553362,-0.19366333,-0.5523736,0.06671088,-0.5295616,-1.1281607,-1.1751467,1.142652,0.370793
IND828401AAB,0.18366879,-0.25401795,1.0610853,-0.630273,0.6133315,0.24892554,0.05660451,-0.37360835,-0.11526141,0.17076702,-0.5890161,1.3699404,-0.46774727,-0.29712784,1.3324051,0.41055274,-0.5121486,-0.0791698,-0.1024791,1.3105122,1.1228708,0.3476956,-0.6422137,-0.35441914,-1.2092334,0.21685983,0.94880736,0.15769584,-0.9011739,-0.2563066,0.28635785,-0.670347
IND306116AAA,1.4582368,-0.8186639,0.8320441,-1.1828716,-0.035656895,-0.52383584,-1.6517328,-1.1493547,-1.1494613,0.23123549,-0.8884833,0.6337634,-0.2588814,-0.5983781,1.0998213,-0.6265409,-0.27038595,0.60727996,-0.5157853,1.075835,0.60493994,2.1783948,-0.68002987,0.14293317,0.033912756,0.23853058,-1.2908815,0.58985317,-1.6512511,-1.6075441,0.17045191,0.7421014
IND721602AAB,0.9552362,0.9727859,0.8496447,-0.66929424,0.4222001,-0.04707017,-1.0136334,1.5516627,0.31130105,-0.6697185,-0.50741947,0.56105465,0.72885406,0.5289376,-0.5937961,-0.30554596,-0.339578,-0.08773875,1.0875987,2.2180943,1.3197463,1.6652663,-0.9762018,0.12404856,-0.082307145,-0.6577993,0.47441724,-0.6714861,-0.7741866,-1.5460366,-0.37029216,1.0159066
IND000000ACN,1.9317324,0.9097465,1.3947799,-1.8854562,-0.6415757,0.34651524,-0.0072749867,-0.12869084,-0.26159468,-0.31309998,0.11990562,1.2828488,-0.039727733,-0.8419969,0.7486843,-0.73028517,-0.039556995,0.16822112,0.96521705,1.1394336,0.22881332,1.9748217,-0.21014014,-0.6586003,-0.41469023,-0.86556304,-0.48837206,0.8433247,-0.70035934,-0.6499715,-1.3273866,-0.10080747
IND562159AAA,1.7520388,0.28596446,0.11929409,-0.42104802,1.0793494,-0.32602593,0.11317402,0.21342756,-0.7730285,-0.5389874,0.5856103,0.24931978,-0.5756585,0.30761978,0.13354364,-0.09483011,1.9669878,0.63910455,-0.7279292,1.574544,-0.73228085,-0.052097343,-0.9840123,-0.5199436,0.07191988,-0.62797534,0.22565453,-0.18864098,-0.34738246,0.14413196,0.4181992,-0.551188
IND400016AAA,0.18966404,-0.025245586,0.18917409,-0.2691715,-0.17926015,0.1434758,0.034495004,0.08658657,-0.36891043,-0.21595626,0.5538797,1.1257292,0.11848998,0.061483342,1.171849,-0.38207015,0.15421365,0.7084202,-0.11079905,0.6675404,2.0046458,-0.54017,-0.6992672,-1.1773679,0.534052,-0.7271972,0.066002965,-0.002602166,-0.60730255,-0.4819755,0.8511819,0.64849967
IND712602AAA,1.4821322,-0.6058777,0.39848268,-0.47638693,0.39378613,-0.09985078,-0.89281976,0.21863922,-0.07152827,-0.66495425,-0.5341984,0.99065757,0.11872302,0.5659803,1.1213304,-0.11989064,0.66691315,-0.62417185,0.27366227,0.6038537,0.4051917,-0.772837,-1.5059491,-0.15244885,-1.0968087,-0.30711034,0.647917,-0.67325604,-1.0660409,-1.2891866,0.100082874,-0.8420191
IND403601AAA,0.350781,1.1076791,0.67749435,-1.3124869,-0.24309938,-0.8898051,-1.3932621,-0.5056403,-0.39507186,-1.4851899,-0.08538426,1.4313337,-0.7607649,0.5064333,0.4179736,1.0079178,0.1853169,1.1868051,0.049636338,0.4095101,-0.41767094,1.6403284,-0.5572523,-1.5524076,0.6218664,-0.11144053,0.90322083,-0.8889695,-0.5219791,-0.90637237,-0.38227218,0.8627958
IND614602AAA,0.41353917,-0.49384326,1.0074478,-1.8945397,0.09852822,-0.02260343,-0.69472843,0.49634534,0.04030526,0.6697502,1.4035392,1.816421,0.19230318,0.52318513,0.6930281,-0.38120282,0.4131102,0.18393813,1.094183,1.6171011,-0.08688889,-0.1924754,-0.29467508,0.42725077,-0.5495396,-0.058962993,-0.15318592,-0.91150403,-1.1216707,-0.9166526,-0.6091953,1.7688397
IND560067AAC,1.0636215,0.75574225,0.5522919,-0.880478,-0.109334804,-0.47130352,0.43919605,-1.0320239,-0.78119177,-1.304942,0.13006583,0.3030046,0.3273317,0.12646508,0.34392115,0.8350599,1.3222506,1.2731193,0.5347535,0.24378727,0.16079475,0.45227006,-1.0082605,-0.34656993,0.14477456,-1.7137698,-0.9895589,-1.1493237,-0.7449253,0.16549632,0.3398852,-1.2883334
IND841405AAA,0.89542377,1.6278188,1.486017,-1.9073468,-0.22130182,-0.56760424,1.2088091,0.19592401,-0.33317724,0.30698642,0.2640098,0.40077004,0.7147163,1.2824695,0.6603645,-1.469641,-0.5874846,-0.17770989,0.47644976,1.5316241,0.98411995,0.6198088,-0.6920483,0.20529716,-0.05182815,0.43352607,-0.14189196,-0.6950375,-1.0833049,-0.018076817,0.22827673,-0.03326112
IND362720AAA,0.5895695,-0.6597678,1.3393216,-0.7182816,-0.5396776,-0.7539742,1.3253088,0.00043762132,0.46434936,1.0353978,-0.15711702,0.80516666,0.9794364,0.52305996,1.3622293,0.46667868,0.19721077,-0.045331564,1.1631484,1.4261538,0.15875362,1.0424448,-0.24885483,-1.2327844,-0.41883224,-0.9299025,-1.1748161,-1.3934387,-1.5514913,-0.39931437,-0.25281855,0.6420209
IND679303AAA,1.8780956,-0.20136212,0.019314293,-1.0450597,0.6040346,-0.94760686,0.35866144,0.28425977,-1.1172318,-1.0080512,-1.2814775,0.48059884,0.42814708,-0.19514881,-0.21964507,0.943274,0.43543115,1.1314712,0.91338766,1.6521496,0.059158493,-0.38522056,-0.13249646,-0.528254,0.053866837,-0.61907756,-0.8250641,-0.79184294,-0.6443474,0.14799592,0.6745151,0.9935399
IND380005AAA,-0.18968026,0.38938263,0.7014653,0.19547343,-0.031181954,0.28000852,-0.87069654,0.14491102,-0.5046924,-0.57536376,-0.40586036,0.5824179,-0.47322872,0.010093964,0.4797328,0.03849703,-0.30711585,-0.015482699,0.080907345,1.5300674,0.32462317,0.21825227,-1.1254587,-1.0331881,0.015600112,-0.09459693,-0.6985221,0.46663934,-1.9394038,0.3620633,0.09691312,0.1413876
IND480886AAA,0.45432526,-0.18207611,0.5190555,-1.4975253,1.4893718,-1.0229148,0.37608162,0.09913395,-0.9656516,0.20452268,0.94445175,0.43349662,0.30085987,0.8019344,1.9592768,-0.031641807,0.35519007,-0.029910507,-0.9100159,0.65455407,-0.6082282,0.4763858,-0.50428,-0.03201321,-0.20922439,-0.16476025,-1.1070623,-0.49110588,-1.0794816,-0.9548133,1.5015582,0.6689597
IND577401AAA,0.95073694,-0.29825896,0.12508881,-0.41820982,0.1922837,-0.2779078,0.04835521,-0.5114769,0.04009622,-0.2503778,-0.14773715,-0.29701367,0.26587775,0.11125581,0.16884845,-0.51728,1.5186592,0.8186278,-0.24636388,1.4066094,0.4497646,-0.16146037,-0.68444705,-0.11087592,0.07837186,-0.98000026,-0.709453,-0.43490165,-0.309253,-0.0056010257,0.3600941,-0.119930744
IND792121AAB,0.66487086,0.19358538,0.95210814,-0.55202544,-0.14368805,-0.8488465,0.117824025,-0.11489752,-0.32159948,0.5449325,0.36056277,1.7871414,0.59977335,1.0799758,0.36887303,-1.14844,1.8405123,-0.30598253,0.6904616,1.225724,0.39161026,0.92346627,0.793467,-0.12522933,-0.8677606,-0.5607202,0.19134945,-0.95657694,-1.6434143,0.7224742,0.22042634,0.33379516
IND624001AAA,2.3732755,0.60487247,-0.43280214,-1.0344712,-0.045326207,-0.21287584,-1.3738097,-0.5551836,0.2731988,0.49695086,-0.05211932,1.6372379,0.20795195,-0.5661142,0.09542639,-0.38365537,0.13210084,0.11939176,0.3669925,1.9065379,0.94813603,0.71374565,-0.0056683123,-1.0250945,-0.40733188,-0.9968254,0.68307734,-0.92264384,-0.5348687,-0.50252664,-0.074194394,1.7991413
IND341505AAA,0.5034989,-0.85006666,2.0580063,-1.3236854,0.64358747,-0.4151194,0.20978428,0.55914253,-0.3087604,-0.6698421,-0.30150044,0.27103963,1.0682819,0.24306127,0.18854435,-1.4757662,-1.0251062,0.48152217,0.02885879,2.2832537,-0.44674763,0.28305674,-0.23618409,-1.0755421,-0.11319847,-0.20791017,-0.66581523,-0.6051004,-0.34173948,-0.92027235,-0.11137633,1.1077687
IND600044AAC,0.9312664,1.3743829,1.6608063,-0.83672315,-0.96352327,-0.8651352,-0.4872392,-0.24703123,-0.9976386,0.55537224,-0.2992316,1.7333801,-0.19441815,0.513541,0.16672523,-0.51787287,-0.17595413,0.6306185,0.3209271,1.1230985,1.1131577,0.2687986,-0.10101082,0.14695881,-0.6842401,-0.5893667,-1.1439854,-2.0242958,-2.1463468,-1.3904337,-1.3143125,-0.74648434
IND841424AAA,0.94705975,1.8029553,1.6415669,-2.144873,-0.21714106,-0.5253515,1.3943015,0.12027121,-0.47615215,0.17817941,0.1444352,0.3306543,0.7518726,1.3675163,0.79459786,-1.6299831,-0.53566134,-0.09932233,0.5335926,1.6317004,1.0582062,0.6568857,-0.85258025,0.19694562,-0.08555837,0.5365647,-0.16126236,-0.89471036,-1.206515,-0.1360933,0.33925006,0.017889036
IND462022AAA,-0.06388114,-0.25856802,0.78307414,0.011285871,0.8516076,-0.4960521,0.24365416,0.3158515,-0.5857879,-0.11470207,0.34518668,-0.06168631,-0.17135078,-0.01009012,1.346732,0.5005791,0.35233873,0.47616363,-0.48751995,0.9590819,-0.0024790221,-0.18383433,-0.19345447,-0.22978118,-0.15033287,-0.5339528,-0.2326969,0.08517537,-0.72650635,-0.26917896,0.9780606,-0.13636658
IND581303AAA,1.1190088,-0.53763974,0.34500453,-1.1507783,-0.8795007,-1.3734356,-0.17038497,-0.48339534,-0.42159042,-0.2427922,0.32751244,0.40203643,-0.4633005,-0.05510492,0.4983561,-0.540249,1.0474211,0.72489077,-0.35265973,1.823938,0.89750475,-0.4795878,-0.32280356,-0.061478913,1.3571311,0.14678313,0.02754611,-0.13472226,-1.0821315,0.24123026,0.4909922,0.08528918
IND000000ABG,1.9866183,0.9064511,1.4084495,-1.9942404,-0.6455045,0.47951418,-0.05589564,-0.16021733,-0.2997524,-0.41382945,0.13653907,1.3038946,-0.011509754,-0.9557643,0.76264656,-0.81003493,-0.10270443,0.17236152,0.9647931,1.2382458,0.265696,2.059071,-0.24645168,-0.7726472,-0.45022887,-1.0690783,-0.5316572,0.8731356,-0.7399117,-0.7513888,-1.3213719,-0.1305296
IND425412AAA,0.52870494,0.23718993,0.4329445,-1.2671953,0.7738851,-0.302353,-0.5931644,0.5248465,-1.2730025,-1.1160504,0.7948872,0.66068,-0.27238375,0.34925312,1.3454248,0.02782004,-1.0957505,0.037417717,1.4186474,0.21985,0.6777693,-0.3150034,-1.1706343,-0.9047709,0.5624458,-0.3994042,0.08354693,0.28819188,-1.167122,-0.63604164,0.7145218,-0.92976177
IND334803AAA,0.32642764,-0.48723674,1.6325026,-1.4970936,-0.4601785,-0.550732,0.39678395,-1.1746111,-1.015398,-1.9942033,-0.09776418,0.73280203,0.8622237,1.2039477,0.29636315,-0.30470085,-0.023342093,0.008110176,0.40659577,1.7645205,0.17454743,0.8062188,0.23094995,-1.1528947,-0.79940844,-0.32808265,-0.34419867,-0.04183645,0.30532098,-0.9520055,0.5906213,-0.805258
IND480001AAA,0.15774864,-0.25168672,0.7745888,-1.5728209,1.6317456,-1.1460177,0.38704914,0.2514856,-0.81360406,0.20151903,0.9988052,0.39210033,0.3202635,1.0036737,1.9622264,-0.1459319,0.29310358,0.12799582,-0.67696726,0.7235969,-0.42670247,0.5295992,-0.44566768,0.3616895,-0.07317504,-0.041226245,-0.88601285,-0.58054215,-1.0554019,-1.1628808,1.3053198,0.6888902
IND722140AAA,1.5707054,-0.9327693,-0.352945,-1.3096154,-0.76417667,0.44170013,-0.35635325,-0.44829822,-0.93133825,-1.1544343,0.26279366,0.35778782,0.041894462,0.36368808,1.0983139,-0.6989972,-1.0228927,-0.07754849,0.6334669,0.7276129,1.0585569,1.7186972,-1.2314463,-0.025282878,-1.5048718,-0.36943185,0.4252538,-0.8695663,-1.2594343,-0.4523185,-0.31244317,0.53541714
IND400015AAB,-0.11996029,-0.035311412,0.44677094,-0.24322487,0.38517386,0.11122109,-0.14039406,0.19767313,-0.6141141,-0.21360013,0.23933545,0.8786931,0.2594686,0.095578656,1.1457474,-0.1340556,0.2518479,0.2851429,-0.10166871,0.81310266,1.3907995,-0.3282679,-0.28801242,-1.3971295,0.50317264,-0.20565622,-0.07647005,0.0785965,-0.3246148,-0.24966346,0.23955484,-0.275882
IND784101AAA,1.2924085,0.2737823,0.45318946,-1.0505095,0.66616994,-0.20280841,-0.3562418,0.8615809,0.11981036,-0.023283849,-0.53938895,1.5542839,-1.3903601,1.6559908,0.15927304,0.029051645,0.72457254,0.21807277,0.1320341,0.80509925,0.5264867,0.3013237,0.28142408,-0.8211365,-0.7086969,0.30328587,0.5884329,-1.1910254,-0.3392709,-0.20086774,0.27009168,-0.458738
IND124507AAA,0.51749927,-0.61898416,1.0519644,-0.37613824,0.016709998,-0.42531404,0.6734737,-0.022885455,-0.71155834,-0.089341335,-0.46453747,0.9795285,-0.38309634,0.09281995,0.4046158,0.052283045,0.13700931,-0.22229572,-0.12249252,-0.38501453,1.0420861,1.1614021,-1.5420078,-1.2207333,0.31134576,-1.2379798,-0.36846346,-0.5046225,0.040260855,0.21167736,0.043760613,-0.379253
IND444602AAA,0.04383461,0.3885868,0.32477462,-0.30929536,0.24945687,0.44109967,0.4160462,0.50675374,-1.4255987,-0.33356655,0.05354633,0.93153906,0.17134468,0.4491873,0.7612604,-0.21915923,-0.11129635,0.09248462,-0.5517024,1.0077115,1.6809167,0.49877194,-1.1973857,-0.9541411,-0.3074141,-0.7432559,-0.57097965,0.8983955,-0.67105424,-0.070381895,1.0360487,-0.044033162
IND848210AAA,0.8139484,-0.28637704,1.2799679,-0.5005254,0.48302406,-1.3621916,-0.8338068,0.49306628,1.283662,0.16292109,0.5513717,0.42676964,0.8989547,0.30805528,0.13099058,-0.13529915,-0.38778722,0.8033305,0.65318274,1.7578316,0.3623214,0.7031108,-0.5614431,-0.47297964,-0.28909564,0.2638234,0.71700615,-0.6595595,-1.1851093,0.74512553,-0.36875036,0.20347457
IND493118AAC,2.134084,-0.49405208,0.8346665,-2.8410165,0.8571809,-1.0910897,-0.016314339,0.55726254,-0.8504436,-0.59184223,-0.30013523,0.13167144,-0.037189875,0.6332691,1.6581296,-0.95706785,-0.5490046,-0.71074575,0.55687255,0.5202681,0.7699759,1.2152517,0.05380598,0.14976744,0.07927667,-0.74956024,-0.4786745,-0.59016585,-0.37435037,0.4748348,-1.0023988,0.9981568
IND385320AAA,0.6900322,0.32715786,0.3919395,-0.67815924,0.6102954,-0.011288474,-0.5964274,-0.90950644,-0.7313591,-0.4901638,-0.29393944,0.9698395,-0.7676823,-0.16667573,0.6546805,-0.28765908,-0.7142664,-0.29686406,1.4293487,1.6528432,-0.13401094,0.9031295,-0.28222394,-0.6115139,-0.039708644,-0.21393013,-1.7180092,-0.014537626,-1.6001368,0.7474006,-0.48692116,1.2821517
IND711303AAA,1.1303904,1.016654,0.31862456,-0.3303438,0.39642024,0.031964988,-0.4976782,1.0837314,0.11637494,-0.39974228,-0.83776224,0.10733314,0.5505981,0.70459527,-0.42386538,-0.47910237,0.11276907,-0.04701585,1.0182595,2.1855266,0.8826513,1.4471753,-0.700987,-0.16216563,-0.22976638,-0.95874035,-0.38223127,-0.39918905,-1.7457782,-1.4782971,-0.52790356,0.59709036
IND403507AAB,0.39135343,1.1807184,0.71412975,-1.3529797,-0.25716022,-0.9490159,-1.4576828,-0.51066375,-0.36296508,-1.5370176,-0.0492036,1.4848878,-0.800798,0.5055158,0.40572184,1.0611422,0.17728916,1.2344651,0.09070522,0.38529092,-0.3760535,1.6582525,-0.6131714,-1.5899355,0.64586693,-0.062222403,0.94323766,-0.87834996,-0.4925899,-0.9377424,-0.398089,0.9145508
IND583101AAA,1.4058628,-0.3432416,0.3628187,-0.052465547,-0.20528008,0.5602914,0.23048826,0.08802372,-0.8229581,0.16395384,0.7538145,0.026739065,0.3270247,0.36732188,0.57792825,0.44922513,0.96131235,0.74658346,-0.09445992,1.2542102,-1.028683,0.029937968,-1.0343461,-0.93573844,0.9157522,-1.0699767,-0.48337358,-0.7314104,-0.86783046,-0.25997105,0.50324667,0.27567482
IND421302AAR,0.15977874,-0.17487007,0.09214827,-0.9881964,0.7485363,-0.6759844,-0.48450664,-0.09083388,-0.14657457,-0.28671193,0.6242408,1.7353811,0.8678325,0.6201385,1.6035228,0.0758212,0.7369298,0.5868745,-0.04307069,0.965159,1.7625328,0.66701066,-0.5072023,-1.1961854,1.4697874,0.46380764,-0.5908695,0.62126464,-0.61475307,0.033823065,0.46572214,0.42112273
IND485001AAC,0.4983016,0.001403237,1.1369363,-0.06007945,0.8026809,-1.130734,-0.2973407,-0.6567948,-0.34503186,0.7239937,0.39439258,1.6006329,0.15876333,-0.10090811,1.2905692,0.76982695,-1.5475777,0.26207078,0.48783854,1.5346106,-0.20883352,1.341464,-1.2357363,-0.33705053,-0.41878533,-1.1012068,-0.3499332,0.033733796,0.14417122,-0.30000255,-0.8825384,-0.36233145
IND396191AAB,-0.2802841,-0.1296198,0.32587713,-0.16222739,0.1692738,-0.033391796,-0.10017284,0.19049466,-0.63704693,-0.38757327,0.15697457,1.1014031,-0.08584158,-0.017764252,0.5981898,0.22104447,0.7169958,0.29251578,-0.02722083,0.71493983,1.2930018,-0.30089828,-0.94919044,-0.7298394,0.4697042,-0.42854622,-0.32903466,0.16280529,-0.5672096,-0.014423248,0.7111379,-0.49165878
IND211013AAA,0.06688194,-0.31803074,1.1405694,-0.8711876,0.9668629,-0.64710057,0.17318854,-0.21261913,-0.37373832,0.72694606,-0.13575383,1.0736932,0.17271718,0.09496259,1.3634179,0.9711216,-1.0661037,0.01574953,0.9559077,1.9949472,0.058956046,1.0360329,-1.0054182,0.13695855,-0.48808113,-1.1982261,0.08857597,0.14143653,0.096343175,-1.0466813,-0.53117394,-0.31571048
IND581314AAA,1.4083005,-0.2914355,0.57641816,-1.2861673,-0.17238307,-1.3453001,-0.50970817,-0.5552568,-0.7695954,-0.4453644,-0.012452226,0.28639817,0.11675022,-0.025444524,0.6444876,-0.9906776,0.8112688,1.3081607,0.7322211,1.306948,0.5729622,-0.27103418,-0.22434866,-0.28222045,1.7013901,0.48220214,0.3752856,-0.0058221794,-0.7764524,0.24542989,0.63756156,-0.2949609
IND736135AAA,1.4958687,-0.10020728,0.64465034,-1.3360815,0.35400876,-0.09301386,0.0019030584,0.22000211,-1.777847,1.2771618,0.047957394,1.0001554,0.67872465,1.5251571,1.9022789,-0.06649835,0.3604906,0.54334563,1.0998793,1.0687126,-0.9362325,0.23019363,-0.6134412,-0.9335244,-0.83047855,-1.5287356,0.5521311,0.459808,-1.7746062,-1.5081528,-1.3641529,0.42837468
IND302006AAA,1.220004,0.71435136,0.41108638,-0.08648366,-0.2527339,-1.6997696,-0.6212398,-0.05851342,0.11096904,-0.04114512,0.8657755,2.0429773,0.56460553,0.15419048,0.06441983,-0.17450888,-0.272186,0.18160339,0.17380525,1.1951939,-0.8071894,1.013455,0.0130250985,0.3676727,-0.041228715,-0.40798783,0.029083824,-0.5199077,-1.0792183,-1.2685264,1.0173697,0.2716039
IND331701AAA,0.9488445,-0.40049878,1.4437263,0.50131565,1.249335,-0.37711105,0.029385906,-0.034886386,0.13636924,-0.22485274,0.0507134,0.30391788,0.11340982,1.4358779,-0.09971313,-0.13483131,-0.13683033,0.26790634,0.73583984,1.2705945,0.6034309,0.005694837,-0.58721614,-0.33953595,-0.70760685,-1.1222976,0.20849848,0.6735085,-0.61596495,0.85835284,1.4683384,-0.0855336
IND110044AAB,0.1416279,-0.47408816,1.4098788,-0.18280588,0.4134397,-0.9451053,-0.15427291,0.28097913,-0.124521196,-0.23899785,-0.027808,0.768114,-0.61247003,0.07947741,-0.11932704,-0.13841222,-0.05429455,-0.17019996,-0.35849664,0.472213,0.76625633,0.091031715,-0.49904943,-0.31587628,-0.19949132,-1.115367,-0.30201176,-0.080024906,-0.2463156,0.32101673,-0.4483841,-0.630098
IND781335AAA,1.4106323,-0.13255624,0.5298164,-0.34868035,0.8862396,-0.48780096,-0.8701404,1.0728172,-0.2584732,-0.71695393,0.038762856,1.7448246,-1.1404564,0.7431851,1.1174608,0.45721987,1.5389892,-0.2780887,-0.24867895,0.08377683,0.7141928,0.92338353,0.2581452,-0.22646438,-0.2702692,-0.62242454,-0.6008841,-0.78973144,-0.755459,-0.46436566,-0.8302559,0.1510819
IND110085AAB,-0.045343522,-0.8405861,1.1438156,-0.45721582,0.51114744,-0.35299855,-0.79282683,-0.47343528,0.43107516,-0.73454404,0.52557224,0.9399941,0.14879455,0.39054468,-0.3670378,0.845389,0.42237493,0.39345354,-0.49701545,0.28681374,0.5010562,0.17951807,-0.8404687,-0.2668496,-0.4756191,-0.92281157,-0.0850499,-0.11446316,-0.807095,0.42790064,0.5731454,-0.2882237
IND756019AAA,2.3817012,-1.0652548,0.5644455,-0.23871514,0.48199946,-0.28299037,0.28366852,-0.6042416,0.38558498,-0.17136033,-0.57749444,0.67635715,0.032782353,-0.2509052,1.1116076,0.12120581,0.21294537,0.3124301,0.59537315,0.55592126,0.7703146,0.16721483,-1.1654655,-0.82279444,-0.46049798,-0.009185778,0.41143894,-1.3527678,0.13327765,-0.64802235,0.58081996,-0.8977535
IND562132AAA,0.6605602,-0.10723679,0.29612297,-0.30792832,0.1995388,0.10104618,0.33838302,-0.19149023,-0.5417693,-0.7495565,0.25633645,-0.12876248,-0.035359014,-0.08473524,0.08003113,-0.06319061,0.7691436,0.59487295,-0.049828682,0.91674703,0.050530266,-0.30802223,-0.6453088,-0.30600905,0.22164166,-0.5675629,-0.20029964,-0.43846428,-0.16996303,-0.0035780896,0.17523514,-0.24792278
IND505172AAA,0.4622904,0.58100957,1.2704755,0.0038286126,-0.084050335,-0.22287765,0.05571701,-1.0859553,-0.96277165,0.098210394,-0.42285934,0.52867925,0.2729921,1.0477355,0.68560606,-0.37788484,0.48751703,-0.5756513,-0.8553219,1.1685022,0.82483184,0.44628975,-0.114568666,0.31565273,0.56166404,-0.93643254,0.0060209557,-0.43214694,-0.4158032,-1.421806,0.3925519,1.0013888
IND383255AAB,0.44711557,0.23007298,0.4433591,-0.5122993,0.8502937,0.055254586,-0.52158046,-0.6390049,-1.0459582,-0.5531819,-0.33066225,0.85758275,-0.87951225,-0.2692483,0.63898414,-0.45990315,-0.52276945,-0.603591,0.90997297,1.5453578,0.17164189,0.51253945,-0.29662383,-0.9562378,-0.15800554,-0.17480086,-1.5052757,-0.02512788,-1.4618787,0.50438017,-0.69652176,0.9292082
IND757001AAA,2.7405105,-1.0647811,0.72465956,-0.4754415,0.33938488,-0.26072964,0.4382768,-0.86269003,0.5418064,-0.34425834,-0.69305325,0.5268086,0.04569391,-0.03811321,1.4276077,0.32319155,0.1481624,0.3272319,1.2274247,0.9548057,0.5393138,0.41945118,-1.1914523,-0.8329054,-0.7799908,0.24276191,0.48177454,-1.4836686,0.102343775,-0.5270563,0.45391607,-0.77642244
IND586128AAA,0.55096036,0.26882517,0.7779822,-0.6832273,0.55176735,-0.0813201,0.40149,-0.37978315,-0.09752919,-0.32404816,0.9159679,0.67085385,-1.6302935,0.1418472,1.2621342,-0.27700144,-0.10009016,0.09141202,0.40390864,1.5997176,0.9080344,0.915547,0.23641591,0.10878647,1.3523132,-0.96638393,-0.008247822,-0.3959276,0.25673983,-1.3810755,0.6867423,0.6845336
IND276140AAA,0.87266886,0.511824,1.0274433,-1.8168713,0.6350509,-1.743045,-0.40772933,-0.9225588,-0.22488482,-1.1068958,0.18037936,0.44546086,-0.03543549,1.7391416,1.1699616,-0.12952368,-0.2992719,-0.55648345,0.4788967,-0.011485085,0.47542682,1.9189365,0.07820639,0.29167023,-0.048559822,0.91636664,0.12698428,-0.6878115,-1.339713,-0.03191907,0.8813961,0.39409307
IND560085AAA,0.8437257,0.58754766,0.28161696,-0.59461075,0.14437439,-0.07232267,0.56929916,-0.2661152,-0.5832317,-1.0469309,0.31520873,-0.2005061,-0.11063896,-0.16836534,0.42173555,0.07568469,0.7931512,0.5371466,-0.0394228,1.274318,-0.09601641,-0.26507682,-0.6979883,-0.6753383,0.06808103,-0.4346482,-0.52045864,-0.8679174,-0.31647,0.18836004,-0.012159595,-0.17351633
IND502295AAA,0.8382761,1.1731051,0.86948884,-0.5265524,0.75913435,0.30600178,0.087418005,-0.72548395,-1.0849696,-1.2972304,0.2676363,0.5598315,0.042989235,0.8752383,1.1558219,0.6012685,-0.76434565,-0.9865571,-1.0872276,0.89579296,-0.29103234,-0.3477977,-0.41112396,-0.610469,0.41058674,-1.2137258,0.1430522,-0.19014458,-0.6749058,-0.94638586,0.6356228,0.061494365
IND000000ADV,0.7940253,1.300577,1.4554805,-0.69940555,-0.8906852,-0.82308537,-0.37245297,-0.23585111,-0.88788366,0.554927,-0.26251733,1.5123998,-0.17285511,0.4124205,0.13422236,-0.4690917,-0.17921038,0.5369355,0.28129265,0.9186322,0.93770075,0.19350782,-0.030143395,0.18357578,-0.6163983,-0.5004273,-1.0115846,-1.7889204,-1.8608366,-1.2431053,-1.2145671,-0.6713765
IND826004AAA,0.2628859,-0.3093263,0.9031684,-0.8082474,0.812053,0.07848458,0.10468379,-0.2656594,-0.05260695,0.06743851,-0.43658766,1.0624678,-0.27826732,-0.50906795,1.1208819,0.31599182,-0.10963199,-0.17198645,0.13936141,1.1678602,1.0950055,0.24566017,-0.83355814,0.13060695,-1.2396413,0.01857408,0.93910295,0.10399055,-0.81470263,-0.16267684,0.29558277,-0.71955144
IND523002AAA,1.0435884,0.2296765,1.1963444,-0.04669812,0.019389138,-0.4366073,1.1395133,-0.050658297,0.21483546,-0.77504164,0.4996837,1.0340468,-0.3054554,-0.07543289,0.58614033,0.47272107,-0.2331004,0.36252305,-0.37599257,1.0667665,0.2648968,-0.61337626,-0.380691,0.23926283,1.0952624,-0.9851484,0.15581891,-0.73151505,-0.37557983,-0.97991663,-0.40100455,0.6721764
IND148024AAB,0.78418344,-1.3724172,0.577215,-0.96200484,0.34111243,0.029076977,0.7381087,-0.16826363,-0.41376323,0.3219621,0.69987464,1.0233942,-0.41529676,0.5704554,-1.0822048,0.9006357,0.1754519,-0.22479782,1.698754,0.7388704,0.38789415,1.0379223,-1.0402676,-0.656391,0.48104677,-0.83787376,-0.068195805,-1.6196904,-0.43957564,-0.35624078,0.12236076,1.0064521
IND843109AAB,0.85447615,-0.20890455,1.2178383,-0.15402247,0.28049278,-1.4451169,-0.96233964,0.17152242,1.1089736,-0.28191823,0.7233753,0.28424144,0.47007716,0.20287783,0.09039865,-0.016927252,-0.31479004,0.706109,0.59544426,1.4352788,0.6837561,0.7768804,-0.89184946,-0.94398534,-0.60936946,0.5771682,0.28662017,-0.35174814,-1.6331917,0.6734913,-0.29944754,0.5165684
IND788806AAA,1.377538,-0.9302427,-0.46492645,-1.3912687,0.32430348,-1.4979348,-0.68911517,0.65843457,-0.41174787,-0.42239362,-0.5046593,2.0205638,-1.0976596,1.2369063,0.6152171,1.0625443,0.59523755,0.05296162,0.13411331,0.44259325,0.020646188,0.5013129,-0.4035549,0.06788862,-0.7107097,-0.2745301,-0.04892614,-0.35007933,-0.9890974,0.057869114,0.089725785,-0.31735823
IND504201AAA,0.6968337,0.91760576,1.6025083,-0.01658212,0.24402146,-0.7629049,-0.2712273,-0.67140496,-0.21681592,0.27339715,-0.15627366,0.9772573,0.20919648,1.2079239,0.66335344,-0.82909614,1.0455238,-0.9372382,-0.72181773,1.2221724,1.1800817,0.4048017,-0.80499953,0.30505326,0.91903514,-0.96489984,0.066471316,-1.0702598,0.011711338,-1.4516937,0.13603348,1.0428764
IND477001AAA,1.0763552,-0.39033,1.159299,0.53487486,0.47581583,-1.2147323,-1.0013409,-0.68035567,-0.37727818,0.24616764,0.7757953,1.225626,0.20845018,0.11647556,0.76669884,0.8189642,-1.2364751,0.7488636,-0.45534137,0.83158463,0.025130568,0.5284361,-1.6350424,-0.7867907,-0.7626017,-0.69656825,-0.3331632,-0.17548454,-0.37445298,0.24830683,-0.29203916,-0.4638845
IND123001AAA,-0.3311272,-0.23350094,1.7952695,-0.298625,1.4083889,-0.3003951,-0.40747222,0.22728677,0.48686197,0.19702214,0.40960112,1.09614,0.5934055,0.102683224,0.23889144,-0.26276362,-0.6637022,0.7591767,0.5279949,1.2252946,0.3277102,-0.059258908,-1.4011226,-0.17188397,0.59823453,-0.65774494,-0.33203965,-1.6283572,-1.2313868,0.11117504,0.0008002154,-1.2362124
IND624101AAA,2.2123501,0.1716181,-0.50609154,-1.0968145,-4.0387866e-05,-0.422703,-1.003404,-0.6645969,-0.01673432,0.29999664,-0.75284284,1.9977664,0.36832845,-0.50020915,0.34421754,-0.62301725,0.29196608,0.37658516,0.47420168,1.7490671,0.6928407,0.6898561,-0.12491283,-1.0374173,-0.039080627,-0.32659414,-0.12305101,-0.6088042,-0.12106428,-1.2604496,-0.16947246,1.6918244
IND756100AAC,1.2885525,-0.93686396,1.137167,-0.13280243,0.6419865,0.3682642,-0.59015995,-0.23318794,0.7618972,-1.0721627,0.6337295,0.36209393,0.89703697,0.46999592,0.9229707,0.22529952,0.58964133,0.23701517,0.20701647,0.45316356,-0.120432034,0.13015264,-1.6933426,0.04998113,0.89187086,-0.048210073,0.40737563,-0.56113964,-1.5738577,-1.1954757,-0.04089084,0.2581704
IND700053AAA,1.2390326,-0.48031104,0.5259124,0.20711051,0.29530102,0.52395844,-0.25438246,0.18380614,-0.13795982,-1.1772538,-0.6712122,1.1106957,0.053932548,0.21158732,0.9220517,0.8022234,0.49596044,0.18972027,0.07432457,0.81471217,1.3290927,-0.40517026,-0.67393726,-0.15747488,-0.9928637,-0.28548586,0.98966914,-0.6416312,-0.70611495,-0.45053592,0.66069573,-0.06655144
IND421004AAA,0.18915874,-0.12595165,-0.055179715,-0.67776483,0.7325456,-0.56884927,-0.5261312,0.05987435,0.12674794,-0.42996955,0.6443034,1.8770688,1.000375,0.82931185,1.6820166,0.14853996,0.84788775,0.49698836,0.0278811,1.3487995,1.6734627,0.82340026,-0.41977337,-1.1209463,1.3597741,0.45521343,-0.5325796,0.41568348,-0.59171677,-0.06722956,0.5166291,0.35716715
IND802213AAB,0.54966265,-0.8030526,0.90429443,-1.1856272,0.58452594,-0.269355,-0.11708416,-0.22596109,0.041387655,-0.42788866,-0.94265276,0.21959782,-0.6794931,0.69201607,1.534976,-0.123777896,-1.2819048,0.20858033,-0.1385366,2.3895566,0.38000152,0.5621767,-1.2061256,-0.1336858,-0.6985908,-1.0978571,0.033449512,-0.7613836,0.28614557,1.0724,0.3519913,0.53831387
IND302020AAA,1.2092952,0.72345084,0.44721866,-0.04926844,-0.25270402,-1.7114651,-0.6577244,-0.0724868,0.152435,-0.035969555,0.9178443,2.0457048,0.55758387,0.17729376,0.09269042,-0.13992743,-0.30175397,0.18807492,0.19643313,1.2290415,-0.80863845,1.0261589,0.065607786,0.38866967,-0.07721047,-0.36588174,-0.0037097237,-0.55426836,-1.1394058,-1.1932021,1.0768615,0.254792
IND803212AAB,1.3561407,0.7956788,1.1975487,-1.6617603,0.3716514,-0.2585121,1.0165313,-0.06553947,-0.13269912,-0.6681447,-0.13391796,1.7397681,-0.14667448,0.07474687,-0.5929929,-0.29287162,0.46882114,0.05633344,0.5973375,1.4151965,1.0661212,1.4740169,-0.2891542,0.5417714,-0.54242647,0.54997885,0.9302664,0.9779402,-1.5387819,-0.84858406,-0.42858368,1.556336
IND695541AAA,1.5243517,0.95566475,0.64217806,-1.0367641,0.21254621,-2.018171,-0.0071268566,0.6746479,-1.1628201,-0.87585795,0.29452965,1.266399,0.8417869,0.010947816,0.8328311,0.1570689,-0.4486885,-0.015161956,1.4741659,1.1521664,-0.095312096,0.42048195,0.46024546,-0.6847363,0.10284269,-0.55226123,0.1473794,0.017226772,-0.27505133,0.7261956,0.04569782,1.5371358
IND246149AAA,0.76245826,-0.86689,1.1470174,-0.39698738,0.053139683,-0.7605585,0.6579039,0.14805478,-0.5400431,0.38858914,0.3970515,1.7394947,-0.24997279,0.43346646,-0.68671376,-0.24029082,-0.33962652,-0.080886,0.24107689,-0.4420205,0.21358415,1.0014962,-1.2783535,-1.1037297,0.6876082,-1.0266155,-0.123663686,0.15635179,-0.9032379,-0.25713828,0.07132143,-0.17861052
IND623701AAA,2.3135066,0.042315107,-0.5357712,-1.0861393,0.42136845,-0.6450094,-0.66675824,-0.8369003,0.24341822,0.80528957,0.3597711,0.675635,-0.2556441,0.05272216,0.056826014,0.37741834,-0.20970024,-0.97133434,-0.1726923,1.5787419,0.12631816,2.112011,-1.0605159,-0.10794899,0.020895373,-0.29175222,0.38797545,-0.909255,-1.7554144,0.04732064,-0.13539396,1.504438
IND231208AAA,0.05915392,-0.26707938,0.47067004,-2.3053145,-0.39251363,-0.58854866,-1.1166711,-1.5383245,-0.35884026,-0.5369146,0.279826,0.97302574,-0.8099621,1.2577578,-0.5419099,-0.224224,0.625559,0.075944275,1.8017831,0.8939096,0.2398256,1.3393477,-0.33622903,-0.16428508,-0.6773494,-0.9369708,0.8760487,0.053065516,-1.2977821,-0.68463814,0.31011093,0.5624319
IND122002AAD,0.6612051,-1.1631587,2.1351526,-0.63341767,0.61980546,-0.57384217,-0.9363695,-1.2027825,0.19864571,-0.060373027,-0.2137135,0.68756914,-0.37370613,1.7044492,1.0545797,-0.4783419,-0.63612,0.07051956,0.4222019,0.15524875,0.2075402,0.0853121,-1.4972327,0.5886565,-0.18560824,-0.5793462,-0.27189952,-0.30926245,-0.6801733,0.21585155,0.05145013,-0.45618823
IND784168AAB,1.0342656,-0.53692544,0.26575252,-0.859683,1.0325928,-0.25895825,-0.2422304,0.44246408,0.5471313,-0.27727902,-0.6732495,1.8523971,-1.1252286,0.9445761,-0.04522996,0.067208335,0.8267393,0.44784302,0.33485508,0.33734313,0.4374002,0.5738663,0.034633067,-0.3607719,-0.8725038,0.21467113,0.13119575,-1.0810478,-0.5708784,-0.48329145,0.45302257,-0.23331942
IND824101AAA,0.5391771,-0.04649563,0.9801383,-1.2288728,1.0579689,-0.3019561,-0.16433604,-0.11476313,0.4452212,0.11294162,-0.5052686,0.22601584,-0.56187034,1.0675596,1.3574996,-0.34556925,-0.7536027,0.07710696,-0.068157926,2.3773017,0.92733604,0.28333926,-0.9857818,-0.22033341,-0.5090612,-1.277975,0.09793313,-0.09780029,0.4208066,1.3068838,0.866149,0.9295207
IND282002AAD,0.5534793,-0.14464223,1.2275128,0.10510051,0.9087848,-0.26521146,-0.47361138,-0.35678324,-0.15761149,0.03275208,0.18741663,0.89362234,-0.28036794,0.57573617,0.38194042,0.39557686,-0.41182193,0.40326118,-0.9624705,0.46577102,0.18164527,0.17140624,-0.62471735,-0.92946184,-0.5026481,-0.4215571,-0.3229017,-0.11792628,-0.21653181,0.7318478,-0.4127076,-0.30489957
IND733129AAB,2.1492085,-0.2494451,0.8322441,-0.34503195,0.36446863,1.3554598,0.6597274,-0.02093563,-0.5748216,-0.92349565,0.15781634,1.3075705,0.24408275,0.12465371,0.2740019,1.1128466,0.1435511,-0.8632217,-0.26087302,0.7708803,0.022772057,1.0783523,-1.0926548,-1.2483174,-1.1735985,-0.09325309,0.87637985,-0.8733272,-1.2207655,-0.7753475,0.121045925,0.2136851
IND480106AAA,1.149019,0.3270157,0.7667069,-1.4083642,-0.57639194,0.37966695,-0.07371881,-0.79085845,-1.4269803,0.22680987,-0.537289,1.6393222,-0.477356,2.2381132,-0.09126866,-0.5374778,-0.19194908,1.0145067,-0.2757198,0.50683415,-0.2921565,1.253867,0.2515498,-0.19445728,-0.19309255,-0.24831045,-0.4374354,0.3865232,-1.6816021,0.18855062,0.41235858,1.2538326
IND758001AAA,1.2620088,-1.1156523,1.3501284,-0.30328795,0.5232954,-0.013631942,-0.2866071,-0.17153452,0.8573482,-1.1343727,0.56443626,0.6739704,1.1252637,0.3338729,0.9052242,0.18900856,0.48224303,0.021518452,0.11249797,0.6410619,0.056335784,0.3077338,-2.1235025,-0.013113791,0.9109164,0.2788718,0.49033648,-0.5647384,-1.6096193,-1.5809963,0.067662574,0.7751425
IND474003AAA,0.7670317,-0.14277029,0.79980266,0.4831149,0.74383676,-0.8016106,-0.76124835,-0.4880443,-0.32229978,0.1697812,0.58488303,1.2598895,0.3750724,-0.06338483,0.82866096,0.7699108,-0.7047641,0.6818134,-0.6268844,0.6383061,0.16913652,0.36497447,-1.2774674,-0.7029607,-0.3448289,-0.72842085,-0.17899196,-0.27484176,-0.07084486,0.46928695,-0.43716443,-0.37953004
IND396232AAA,-0.5266836,-0.29940954,1.4536449,-1.1641922,0.15032354,0.4013453,-0.09170761,-0.11833772,-2.1663523,-0.6851106,-0.09476636,1.0131112,-0.19759434,-0.0093162805,0.7083207,0.674592,0.655112,-0.011897941,0.2227429,0.19312012,0.7332018,-0.13423349,-0.4155957,-1.1283807,0.65140253,-0.36421856,-0.752485,-0.3710614,-0.5634099,0.3803945,0.53647095,0.24268565
IND333031AAA,0.8080118,-1.033028,1.4573835,-1.6333964,-0.35107893,-0.087567136,-0.09707166,-0.8826282,-1.1853735,-1.3448884,-0.501615,0.6307644,0.3773913,1.0787287,0.011905161,-0.12643465,-0.6134835,-0.021492107,0.15756619,1.3731831,-0.56755435,1.261932,0.04197406,-0.87341964,-0.41026518,-0.09357058,-0.8555983,0.4413312,0.037038226,-1.0020475,1.0479821,-0.40501603
IND602024AAA,0.6605238,0.43822652,0.42082605,0.053234518,0.14346363,-0.5610968,0.29188007,-0.4622595,-0.5651617,-1.2261189,0.029228808,1.3627534,-0.86221516,0.83762413,0.51011217,-0.109115645,0.23974463,1.3423791,-0.4539654,1.088691,-0.15386318,-0.51698124,-0.47361234,0.11990393,0.089187115,-1.6392342,0.04127759,-0.83923936,-0.29788557,0.68457097,0.13846652,1.5699683
IND201301AAM,0.52089006,-0.570849,1.0961062,0.37717456,0.38511813,-0.15160736,-0.1932815,-0.3213909,-0.034218106,-0.59431064,0.07971322,0.5299824,-0.21183778,-0.03653457,0.08486251,-0.15024868,-0.35503495,0.10017769,-0.37167346,0.7242607,0.38708714,0.0737077,-1.0879312,-0.036180295,0.24550292,-0.33939227,-0.094909765,0.21964145,-0.5275288,0.72726285,0.17069826,-0.46624735
IND202001AAC,0.55130476,0.6999218,1.523081,-0.5235297,1.3504764,-0.8031004,0.67723346,-1.8185508,0.12879308,0.31590563,0.045800567,1.9725076,-0.08581347,1.1345448,0.40647972,0.16854003,-0.657582,1.3132743,-0.4237799,0.7405073,0.7568376,0.8325809,0.24203978,-0.8879453,-0.22860186,0.17760403,-0.226938,-0.6581425,-0.852507,0.99900204,-0.7968366,-0.106791236
IND827013AAA,0.28324696,-0.07272824,0.82642734,-0.088907994,0.41149023,-0.094720505,0.26119778,-0.67062944,-0.53384477,-0.2663913,0.31844088,1.1628962,-0.35275778,-0.007227885,0.8101529,-0.14658116,-0.11880711,-0.10416749,0.27111703,0.88779265,1.1349435,-0.5764324,-1.5138766,-0.77126,-1.142248,0.23015493,0.4538679,0.022709247,-0.70924234,0.26646674,0.80330914,-0.5923791
IND303002AAA,0.040667146,-0.33753446,1.1406543,-1.420181,0.57115704,-0.31792307,0.19077067,-0.20148613,-0.16666877,-0.9292462,-0.048166145,0.17092437,0.6181107,0.31497806,-0.16892889,-0.33577272,-0.23366053,0.1887828,-0.6798809,1.6307662,-0.42955586,0.014138632,-0.63000774,-1.0293137,-0.4036268,-0.112860106,-0.4630786,-0.30333188,-0.43740636,0.27736044,-0.28018954,-0.9331447
IND401501AAA,-0.17927879,1.436899,0.8363499,-0.9537538,-0.6701919,-1.3951528,-0.35350782,-1.1247786,-0.16185562,0.40473822,1.3302292,2.289802,-0.8698009,0.16271915,1.6352288,-0.04663723,0.9308696,-0.390719,-0.60146904,1.342746,0.11780481,2.2083333,-0.31215858,-0.08831221,-0.36991364,-0.9891241,-0.94566065,-0.89084667,-1.4334915,-0.16678363,-0.6350677,-0.21161732
IND764059AAA,0.56557065,0.49129367,-0.019201206,-1.2204016,0.6377675,0.23325272,0.2869367,-0.53234285,-0.28202716,-1.7758654,0.2064149,1.2006955,0.025129234,0.7283144,0.852079,-0.42758405,0.27952483,1.0165917,-0.7109094,0.68630767,-0.1480521,0.37690568,-0.6469231,0.57126886,0.9828177,-0.6502818,1.0066261,-0.08682333,-1.1768184,-0.62596685,0.37069333,1.2052734
IND224001AAA,0.37166074,-0.9482791,0.116493806,-0.75543565,-0.005075533,0.17370677,-0.82141477,-0.34998935,0.5727237,-0.049078744,0.40628958,1.7089027,-0.14185965,0.34632957,0.08002923,-1.9352332,-0.37090424,1.7292519,0.37228167,1.6332983,0.886305,2.2028224,-0.49779737,-0.24455833,0.7456967,-0.70413435,-0.14390133,-0.9241556,-1.5212822,-0.8411223,-0.44013828,0.88512456
IND231216AAA,0.48949513,-0.22284894,0.6213701,-2.2158391,0.15558818,-1.1780132,-1.062398,-1.0481893,-0.091395244,0.13847215,0.12755115,0.421424,-0.6851342,0.9037245,0.3308084,-0.31792378,0.9084137,0.7439001,1.9017391,0.66605043,0.06419956,0.9842662,-0.23181227,-0.71678156,-1.1055334,-0.8684153,1.1070242,0.1130362,-0.9075017,-1.3069706,0.7884333,0.60910606
IND360510AAB,1.1974072,-0.44201648,0.9609617,-0.9408272,-0.33629143,-0.7978401,0.9005289,-0.28446308,0.4034573,1.0654169,-0.522392,0.80214417,0.9588413,1.138181,1.1800548,0.5823626,0.29710343,-0.051002685,1.4849111,1.4094481,0.50339365,0.26261088,-0.50958353,-0.23815502,0.0070952955,-1.0524617,-1.6454815,-0.5073009,-1.7083082,0.03747896,-0.66686946,0.77312446
IND382721AAA,-0.21021059,0.44496506,0.87258756,-0.068964265,-0.053578906,0.37024632,-0.98923224,0.2194546,-0.42960787,-0.38945162,-0.40580162,0.74405634,-0.37954265,0.12524778,0.72157013,-0.0055942074,-0.51655376,-0.1330398,-0.03170849,1.3526871,0.19742912,0.13999636,-0.90305406,-0.9319145,-0.036980707,-0.30479407,-1.0877035,0.39700845,-1.7043217,0.23679136,0.31475362,-0.022013666
IND508377AAB,0.54836076,0.63847435,0.5403328,0.19468826,0.4004893,-0.28800985,-0.14484264,-1.10069,-0.5704813,-0.47707456,0.5163406,0.8071245,-0.55995566,0.08151361,1.1859598,0.48226166,0.65532154,-0.11881896,-0.4478461,0.78408283,0.64676464,-0.27367833,-0.3217062,0.72121304,0.36192238,-0.5315704,0.68250316,-0.5717834,-0.5508966,-0.7590035,-0.03925393,-0.08549894
IND516269AAA,1.6597711,0.41722813,1.0648433,-1.0572771,0.10558386,0.114002325,0.20282745,-0.28678337,-0.7502542,0.6021126,1.1119543,0.33990586,-0.6432555,-0.44442508,-0.31888402,0.76276916,0.7331429,0.12680414,-0.48167518,1.3879676,-0.00053695135,0.031412944,-0.7061691,0.9617816,0.44321546,-1.2737873,0.055802856,-0.5092408,-1.1473007,-1.0698224,0.31509098,-0.49670246
IND431517AAB,0.67338866,-0.15168396,0.6905156,-1.1199832,-0.03397385,-0.36567253,-0.64056534,-1.0681411,-0.2256532,-0.27247572,-0.004637438,-0.18081276,-0.12868558,0.38719684,0.73998713,-0.055809043,0.37716854,-0.5483101,-0.50856847,0.6508819,1.0474267,-0.3960143,-0.676065,-1.1180992,1.3559885,-0.577762,-0.09380831,0.31676915,-0.99727154,-0.21481909,0.2532162,0.04292397
IND695012AAA,1.712221,1.0368389,0.45518228,-1.033732,0.18276845,-1.7415329,0.35359874,0.76824516,-1.0311503,-1.0030758,0.06460939,1.2495637,1.0485891,0.03555436,0.48825386,0.34121862,-0.30057475,-0.05697354,1.2087507,1.3481219,-0.00096904853,0.40838557,0.36800098,-0.6788602,0.15553358,-0.47303656,0.23945054,-0.17912087,-0.21450189,0.6261623,-0.03324938,1.5082508
IND445001AAB,1.2279232,0.016831877,1.024494,-0.9498744,0.27045855,-0.49390376,-0.23356274,-0.20390679,-0.7325836,-0.37913832,0.25237262,1.1661824,0.081249505,0.76282156,0.6195077,0.02071659,-0.0038695505,0.4405157,0.32335097,1.1545489,0.30839851,0.9132625,-0.5887468,-0.3099556,-0.16767974,-0.57626766,-0.016359515,-0.5523931,-0.8925055,-0.3213289,0.2540509,0.3238728
IND560043AAC,0.7213207,0.68048,0.5012415,-0.9695171,0.09274997,-0.542696,0.3609972,-0.55838835,-0.7795644,-0.8292448,0.46927294,-0.1763639,0.0787935,-0.13016497,0.5179098,-0.099223934,1.204183,0.4170844,0.03492017,0.53911173,-0.29266486,-0.3133274,-1.0660875,-0.78286,0.23211996,-0.53091955,-0.21123384,-1.0439988,-0.044442963,-0.114621,0.6668511,0.3547076
IND343029AAB,-0.2850449,-0.7924487,2.0727832,-1.3889883,-0.29769987,-0.6579609,-0.6795174,0.038817108,-0.5337604,-1.5629665,-0.30867586,1.239395,0.1783524,-0.30768105,0.082628995,-0.8507818,-0.6954697,0.73749316,-0.48331857,1.8360572,-0.34938532,0.80240655,0.3977423,-1.1711878,0.20491073,0.5188809,-0.13908622,-1.5985334,-0.9251873,-0.27699703,-0.11658612,0.48837137
IND462042AAA,0.03103576,-0.3450601,0.8473677,-0.23555984,0.89992607,-0.40984622,0.2190229,0.35774317,-0.74588263,-0.41802406,0.39534456,-0.37452915,-0.047709346,0.020145541,1.3207839,0.6444463,0.31257305,0.34816378,-0.759327,1.3554689,0.12058704,-0.21998954,-0.068258725,-0.50445944,-0.26468825,-0.39926463,-0.1656642,-0.022441411,-0.748856,-0.2811971,1.1390245,-0.19875476
IND124141AAA,-0.119360544,-0.25144547,1.6026771,-0.05866829,0.5332325,-0.57837796,0.18773423,-0.45954078,0.09091125,-0.87877876,0.35791445,0.1838523,0.1138242,0.3094596,-0.0040028556,0.22617477,-0.45045954,0.40951693,-0.22449385,0.65624094,0.2449722,-0.25709787,-1.0134033,-0.35948184,0.17849752,-0.48872176,0.29388365,0.2499346,-0.7085625,0.40120652,0.13240485,-0.2779176
IND000000AAL,0.41606465,0.08455349,0.68195593,-0.46096167,-0.22037043,-0.6440581,-0.34217662,-0.71142316,-0.444722,-0.29846212,0.16832204,0.27754456,-0.45398363,0.5739125,0.25003186,0.20143984,0.42349207,0.09190076,-0.11168299,0.5067114,0.77411705,-0.7524612,-0.42793557,-0.8563445,1.3093358,-0.24977863,0.028939262,0.17349137,-1.0188156,0.08714289,0.15647349,-0.17857204
IND416012AAA,0.8267158,0.33331877,1.1265413,-0.8732397,0.009547647,0.11591546,-0.94250876,-0.2576349,-0.9413245,-0.21959805,-0.04692672,0.055421967,-0.35865876,0.6113946,0.05229124,0.19845992,1.0229996,0.14150758,0.3257176,1.0887083,0.14813651,-1.0618954,-0.50329465,-1.0143772,0.5311358,-0.72930557,-0.17360924,0.07938406,-0.4692299,-0.060213726,-0.10910494,-0.042482823
IND148028AAA,0.7257024,-1.1250441,0.7886629,-1.1271963,0.9499406,0.09082543,0.8046438,0.15214951,-0.43205032,0.105891295,0.5636106,0.83162355,-0.0139590055,0.76695055,-1.296044,0.37986434,0.24535081,0.26037657,1.3711883,0.7108937,0.82142293,0.7120659,-1.3559135,-0.61599356,0.17432241,-0.49586576,-0.38691267,-1.0556444,-0.27413687,0.015861252,0.20424092,0.8089879
IND401104AAA,0.5602505,-0.025894668,0.8414214,-0.32776773,0.45098764,0.08390488,-0.22331128,0.03741772,-0.45645508,0.12973446,0.27290353,1.1181091,0.09971673,-0.42619616,0.723367,0.3463558,0.1553546,-0.02145158,0.012060996,0.68512,1.7165127,0.008432192,-0.5765622,-1.3189858,0.6727804,0.09422174,-1.0450765,0.12817407,-0.63881,-0.59755003,1.1206003,-0.02052767
IND533201AAA,0.79015654,0.0031094386,1.0332038,-0.90606177,0.91774696,0.26522598,0.19914818,-0.80403197,-0.457501,-1.0384309,-0.3173897,0.85878456,0.27415648,-0.082147494,1.1124747,-0.6642596,-0.6976361,0.59157,-0.08525838,0.42383444,0.12582645,0.22933705,-0.13847256,0.8694625,1.5570805,-1.1076293,0.33784375,-0.669306,-1.094492,-0.9974884,0.8888041,0.14421189
IND688524AAA,1.7011783,0.61662817,0.026155222,-1.2890211,0.5959207,-1.0004057,0.490091,0.45535108,-1.0202854,-0.9354631,-0.03881695,0.01605557,0.42448616,-0.33345756,-0.41262284,0.8793821,0.2954838,0.5443884,0.2767726,0.9582687,-0.0728977,-0.112991825,-0.4174959,-0.33097675,-0.03127242,-0.5132133,-0.4067039,-0.39846462,-0.43942082,0.14538778,0.66693497,0.65264213
IND847226AAA,0.638893,-0.49160382,1.3744531,-0.63173205,0.21568395,-1.5854452,-0.85066396,0.039578825,1.166521,-0.3069108,0.7443815,0.556256,0.2512814,-0.25057295,-0.09566278,-0.1165755,-0.11265523,0.39913177,0.38198963,1.4795496,0.7691471,0.29108828,-0.84706056,-0.5803838,-0.54773486,0.20392178,0.85847265,-0.55485207,-1.561062,0.6374501,-0.39647377,0.32627568
IND140501AAA,0.91882414,-0.54158753,1.0121754,-0.41234052,0.64503306,-0.49002382,0.44758707,-0.35967717,-1.2326461,-0.03893982,0.8781128,0.24946375,-0.5684314,0.65,-1.0423281,-0.08971664,0.0133171,0.3427076,0.44650257,0.76617134,0.7647953,0.6048855,-1.1618974,-0.48669437,0.4659356,-0.35644844,-0.7850789,-0.78728473,0.24173526,0.01718573,-0.01148634,-0.2816386
IND786602AAA,0.6813286,-0.16168854,0.58070976,-0.67489547,-0.04196933,-0.7367139,0.106353216,0.03182466,-0.19087595,0.36502817,-0.042784736,1.8978645,0.09596054,1.3467463,0.5269376,-0.70968413,1.6445309,-0.34909686,0.46605808,1.0059271,0.38251662,0.9266139,0.6606256,-0.2807038,-0.7622479,-0.59829146,0.17842217,-0.7754777,-1.3609987,0.7734468,-0.2048607,0.11586158
IND627005AAA,1.1652868,-1.2120473,0.6903392,-1.0872675,-0.26288316,-1.3257071,-1.6533849,-0.35457748,-1.6882263,-0.4683727,1.6853995,1.9810886,-0.5930149,0.27326956,0.31213337,-0.02780721,-0.6090396,0.6109335,-0.22075535,0.8653194,1.1207583,0.85528517,0.9668649,-0.058144473,-0.25624782,0.3051737,-0.06852958,-1.1787761,-1.1102087,-0.64793456,1.355683,1.138514
IND424201AAA,0.56031173,0.02005584,0.9179767,-1.0561117,0.34023386,0.037909187,-0.26785815,0.7084106,-1.1582987,-0.54501146,0.5827922,0.8023404,0.137108,0.13358544,0.6644223,0.24950567,-0.64685327,-0.06230989,1.5893378,0.036390655,0.7381412,-0.28202903,-1.1715994,-1.2850703,0.4604051,-0.72320867,0.23381297,0.37051123,-1.3705026,-0.8913487,0.9783465,-0.9428752
IND573116AAA,1.0033596,0.09203481,-0.35065195,-0.6553364,-0.37848365,-0.8168492,0.5100181,-0.09392974,-1.4373763,0.08823817,0.044905446,-0.40166423,-0.7153126,1.087351,0.89156455,-0.34416512,1.0943154,1.2602763,1.1589851,1.6484642,0.4230793,0.5050167,-0.26211768,-0.5832897,0.5002322,-1.0646043,0.7620675,-0.8690051,-0.6862577,-0.07897383,0.5298672,-0.5267379
IND583227AAA,1.662271,-0.15827468,0.28803584,-0.31940317,-0.70594114,0.44584134,-0.2396,0.25860617,-1.3073848,0.5438872,0.99702847,0.44088048,0.72179484,0.11768217,0.7460939,0.6277868,0.6711854,1.3355273,-0.48182577,1.3875612,-1.0603734,0.18983349,-1.5934058,-1.0542902,0.29536867,-0.93347853,-0.16831183,-0.41948214,-1.7700071,0.27514982,0.75808996,0.53361857
IND403401AAA,0.41622356,1.1403605,0.72952646,-1.3502902,-0.22019643,-0.9111835,-1.4786652,-0.554727,-0.41404685,-1.5082266,-0.07066875,1.5157312,-0.7856911,0.53568095,0.42526224,1.0565215,0.1754864,1.1935358,0.13058358,0.4494058,-0.35872367,1.6915205,-0.61275154,-1.5852729,0.6481369,-0.1316264,0.96028364,-0.8519477,-0.5392596,-0.9600135,-0.41492012,0.9073762
IND302006AAC,1.3112245,0.7545973,0.47502476,-0.07449416,-0.28048074,-1.6730506,-0.61029696,-0.0692371,0.10224235,-0.061031528,0.8764114,2.1214936,0.57193744,0.20720401,0.109409146,-0.1631444,-0.289302,0.13891774,0.22164994,1.2264739,-0.8267561,1.0818605,0.05846919,0.3570319,-0.05219742,-0.43630198,0.034525547,-0.50898117,-1.1387552,-1.2466375,1.0803365,0.29293364
IND799008AAA,1.4695895,-0.86932504,-0.6003412,-1.4561481,0.51405877,-0.9639243,-0.4442901,0.4254008,-0.5033261,-0.46150476,-0.29355723,1.708511,-0.7084385,1.0886045,0.26483592,1.3730212,0.8731638,-0.02332434,0.15577614,0.456949,-0.7161699,0.6180797,-0.83935213,0.047172353,-0.8381823,-0.29546723,0.21478292,-0.17855667,-0.8508309,-0.27067435,0.22423317,-0.105808005
IND403002AAA,0.41925973,1.1799277,0.65938175,-1.3242438,-0.27922615,-0.89356184,-1.4711437,-0.53422487,-0.45661762,-1.4274739,-0.09159162,1.4842975,-0.7550288,0.48995116,0.38976064,1.0736399,0.13007848,1.1568519,0.14228755,0.47228932,-0.35819617,1.6555133,-0.5212357,-1.5775654,0.65674704,-0.04993299,0.914605,-0.8470529,-0.54759026,-0.9682254,-0.40699795,0.86983263
IND821115AAB,0.12279725,-0.60834455,0.92259896,-0.45601976,0.49251965,-0.52279323,-0.06691653,0.10967217,0.3977709,-0.19292124,-0.40900218,0.26811406,-0.3915269,0.54102415,1.1788291,-0.17138734,-0.93116796,0.18350962,-0.12116543,1.9050523,0.9090099,0.33121714,-0.727093,-0.076524556,-0.2769956,-0.9033407,0.24231036,-0.49591127,0.2691432,0.93253386,0.22284669,0.48142898
IND786190AAA,0.9333909,-0.53224105,0.24034092,-1.0218278,-0.2134308,-0.81338716,0.34407777,-0.35353896,-0.5117582,0.3316998,-0.1663505,2.2994952,0.4033295,1.5784819,0.90219814,-0.68065745,1.4170249,-0.50740314,0.54356146,1.5003113,0.31816202,1.2321748,0.74685055,-0.20929171,-0.863802,-0.6564696,0.4420408,-0.43952218,-1.6192676,0.985137,-0.4284836,0.055104
IND203205AAA,0.49912366,-0.9508055,1.3383207,-0.40745515,1.1338551,-0.78437907,-0.85762316,-0.013065394,-0.23815186,-0.4590598,0.28512573,0.9497467,-0.7708405,-0.04519041,-0.42803422,-0.2421493,-0.39493233,-0.18933529,-0.1062924,0.66494995,0.63881826,-0.2526608,-0.20456748,-0.44265378,-1.1445965,-1.267272,-0.558632,-0.6847628,-0.64488035,0.14965379,0.22674103,-0.3689401
IND591307AAC,1.4196593,-0.40828627,0.17681947,-0.5584089,-0.742506,-0.54025644,-0.3177284,-1.1822444,-0.56624156,-0.099102534,0.09539491,0.33044636,0.21325466,0.012117628,0.1567224,-0.28213936,1.6294882,0.92936665,0.06886378,0.9859262,0.9226501,-0.36418703,-1.2375493,-0.5357714,0.6658867,0.3685628,-0.16546766,-0.58349,-1.3200272,-0.16204531,0.32887703,0.80768627
IND395023AAA,-0.124816485,0.12690137,0.87072754,-0.4029382,0.36061436,0.18153799,-0.6013522,-0.12319074,-0.7592475,-0.48059744,-0.13033171,0.36644202,-0.3699653,0.030194534,0.14450936,0.35668308,0.71894675,0.3927376,0.14666615,0.49676788,0.364985,-0.37079746,-0.45189628,-0.8687457,0.5558527,-0.6710233,-0.5547107,0.12280559,-0.8671712,0.5297476,0.009252447,-0.06675058
IND571105AAA,1.5185641,0.71575785,1.3760258,-0.76451737,-0.31387284,0.12942362,-0.7726973,0.2259859,-1.2608552,-0.84604144,1.6959487,-0.2688989,-0.46008432,0.40513504,0.0072807455,-0.4644631,0.6067802,1.1958754,-0.7061147,1.2467692,-0.0458623,1.1518847,-0.28486392,-0.3051946,-0.289222,0.15455961,-0.26124597,-0.14764777,-0.23624259,-1.2366184,0.18859512,0.9368084
IND754103AAA,1.0748276,-0.08022526,1.0458041,-0.44233674,0.6782774,0.80399966,0.12054179,-0.00226092,0.59630466,-0.92976075,0.3008174,0.021800239,0.11154565,0.6168196,0.8013099,-0.04968741,0.80616766,0.04229312,-0.39123237,0.7405659,0.1666497,0.33156082,-1.2747976,-0.12306818,0.7492647,-0.3941091,0.69400716,0.03917487,-0.6106656,-0.18748619,-0.34534758,-0.18398306
IND560099AAA,1.2021906,-0.82949054,0.009687742,-1.1370345,-0.16740893,-0.60886335,-0.03995721,-0.2676022,-1.2707503,1.4059867,1.150482,0.96360165,-0.35103667,0.90563834,0.62840086,-0.015387132,-0.99056226,1.3728498,0.8917062,1.9261668,0.33875325,2.0648894,0.9703813,-0.49529478,-0.92265314,0.26844692,-0.8932216,-0.49310204,-2.0979912,-0.5135303,-0.39796728,0.31862706
IND110095AAB,0.31402972,-0.5883765,0.97736996,0.23829271,0.7951082,-0.24231085,-0.32086232,0.0753866,-0.024024336,-0.4586636,0.67387396,0.29641291,-0.1303656,0.16505748,0.3680834,-0.42561638,-0.830353,0.018855987,-0.18667015,0.40368742,0.12311969,0.22390522,-1.1989872,-0.06916341,-0.055169202,-0.4976493,0.17698911,-0.04698284,-0.3688581,0.4668954,0.11021492,-0.36118484
IND796009AAA,1.2870306,1.0671796,0.5606053,-1.9377031,1.6918563,-1.141757,0.098542646,0.5503126,-0.82073903,0.97325426,1.1869818,0.5555726,0.8938954,0.3316655,0.4854377,1.2596602,-0.9702519,-0.024276128,-0.38230163,0.87376577,0.60270625,2.4771004,-1.0102391,-0.22578225,0.5743268,0.22156282,0.5175613,-1.300544,-0.5692212,-1.3434297,0.0028695457,0.08101749
IND583121AAA,1.0674949,0.3582558,0.5881959,-1.4699764,0.6543601,-0.07217251,0.14778684,-0.7990493,-1.9191687,-0.16224681,0.32697964,1.3210138,0.0374596,0.31919006,0.1579306,-0.25472993,-0.71157616,-0.16358462,-0.054586783,1.5519884,0.2476662,1.7769346,0.8177908,1.2671919,0.58985114,-1.2451324,-0.013390315,-0.79473203,-0.38440815,0.21628305,-0.40044072,-0.8059496
IND625532AAA,2.1757069,1.130049,0.043424733,-0.9037764,-0.03264948,-0.067380905,-1.3823857,-0.90309125,-0.10526346,0.47122213,0.7036209,1.355249,0.12085088,-0.35219362,0.34950736,0.38460556,0.15913245,0.1934734,-0.356635,0.6965131,0.9996233,1.2902671,0.3178071,-0.6589238,-0.9301321,-1.0889257,0.76796716,-0.9890967,-1.3337837,-0.051025074,0.15753604,1.4196459
IND271001AAA,0.6409874,1.2600911,1.6006104,-0.71514595,-0.39459527,-0.33908212,-0.26204672,-0.34651083,-1.2509077,0.27623698,1.7047584,2.1542416,-0.14519984,0.45246625,0.35006878,-0.44477853,0.2359225,-0.057793353,0.87775105,1.0272772,0.5092169,2.60963,0.33514446,-0.8304959,0.037098244,0.5878205,1.1943281,-0.66562396,-0.69760054,-0.41514626,0.67031056,-0.6494464
IND303503AAA,1.2792234,0.72860426,0.48893997,-0.1735093,-0.20650338,-1.967626,-0.7100638,-0.0074449047,0.037340816,-0.085805215,0.8149881,2.2615287,0.5150028,-0.034346048,0.13454065,-0.014855846,-0.17204747,0.2066978,-0.008819712,1.4190028,-0.9051149,0.8952205,-0.023454692,0.30499494,-0.029764133,-0.29030895,-0.00772966,-0.34901434,-1.1600766,-1.5311961,1.0983022,0.31593403
IND577116AAA,1.6237786,0.37122935,0.450325,-0.017440928,-0.57364535,-1.4982659,0.36829525,0.4962258,-1.8966116,-0.12103334,-0.042155396,-0.06982882,-0.6303217,0.92639613,0.57375246,-0.99248004,0.70104873,0.82582825,0.72823054,2.2024584,-0.030681986,0.45991114,-0.32788107,-0.56620425,0.6702507,-0.5843396,0.34705868,-0.8671711,-0.5374208,0.50156504,-0.15716907,-0.6572493
IND262001AAA,0.7322308,0.1752438,1.8691325,-1.290089,-0.256082,-0.9203556,0.16145034,-0.33124518,-0.15898255,0.2101194,-0.4217133,1.0593287,-0.3911082,0.42454308,0.21462765,-0.9481404,0.30263013,0.9680052,-0.24464269,0.07551562,0.7595488,1.71281,-1.8008884,-1.2293402,0.40789524,0.8670478,0.33595407,0.071741015,-0.40234238,-1.2730162,0.85180813,0.70427907
IND854105AAA,-0.027592303,-0.205403,0.65582216,0.37973464,0.6861067,-1.182881,-1.363526,-0.0647177,0.2963057,-0.083347015,0.912257,0.6278127,-0.37310103,0.82534975,0.49586332,-0.76261616,0.28821135,0.53976,0.3624319,2.177592,0.2498931,1.0481089,-1.2317783,0.24559699,-0.44662496,0.22022866,0.5321627,0.17233069,-1.0694561,0.22917634,-0.459233,0.098079875
IND854326AAB,-0.13848142,-0.108506866,0.5290375,0.37464243,0.61472136,-1.4489172,-1.0321668,-0.030814819,0.27595744,-0.341705,0.80178386,0.5649503,-0.32917935,0.6941672,0.19679491,-0.39766902,0.03779305,0.47112867,-0.081128016,1.4333175,0.645459,0.74630153,-1.1130828,-0.11194345,-0.21315873,-0.10684431,0.66437095,0.032637276,-1.2377342,0.022966476,-0.46932364,-0.19869968
IND174101AAB,1.0402876,-0.101493865,1.0661612,-0.47869277,0.873855,-0.53390795,0.8834975,-0.114481196,-0.89382195,-0.3178366,1.0033727,0.28880224,-0.084074385,0.73947144,-0.73610127,0.40614215,0.10677051,0.32531324,0.4320945,0.63740087,1.1644001,0.66964823,-1.0230159,-0.4757428,0.03567723,-0.705346,-0.5068934,-0.48445043,0.7286541,0.04636886,-0.1640639,-0.06511079
IND680307AAA,2.0244565,0.5425076,0.3975889,-0.7595818,0.25156423,-1.0826709,0.2456035,0.13703689,-1.5902728,-0.9468481,-0.22571936,0.08657348,0.7144945,-0.036102727,-0.42867938,1.0917135,0.7198717,0.6688378,-0.009732993,1.4602789,-0.29718232,-0.19308366,-0.11955817,-0.8861865,-0.30527094,-0.7351695,-0.43449974,-0.7368777,-0.1915674,-0.46372366,0.342238,0.5253142
IND743235AAA,1.454014,-0.09543103,0.6929211,0.36479852,0.51669616,0.66779846,0.38049355,-0.08359492,-0.051675405,-0.5112643,-0.2281166,0.9757947,-0.44419286,-0.23377194,0.91235626,0.15465178,0.540009,-0.4553314,0.27634564,0.69069487,0.7230102,-0.10811059,-0.6336403,0.16884771,-0.479061,0.022575866,0.27243283,-0.6647878,-1.0613848,0.0977686,-0.09794817,-0.4654465
IND508207AAB,0.80498785,-0.22474125,0.53074265,-0.042778928,1.1234788,-0.1251633,-0.4642666,-0.6397393,-0.18670534,-0.56742173,0.2744654,0.54119813,-0.75607634,-0.42919776,0.087787956,-0.1373132,0.12682912,-0.6194416,-0.6013975,1.5788261,0.37897962,-0.67663753,-0.40208873,-0.184444,0.8353831,-0.66874087,0.61806655,-0.76720685,-0.6079792,-0.4430016,0.38043895,0.03227658
IND847103AAA,1.0551602,-0.31111187,1.2660724,-0.49939358,0.40677485,-1.4477519,-0.9116535,0.2164491,1.31512,-0.20590489,0.8213071,0.55551046,0.32153812,0.29517063,-0.25523266,0.0834142,-0.22688065,0.7721309,0.59718484,1.0997039,0.8668284,0.6675455,-0.4631568,-1.2003152,0.08000777,0.2794492,0.6852197,-0.07190776,-1.6770405,0.75167066,-0.32743916,0.58671016
IND518002AAA,0.88494176,0.5061755,0.6569811,-0.4289752,0.59506536,0.07194477,0.44674167,-0.71676743,-1.3309292,-0.7090338,0.83850056,0.48725846,0.26438734,0.35759944,0.4131702,-0.43865782,0.6143033,-0.14933603,-0.32112715,1.5838525,0.0322779,0.46491933,0.0867548,0.57734936,0.8704092,-0.7234719,-0.34422272,-0.08074763,0.049204826,-0.024430955,-0.17544124,-0.23176444
IND670643AAA,1.6133196,0.83209497,0.81058246,-0.48110077,0.19584431,-0.7008592,0.09154693,0.25649524,0.28614223,0.8726559,-0.26595753,1.3111678,0.7786373,1.2935419,1.30532,-1.080482,-0.6266745,1.0684832,-0.47773188,1.3492004,-0.23286687,1.4297171,-0.26298243,-1.2724532,0.27866453,-1.0166097,-0.08470409,0.26867223,-0.19781232,-1.394118,0.5247343,-0.86974365
IND244715AAA,1.1126872,-0.7354691,1.0012822,-0.32412785,-0.3149223,-1.546595,0.14228016,0.54114616,0.028495137,-0.8222515,-0.28827238,0.6709166,-1.1856432,0.028864823,-0.312863,-0.51183164,0.34306148,-0.15792488,0.0980938,0.15431643,1.1210506,1.3429688,-1.0638654,-1.0919169,0.37817547,-0.7522099,-0.1783298,-0.047460467,-0.65650564,-0.5305501,1.2335008,0.57843333
IND625531AAA,2.095668,1.2732998,0.20281622,-0.8917621,-0.014337337,-0.060667578,-1.4134763,-0.9694673,-0.208807,0.40301427,0.7060501,1.292496,0.13527294,-0.2738276,0.39677832,0.44494945,0.13913329,0.31652117,-0.38304213,0.565922,1.0717169,1.2770041,0.43000835,-0.66051406,-1.0515813,-1.1114466,0.71720153,-1.0222131,-1.3459141,-0.11959315,0.2401801,1.3910629
IND500039AAC,0.8988654,0.6833983,0.85818267,-0.02251444,0.8049404,0.10554721,0.8027581,-1.4157835,-0.2224671,-0.6417936,-0.07476572,0.9830659,-0.91084737,0.102504976,0.5777726,-0.17769618,0.7466379,0.15060554,-0.5442795,1.1950183,-0.07721709,0.7886289,0.49195433,-0.3265795,0.57639354,-0.8296159,0.41171065,0.10210257,-0.945843,-1.3340535,0.57495105,-0.06511575
IND321606AAA,0.11228626,-0.072685264,0.8655576,-0.33496115,0.57313114,-1.138832,-1.0686615,0.30121592,0.07438094,-1.4006596,-0.03017767,0.15700686,0.93668556,0.32415494,0.08405627,-0.51709026,-0.45898172,-0.5114012,-0.3083239,1.5535312,0.15122579,0.10785717,-1.4155453,-1.0221833,0.13994974,-0.80961853,0.01051819,-0.3413606,0.027459098,-0.34018195,0.4637147,-0.054927204
IND787057AAA,1.0937307,0.5904337,0.24793488,-1.1153482,1.4812807,-0.44549304,-0.6554669,0.058893923,0.4246124,0.28081888,-0.28368583,2.5243552,-1.520377,0.6730193,-0.20738818,-0.1345884,0.9925474,1.4881539,0.748281,0.9856416,0.5801277,0.9931753,0.08394417,-0.23031656,-0.3267863,0.67350656,-0.30535218,-0.7092132,-1.3176769,-0.23122717,0.98374337,0.76470435
IND521105AAA,1.0981892,0.15727198,1.0054834,-0.41620767,0.9354131,-1.0791496,-1.055975,-0.37879828,-0.37053138,0.03317129,0.31435615,0.7275838,0.27002734,-0.17549454,-0.07564338,-0.0347889,-0.5255888,-0.92946553,-0.46135873,1.4248406,0.18782856,-0.85590243,-1.022543,-0.10742139,1.1508662,-0.8773947,1.0407044,-0.38962364,-1.060555,-0.26441395,-0.0996119,0.1701263
IND523226AAA,1.4446387,0.19371262,1.3337148,0.022687867,0.30469206,-0.42834973,1.4805139,-0.15273392,0.024420744,-0.8553707,0.6033981,1.1418678,-0.29477948,-0.11266653,0.61789113,0.712667,-0.36186042,0.5768895,-0.2541148,1.1252984,0.19584128,-0.53669053,-0.16102457,0.1032908,0.86366963,-0.9313381,0.24421014,-0.8873956,-0.31166348,-1.1182008,-0.24281156,0.9999264
IND244221AAA,0.2573331,-0.37031907,1.1458597,-0.437932,0.0030131605,-0.45819244,0.45389247,0.06102474,-0.54957265,0.2921003,-0.1983312,1.2410284,-0.46065852,0.20689993,-0.0770289,-0.31636596,0.2888682,0.34930065,-0.42568478,-0.2762143,0.4804047,1.2365593,-1.7446808,-1.3194884,0.3632951,-0.18999454,-0.06017625,0.067799546,-0.089651056,-0.39121738,0.47112727,0.12847535
IND331001A1C,1.2179966,0.02240744,0.95606405,-0.9902799,0.34772354,-0.6044495,-0.19612566,-0.20838077,-0.60499775,-0.35955748,0.21417642,1.1062855,-0.004923707,0.69206,0.6586365,-0.048331104,-0.00982292,0.44256172,0.3220351,1.3448567,0.3899421,0.90595794,-0.6177466,-0.48881742,-0.021910015,-0.55239356,0.0030628878,-0.5624612,-1.087394,-0.42933092,0.18884088,0.33548078
IND421401AAC,-0.41205853,-0.020796295,0.0771736,-0.30737188,0.43894657,-0.10654076,0.16053593,-0.23280986,-0.80433077,-0.62197804,0.074801244,0.90358037,0.09319843,-0.3207554,0.7291322,0.3551806,0.49575028,0.1093417,-0.105093606,0.7275043,1.047088,-0.062082965,-0.6756933,-0.7538819,0.3304163,-0.6993003,-0.2999412,0.29705402,-0.87850946,-0.34574828,0.68421274,-0.60229933
IND733102AAA,1.7046024,-0.8858582,0.71285385,0.2820507,0.6154571,0.14621967,0.46739313,0.43158478,-1.2752898,0.28065896,0.23611188,2.3493466,0.84604037,-0.029704528,0.896219,-0.18940644,0.12610324,0.08362417,1.1697528,1.0460831,-0.06098984,0.50766104,-0.9366275,0.057917777,-0.11158397,0.6728625,1.1291374,-1.4935563,-1.091282,0.10635815,0.33022174,0.20386626
IND628204AAA,1.064021,-0.9498212,0.6336102,-1.2129432,-0.049644783,-1.233473,-1.2996973,-0.1830796,-1.4158229,-0.68230563,1.7516618,1.8863415,-0.5168587,0.16032882,0.2980433,-0.32983595,-0.44371727,0.51213455,-0.25759012,0.75606084,0.93809164,0.46701,1.0394031,-0.1770929,-0.044182196,0.40857792,-0.18352921,-1.1023855,-0.89686185,-0.7092665,1.188334,1.0142002
IND560058AAD,1.0100415,0.27054605,0.38492516,-0.40221456,0.41209534,-0.095099024,0.45379463,-0.14866987,-0.42244482,-1.1036856,0.22763075,-0.106975235,0.36379248,-0.13490792,-0.0082794055,-0.28106877,1.0038702,0.4618071,0.07911856,0.84883106,0.19292349,-0.3032499,-0.76769435,-0.15765446,0.076389596,-0.6631105,-0.55862314,-0.98006034,-0.30232197,-0.0117344335,0.44027722,-0.48476458
IND508213AAB,0.70026064,1.2920347,1.0553392,-0.50880396,1.1249729,0.10964589,-0.13221802,-0.5647724,0.050516147,0.11355861,0.31789812,1.3201197,-1.0553339,0.076846495,0.5558173,-0.3775836,0.14801903,-1.0311701,-0.022748455,0.87214386,-0.09838824,-0.13246022,-0.48079634,-0.34394187,1.0418688,-1.0752258,1.1403077,-0.4528742,-1.0082082,-0.36953261,0.8697477,0.30639204
IND250611AAA,0.30081514,-0.9766923,1.2875972,-0.9698016,0.02237521,-0.7554294,0.4331963,0.009911191,-0.384818,0.24002469,-0.022643914,0.9023263,-0.47683528,0.25843903,-0.20790151,-0.23943533,-0.21161158,0.37889454,-0.81203127,0.0156116625,1.0186527,0.9082942,-1.5853108,-1.0805115,0.43993902,-1.0694733,-0.36041465,0.2514446,-0.22293222,-0.30889347,0.19525675,-0.22907165
IND572101AAA,1.3016548,-0.26894486,0.5266327,-0.5428788,0.23734654,0.20546354,-0.44132534,-0.5689286,-0.49034542,-1.0838989,0.9078443,-0.45708695,0.24451293,-0.19120745,0.049294252,-0.08581364,0.7992336,0.34610996,0.3700182,1.2952098,-0.37192342,-0.25467134,-0.18905312,-0.092559524,-0.007947239,-0.64541817,-0.047279228,-0.8953633,-0.56162107,-0.046434984,1.0807796,-0.46323463
IND262405AAA,0.88750625,-0.5680341,1.2650344,-0.27441126,-0.16370365,-1.3370514,0.23143381,0.88052446,0.015212918,-0.6977166,-0.39298835,0.78377527,-1.2262745,0.085886806,-0.27759072,-0.37887084,0.1729025,-0.3404008,0.14450271,0.018169435,0.77742517,1.3144693,-0.99639803,-1.0952209,0.271419,-0.97959274,-0.08775911,-0.054103866,-0.64303386,-0.31661963,1.1695515,0.4828003
IND508248AAB,0.8112878,0.5436026,0.5421398,-0.07960611,0.43146408,-0.3427834,-0.4201682,-1.3768364,-0.8653157,-0.60053116,0.6230397,0.93593156,-0.32469282,0.014883402,1.4841638,0.7772381,0.7092821,-0.05841508,-0.6299179,0.9710822,0.58114856,-0.40972552,-0.12523498,0.91232806,0.14218684,-0.8757258,0.87564015,-0.1428721,-0.9727886,-0.71950406,-0.27271786,0.00042511572
IND851204AAA,0.0759112,-0.37453946,0.59221727,0.32953674,0.7419513,-0.9419901,-1.2597522,0.23057808,0.052646153,-0.29944757,1.2807643,0.97516716,-0.33980075,0.668194,0.5002235,-0.568224,0.70514923,0.8432563,0.15198295,2.2165432,0.10906914,1.2249595,-1.093025,-0.086490996,-0.65118027,0.46818233,0.86755985,0.19609323,-1.0704616,-0.42726883,-0.6102823,-0.20057748
IND413709AAA,-0.08404876,0.95009077,-0.049589753,-0.6231155,-0.327493,-0.52190953,-0.5456721,0.8616153,-0.9970431,0.20898438,0.056714784,2.1878903,-0.08645422,1.1608577,0.16285937,-0.13083427,0.16560587,0.7811795,0.088446155,1.1469551,1.0436007,-0.055891953,-1.2805417,-1.4660099,0.25331593,-0.5531796,-0.0071090944,-0.34420222,-0.8800537,-0.44320926,1.9123044,-0.35598618
IND248122AAB,0.77287126,-1.725648,1.9305037,-1.0513289,-0.13405116,-0.56222785,0.08217792,0.86587113,-1.118374,0.22369573,-0.268617,0.9861378,-0.3211798,0.25801417,0.32202357,0.18401586,-0.29845747,0.43336475,-0.116487265,-0.66742843,0.941695,1.4562529,-1.2070668,-0.3785902,-0.045741536,-0.59657156,-0.1564731,0.09534485,-0.73399264,-0.1348441,0.7038071,0.015547857
IND574221AAA,0.9452119,-0.18781027,0.6700323,-0.2793297,0.45041257,0.26290286,0.22148763,0.067984246,-0.62627786,-0.45342618,0.24369088,0.25260854,0.024517694,-0.55627024,0.35723948,-0.2389212,1.0923924,1.087897,0.0005307546,0.95922905,-0.15168078,-0.2830486,-0.5262477,0.007757984,0.22962752,-0.6707427,-0.46586174,-0.45306054,-0.5012977,0.38867384,-0.023203196,-0.53860617
IND176110AAB,0.59392,0.0683844,0.5468084,-0.0032005175,1.7027158,-0.33310395,0.46222124,-0.055786762,-1.5777389,-0.4748595,0.49737942,0.49905637,-0.44894114,1.3877323,-1.2409128,0.3396808,-0.14926374,0.3135906,0.7662927,1.0971937,1.2306222,1.4169083,-0.37476236,-0.9921502,0.18305674,-0.49782464,-0.71805596,-0.8912637,-0.0877489,0.39042628,0.33481216,0.80658996
IND144001AAB,1.6479319,-0.33686292,1.1811228,-0.049312256,0.4464578,-0.6975485,0.12461126,0.10889785,-0.64517605,-0.16913569,0.8618366,0.17258449,-0.33806506,0.89651185,-0.5005163,0.45104742,-0.21367656,0.18411574,0.9917717,0.09684798,0.2123709,0.85089993,-1.2947309,-1.0411476,0.6533327,-0.20189571,-1.2323169,-0.7617979,-0.16784486,-0.06547713,-0.60644674,-0.06928948
IND509301AAA,0.084771655,0.41762894,0.8101251,-0.226634,0.62639475,0.04337111,0.11837965,-0.9148201,-0.4429872,-0.76185673,0.7579376,0.11068324,-0.41318274,0.4992309,0.7366017,-0.24096328,0.07695193,-0.4948795,-0.14026338,0.9427821,0.46613604,-0.15195741,-0.17271692,0.15984008,0.97643435,-1.2865345,0.23870467,-0.18754229,-0.7283568,-1.0596188,0.012490965,-0.34917694
IND500080AAB,0.789446,0.41802174,0.79775625,0.3671845,0.4778972,0.26366058,0.3394667,-0.029691977,-0.4338172,-0.46202612,0.04863755,0.46980295,-0.38590804,0.34745774,0.9138696,0.39720145,-0.014724145,-0.08125164,-0.28676888,1.5347492,0.5894383,-0.20877494,-0.07558612,0.68128395,1.0764126,-1.3101772,0.6090559,0.019605262,-0.7522461,-0.62908864,0.0146347955,-0.1904688
IND501141AAA,0.0034263202,0.34347403,0.81932086,0.21499032,0.3762139,0.36197755,0.0479515,-0.5555862,-0.49277526,-0.6599234,0.5854731,0.9765515,-0.2081806,0.7324407,0.49069315,-0.080646746,0.3030003,0.022626076,-0.7781018,1.1040667,0.26040304,-0.45597485,-0.49356237,0.15090096,0.6967936,-0.56322914,0.532507,-0.57141644,-0.33681586,-1.2830716,0.70190215,-0.2246601
IND533262AAA,0.58047193,0.005027418,0.8860655,-1.1156265,0.97486705,0.23849578,0.10203195,-0.9576029,-0.35780048,-0.73848474,-0.29095337,0.8720145,0.3404088,0.013478634,1.2216326,-0.64350206,-0.42872477,0.38280496,-0.03907162,0.5074709,0.23612227,0.04472771,-0.007199066,0.8204361,1.625526,-0.9300639,0.5583215,-0.45613253,-1.3587184,-0.8695845,0.97467643,0.04055227
IND000000AFT,0.09972656,-0.30994105,0.15811865,-0.09230568,-0.14443718,-0.18090838,0.3376619,0.42214194,-0.87497765,-0.21033433,0.69903314,1.449388,0.2007687,-0.34542134,1.1815579,0.94598925,0.2854742,0.35561204,0.19282278,0.8653919,1.2568192,0.05664611,-0.20990415,-1.4768416,0.7802131,-0.17936173,0.19951695,0.047427647,-1.1043031,-0.033512667,0.14098038,-0.089354984
IND277303AAC,0.547243,-0.4668925,1.7377398,-2.0025556,0.49893448,-0.20742641,-0.2191424,0.5479152,-0.10262691,-0.44011965,-0.120856024,0.6314369,-0.7321849,0.29567978,0.24041131,0.7591906,-0.8481727,0.5775653,-0.26600188,1.8820561,0.4323833,1.3038572,1.1443202,0.016244814,-0.91490847,-1.0317454,0.6824896,0.67978066,-0.8213064,-0.03044314,0.14661315,0.32322899
IND127201AAA,-0.19238962,-0.19283998,1.5496496,0.10939228,0.49228367,-0.6412205,0.25166342,-0.6438916,0.0068509034,-1.1569146,0.56928587,0.19618143,0.3045986,0.2342036,0.080650575,0.3964042,-0.7206587,0.46110448,-0.47469795,0.96592695,0.60273623,-0.2335344,-1.0607108,-0.25307176,0.16338132,-0.45605206,0.110681646,0.08514011,-0.8729584,0.42481524,0.2516965,-0.31903943
IND732103AAA,1.491101,-0.8300602,0.6304076,0.36932817,0.889802,0.05776698,0.2394855,0.50322485,-1.2187123,-0.069040656,-0.07045712,2.0448346,0.36203316,0.013684959,0.983104,-0.28230962,0.08707696,-0.032727133,1.0111611,0.6741227,0.40331295,0.3700785,-0.92292356,0.18408631,-0.455287,0.62026745,1.0137801,-1.5701408,-0.88409597,0.24847765,0.18647616,-0.03435529
IND560027AAA,1.1756282,-0.7947478,0.01784692,-1.1464431,-0.10093953,-0.6125587,-0.049825236,-0.31719267,-1.2482659,1.405016,1.1262972,0.9239713,-0.4032936,0.87802905,0.6018267,0.0023916645,-1.0384626,1.3095839,0.93219143,1.9098706,0.36809525,2.0779066,0.9858416,-0.46004096,-0.9429457,0.30276984,-0.9369462,-0.536825,-2.1120484,-0.441366,-0.36038092,0.3082035
IND145001AAA,0.86937803,0.18656339,1.1088231,-0.9187848,1.0660732,-0.5620224,0.68087953,-1.1866995,-1.2182606,-0.27106097,0.45080313,1.0263426,1.2646155,0.6877628,-0.46182036,0.34778932,-0.02491367,0.8517448,1.449675,1.0072035,0.7799985,0.4892531,1.2401433,-0.99000335,-1.9800091,-1.4818783,0.723652,-0.95556206,-2.010602,-0.78947526,-0.09368975,0.6079759
IND176001AAA,0.8612573,0.07133884,0.09926713,-0.8935757,0.8701384,-1.1589615,0.5921204,-0.8011703,-0.22828762,-0.0199657,0.5148173,-0.03918829,1.302093,-0.28543964,0.96674275,-0.862265,0.32610175,0.55662876,1.3268224,1.1429191,0.14620115,3.0457027,-0.4422646,-1.2429168,-0.5392996,-0.5108119,0.31251407,-0.92420894,-1.105061,-0.6285047,0.21323018,-0.22086407
IND382430AAB,-0.3428635,0.08725796,0.83618075,0.013573679,-0.07617993,0.21161067,-0.6394297,0.14928651,-0.52891225,-0.515571,-0.30884722,0.7427774,-0.29372874,-0.100639455,0.66079706,-0.40983433,-0.22703832,-0.13323824,0.36856425,1.2238252,-0.0030217592,0.21757087,-0.79313225,-1.0381294,0.16138402,-0.3245485,-0.87880087,0.121093914,-1.1608818,0.52413976,0.3573223,0.11814051
IND852201AAA,-0.13762152,0.012480693,0.64065194,0.51490265,0.566218,-1.7042418,-1.04539,-0.22812985,0.028825745,-0.4674229,0.6739348,0.4191378,-0.49373373,1.0700339,0.32496643,-0.119716264,0.48619524,0.08786077,0.2967698,1.9672537,0.92260194,0.6869456,-0.9465139,0.17296109,-0.21060342,0.29127148,0.36969504,0.18911584,-1.6570382,0.24538073,-0.4715093,-0.24811466
IND311001AAA,-0.38899815,-0.308995,0.7215125,-1.4256423,-0.20307511,0.2987831,-0.7025401,0.058350764,-0.6050135,-0.955257,-0.6492799,1.21917,0.6325495,0.39680168,0.23793335,-0.40257096,-0.5859031,-0.07149357,-0.36582276,1.9623716,-1.1513613,0.4820172,-1.1950855,-0.9717281,-0.2661467,-0.02984679,-0.48244312,-0.14943391,-1.2636839,0.08026158,0.27816924,0.25042745
IND622407AAA,0.38699228,-0.53810453,1.2504754,-2.228153,0.40013862,-0.12850702,-0.51422626,0.7902388,-0.03415388,0.9539538,1.8172451,1.8637846,-0.07233841,0.4985308,0.62400323,0.15003419,-0.122475594,0.1844972,1.4025033,1.5969063,-0.40720174,0.11065376,-0.33455858,0.21529779,-0.46648926,0.17176448,0.15860856,-1.0970801,-0.93740493,-0.82052076,-0.15299547,1.4850177
IND421302AAS,0.08022878,0.0020067608,0.45335633,-0.50102127,0.40492183,-0.10281738,0.0029869804,0.11630161,-0.46136627,-0.26933354,0.71148,1.1327809,0.39488462,0.31965336,0.98703015,0.25019082,0.14872248,-0.03605587,-0.31902087,0.8114666,1.6224089,-0.020525964,0.11554876,-1.5304476,0.9555748,-0.27923295,0.0072305314,0.18658206,-0.46725938,-0.41396746,0.39395925,-0.068652846
IND713205AAB,1.4257456,-0.80068994,0.07443167,-0.38760507,0.19210108,0.47550318,-0.14666712,-0.41959038,-0.6518805,-1.127398,-0.24650331,0.34988925,0.3355844,0.4198531,1.2057701,-0.31964973,0.101433076,-0.23477335,0.3022909,0.1737228,1.4619882,0.72001314,-0.57612634,0.14216387,-1.0695482,-0.21419872,0.07135976,-0.9458802,-1.2142519,-0.11311299,-0.104678035,-0.18333314
IND380006AAA,-0.022911921,0.2766327,0.80929786,0.021434244,-0.0141244,0.4217914,-0.9334389,0.114134066,-0.25648654,-0.5584749,-0.34388235,1.3157572,-0.34427464,-0.05380228,0.61893165,-0.28337368,-0.6255011,0.11431446,0.1920373,1.387378,0.11302377,0.03144871,-1.1633346,-1.0727977,0.14469187,-0.07655855,-1.1302946,-0.009883516,-1.2434751,0.7395072,0.4127976,-0.1669786
IND732138AAA,1.9325136,-0.97182655,0.8353801,0.359726,0.7902674,0.23158263,0.59845644,0.5547007,-1.3585385,0.25734198,0.23691866,2.3232298,0.61049294,0.022391798,0.9018308,-0.26033586,0.20888598,0.044068873,1.3998594,1.1457102,0.27706915,0.473394,-0.9760531,0.07759355,-0.13158669,0.51349425,1.1647865,-1.6732202,-0.9849646,0.1579371,0.35427058,0.1097854
IND560300AAA,1.1770574,0.9659049,0.31941244,-0.9072164,0.04100591,-0.014959911,0.48330525,-0.5151152,-0.3342853,-0.8382079,0.4074054,-0.17994604,-0.12784955,-0.21153866,0.478671,0.021790655,0.5612438,0.7568173,0.17119752,0.844585,-0.23298508,-0.15677017,-1.0205702,-0.86205906,-0.031519756,-0.95798284,-0.33493978,-0.89505696,-0.17569956,0.35816568,0.30482894,-0.23509012
IND815353AAA,0.4024195,-0.66054124,0.8466739,-0.7667583,0.78615034,-0.3436225,0.03381954,-0.3676017,-0.084761515,0.5588999,-0.32671916,2.007995,-0.35411483,0.16848819,1.3425249,0.39136297,-0.32506388,-0.5916868,0.2913195,1.5133089,1.2946489,0.5237086,-0.79553497,0.089362405,-1.4330275,0.19370265,0.98632157,0.36278096,-0.9412519,-0.4808112,0.6581009,-0.79762316
IND244921AAB,0.83963525,0.20485482,1.7106725,-1.1914848,-0.23828468,-1.0254916,0.30625135,-0.20872232,-0.22434182,0.31562185,-0.498328,1.109769,-0.40134773,0.54901373,0.056917682,-1.0597,0.24720426,0.9587723,-0.12991835,0.007476318,0.71635103,1.8036703,-1.6471417,-1.1821324,0.57127213,0.7467231,0.44388708,-0.044918496,-0.5196077,-1.1068368,0.76735157,0.579136
IND821109AAA,0.3772067,-0.83204293,1.1568221,-1.342871,0.30870426,-0.40565842,-0.15377532,-0.11296887,-0.023811512,-0.45459554,-1.1059643,0.23322263,-0.84758097,0.7702287,1.2779809,-0.28012055,-1.264782,0.23288012,-0.3384521,2.2307074,0.49790683,0.63558006,-0.9670858,-0.027901737,-0.5999693,-1.1044278,-0.08471496,-0.8128028,0.27228475,1.0118475,0.4694047,0.6034653
IND400052AAA,-0.48684883,-0.17528144,0.03962534,-0.87141067,0.65209186,0.0831897,-0.16505358,0.4292975,-1.1028181,-0.41152766,-0.21840465,0.94967216,-0.2682634,-0.18410301,1.2412167,-0.056327574,0.60242295,-0.18315323,0.045996383,0.5562621,1.7111071,0.22059616,-1.0442256,-0.63051444,0.770481,-0.6327753,0.052154824,-0.1561278,-1.0199871,-0.18668064,0.5105465,-0.2688156
IND563131AAB,1.8039936,1.1926341,0.16816914,-1.0479603,0.062163763,-0.37022504,0.1583784,-0.39524686,-0.12138181,-0.30828556,0.3510572,-0.07808619,-0.22229716,-0.43277314,0.7318609,0.37397233,0.62924486,1.1325713,0.23336646,0.95760316,-0.18942761,8.5960186e-05,-1.5808356,-1.1582006,-0.3833016,-0.8407542,-0.45251852,-0.8352465,-0.39577538,0.64856803,0.21049497,-0.09064589
IND303108AAB,0.18398385,-0.48731634,1.0621026,-1.5527477,0.54863,-0.44389555,0.21554188,-0.52034134,0.032572817,-1.2874197,-0.12721561,0.34237814,0.720389,0.49603215,-0.27257356,-0.55195475,-0.2362921,0.17104842,-0.81872493,1.5458556,-0.43077055,-0.040037844,-0.63115424,-1.1058117,-0.565308,-0.3746859,-0.7711844,-0.6038166,-0.56102556,0.30707172,-0.23265135,-0.69374514
IND201007AAA,0.22053917,-0.5920367,1.3598127,-0.2968328,0.6549525,-1.2491157,-0.3570704,0.12867102,-0.6073836,-0.68892133,0.1069782,0.7602153,-0.38762236,0.083411396,0.120121114,-0.15933,0.056873303,-0.42383274,-0.082366854,0.31702796,0.72327006,-0.010700441,-0.62133497,-0.3371984,-0.5315684,-1.0647485,-0.43063337,0.35806113,-0.46992967,0.36231086,-0.80880797,-0.53465545
IND742401AAA,1.4190613,0.03945376,1.3424454,-0.10204904,-0.025975028,-0.079835005,-0.2754588,-0.5689718,-1.6881026,-0.1875511,-1.0301383,1.4526173,-0.18910326,-0.19917762,1.1464928,0.2766552,0.21638878,-0.1919125,0.55675614,0.17286547,0.09231694,0.5709731,-1.3855876,0.03198694,-0.6099563,0.61188465,0.63570344,-0.9835885,-0.82218015,0.23389076,0.5994641,-0.35866755
IND520011AAA,0.9865425,0.15115729,0.5636217,0.32982785,0.8327913,-0.98032945,-0.46127224,-0.86127055,-0.7793581,-0.14189997,0.24985792,0.6978339,-0.96660393,-0.027570408,-0.42402938,-0.27728844,-0.010818588,-1.0944209,0.09709857,1.317899,0.23148493,-0.32330748,-1.1970086,-0.6949549,1.2326361,-0.8444524,0.70134896,-0.96333206,-0.97294575,0.2593066,0.11856698,0.20019303
IND626117AAA,1.7152454,0.6492988,0.25977135,-1.3984153,-0.2897059,-0.21168295,-1.1092747,-0.5636409,0.35064924,0.79295874,0.61062366,1.1238176,-0.23521985,-0.38869327,0.028403731,-0.1068817,-0.30603328,0.20946205,0.88858765,1.4710488,1.3169041,0.5926957,0.14064978,-0.9884195,-0.8048906,-1.5163494,0.86175877,-1.0272727,-0.58623767,0.017191608,0.7530738,1.5701284
IND713303AAA,1.441347,-0.4448666,-0.002994647,-0.16618542,0.49279743,0.49451065,0.010875094,-0.15455052,-0.9459493,-1.1398154,-0.49654186,0.42203432,-0.10871344,0.026076373,1.1766521,-0.22316194,0.058731716,-0.39239144,0.38649428,0.31329405,1.3018872,0.45563895,-0.5431768,-0.045388132,-0.79116553,-0.4999805,0.7548476,-1.0142908,-1.1665257,0.0072714537,0.03441555,-0.040497243
IND509358AAA,0.771406,0.2763983,0.56841207,0.016169129,0.5119596,-0.2051303,-0.2859165,-1.0360073,-0.64579326,-0.72542167,0.7395322,0.60013914,-0.09090724,-0.17793888,1.3338838,0.8818676,0.4292902,-0.057761032,-0.653296,0.94888014,0.6919297,-0.22066282,-0.011885114,0.64042276,0.55652654,-0.93456674,0.62974775,-0.057731844,-0.8416652,-0.9603873,-0.30454358,0.033591807
IND733202AAB,2.8372016,-0.54285246,1.1753603,-0.24122389,-0.85597837,0.33130413,-0.38858503,0.89231545,-1.142191,-0.30067652,-0.6750303,1.648844,-0.0063783326,1.0842137,0.8723709,0.1774568,-0.9174419,1.4228042,-0.54363465,2.3541505,0.7152151,1.2098141,-0.620103,0.19979115,0.6533839,0.41544935,0.24702068,0.9922152,-0.40820995,-0.15408936,-0.4168142,0.8262533
IND575004AAB,1.1684076,-0.49688646,0.2888118,-0.97149897,-0.3255676,-0.77567065,0.19047815,-0.092529185,-0.954537,-0.1636308,0.39427632,-0.42859316,-0.5427527,-0.18915723,0.6843799,-0.7021768,0.67983353,0.9547575,0.34747082,1.088615,0.015951302,-0.07434576,-0.34236115,-0.36270547,0.8105699,-0.14601357,0.27024376,-0.55035686,-0.8887491,0.17069991,0.113105215,-0.59286803
IND140603AAA,0.4158392,-0.5496711,1.154202,-0.2696421,0.5630798,-0.32242987,0.5154301,-0.09478331,-0.25374955,-0.27229568,0.82601416,0.50609475,-0.34205857,0.68319637,-0.7877352,0.4405258,0.36186746,0.57485616,0.6645918,0.42569348,1.0866832,0.79497546,-1.2308767,-0.7236564,0.4834936,-0.4955832,-0.64170855,-0.76264095,-0.020998625,0.30487964,-0.11058826,0.23145258
IND245304AAA,0.1079133,-0.11837332,0.93423045,-0.18789765,0.76335233,-1.5522487,-0.16310099,0.3316385,-0.9642464,-0.88339233,-0.030831382,0.8967805,-0.33995268,0.67655337,0.04637909,-0.18599257,0.1906909,-0.8247018,0.043861315,0.77839124,1.0223392,0.3308754,-0.821333,-0.17719081,-1.001849,-1.5964613,-0.7923631,0.25203273,-0.73781204,0.21909596,-0.719361,-0.6253021
IND639001AAA,2.2609484,0.573363,-0.43398142,-0.94049615,-0.03596633,-0.20544758,-1.192709,-0.5312977,0.14374693,0.40681696,-0.1820584,1.5983726,0.23467939,-0.54417825,0.13520332,-0.4855263,0.20742545,0.18870899,0.4472626,1.7970269,0.83710754,0.58899707,0.008174934,-0.9161091,-0.3172231,-0.7983998,0.53090817,-0.8234999,-0.52060854,-0.5993285,-0.03772681,1.724013
IND679322AAA,-0.3126078,0.27677423,1.8696209,-1.2752618,1.2653837,-0.00432656,-1.2733575,-0.6832071,-1.3911859,-0.74674386,0.24382278,0.5481144,-0.22248988,0.1208694,0.59680206,-1.0022774,-0.19593869,0.8408788,1.0415611,0.19339105,0.057735838,2.288643,-0.35402194,-0.39685783,-0.6554669,-0.9725637,0.0064179874,-1.4892296,-1.0253986,-1.6614395,-0.41283423,1.1404883
IND341510AAB,0.36493766,-0.9037016,1.7956357,-1.0626913,0.70090574,-0.43637574,0.17223285,0.42352137,-0.36987567,-0.81568974,-0.18942715,0.26820514,0.99106926,0.19724822,0.25368255,-1.4271837,-0.83417344,0.25890672,-0.14670166,2.2856631,-0.25063562,0.10368381,-0.23395847,-1.3922164,-0.1992475,-0.07568329,-0.7418355,-0.82134706,-0.29059765,-0.9031713,-0.12356542,0.9400128
IND321022AAA,0.25922737,0.055594664,0.9398294,-1.1400667,1.6115037,-0.25692752,-0.5766937,0.9188844,-0.3295147,-0.53910565,0.124109924,0.58434725,-0.3776697,0.60796446,0.009479864,-0.17660028,-0.35882676,0.18091479,-0.53106016,0.14837378,0.41644266,0.27572027,-1.7676381,-0.41780913,-0.27101246,-0.78436685,0.17562763,-0.4559247,-0.7261936,1.0059268,0.25381795,0.3234117
IND462011AAA,-0.09925655,-0.14444256,0.8795997,-0.25737107,0.83712846,-0.48479867,0.21086565,0.2142843,-0.62487245,0.03695834,0.6695004,0.2383333,-0.1011897,0.37609407,1.4256243,0.5819599,0.43170497,0.6886553,-0.66052955,0.6952476,0.4212517,-0.7485908,-0.12388964,-0.18347956,-0.20903438,-0.6950061,-0.018241957,-0.20958668,-0.83293146,-0.09231334,1.0099201,-0.3412681
IND246725AAB,0.4378693,0.25421217,1.5309056,-1.2261562,-0.40337443,-0.77412665,0.3740594,-0.33647338,-0.16905765,0.47717866,-0.3806535,1.2672453,-0.686685,0.40179372,0.62275195,-1.117154,0.22685057,0.45745337,-0.40147042,-0.12082504,0.04156606,1.7038745,-1.3456156,-1.2155637,0.46027297,0.3849237,0.1242305,-0.55973184,-0.53560317,-1.0161271,0.3870133,0.8626922
IND160102AAC,0.641601,-0.55330205,1.2180343,-0.36079162,1.0958885,-0.8837318,0.8016687,0.19457999,-0.45359522,-0.06849461,0.2743392,-0.3052429,-0.6616868,0.77147055,-0.62975824,0.683514,-0.4085343,0.37558937,0.57746255,1.0269063,0.82011443,0.6881265,-1.1986763,-0.23510478,0.27051336,-0.26559874,-0.46152815,-0.772192,0.19066727,0.1894576,0.03810097,0.24461477
IND410206AAB,0.028774362,-0.34313318,0.050056506,-0.19630171,0.08620009,-0.42470512,0.11396023,0.6887622,-0.311279,-0.41715148,0.8465048,1.5399528,0.3992233,-0.32551193,1.1644417,1.0878414,0.13844001,0.53243667,0.61825323,0.78339,1.2485101,0.24937317,-0.4328785,-1.8885465,0.674782,-0.31198233,0.18493244,-0.19459997,-0.9994139,-0.24304138,0.31486705,-0.13345844
IND144401AAB,1.7469249,-0.5893205,1.238284,0.076175384,0.2106752,-0.5201274,0.085932374,0.24220178,-0.7410123,-0.1674347,0.98783356,0.17130002,-0.12438033,0.7924935,-0.20087673,0.5120734,-0.033569667,0.21988942,0.980923,0.028029967,0.23583661,0.9908803,-1.3938346,-0.8470685,0.44527057,-0.13555886,-1.0445088,-0.8225732,-0.14073467,0.026331013,-0.4876339,0.0425941
IND504293AAA,0.91965854,0.9507016,1.3523611,0.21960671,0.55574316,-0.44480437,0.12604235,-0.51409334,-1.3970379,-0.32345182,-0.20870516,0.4399537,0.8689564,0.90412414,-0.08179725,-0.21583816,0.43586645,-0.35654852,-0.6676359,0.84090453,1.2841333,0.35550052,-0.58411443,0.35693753,0.52053374,-1.2139481,0.17341258,-0.78283376,-1.0096698,-1.8068166,0.25466678,1.2688668
IND177033AAA,0.40452018,-0.23902488,0.75883734,-0.050345223,1.2897025,-0.36474118,0.5439769,0.0038909512,-1.1978749,-0.34420976,0.39553866,0.3753706,-0.49808896,1.0621347,-0.9418393,0.2938656,-0.082080275,0.18367533,0.77763313,0.8606498,1.0699207,1.2403158,-0.7386025,-0.81809866,0.33721572,-0.5807419,-0.67788815,-0.86982346,0.100060254,0.44545484,0.29366696,0.57405806
IND673573AAA,0.95811635,0.4270117,0.2951705,-0.17222986,-0.42208073,-0.13952397,0.52289367,-0.1520826,-1.208184,-0.874065,0.5754046,0.37824172,0.66558546,0.565167,-0.2731304,-0.38713187,0.8736318,0.48103967,-0.06321298,1.4922439,-0.27015114,-0.1980125,-1.3478101,-0.5525784,0.4555676,-0.073506124,-0.909913,-0.7009689,-0.48150438,-1.1858072,0.44502655,-0.8203733
IND380015AAB,-0.6221913,0.07450196,0.80735654,-0.27426177,0.11854679,0.25405276,-0.930761,0.24085669,-0.6146378,-0.9502345,-0.2635099,1.1465592,-0.095113955,-0.21003631,0.4875688,-0.16943184,-0.66022366,-0.40436354,0.5381024,1.3106447,0.4196393,0.1520553,-0.9626328,-1.0176185,0.15660219,-0.22683649,-0.8330288,-0.07513082,-1.4295063,0.44493893,0.4364091,0.20878239
IND781354AAA,1.2401102,-0.2107502,0.52559817,-0.19164026,0.9906452,-0.2671708,-0.7717494,0.7897613,-0.21800965,-0.52734905,-0.107272275,1.9421886,-0.95540226,0.72599113,0.84687227,0.1650596,1.3234048,-0.12850505,-0.15766409,-0.21659024,0.594288,0.50613713,-0.04344027,0.13438767,-0.3997168,-0.50675243,-0.41796687,-0.6271707,-0.67585504,-0.115444444,-0.4575799,0.05673372
IND574202AAA,1.1928744,-0.5842884,0.7141872,-1.0291641,0.33331403,-0.12598385,0.20885356,0.29809585,-1.0644344,-0.44058076,0.090053655,0.32347912,-0.033694375,-0.47296315,1.1058404,-0.9962862,1.3723472,1.4653039,0.77739507,1.035737,-0.09489377,0.054488983,-0.66029465,-0.032749806,0.97331476,-0.75487584,-0.5580982,-1.0108719,-0.6111281,0.41995454,-0.28542697,-0.8278492
IND534260AAC,0.79020923,0.22141123,0.79145443,-0.73989713,0.7468563,0.18697204,0.355275,-0.8560631,-0.58764976,-0.65661556,-0.46932027,0.8756556,-0.083644696,0.059525706,0.98738176,-0.54830474,-0.368553,0.58660424,-0.3524322,0.51710045,0.1579048,0.078594856,0.13386048,0.9074113,1.1806617,-1.0023836,0.6382629,-0.5587411,-1.2021772,-0.94879836,1.0503464,0.33393592
IND611001AAA,1.2330772,0.4831569,0.33903715,-0.7117693,0.0038973857,-0.48514625,0.5122912,0.52997553,-0.94946295,-1.3382272,0.28889683,2.0351467,-0.3934922,0.9092503,0.59061074,-0.64105725,0.022344355,0.2615796,0.9021695,0.89304775,-0.88227576,0.87632436,-1.0190834,0.2187743,0.11621742,-1.5844312,0.9244255,-0.531653,0.5002777,-0.875601,-0.92898065,0.774907
IND502110AAA,0.8022475,0.81052464,2.039714,-0.5013649,-0.18971497,0.032743227,0.49109212,-1.1351042,-1.3364313,0.22730148,-0.30879074,0.7660362,-0.13104774,0.39196485,0.93894464,-0.4100016,-0.17155537,0.3534733,-0.12886909,1.0217929,-0.10321677,0.36516234,-0.7197925,0.9552461,0.14568053,-1.440731,1.0562646,-0.00085882976,-0.41969323,-1.5543004,0.41271952,1.4975816
IND207001AAA,0.34493148,0.5370074,1.6292465,-0.62440825,1.3845687,-0.7921359,0.30043942,-1.4393497,0.06034914,0.18601277,-0.04938584,1.9477323,-0.21750355,0.93978316,0.44042638,0.3833146,-0.53876585,1.1796814,-0.7107193,0.7225997,0.67111844,0.6033523,0.09547201,-1.055054,-0.27838808,-0.045599468,-0.3231544,-0.5250495,-0.7095223,0.92415947,-0.7452983,-0.43533707
IND246763AAA,0.6878745,0.23591216,1.5850776,-1.3380522,-0.74705243,-1.047234,0.47574234,-0.19789852,0.09985794,0.3412062,-0.38701588,1.5490516,-0.80556685,0.39607486,0.7629835,-1.2868013,0.17742229,0.16992761,-0.45806506,-0.16143097,-0.22140902,1.6388203,-1.19364,-1.3753976,0.55378014,0.22587259,0.07176241,-0.9802299,-0.852104,-1.2183317,0.31694594,0.92556036
IND335523AAB,0.9956029,-1.0709428,1.2400823,0.20591883,1.251173,0.19742201,-0.3563368,-0.2890066,0.4063161,-0.33826372,0.39171237,0.5548078,0.48354638,0.8948313,-0.06872041,-0.6943805,-0.14473727,0.031543866,0.69317275,0.88819885,0.22927679,0.23479508,-0.8670904,-0.34424943,-0.31317645,-1.2977699,-0.08541251,0.6528283,-0.71445,0.3317914,0.43673235,-0.17427856
IND721133AAA,1.4663476,-0.26450434,0.04632848,-0.47732693,0.63570386,0.961928,-0.6275362,-0.03712911,-0.39787787,0.13951825,-0.842242,0.57661813,-0.9102601,0.8176458,1.3595805,0.017056193,0.44604,0.2669842,0.005577404,1.6067003,0.9755565,-0.4567042,-1.0293093,0.0671697,-0.919859,0.3210051,0.23576729,-0.72045976,-0.8873172,-0.18229386,0.98618656,0.16074526
IND742102AAB,1.4190159,0.2055203,1.081719,-0.12964644,-0.010385361,0.09611676,-0.06509039,-0.23943573,-1.2623204,-0.48744547,-0.83842695,1.1387732,-0.3825403,0.027226709,1.2384447,0.45796293,0.21405838,-0.20550507,0.4154289,0.010479522,0.1765084,0.4597978,-1.1283427,0.14610057,-0.3403275,0.6739338,0.33611435,-1.0032502,-0.7054563,-0.066269085,0.4873671,-0.4731771
IND752056AAA,1.0684519,-0.9218459,0.9241814,-0.3776968,0.7306721,0.63388604,0.4303259,-0.6292427,0.04266395,-0.84513986,0.14790353,0.07506367,0.60236543,0.7921823,1.6146822,-0.4089448,0.68044037,0.29162848,-0.10796019,0.29847205,-0.09133598,0.050214775,-1.5059018,-0.2868475,0.44130424,-0.45927584,0.43980873,-0.20786363,-0.5833554,-0.006102592,-0.50961244,0.16652583
IND845455AAB,0.7772044,-0.19614357,0.7002286,-0.66769886,0.5731381,-1.1627554,-0.7834218,0.42578673,1.1488626,-0.41153848,0.6709138,0.07939891,0.3576893,0.5788245,0.16885327,0.15712202,0.16057765,1.1998092,0.11585281,0.92468697,0.8271987,0.91371506,-0.81230927,-0.7459733,-1.064872,0.2642322,0.74582666,-0.4192762,-1.865088,0.77559835,-0.24905458,0.22799201
IND322201AAA,1.2668105,0.7109559,0.38579136,-0.31945616,-0.17536715,-2.189111,-0.7995682,0.026046356,-0.124435775,-0.12552485,0.81368506,2.4197714,0.49276128,-0.20270415,0.17354108,0.025990633,-0.11512259,0.2438564,-0.12695363,1.6921626,-0.9828957,0.8480292,-0.12504789,0.3202154,-0.09812394,-0.27657795,-0.024257706,-0.30022004,-1.1290709,-1.6656964,1.0950886,0.35825047
IND262122AAB,0.72060055,0.28318465,1.6631559,-1.2515532,-0.17049883,-0.83881027,0.19998159,-0.30838594,-0.16480626,0.51598525,-0.39391106,1.2374048,-0.36614597,0.4222168,0.25892276,-0.9811092,0.1768276,0.7624787,-0.3798514,0.077637985,0.5837811,1.6221458,-1.6629926,-1.2671396,0.5624363,0.64598256,0.3585884,0.045445275,-0.42075798,-1.1108747,0.7507578,0.6319982
IND000000ADM,1.6359961,0.38289467,-0.00097245845,-0.42223805,0.5350612,-0.9401071,0.64470416,0.41484854,-1.1199995,-1.1349064,-0.85685223,0.35554758,0.5250619,0.19967437,-0.14382824,0.74127793,0.5453927,0.41220933,-0.10469972,1.0937927,-0.2379508,-0.27157053,-0.5334098,-0.42871392,-0.099169254,-0.31799144,-0.15721244,-0.75571454,-0.49344906,0.28646818,0.57126623,0.40126005
IND273014AAB,0.59059024,-0.63224536,1.3311186,-1.4912521,0.3572845,-0.20686695,0.07489508,0.45232016,-0.2195451,0.01422407,-0.17727837,0.47621173,-0.70048875,-0.23102742,0.6840578,1.0669147,-0.92623395,0.7890497,-0.30458313,1.6118768,0.39699903,1.4351962,0.69630104,-0.02048896,-1.1217344,-1.1147753,0.6564508,0.23869278,-0.6824176,-0.0105924755,0.22437732,0.21651357
IND521001AAA,0.81274915,0.31489357,0.9181549,0.06869631,1.7755045,-0.7185643,-0.49367225,-0.56442016,-0.24125208,-0.6177269,-0.0579567,0.31829244,-0.91369754,-0.20998216,0.097652055,0.32535213,-0.19729015,-0.91638774,0.04150242,1.2452918,0.4162418,-0.13155276,-0.7768713,-0.5321241,1.2654786,-0.19182928,0.62283313,-0.75206923,-0.6304274,-0.14838652,0.1213797,-0.13538915
IND249407AAA,0.5063828,-0.75936574,1.021611,-0.38752878,0.054241776,-0.9728212,0.9640003,0.5202703,-0.7197866,0.24025477,0.30798963,1.705821,-0.18790287,0.45430973,-0.46109033,-0.35724747,-0.3956725,-0.017684015,-0.025635153,-0.28256887,0.33932877,0.9366962,-1.1920561,-1.3106786,0.74699134,-1.0632081,-0.33859318,0.2774891,-0.954781,-0.18027788,0.23506428,-0.38469106
IND482002AAA,0.34978154,-0.46655175,0.46613416,-0.96813077,1.3635854,-1.1783266,0.44782615,-0.09759123,-0.67822486,0.35421714,0.7795599,0.31592765,-0.06966685,0.5088775,1.9086958,-0.19823346,0.65732235,-0.015917161,-0.7010335,0.7843233,-0.35230508,0.45589912,-0.6290798,-0.26572916,-0.49837148,-0.124087684,-0.84793377,-0.23685573,-0.8748509,-0.8140839,1.323333,0.5312388
IND411033AAA,0.4604083,0.020898668,0.5536234,-0.61447495,0.13823481,-0.26821125,-0.29597682,-0.67992306,-0.4653461,-0.26542258,0.057251208,0.13809718,-0.31370962,0.29825267,0.19298047,0.12748131,0.46872407,0.052620653,-0.19523075,0.694086,0.879957,-0.6164907,-0.2556586,-0.7762958,1.144943,-0.36660707,0.15502843,0.24591926,-0.8731071,0.109903514,0.20262666,-0.11751636
IND125005AAA,0.7783177,-0.649693,1.1479743,0.32197765,1.1746265,0.00012760039,-0.32302508,-0.33007315,0.40108404,-0.16859943,0.43376926,0.43745542,0.1705041,0.5461388,-0.12463097,-0.78879035,-0.08303986,0.24449421,0.25475097,0.8473772,0.38413695,0.19848245,-1.0205768,-0.12911762,-0.33873817,-1.407061,-0.048837733,0.6565536,-0.9179516,0.37799925,0.25698626,0.051663157
IND274304AAB,0.93671215,0.43373305,1.2636124,-1.8986,0.040837225,-0.2818073,-0.43595153,0.17156503,-0.78649163,0.26947027,-0.721902,0.23620887,-0.91727084,0.2298714,0.91722065,1.5150565,-0.23698057,1.372585,-0.39785546,1.3915188,0.18694507,1.7746804,1.1052543,0.19641884,-1.1755477,-1.1979495,0.25380743,-0.08884792,-1.1980388,-0.2746832,0.5135652,0.14394799
IND132103AAA,0.06616141,-0.44470164,1.1425757,-0.47612512,0.13251655,-1.3213298,0.47662044,0.33469704,-0.38855135,-0.26160583,-0.18048659,1.3511878,-0.58439034,0.11444167,-0.37068063,-0.06682396,0.07440685,0.6157847,-0.4413438,-0.21502633,1.1548474,0.7812052,-1.0831072,-0.78757757,0.64517087,-0.5522123,-0.4214945,-0.27059814,-0.30767816,-0.22623041,0.1952236,-0.15954429
IND743270AAA,1.4421233,-0.044718675,0.61292815,0.6266115,0.52423954,0.6329766,0.32158136,0.18969972,-0.24841355,-0.4527595,-0.30219427,0.72364324,-0.28036952,-0.059003323,0.9611909,0.3302314,0.7755679,-0.5408578,0.19020769,1.0083182,0.8863637,-0.06584383,-0.6753695,0.08785715,-0.38293797,-0.016417867,0.26147217,-0.66844946,-0.9595347,-0.036328483,-0.1710869,-0.40140158
IND411014AAA,0.44583854,0.16852352,0.5905961,-1.1295123,0.81600016,-0.29716954,-0.4468108,-0.9725252,-1.1075083,-0.34059086,-0.73741674,-0.08544698,-0.15620917,0.38306493,0.5584614,-0.0749651,0.5121246,-0.064675234,-0.41746858,1.1255968,1.810593,-0.33741662,-0.39676705,-0.35920045,1.3157567,-0.2442408,-0.08885501,-0.11971706,-1.1198901,0.40416017,-0.21442913,-0.21559025
IND798601AAA,1.3178097,-0.60653836,0.46328962,-0.30206537,0.3244499,-0.44575933,-0.457751,0.0771181,0.42866707,0.047598734,-0.2169691,1.9995513,-0.7026808,1.4911449,0.32255766,-0.09600685,1.5838448,-0.24149302,0.34967458,0.29366106,0.081722595,0.9627141,-0.29288876,-0.5053609,-0.536605,-0.82152873,0.16750267,-0.9424392,-1.0421383,0.44243515,-0.7624306,0.08811416
IND673121AAA,1.2997755,0.47449264,0.6723311,-0.20615983,-0.3725647,-0.1610302,0.5356386,-0.06911551,-1.1090833,-0.54075515,0.09066386,0.31389716,0.27696148,0.75157326,-0.3894951,-0.66089827,0.9457701,0.4538677,0.032428183,1.6428919,-0.416008,-0.3780559,-1.8009216,-0.6353613,0.40335882,0.016227508,-0.5783027,-0.7420645,-0.44321498,-1.1570975,0.61394787,-1.187993
IND784001AAA,1.209322,-0.08851398,0.4813544,-0.8082021,0.75675017,-0.2461054,-0.33741507,0.65429443,0.3899709,-0.039136257,-0.535473,1.6610653,-1.1462772,1.385149,0.17148864,0.03696172,0.62198126,0.35906768,0.28128743,0.64897746,0.2063259,0.31715208,0.24731117,-0.8050869,-0.7970284,0.33187044,0.38535383,-1.2452941,-0.29983115,-0.23331727,0.2330217,-0.65325266
IND342601AAA,0.32866788,-1.3346505,1.0993513,-1.3474599,-0.13902295,-0.31249908,-0.94491094,0.008353432,-0.323461,-1.0850534,-0.5738486,1.0978392,0.7004487,0.29637185,-0.44842932,-0.74447596,-0.0040717227,0.50685775,-0.52653694,1.7003388,0.039785113,0.10441541,-0.8702801,-0.80255646,-0.8310018,-0.16461454,0.22244594,-0.9784808,-0.063731246,0.0095200185,-0.35927674,-0.34120446
IND723130AAA,1.6213444,-1.0056809,-0.22408924,-0.86120945,-0.656076,0.53246534,-0.34348375,-0.19222133,-0.94528675,-1.1934489,0.03695819,0.45533332,0.22277781,0.09433658,1.2954305,-0.6841576,-0.3240138,0.07021138,0.3672973,0.5730047,1.1080648,1.1606494,-1.2112117,0.27046552,-1.2511708,-0.39943367,0.26166585,-0.9813482,-1.3416842,-0.18323731,-0.2869007,0.23157364
IND722154AAA,1.2412215,-0.62723595,0.48445076,-0.41889462,0.19698995,0.13040136,-0.7767245,-0.015114091,-0.24553904,-0.56718427,-0.68107563,1.0150177,-0.02466644,0.2612571,1.1017529,-0.16071714,0.6947451,-0.6379125,0.34715742,0.52955556,0.33512497,-0.62167484,-1.2788792,-0.116257325,-0.8006199,0.03390939,0.93683267,-0.7982538,-1.1584852,-0.88057566,0.08953631,-0.6486937
IND605601AAA,1.1580008,-0.09811204,-0.32902616,-0.5466002,-0.13449243,-0.24796624,0.5080503,-0.35686773,0.212047,-1.3094575,1.1856782,1.0849371,-0.17457281,0.61097217,0.72996145,0.090030596,-0.43229845,0.64568615,-0.3483787,1.8197129,-0.17667855,-0.5817754,-0.2500953,0.30761957,-0.47299215,-1.683208,-0.66923505,-0.87481016,-0.5426292,-0.5080709,-0.38616407,0.43621102
IND623526AAA,2.2845712,0.30276838,-0.53474075,-1.1845895,0.3000917,-0.43596095,-0.93104225,-0.69214094,0.20784341,0.9905662,0.3839965,0.63947535,-0.2613416,-0.19588226,0.001360243,0.1515692,-0.31259528,-0.76952577,-0.020178292,1.5776317,0.5780602,1.6997377,-0.72132087,-0.47136715,-0.24503069,-0.55891824,0.5617735,-0.87193835,-1.3025537,0.09966376,0.09352994,1.7214731
IND424101AAA,0.17839624,0.6470613,0.84366375,-1.4328746,0.82005864,0.057992067,-0.45253015,0.8658969,-1.6233697,-0.74822706,0.8605106,0.88618827,-0.234518,-0.04576027,0.93816125,-0.07870753,-0.9642846,-0.070836216,1.1890681,0.28485042,1.0761869,0.30882537,-0.58756775,-0.94219434,0.6313278,-0.4257986,0.12617886,0.29858753,-0.63942075,-0.9959697,0.9043201,-0.4995227
IND431112AAB,1.0254049,0.29127324,1.4830443,-0.85768956,-0.09508229,-0.31042495,-0.16828996,-0.63467944,-0.7471019,0.007471825,0.68159825,0.1280376,-0.05525907,1.3695003,-0.070130944,0.021835638,0.5899539,-0.23948725,-0.9537272,1.4644752,1.4304703,-0.08446229,-0.05666779,-0.7685468,0.6774314,0.6784426,0.11366774,0.13996667,-1.6609182,0.8416428,0.5217393,0.50302976
IND333042AAA,0.78438175,-1.0050771,1.4967717,-1.6154922,-0.29618803,-0.10786143,0.1650078,-1.0124108,-1.0375435,-1.5113769,-0.27552813,0.5661366,0.3245449,1.0267127,0.10644732,-0.12321446,-0.4868416,-0.13928105,0.19941936,1.4688252,-0.36329523,1.1222619,0.041784827,-0.73465455,-0.37045765,-0.22674036,-0.6915932,0.46969518,0.11995415,-0.8757352,0.99739176,-0.4799426
IND680012AAA,1.998691,0.24856661,-0.20802067,-0.9774836,0.44649035,-0.9377251,0.09622933,0.18008044,-0.9989786,-0.8757162,-0.9728073,0.15853636,0.4823244,-0.11969568,0.021670071,0.93078053,0.5949875,0.8601138,0.46265087,1.2959894,0.14717866,-0.49116057,-0.075000584,-0.687161,-0.11192059,-0.4183459,-0.561205,-0.7369569,-0.6916118,0.15136765,0.43079868,0.753434
IND643231AAA,1.9085251,0.10137857,1.570793,-1.5543793,-0.3273415,0.7495158,-0.7341269,-1.5876112,-0.59001577,0.6801536,0.35995352,0.42620933,0.922212,0.7487458,0.9520302,0.36259562,-0.82479596,1.0037688,0.52964175,1.4728596,0.60310847,0.86202776,-0.098193415,-0.3001589,-0.047770966,0.117806576,0.012835077,-0.85770744,0.01086149,-0.26461327,-0.35803694,0.30380207
IND423105AAA,0.23036459,0.48893398,0.5680703,-1.3999542,1.0320742,0.39056042,-0.61714464,0.4829902,-0.7526643,-0.7761947,0.7211699,1.3611006,0.36634403,0.4856846,0.70202094,0.2581122,-1.157175,0.09661089,0.97982085,0.5556625,0.93677443,-0.15000252,-0.40241665,-1.2210836,0.65462804,-0.3985491,-0.0048032124,0.76487917,-1.0396533,-0.8721075,0.7514192,-0.66509765
IND486661AAA,0.18981647,-0.067406565,1.035498,-0.6212831,0.7953959,-0.7340862,-0.07077177,-0.26763618,-0.49470207,0.7528106,0.045384336,1.341968,0.29734284,-0.033620544,1.3431809,0.9555814,-1.4690287,0.22425908,0.82364774,1.7678361,-0.092688195,1.2446612,-0.9148827,0.070226,-0.59479827,-1.0963972,-0.05272696,0.194403,-0.027571134,-1.0851103,-0.57010543,-0.34867436
IND832109AAB,0.24551521,-0.4714082,0.921128,0.11926299,0.5094623,-0.012356171,0.3850453,-0.41700855,-0.46844348,-0.469714,0.43743378,1.318139,0.16568266,0.0053530806,0.5440903,-0.32561362,-0.1542012,-0.13046266,-0.015662707,0.908454,1.0777444,-0.5759739,-1.291904,-0.58563334,-1.2566587,0.49528745,0.35712165,-0.017793864,-0.7163013,0.10332083,0.5797517,-0.36789688
IND201005AAA,0.07030548,-0.17560929,1.6507233,-0.2399071,0.62118137,-1.3737376,-0.6511573,0.010219902,-0.7530812,-0.6576441,0.24258605,0.8284453,-0.56890965,0.27183092,-0.11131232,-0.079516865,-0.034613498,-0.6644237,0.071495,0.30379388,0.77946985,-0.0012422513,-0.94909775,-0.26958132,-0.6083521,-0.8800022,-0.37145564,0.4048809,-0.7789335,0.18167424,-0.66183215,-0.57250935
IND571114AAA,1.8242261,0.27876547,1.2070101,-0.6066444,-0.32164237,0.043132238,-0.5272159,0.18884303,-1.2292315,-1.284402,1.3869375,-0.2791734,-0.78722996,0.38932413,-0.03653689,-0.5237929,0.8073366,1.2758526,-0.7994495,1.213402,0.33285037,0.53717595,-0.49815023,-0.068890095,0.07652805,0.16024776,-0.14263773,-0.45270693,-0.2195532,-1.2316784,0.1318365,0.73244953
IND410401AAA,0.087904036,0.17730814,0.37817731,-0.12672532,0.19560336,0.38730907,-0.028168695,0.10822779,-0.98351717,-0.4629708,0.3052661,0.93505335,-0.11669748,-0.22596624,0.70482296,-0.02252621,0.479633,0.3387552,-0.06899576,0.45244622,0.8645764,-0.23495245,-0.5376198,-0.84683484,0.44015697,-0.67773,-0.5510487,0.30865884,-0.72233546,0.15875994,0.8014121,-0.50451595
IND476111AAA,1.0039992,-0.13752967,1.0955216,0.54056853,0.42294925,-1.3056139,-1.1870643,-0.54494584,-0.47098356,0.02602497,0.771655,1.3591429,0.15067305,0.063687,0.9490621,0.7486301,-1.0654458,0.63567865,-0.64555734,0.94736177,-0.07583108,0.16856436,-1.5207461,-0.8451112,-0.5648177,-0.4408337,-0.22078505,-0.23245566,-0.4484064,0.11367427,-0.528646,-0.58253944
IND465333A1B,0.1938258,-0.21915263,1.1158923,-0.023044828,0.7435116,-0.39543125,-0.096056536,0.3723522,-0.2955074,-0.31817317,0.09627165,-0.13715439,-0.121868216,-0.29833564,1.713602,0.5375162,0.4476958,0.8498723,-0.5914576,1.744644,0.19216357,-0.34903827,0.012544407,-0.26671162,-0.39580476,-0.47526562,-0.42099795,-0.023771737,-0.7996532,-0.5410825,1.074506,-0.010661569
IND176061AAA,0.85158163,-0.23178804,0.742618,0.08520417,0.57811135,-0.48061374,0.55014956,-0.35352397,-0.9041919,-0.5131617,0.6580349,0.5479357,-0.73461396,0.97831637,-0.7938451,-0.12182528,0.039338734,0.4597159,0.93062073,0.43082502,0.66618496,0.52118415,-1.3672371,-1.4039077,-0.21613376,-0.24534002,-1.1996108,-0.5545594,0.12804227,0.115720816,0.70908517,0.25958747
IND134102AAA,1.5221308,-0.016173651,1.2142469,-0.5845018,0.8333485,-0.5201362,1.0793563,-0.34153286,-0.6748348,-0.52778333,0.9823535,0.6152195,0.1682022,0.60146505,-0.8285965,0.6430968,-0.044028245,0.23850016,0.6814696,0.28604588,1.5438359,0.9235859,-1.488878,-0.84656614,-0.046873122,-0.77730733,-0.19602682,-0.25219023,0.79877865,-0.24068303,0.053657923,0.33288416
IND577101AAA,1.7015835,0.1944155,0.34173515,0.28858382,-0.6859606,-1.2433096,0.379999,0.4710632,-1.9128383,-0.24774097,0.25937456,-0.28313404,-0.5376428,1.0710689,0.7172208,-0.8475401,0.6984523,0.8162383,0.70616925,2.1665113,-0.19754042,0.6061781,-0.6508204,-0.71390706,0.6978614,-0.5285177,0.37970847,-0.869146,-0.7150746,0.60100013,-0.3490365,-0.26202136
IND306902AAA,-0.059160635,-0.51378405,2.053554,-1.2730536,-0.6031887,-0.91189927,-0.63066816,-0.16903682,-0.31961185,-1.2683934,-0.28428236,1.3594416,0.106127195,-0.49052975,0.4576911,-0.79480517,-0.6560418,0.9098,-0.44383422,1.8657155,-0.35476223,0.8933019,0.65437424,-0.6728139,0.31969807,0.6937908,-0.003004425,-1.8263344,-0.94610894,-0.3779427,-0.2766675,0.5340674
IND785001AAA,1.1426948,-0.82540464,0.46765128,-0.34160706,0.29541466,-0.21880506,-0.5044156,0.2576091,0.5013779,0.113746375,-0.13576558,1.9861907,-0.5774323,1.5194759,0.28815854,-0.16323708,1.3891697,-0.40658864,0.103485525,0.4268604,0.22266214,0.934461,-0.12415511,-0.6191106,-0.88735944,-0.7821675,0.2551963,-0.86612403,-0.92823344,0.28772599,-0.6254858,0.16109836
IND563101AAB,1.522665,1.4944477,0.3619018,-1.5469557,0.23177703,0.080928504,0.30505598,-0.5383904,-0.030901847,-0.42159072,0.6786402,-0.10660353,-0.052602727,-0.40719897,0.38978016,-0.046861373,0.84408677,0.5983693,0.19303991,0.9142328,-0.4759963,0.12485633,-1.4936255,-1.249591,-0.45925182,-1.0258973,-0.22633035,-0.76687783,-0.66082275,0.54990566,0.26741648,0.33405277
IND246444AAB,1.5185777,-0.21998443,-0.00774115,-1.1990632,-0.48474947,-1.6877241,-1.7370821,0.16983353,-0.027760789,-0.30041993,-0.5990446,0.3170621,0.20606212,0.99096966,1.6243032,-0.92294395,-1.2982045,0.13669446,1.1330619,0.6402654,0.09474231,0.70798326,-1.1440538,-0.36585826,0.3748764,-1.5748987,-0.20848612,-0.9780306,-1.0042404,-1.934352,0.36396104,0.205494
IND683511AAA,1.7864125,0.694222,0.15733892,-0.7083174,0.3554348,-0.9366031,0.42084244,0.37985542,-0.9406379,-0.9578626,-0.39384562,-0.10804685,0.55505806,-0.17273003,-0.13494031,0.6173658,0.5763998,0.6160695,0.16979228,1.0530225,-0.081245795,-0.1054677,-0.44407105,-0.4253657,0.18213353,-0.3119734,-0.3978538,-0.16597788,-0.30353284,-0.13787869,0.4766054,0.39451998
IND560058AAB,0.9710624,0.5518574,0.2985283,-0.509684,0.034901727,-0.05694152,0.114735685,-0.4115959,-0.6700487,-1.1684967,0.15490803,-0.24835184,-0.13957128,-0.34425646,0.37199217,0.1013443,0.8661532,0.6655097,0.0036052247,0.9106706,-0.086607926,-0.16472493,-0.71540266,-0.86588395,0.05922475,-0.8714588,-0.25062576,-0.89236975,-0.22664498,0.34862113,0.19841672,-0.17704989
IND732103AAB,1.5524107,-0.14436728,0.27603024,-0.28927013,0.5321776,1.1671736,0.34570843,0.015451758,-0.568769,-0.5170724,-0.1500404,0.86665857,0.09883158,0.5308662,0.4800336,0.945979,0.39325148,-0.4943729,-0.06120862,0.4478679,0.20073555,0.7331096,-1.1356134,-0.7473876,-0.88969976,0.23937769,0.85930085,-0.4986237,-1.0167427,-0.6219376,0.49866682,-0.13917316
IND685514AAA,2.1731398,1.0570027,-0.04043353,-0.9099777,-0.05753884,-0.17253122,-1.425723,-0.89630157,-0.057268206,0.5146079,0.49656126,1.3807908,0.14865233,-0.37446174,0.25129816,0.2802844,0.09946486,0.2364589,-0.272018,0.85529786,1.0490663,1.2592334,0.3464371,-0.708332,-0.9268512,-1.1018488,0.70201755,-1.0056219,-1.2035586,-0.12744938,0.14635105,1.575302
IND577132AAD,1.793852,0.26739135,0.059207004,0.10232136,-0.6475212,-1.0391712,0.2894656,0.5798996,-2.0410779,-0.2626563,0.43282416,-0.1870227,-0.44244066,1.1008382,0.7254536,-0.7428508,0.5815954,0.901754,0.76724946,2.037825,-0.30308422,0.61741644,-0.7248164,-0.8776207,0.8639909,-0.4993992,0.50907415,-0.9674371,-0.77033067,0.56954736,-0.39815018,-0.15023093
IND206122AAA,-0.33376494,-0.35097492,1.4163003,-0.13441399,1.1393716,-0.121538416,0.06929436,0.2419277,0.17849392,-0.33336076,-0.28977126,0.2083912,-0.7202458,0.2544642,0.5480878,0.6816854,-0.23881908,0.5390347,0.17501792,1.1930528,0.29347262,0.75493246,-0.8099885,0.2528444,-0.29654333,-0.38220382,0.2762995,0.4469927,-0.736181,0.25208083,-0.13903603,-0.5432662
IND586101AAB,1.2967786,0.6896257,1.4592237,-1.2552563,-0.17599991,-0.51048017,-1.1424853,-0.50292724,-1.1092646,0.2673688,-0.25581157,0.28914297,-0.1609975,1.1935692,0.41689336,-0.6171452,0.78106266,-0.15373951,0.6862477,1.1882464,-0.050627064,-1.2476263,-0.5054273,-0.82328,0.3640966,-0.74378604,-0.33395237,0.13106187,-0.4888652,0.30830494,-0.7906514,0.29081225
IND282001AAF,1.2388682,-0.36315262,1.1682181,0.4144938,0.5519674,-0.91145384,-0.82770723,-0.12647815,-0.3310353,-0.53120166,-0.25142387,0.7489931,-0.7710384,0.18792503,1.513965,0.240636,-0.85032415,0.5929182,-1.0524179,0.64474547,-0.25310293,1.0739572,-0.7189978,-1.828685,-0.67559296,-0.7101756,-0.25992292,0.1613207,-0.080331415,0.8449588,0.21069661,-0.0033767084
IND425405AAA,0.6101201,0.172313,0.48813087,-1.6687465,0.75333095,-0.16567989,-0.7604274,0.43843073,-1.2269938,-1.0050621,0.8182499,0.7200061,-0.0236182,0.21241948,1.6347053,-0.068540476,-0.9286168,0.241439,1.4621577,0.49818337,0.85834897,-0.48761532,-0.99466157,-1.0425619,0.26758176,-0.27402833,0.17688398,0.5874037,-1.2324222,-0.6569497,0.9988131,-0.94188416
IND208019AAA,-0.5025765,-0.56259483,1.3358551,-0.8621435,1.1516758,-0.9617701,0.07035613,0.21668851,0.3471168,-0.028019208,-0.36017212,0.6644366,-0.6632751,0.24746804,1.1599005,0.78097,-0.02361427,0.61239374,-0.44776842,1.2206699,0.57915896,0.6693759,-0.29651678,-0.17228386,-0.8638208,-0.5349461,0.23548627,0.42635563,-0.7689237,-0.068781056,0.0038801164,-0.5091379
IND305404AAA,0.6589833,-0.82053405,0.960746,-0.8414504,0.9225443,-0.13796543,0.18316278,-0.23403099,-0.66458404,-0.77444637,0.2257659,0.5326138,0.4214343,-0.07889626,-0.34365907,-1.3939357,-0.7253993,-0.14609699,-0.06556421,1.905215,-0.44359332,0.28580147,-0.3235822,-1.5397583,-1.0182861,0.40527204,0.37892863,-0.8137429,-1.0721247,-0.8428982,0.26422077,1.0112344
IND561202AAB,1.7644603,0.6907551,1.1661769,-1.5174594,0.025690256,0.544351,0.120713644,0.22341907,-0.22788404,0.8177907,0.900751,0.6934118,-0.852692,-0.10589569,-0.42558685,1.0736872,0.43507037,0.1989007,-0.0970453,1.1866254,0.31501418,0.4811972,-0.6817935,1.1647614,0.28780442,-0.7666211,-0.41881177,-0.7718281,-1.6505489,-1.1340963,0.68854994,-0.06588068
IND245101AAA,0.05198272,0.077269375,0.7227164,-0.17562258,0.6683037,-1.5810584,-0.2973824,0.3425832,-1.3399793,-0.8723867,-0.018880041,0.94525635,-0.7198277,0.73892975,0.06878716,-0.059623092,0.28318602,-0.7958987,0.13120255,0.74924284,1.2051308,0.5379502,-0.74561936,0.16058089,-0.84865916,-1.8137081,-0.8337063,0.4221791,-0.9142211,0.35435957,-0.53874177,-0.6020425
IND110035AAC,0.0033615567,-0.64471257,0.8726902,-0.4183865,1.3252861,-0.60984385,-0.21552011,0.07735868,-0.13482043,-0.43448636,-0.11453551,0.9005842,-0.42393184,0.65121686,-0.2538375,0.42778182,0.18176399,-0.004414933,-0.31886953,0.5883545,0.7427781,0.21393971,-0.34671807,-0.918583,-0.29095706,-0.6684958,0.07308115,0.079419635,-0.30971447,0.49557444,-0.1705254,-0.7000972
IND160102AAD,0.73661906,-0.5930122,1.3155549,-0.23465495,0.8433331,0.25822735,0.22805618,-0.5582181,-0.82612324,-0.6439567,1.0332642,0.052038718,-0.27168638,0.98155147,-0.72047657,0.34284,0.009242034,0.26113725,0.60715085,0.73636645,1.0976757,0.8347108,-1.2713482,0.029305324,-0.39778256,-0.45549604,-0.48068243,-1.541061,0.14548029,0.25620592,-0.32844242,-0.4034316
IND713364AAB,1.200368,-0.18188912,0.16361395,0.17803895,0.5707231,0.56567746,0.09662567,-0.08565448,-0.688876,-0.9603702,-0.46486557,0.39836463,-0.4395025,0.05736782,1.1130317,-0.20857209,0.37632814,-0.38055426,0.3292156,0.22528662,1.0795738,0.44976175,-0.66426873,-0.2450491,-0.6750996,-0.4642463,0.6451147,-0.8401607,-0.812986,-0.17264652,0.27927226,-0.28581542
IND243002AAA,0.5740769,0.14360254,1.7032851,-1.0663326,-0.02752161,-0.92341214,0.3034243,-0.38550043,-0.0053257663,0.49030265,-0.1735458,1.2103511,-0.52762246,0.5741434,0.21304655,-0.9057153,0.08738022,0.6989057,-0.39421058,0.12423531,0.25860563,1.8105283,-1.7511531,-1.0842084,0.4476118,0.55945736,0.30571413,-0.15535386,-0.3108358,-1.0449666,0.49993652,0.6586308
IND306001AAA,1.4671154,-0.8254611,0.93359375,-1.1542423,-0.054616936,-0.51247746,-1.6344979,-1.1456155,-1.1715012,0.2626732,-0.9138186,0.6289776,-0.26220772,-0.61281925,1.1341093,-0.64069974,-0.25566652,0.61160266,-0.5217415,1.0577525,0.5645634,2.1869156,-0.71517384,0.16868399,0.052320525,0.20704895,-1.3314471,0.5797138,-1.647769,-1.6063889,0.14535062,0.6900002
IND691574AAA,1.4433306,0.7031218,0.62629116,-1.1101776,0.28372958,-1.5773278,0.39491317,1.148821,-1.0745825,-0.43097466,-0.2667555,1.7014725,1.1544209,0.25091463,0.3824837,0.32466647,-0.5750086,-0.24641709,1.4735798,1.7613794,0.21798997,0.8731254,0.54206264,-0.30244744,0.6055692,-0.3504602,0.69153756,-0.08980222,-0.33593926,0.5559188,0.34422532,1.558326
IND712410AAC,1.098419,-0.47623256,0.27256984,-0.22311282,0.41332152,0.042559344,-0.33732185,0.38165703,-0.1929196,-0.3557193,-0.37259156,0.8563436,0.16052605,0.33982697,1.3915094,-0.13037051,0.82740647,-0.4648069,0.2693826,0.6626943,0.4537848,-0.45821327,-1.2231706,0.18029878,-0.8179807,-0.52008706,0.42515972,-0.59785193,-0.1474107,-0.697549,0.49999565,-0.7679744
IND400037AAA,0.13419808,-0.058550127,0.14159296,-0.8343018,0.50874877,-0.16803071,-0.00783305,0.17090335,-0.9850989,-0.6278954,-0.64818615,0.98948973,-0.41718677,-0.75573295,1.0411667,-0.17650619,-0.098942176,0.66019213,-0.56104636,0.4734016,1.0228966,-0.6627369,-0.790407,-1.2124512,0.34897247,-0.3723104,0.10995411,-0.06896507,-0.960135,-0.32477325,0.67707306,-0.15251791
IND742101AAC,1.2451907,0.09082221,0.98441815,0.03234246,0.14894117,0.250184,0.060049772,-0.07756221,-1.0982567,-0.2677884,-0.7206755,1.3198918,-0.13895445,0.059071578,1.2681828,0.43294317,0.18103577,0.049651504,0.23476155,0.120033525,0.3006084,0.34822252,-1.2143036,0.20369096,-0.16350462,0.6990204,0.58064854,-0.97153044,-0.832301,0.22447793,0.37760392,-0.28090602
IND673639AAA,-0.2784476,0.2534285,1.9002374,-1.2802626,1.2281485,-0.0207253,-1.288157,-0.70098513,-1.3161334,-0.6563396,0.23380013,0.52660334,-0.23479323,0.117221564,0.60521704,-0.9979917,-0.13997439,0.8310698,1.0533836,0.15444818,-0.009261659,2.3243194,-0.33631906,-0.43962058,-0.64331144,-1.011932,-0.0068711652,-1.4092653,-1.0965831,-1.672716,-0.4736244,1.0946035
IND505184AAC,0.5881829,0.9597916,1.3868581,-0.049054924,0.3693761,-0.3720997,-0.16377951,-0.804747,-0.35413125,0.19102034,-0.25600561,0.81506544,0.5005325,1.0493077,0.6623555,-0.70578575,0.8750556,-0.7894045,-0.59775376,1.0209112,0.9054513,0.311143,-0.63405406,0.39096352,0.9585251,-1.0067393,-0.015997835,-1.2509571,-0.21425618,-1.2974597,0.1811487,0.8818876
IND768028AAA,2.3812284,1.2727298,0.5032257,-0.867218,1.5421097,-1.1658258,-0.85633785,-0.7297682,0.21225205,-0.42478132,-0.9948927,0.4279112,0.11523718,0.41771892,0.5767707,-0.81526405,0.13831134,0.76459056,-0.18657205,1.2572535,-0.58582664,2.178733,0.07568227,0.31510493,-0.74654406,-0.9418835,0.6089597,-0.5286305,-0.8955261,-0.37502453,0.70834386,-0.27000165
IND247776AAA,0.47171226,-1.2689478,1.082648,-0.9943552,0.12231045,-0.97048926,0.6234653,0.110067055,-0.48555553,0.19794485,0.43286553,1.1184926,-0.4557225,0.17449868,-0.34292796,-0.3073365,-0.24391513,0.35596737,-0.88586,0.026651008,1.0200946,0.9855891,-1.4328904,-0.9850966,0.3290506,-1.2656655,-0.34128955,0.08371742,-0.21860467,-0.6080943,0.07501196,-0.10274198
IND303303AAA,1.3441427,0.76333565,0.3543512,-0.34137183,-0.1309,-2.0954437,-0.70500475,-0.12779771,-0.0024244124,-0.08272338,0.9814941,2.3926206,0.5266413,0.028904878,0.114198685,-0.002762642,-0.25121474,0.17843659,-0.027604837,1.6104865,-0.92988867,0.9079968,-0.048571195,0.40577847,-0.14499211,-0.32353678,0.0444094,-0.37287563,-1.0354724,-1.5759808,1.0278083,0.36485675
IND125051AAA,1.014685,-0.48742527,1.6193112,0.14626923,1.110967,-0.48322764,-0.018740643,0.19110762,0.09995255,-0.33876148,-0.14218481,1.3253621,0.4531699,1.0020564,-0.40789443,-0.73826164,0.2909362,0.42837512,0.7168066,0.9834943,-0.025808655,-0.042196877,-0.4971202,-0.39387605,-0.6011951,-1.2707121,0.3586929,0.91503376,-0.4971862,0.55787176,0.6665921,-0.28645307
IND395001AAA,-0.18753396,0.6803733,-0.075085685,-1.6914543,-0.25966656,0.33066744,-0.0012852707,0.39293864,-0.18959285,-0.8368005,1.2487972,0.80374706,0.83011305,0.96172285,0.75886434,0.12495601,-0.16604193,0.91648865,0.27490982,1.3462553,0.17056955,2.0974197,0.2444454,-0.85453683,-0.26930553,-1.3405386,-0.44595727,-0.8206963,-1.3492141,0.011958219,0.20028256,1.4166272
IND305001AAC,0.08291167,-0.7039738,1.2048506,-0.91572845,0.70645857,-0.19749412,-0.19926704,-0.047890794,-0.54858243,-0.95670474,-0.094872974,0.37431747,0.34546182,0.19549419,-0.18427454,-1.0513053,-0.5326708,0.20484133,-0.6030806,1.7250996,-0.54983264,0.057227757,-0.24090475,-1.2394108,-0.66103894,0.099412344,-0.18312521,-0.6419204,-0.38234,-0.48699892,-0.06739884,0.720526
IND721401AAA,1.7115554,-0.38238493,-0.22886293,-0.72232974,0.48327577,1.1545355,-0.62223595,0.096998245,-0.4890272,-0.15416873,-0.5694423,0.69413227,-1.1263387,0.8319911,1.3510227,0.15322685,0.40663767,-0.10538595,0.31128109,1.259831,0.86000735,-0.28758663,-1.1298575,0.13303643,-0.59407294,0.24523012,0.17096047,-0.5318629,-0.9068493,-0.3083069,0.7327317,0.24995159
IND600056AAA,0.9207991,0.82859313,-0.28281894,-0.047503933,0.12921728,-0.055352964,0.6593112,-0.5550126,-1.0103053,-1.2483263,0.38004863,1.8397667,-0.80625284,0.7629971,0.32449543,-0.33091137,0.03858248,0.8016837,-0.6193611,1.5183868,0.20533337,-0.3760208,-0.6752694,0.10105162,0.0009132408,-1.3960057,0.20997831,-0.7250781,-0.4248637,0.12622212,-0.06649826,1.5611073
IND501359AAG,1.7492865,0.8727242,1.3028759,-1.809916,-0.60409313,0.34493852,-0.048466884,-0.1277619,-0.15776065,-0.30322093,0.087204196,1.1500146,-0.08821576,-0.82705575,0.7327233,-0.6872762,-0.06629538,0.14565885,0.92373717,0.9929932,0.19489793,1.8451471,-0.15431023,-0.601849,-0.4170228,-0.78683335,-0.47517675,0.8165691,-0.6802331,-0.5731831,-1.2485045,-0.07821751
IND396580AAB,-0.11790669,0.6397366,-0.12807323,-1.8033979,-0.17986774,0.29840294,-0.00053362426,0.48630035,-0.08921641,-0.7500556,1.1462582,0.77803504,0.65795696,0.8568658,0.6326376,0.20368248,-0.21716288,0.71390945,0.43646196,1.2624497,0.24363057,2.118502,0.20180196,-0.8141719,-0.19694935,-1.2189674,-0.47476703,-0.6610321,-1.1140103,-0.061875317,0.26203892,1.299115
IND248001AAA,0.46130884,-1.3362379,1.5838904,-1.0332588,0.018410234,-0.6811727,0.20681186,0.7745986,-0.9368993,0.30811572,0.07126022,1.1743815,-0.41584992,0.0146085825,-0.017702013,0.012256328,-0.39327985,0.260634,0.09956416,-0.51156634,1.0820394,1.1279539,-1.3812809,-0.3869975,0.030034969,-0.7430471,0.0032302276,0.00024444418,-0.52248234,-0.09619041,0.61635846,-0.11811561
IND691506AAA,1.9214219,0.9660675,0.163421,-1.2286842,-0.2715714,-1.3665373,-0.34976253,0.7272444,-1.4124041,-1.588168,-0.15863565,1.0166473,1.1860968,0.11085547,0.16019072,0.6687633,0.031783793,0.2605453,0.45225146,1.2112426,0.47257888,0.3153623,0.059468083,-1.0485151,-0.10845427,0.26264188,0.1858464,-0.4145831,-0.27428156,0.31454957,-0.61153316,0.9974394
IND609602AAA,1.3945098,0.44160742,0.5278614,-0.67522347,0.059379417,-0.59492165,0.62793016,0.5320539,-0.9331656,-1.145158,0.40441298,1.8458433,-0.46199125,0.9288334,0.4955946,-0.49307573,0.0844948,0.20972826,0.739066,0.753938,-0.89451504,1.1287956,-0.98384786,0.24976024,0.031391148,-1.5880115,1.1529756,-0.48416072,0.52575266,-0.7106208,-0.936907,0.88753796
IND767001AAA,2.4883144,1.1546316,0.6334179,-0.9697169,1.5520347,-1.2291914,-1.1381943,-0.6915532,0.19542131,-0.32017004,-1.0528948,0.36624613,0.078671426,0.49398464,0.49442944,-0.9131502,0.14324419,0.7401168,-0.17285225,1.147597,-0.5248299,2.3129532,0.021761104,0.29723284,-0.6881071,-1.0330642,0.5881285,-0.6698571,-0.852679,-0.3714371,0.7195384,-0.23435651
IND413307AAC,0.78071237,0.3652754,0.14013402,-0.67253006,-0.2070182,0.108481824,0.34228545,-0.54887027,-0.87138766,-0.6536411,0.12451508,1.1287066,-0.3922282,0.45101854,0.5338645,0.30199364,0.055944685,-0.46371987,-0.2744068,0.32423922,0.92976856,-0.69356453,-0.18234277,-0.36259028,0.8750939,-0.73447657,-0.09183304,0.35180455,-0.88841665,-0.2308018,0.927966,-0.3765844
IND742226AAA,1.5934387,0.5784143,0.7603383,0.061334807,0.18964583,0.10304228,-0.01239325,-0.14135185,-1.2667265,-0.009647406,-1.1347971,1.1784136,0.082988374,0.13752498,0.93753964,0.36675382,-0.1571017,-0.062397685,-0.08053524,0.42220223,0.19421339,0.8716064,-1.5581026,0.2140543,-0.619615,0.73610896,0.39355162,-1.436716,-1.1058747,-0.008155953,0.60358775,-0.45403364
IND284403AAA,0.87866336,0.03251597,0.9743362,0.41828135,0.7356144,-0.96011406,-0.8867116,-0.5988712,-0.48376217,0.30688563,0.23220754,1.3121213,0.34314615,0.11132102,0.6255792,1.1496502,-1.3309091,0.6021966,-0.26418158,0.9609911,-0.31462914,0.8803859,-1.4588389,-0.65542936,-0.4086086,-1.0080234,-0.4595895,-0.34905732,0.032130532,0.37623146,-0.36303458,-0.32807893
IND741156AAA,1.3556107,0.23233262,1.1787353,-0.21936145,-0.10865232,-0.018768523,0.075282335,-0.3864866,-1.4321135,-0.53544706,-0.8327284,1.3761237,0.23937161,-0.052038204,1.7783722,0.39736414,0.16693664,0.16998757,0.098009504,0.05342708,0.31351665,0.3225021,-1.5835032,0.33552325,-0.4337025,0.61681855,0.4553292,-1.2630436,-0.8130228,-0.2866281,0.29783678,-0.42959443
IND721636AAB,1.0587106,0.9364703,0.77747494,-0.61873263,0.44559437,-0.096208245,-0.9585623,1.4994243,0.3054254,-0.6559733,-0.50761163,0.4923642,0.74052954,0.57478696,-0.5418033,-0.33041644,-0.33244228,-0.09306872,1.0275556,2.198655,1.2195885,1.6420969,-0.9604718,0.10962216,-0.13691857,-0.71724653,0.3697195,-0.5999867,-0.8966478,-1.5356245,-0.3919534,0.96418965
IND484001AAA,0.8681929,-0.4612588,0.3563675,-1.1709754,1.1456146,-0.9694439,0.21603142,-0.3970412,-0.7983145,0.824103,1.0534381,0.69080883,-0.4677989,0.2983036,2.1388996,-0.3281895,0.6955789,-0.91589236,-0.27308974,1.4890878,-0.6559594,0.90923846,-0.38784358,-0.67827517,-1.0835047,-0.2016259,-0.80737627,0.3188084,-1.257079,-1.2854049,1.2857481,0.41812283
IND533308AAB,0.45508644,0.03968689,1.1732813,-0.8274804,0.8983563,0.19011882,0.131002,-0.75725496,-0.338542,-0.6688799,-0.436853,0.62914664,-0.17991363,0.28350705,1.0894306,-0.41919976,-0.62371296,1.1741556,-0.28392446,0.69231933,0.19066903,0.03963354,0.07941294,0.702971,1.4105636,-1.0844632,0.4032051,-0.6199182,-1.3179207,-0.81068474,1.3157471,0.18088847
IND470113AAA,-0.03098364,0.6968861,1.8035823,-0.15277019,0.7226354,-0.7401206,0.35993585,0.7462886,-0.38586575,0.107755944,0.36815503,-0.6596541,-0.07796228,0.7886333,1.1889842,0.70843387,0.57169527,0.7635405,0.17126136,1.0164177,0.32062635,0.7037905,-0.23949392,-0.657152,-0.7398999,-0.91641927,0.023199389,-0.29407373,-2.211673,-1.494049,1.1172749,-0.5185206
IND680712AAA,2.0766106,0.54018503,0.24703966,-0.5655469,0.096373186,-1.1403354,0.30949023,0.43327138,-1.7391694,-0.73971725,-0.19669802,0.0838208,0.47319424,0.22880335,-0.5273922,0.80535144,0.66000444,0.5822625,0.12566227,1.3872341,-0.057140306,-0.16295603,-0.2811614,-0.7995644,-0.022237243,-0.33718264,-0.5732201,-0.77831155,-0.1345895,-0.3550912,0.38635457,0.4724235
IND784176AAA,0.8401327,-0.46589115,0.48100787,-0.63555837,1.1259909,-0.30828044,-0.11211643,0.6365108,0.4852524,-0.45664132,-0.54657793,1.8136126,-1.1390955,0.94195163,0.21140552,0.23173,1.1035451,0.31214195,0.095447175,0.46136913,0.45218247,0.47562042,0.13340828,-0.15993337,-0.66769093,0.008410578,0.4317194,-0.7580364,-0.5812774,-0.4218124,0.2676618,-0.17230988
IND131028AAE,0.7664801,-0.73214144,1.0896496,-0.30208054,-0.014703309,-0.4981149,0.7690274,0.11088744,-1.0002013,-0.121155806,-0.4740747,0.9800865,-0.21848892,-0.2044069,0.44085592,0.11644714,-0.029447865,-0.078231364,0.047746632,-0.39925057,1.0030097,1.142006,-1.5918279,-1.1137772,0.4611877,-1.4566594,-0.51444346,-0.50621873,-0.17545587,0.13101242,-0.051951785,-0.6469966
IND487001AAB,0.49451393,-0.33170372,0.5622543,-0.50811064,1.7012098,-1.4324005,0.43485382,-0.14867263,-0.7126727,0.08288778,0.9747063,0.055718325,-0.3104438,0.6322384,1.689953,-0.052981418,0.75766414,0.1435777,-0.7411877,0.7335214,-0.609295,0.5272417,-0.39126715,-0.30588272,-0.61794287,-0.46370268,-0.3932392,-0.4126625,-1.0561808,-0.5405956,1.002223,0.17505585
IND321408AAB,0.27107853,-0.12666008,0.8494575,-0.41803077,0.5196179,-1.3973286,-1.3747834,0.2452901,-0.2813928,-1.1209514,-0.2641083,0.24507691,0.9672627,0.4582839,0.19072655,-0.38961425,-0.53263766,-0.5838309,-0.41342548,1.4314299,0.3597516,0.046312906,-1.5455269,-1.0911791,-0.119642876,-0.7024252,0.007997769,-0.46591496,0.0073504825,-0.30273235,0.6433503,-0.2982276
IND623315AAB,2.0225825,-0.34845978,-0.31649974,-1.015114,0.61082315,-0.8112971,-0.25897616,-0.6321571,0.20731196,0.58756757,0.21794514,0.51982963,-0.3335068,0.32744905,0.110508926,0.38681445,-0.24322607,-1.152699,-0.21380876,1.6945969,-0.4248553,2.3601832,-1.3429956,0.15904936,0.35578397,0.044279598,0.13879474,-0.7393415,-1.9460576,0.042395793,-0.22417599,1.04398
IND500055AAA,1.6573483,0.15969078,0.42582256,0.51372993,1.0537949,-0.053630468,0.22040878,-1.3395768,-0.87348783,-0.09366127,1.0052246,0.54639274,-0.5981456,1.1448942,0.92697275,0.41794538,-0.25893217,0.066142544,0.19925836,0.08374426,0.8454699,0.41083255,0.17587736,0.21882556,0.77451736,-1.6587324,-0.05861625,0.034051515,-1.3919032,-0.77798575,0.98225856,0.6130698
IND395010AAB,0.042647712,0.17575012,1.1219835,-0.5926139,0.35120463,0.45493162,-0.64710444,-0.26535502,-0.6990788,-0.57747734,0.030239776,0.6325739,-0.5475541,0.105887875,0.2500074,0.3488098,0.7511006,0.28796133,-0.12619178,0.37976897,0.5160112,-0.55569404,-0.7045462,-0.82666117,0.5938281,-0.92008024,-0.43646923,0.18437044,-0.94593334,0.63249564,-0.12089037,-0.046176597
IND360490AAA,0.6998367,-0.5662369,0.9692728,-1.2586417,-0.485196,-1.0083655,0.81576335,-0.23016405,0.26276568,1.0520962,-0.6778458,0.7779277,1.051769,0.7096553,1.1002412,0.8528264,0.19629377,0.08438274,1.1960315,1.3782344,0.5249338,0.7313193,-0.49858463,-0.34285304,0.11244314,-0.91373926,-1.4726675,-0.7625156,-1.6503167,-0.08187195,-0.5072061,0.9464488
IND786181AAC,0.8524715,0.2741094,0.96672964,-0.6405899,-0.052575417,-0.82156825,0.008816157,0.15689307,-0.27812865,0.569624,0.25059226,1.9820834,0.31123623,1.2408736,0.4043747,-1.0934142,2.0330088,-0.22406685,0.64102787,1.1208184,0.43252388,0.9909841,0.7848989,-0.16473998,-1.1699165,-0.4349822,0.28622803,-1.2679807,-1.7259637,0.62656987,0.37072557,0.24542762
IND814133AAA,0.60593504,-0.60836804,1.2174681,-0.7196356,0.5675849,-0.54836977,-0.10558449,-0.7231393,-0.09756087,0.3707371,-0.25717807,1.4765139,-0.12170464,-0.39205983,1.4601657,0.07909933,-0.44126752,-0.5593683,0.010895937,1.4628085,1.41056,0.7200508,-0.25676274,0.2977022,-1.0765115,0.044161916,1.0725638,0.3909049,-1.1453757,-0.5061871,0.683629,-0.8259489
IND560099AAB,0.94496185,0.5895504,0.10400596,-0.68243104,0.17252119,-0.27054933,0.6458102,-0.16490911,-0.49916527,-1.3642536,0.22582383,-0.116627425,-0.020644119,-0.14844537,0.43398094,0.1874817,0.6114768,0.6153436,-0.0115916785,0.75138706,-0.027035205,-0.30665714,-0.5940685,-0.60975355,0.10683755,-0.8028117,-0.38693446,-0.9892932,-0.3415781,-0.013827503,0.14972243,0.05051686
IND563116AAA,2.1551085,1.3484495,0.45697814,-1.2357002,0.22482227,-0.09298253,0.40307865,-0.54838014,0.27371207,-0.023622867,0.57258034,0.007600966,-0.2650971,-0.4207473,0.8516553,0.33458376,0.71395946,1.0366783,0.21792273,1.0402071,-0.41768104,0.17112245,-1.6891602,-1.3419503,-0.52334964,-0.78333724,-0.3919376,-0.95731163,-0.55499923,0.68503845,0.19146651,0.0060134972
IND723202AAA,1.2275022,-0.8693836,0.06219971,-0.9558211,-0.2533631,0.78231454,-0.24727383,-0.43422362,-0.957012,-1.3234762,-0.18927135,0.30510765,0.05722808,0.15498823,1.494778,-0.10544676,-0.15305458,-0.121193774,0.42425856,0.24202557,1.607264,0.89707494,-0.725336,-0.23085757,-1.0679137,-0.456142,0.09434416,-1.0251136,-1.0912155,-0.07837164,-0.08137104,0.22059716
IND400612AAA,0.15583467,0.032662716,-0.11274955,-0.8250659,0.533193,-0.4907372,-0.4313834,-0.19129999,-0.021999542,-0.27113178,0.65393597,1.6890082,0.92205966,0.6921576,1.6211318,0.18574065,0.84081644,0.51050717,0.009702927,1.1272024,1.6208657,0.82459974,-0.4836917,-1.1972044,0.98344207,0.5118694,-0.37469256,0.47672993,-0.36383986,-0.044809405,0.14782864,0.6766843
IND209721AAB,0.03075491,0.5679826,1.9431497,-0.790561,1.0763535,-0.7266848,-0.3592411,-0.47944444,-0.73521054,-0.29208356,0.41885167,1.2517998,0.13520157,0.93462944,0.52788734,0.54246736,-0.13216607,0.6545398,-1.2925074,0.2341397,0.6002059,0.6670755,-0.54021466,-0.72075653,-0.755926,-0.6380638,-0.68074375,-0.064934365,0.06172604,0.68181086,-0.5215007,0.45943958
IND423701AAB,-0.05042896,0.7026019,-0.12995519,-0.68451035,-0.27784643,-0.28174877,-0.5919773,0.64909375,-0.9415506,0.15145318,-0.0702056,1.7061766,-0.18395516,1.115074,0.35857764,-0.14111964,0.5124356,0.54337263,0.06951719,0.6938444,1.0119144,-0.179711,-1.0595608,-1.4641031,0.23417915,-0.5727002,0.15363915,-0.37460026,-0.76732886,-0.42714,1.5167063,-0.43015298
IND274402AAA,0.8611724,0.3190219,1.2643253,-1.8323916,0.08117075,-0.28780603,-0.38374907,0.14978895,-0.6652334,0.24504243,-0.7342992,0.31719553,-0.85305774,0.2946252,0.7910213,1.3644083,-0.35778257,1.3030835,-0.24784893,1.3051511,0.2727604,1.6671734,0.93859553,0.24817689,-1.0600164,-1.1111529,0.3052526,6.918735e-05,-1.0662591,-0.13489711,0.31399938,0.21186885
IND276305AAA,1.8927628,-0.5399927,0.73890346,-0.68587536,0.9117745,-0.23061539,-0.29356515,0.8213041,-1.2310759,0.46353352,0.83327097,0.25493968,-0.45641315,1.7147429,0.16494383,-0.20085302,-1.0780531,1.1505358,0.19916475,1.4290229,-0.86011976,1.6212108,-0.0014961533,0.98251724,-0.21268503,-1.1820192,0.47794858,-1.8235837,-1.6376765,0.34403563,0.5597069,0.76048833
IND764001AAC,0.5469296,0.5249054,-0.17842154,-1.1982015,0.7208836,0.46069893,0.28639853,-0.6598752,-0.14877309,-1.8058227,0.12921807,1.0410322,0.06310991,0.74064344,0.8617674,-0.3728384,0.4265893,1.0308872,-0.52205503,0.5798013,-0.12853345,0.41424575,-0.5663321,0.43331856,0.93420494,-0.8384335,0.6769546,-0.18343888,-1.2425138,-0.66939694,0.27121547,0.79376554
IND506001AAC,0.4586088,0.43998107,1.1026577,-0.85608697,0.46634954,0.18769588,0.76815844,-0.99067926,-0.51273584,-0.34457657,-0.08597196,0.8576472,-0.5746467,0.89700866,0.67391205,0.27341086,0.27656618,-0.76115173,0.76877594,1.6486645,-0.94035566,-0.15393898,0.2729265,0.03691737,0.87665236,-0.1739956,0.03321785,-1.7496189,-1.5687727,-0.976377,-0.08257444,0.28189665
IND671323AAD,1.3133215,-0.9785359,0.53908616,-1.3227819,-0.26547447,-0.7902798,0.07885811,0.09282257,-0.44277018,0.16652462,0.50650746,-1.0990739,-0.47667894,0.15740238,0.7019155,-0.16644111,0.9499854,1.1293558,0.327174,1.6390016,0.039925277,0.382549,-0.008605751,-0.33764333,1.0763025,0.052128438,0.01829658,-0.585894,-1.318075,0.06772534,0.509825,-0.44721657
IND441912AAA,2.2197921,0.9969589,1.4711186,-0.24408145,-0.29675037,0.09258216,0.1674595,0.7051729,-1.697087,0.30111602,-0.4111462,1.2624648,0.24031155,2.0676668,1.5492172,0.9219239,-0.66674423,0.6934685,1.2787989,0.64864653,0.20006736,1.4512471,0.59976697,-1.3667747,0.96049374,0.30869368,-0.24462608,-0.16694637,-1.393601,-1.3042144,-0.13996904,-0.031136133
IND532440AAA,1.033377,0.15847051,-0.23341197,-1.441585,0.9615788,0.10184507,-0.09766234,-1.2038655,0.3901153,-0.7051796,-0.31683043,1.5699311,0.57019514,0.70894104,0.45930603,0.6017994,-0.5759849,1.3776963,0.49801388,1.065784,0.06867002,0.59217,-0.5527561,0.46533766,0.8357181,-0.9098118,1.1102176,-0.054270428,-0.98368627,-0.4898976,-0.34210655,-0.21222666
IND221303AAA,0.9571643,-0.07095885,0.65607536,-1.2028384,-0.57659084,-0.05933909,-1.1785393,-0.68769187,-0.98033553,0.24198923,-0.44687113,0.16144904,0.7982037,1.5451208,1.0468996,0.50798625,0.637656,-0.6016412,0.9073266,0.78866667,-0.98633,2.1064963,-0.90762025,0.40143517,-0.15720822,-1.7040011,0.5096775,-1.0171161,-2.66127,-0.7113972,1.1067371,0.6500377
IND608301AAA,0.3591734,0.70809495,0.0329607,-1.3131043,-0.939026,-1.8365602,1.503072,-0.08639772,-0.77796495,0.3563795,0.4131819,1.3184134,-0.1291335,0.63227206,0.75721765,0.2671358,-1.2310728,0.9653722,0.41453946,1.1745437,0.47259125,0.62146705,-1.201712,-0.41964242,-1.3403134,-0.17721564,0.79318357,-0.8726473,-1.4929643,-0.6038716,0.37407297,0.7210476
IND176215AAA,0.8975296,-0.079104744,0.77423537,0.16306984,0.4010409,-0.35684988,0.6459556,-0.16128188,-0.893648,-0.6163984,0.6836196,0.5960668,-0.77068985,1.0373764,-0.7456392,0.0365034,0.06914544,0.31740302,1.0871772,0.6720993,0.72681975,0.5884993,-1.3656379,-1.4944998,-0.15704879,-0.04174559,-1.0664536,-0.40461454,0.13097937,0.04035659,0.8163382,0.25924423
IND583201AAA,1.6300318,-0.07564441,0.18164691,-0.19791341,-0.6852488,0.5007985,-0.0828419,-0.0010700122,-1.1605529,0.35604426,1.0005683,0.24764813,0.7952529,0.141554,0.6948406,0.4196764,0.82646924,0.9438281,-0.28348774,1.5397012,-0.9924155,0.16532402,-1.2022656,-0.9473146,0.60106415,-1.1827605,-0.096829616,-0.73254156,-1.581171,0.19991958,0.561258,0.4192433
IND411048AAA,0.4721661,0.07019461,0.5319115,-1.1298581,0.9000579,-0.2695235,-0.5592454,-1.0867094,-1.2030002,-0.41735208,-0.76898557,0.0056871274,-0.060323127,0.5074136,0.5249783,-0.16418248,0.53563946,0.06800388,-0.39476448,1.0576214,1.7758216,-0.28226477,-0.37596157,-0.3972895,1.3676479,-0.7267296,-0.021634458,0.14783107,-1.2779105,0.4042996,-0.09764975,-0.043261956
IND460001AAA,1.2407328,0.29408425,0.8851935,-1.5780686,-0.5396809,0.38699287,-0.08574506,-0.84323436,-1.5652084,0.22844172,-0.56036794,1.8831276,-0.50759786,2.5005176,-0.1299346,-0.64821965,-0.21178263,1.1976857,-0.2515569,0.609315,-0.21439219,1.3324479,0.3206419,-0.20430544,-0.19455305,-0.3109185,-0.46466097,0.39954078,-1.8662347,0.12194409,0.49857658,1.392287
IND302014AAB,1.2610306,0.8410076,0.50823224,-0.38684866,-0.12934059,-1.9280051,-0.67601556,-0.097451665,0.28648692,-0.014593565,1.1000028,2.3018677,0.7983921,0.1386813,-0.06130481,-0.0031457618,-0.43064344,0.2914188,0.20289536,1.4195518,-0.8903825,1.1036955,0.03791673,0.253827,-0.38767865,-0.57050747,0.015126775,-0.5768311,-1.3312875,-1.314213,1.5148268,0.23206998
IND781001AAA,0.8647223,-0.38841683,0.32649088,-0.5386664,1.0776381,-0.07112208,-0.89521736,0.43987343,0.028693095,-0.5648265,-0.34892395,1.7273719,-0.49283472,0.7873763,0.21249062,-0.03368239,0.7742131,-0.23819259,0.08044246,0.059876777,0.2675972,0.17174093,-0.06295075,-0.23474683,-1.0511649,-0.2911822,0.09660089,-0.90213215,-0.68099385,-0.13788886,-0.33730903,-0.3922148
IND144514AAA,1.5809361,-1.1435701,0.7241236,-0.21350846,0.5208187,-0.6721792,0.05757763,-0.7615146,-0.8467455,-0.46354333,1.0236644,0.5981273,-0.05149842,1.3736895,-0.233001,0.45880502,-0.29061896,0.19258155,1.3896961,0.48483235,0.8145242,1.5927798,-0.66619056,-0.40929657,0.656057,0.4645395,-0.7256593,-0.63681036,-0.13701174,-0.028851835,-0.6250646,0.38206926
IND741316AAA,1.1430334,-0.23082602,0.6554522,0.36808285,0.22501703,0.56181735,0.037379004,-0.17953159,-0.54519427,-0.30413526,-0.53786814,0.47168955,-0.5515019,-0.15228449,1.031966,-0.23681399,0.62635976,0.44348943,0.8490773,0.5344541,1.173496,0.3006169,-0.873487,-0.7847165,-0.70811784,0.19144207,1.3665272,-1.1596646,-1.1284932,-0.15495944,0.4265552,-0.27162498
IND791102AAA,1.2429379,0.025870629,0.2994542,-1.0730597,1.4432906,-0.20776677,-0.41839212,0.59814304,0.46822903,0.11307648,-0.7269339,2.4827363,-1.3743166,0.8808385,-0.51106197,0.035107233,1.103424,0.8843182,0.45142385,0.7486732,0.6552633,0.8358402,0.027174901,-0.61671126,-0.44493228,0.37508038,0.03614253,-1.0601643,-0.89437604,-0.2727583,0.7035188,0.31012496
IND586211AAA,0.6161877,0.4319118,0.72076684,-0.82125235,0.41720262,-0.072999276,0.16030273,-0.31926918,-0.022021912,-0.26156005,0.8974105,0.8759682,-1.6270995,0.26104346,1.3737386,-0.40352288,0.052879196,0.061968986,0.36589473,1.7384751,1.0014709,0.98514116,0.21768771,0.13727395,1.2792939,-0.9765833,0.07069763,-0.3557762,0.62162864,-1.3327202,0.39168504,0.7215526
IND600008AAC,1.4023199,0.2568542,-0.15178895,-0.3393115,-0.059940893,-0.48304287,0.32337424,-0.60426897,0.06389947,-1.3945721,0.094257794,1.1539862,-0.38631964,0.1193335,0.27043122,-0.10455329,0.049564786,0.62033653,-0.15306893,0.76748246,-0.44038823,-0.61960787,-0.6197953,-0.005527431,0.66103065,-1.5249153,0.026906233,-0.5982086,-0.38487157,-0.09576116,-0.105959006,0.41031495
IND516101AAA,1.4524665,0.3203723,0.9770455,-1.1365051,-1.6211387,-0.73657984,-0.20270856,-0.18268844,0.33473906,-0.38188687,0.2543895,1.1267273,-1.0912035,2.0196202,0.43474177,0.30780208,0.022622775,0.49084,-0.45541373,1.9340571,0.024350347,2.367797,-0.59433633,0.22029312,0.03286748,-0.4983513,0.47395238,0.57722497,-0.2612534,-0.5089898,0.21993493,-0.6130872
IND333001AAA,0.8053638,-0.8922063,1.7671989,-1.353016,-0.11421307,-0.12288356,0.31546363,-1.3473984,-0.63840425,-1.8025594,-0.06326386,0.66339636,0.4002898,0.9305941,0.20715322,-0.1937478,-0.8951693,-0.35579944,0.28206727,1.3359159,-0.23887372,1.0950836,0.25578064,-1.0585439,-0.48169214,-0.3265955,-0.46375287,0.47091067,0.11017635,-0.62101305,0.7583301,-0.39456698
IND282001AAA,-0.108425744,-0.50330216,1.1653997,-0.60860664,1.1647081,-0.21096507,-0.24010526,0.28493524,0.039159473,-0.44227108,-0.29969358,0.5689074,-0.57865536,0.29399797,0.12507577,0.7947712,-0.05059797,0.15096053,0.02998096,0.9889516,0.82011414,0.15201361,-0.37351942,-0.31894943,-0.71353257,-0.60364497,-0.25870368,0.2978535,-0.080084056,0.018174171,-0.13516359,-0.5502466
IND635601AAB,1.2483598,-0.27242485,0.08597577,-0.16074415,-0.17666292,0.04218416,0.81274337,-0.42749465,-0.82194394,-1.4189909,0.2287952,0.7464935,-0.063025266,-0.281126,0.42027056,-0.5202795,0.7345552,1.2488743,0.14021014,1.210664,-0.078732036,-0.69706124,-0.681722,-0.4711502,-0.0672456,-1.1196613,-0.16481744,0.10074403,-0.4013084,-0.86251444,-0.015830675,0.2386513
IND518124AAA,1.1621405,0.8057585,1.0266845,-0.890394,0.6185715,-0.38098782,0.5339474,-0.7388551,-1.5684843,-0.87397695,0.96517015,0.6557196,0.7066771,0.58267426,-0.02233035,-0.30998322,0.6670528,-0.3614534,-0.32419768,1.8514037,-0.010412154,0.51314133,-0.23509789,0.75358164,1.2992369,-0.69246584,-0.16134971,-0.33429328,-0.13211465,-0.22822663,-0.9483576,-0.13234216
IND174021AAA,0.33255932,0.35105687,0.7246051,-1.302937,1.1523165,-1.0579629,-0.008589443,-0.46545118,-0.9051083,0.7199582,0.68931663,0.6208445,0.23055702,1.8291082,0.12321122,0.0947548,-0.89528227,1.0392026,1.3331925,0.8983549,0.72577846,0.37716284,-1.2669257,-0.7401917,0.6941206,0.76309913,-0.25445986,-1.1341695,0.41677952,0.12627411,0.66761416,0.64874333
IND444005AAB,0.25822675,0.5276779,0.14638256,-0.47967872,0.28241837,0.5020109,0.5098522,0.55555815,-1.3457277,-0.5677903,0.11296225,0.9910626,0.25263527,0.44657207,0.7265595,0.04414937,-0.0040592523,0.045844026,-0.4940363,0.8478446,1.5340501,0.4524409,-0.969445,-0.8720609,-0.24181318,-0.80534035,-0.64905554,1.0258069,-0.862684,-0.20048845,0.67096996,-0.13257173
IND473331AAA,1.2652825,-0.28446233,0.77137035,0.30856517,0.32288027,-0.957079,-0.4964108,0.046789862,-0.43847477,-0.11499736,1.1949404,1.961508,0.6572541,0.3349588,0.91029376,1.1760762,-1.543488,1.4658542,-0.62187845,0.6459428,0.5402115,0.18447466,-0.7943835,-1.3594675,-0.9645672,-0.3185255,-0.67957413,-0.65023345,-0.54519665,0.25423998,0.0039597317,-0.18281718
IND591126AAA,1.0969511,-0.8286892,0.024155585,-0.8699468,-1.0494488,-0.64626956,-0.32391924,-1.4123344,-0.40236112,-0.18407895,0.032921214,0.80363,0.17405333,0.09420784,0.11844416,-0.3670805,1.447706,0.70969635,0.3876484,1.2888281,0.91380656,-0.21554473,-1.7190136,-0.5390284,0.7478269,0.44781962,0.014348082,-0.6359771,-1.7421695,-0.13595058,-0.03206488,0.7966171
IND743513AAA,1.5241214,-0.113360696,1.0356085,0.22235142,0.57660985,0.78837955,-0.34883848,0.08030784,-0.05448136,-1.3895434,-0.88002163,1.258318,0.3209807,0.22426702,0.9054438,0.7361508,0.4230994,0.12957636,0.19600461,0.9730149,1.6736219,-0.4555547,-0.45958367,-0.2795831,-1.0291234,-0.43037024,0.96483773,-0.6048729,-0.6834643,-0.7543551,0.746994,0.094253086
IND486001AAA,0.57710195,0.02207472,0.9465743,-0.05770731,0.77705693,-0.98125124,-0.2737891,-0.6996473,-0.4893636,0.7070323,0.46792296,1.5658952,0.19381073,0.039678834,1.2532711,0.7416951,-1.6453243,0.19833648,0.83143485,1.6116744,-0.43868142,1.464095,-1.483389,-0.18868108,-0.40384486,-0.87741125,-0.24666132,-0.17502531,0.043625638,-0.5977454,-0.87814754,-0.28790098
IND244713AAA,1.3249178,-0.9137641,0.87719303,-0.3131975,-0.6558725,-1.6083342,0.18154475,0.75561327,0.012542655,-1.0458509,-0.42465836,0.7882928,-1.318615,0.11751919,-0.37232968,-0.4926606,0.3145246,-0.27730432,0.33870652,0.30298066,1.0731082,1.2610707,-0.9368022,-0.9248448,0.2156737,-0.77535427,-0.18562123,-0.27667347,-0.76731604,-0.53935057,1.4503953,0.6423094
IND110092AAC,-0.008691495,-0.6434377,0.9605383,-0.1267859,1.2377945,-0.5029182,-0.067895696,-0.4041256,0.16293857,-0.70633286,0.0024608385,0.37421045,-0.079191186,0.54022807,0.34089878,0.13992761,0.15224044,-0.027350012,-0.017780427,0.3513385,0.43388522,0.35829416,-0.6689,-0.80373174,-0.20732109,-0.69453657,0.24778526,-0.34513125,-0.53831464,0.8677992,0.071118474,-0.76495975
IND591304AAA,1.6525936,0.9115286,1.537935,-1.549029,-0.20882642,-0.7684521,-1.0885044,-0.44016987,-1.5464187,0.33074394,-0.2492669,0.40031737,0.028601006,1.7047672,0.14487769,-0.81223226,0.7811842,-0.26763037,0.9111329,1.0893033,-0.021794507,-1.3886552,-0.65052,-0.72490555,0.48886475,-0.6332199,-0.14348382,-0.16189831,-0.7331402,0.4508981,-0.54444444,0.1450216
IND733129AAA,1.7843176,-0.13329248,0.5361804,-0.18193808,0.49576333,1.1124375,0.41143262,-0.063852705,-0.6219759,-0.7958953,-0.0066539976,1.0698676,0.1789794,0.2881547,0.19688965,1.0889493,0.33303007,-0.7324472,-0.36867154,0.55341685,0.040565874,0.84246767,-1.3128562,-1.1897362,-1.0190235,0.03112794,0.86250407,-1.0688864,-1.0789082,-0.6403617,0.38691726,0.27289256
IND742149AAA,1.7346503,1.2417084,0.58205456,-0.20241459,0.18239981,-0.49276614,-0.654294,-0.18574594,-1.4222703,0.27849838,-0.99889535,0.71994513,-0.17214637,0.87516034,0.66562897,0.13885728,-0.30330166,0.44036353,-0.56546956,0.71622235,0.06710568,1.6030298,-1.8628722,0.4730661,-0.26453426,0.6040803,-0.22394732,-1.7634343,-1.6399716,0.45539424,0.31000543,-0.35911125
IND147101AAA,0.689374,-0.2674875,1.0471128,-0.5012022,0.57142544,-0.3893617,0.6573687,-0.1824972,-0.5067859,-0.056975547,0.42735207,0.124642156,-0.7395682,0.91859204,-0.554907,0.2723815,0.06734531,0.42455912,0.5822521,0.76048917,0.6522009,0.95714283,-1.3028011,-0.12502265,0.22644827,-0.7680476,-0.82901126,-0.6186886,0.524445,0.4215415,-0.18619788,0.26074964
IND400072AAA,-0.033901095,-0.14323671,0.14131822,-0.12097645,0.6915579,-0.007832204,0.21931456,0.13618614,-1.020009,-0.21129093,0.12235205,0.8354246,-0.11917297,0.13527331,0.8921077,0.27821872,0.3578627,0.42169628,-0.21356945,0.21799076,1.2813052,-0.14711764,-0.6051186,-1.0675911,0.13763072,-0.36225224,-0.320104,-0.03271843,-0.79915124,-0.19032893,0.63075155,-0.43648213
IND332709AAA,1.2851465,0.104629934,1.5916603,-1.0487659,1.5993849,-1.7736692,0.6364267,0.5763686,-1.0074759,-0.30996352,0.2737981,1.1691041,1.3017159,0.53045976,-0.091946594,0.15995324,0.30317175,0.7330353,1.2149369,0.60098314,0.27598065,1.1695526,0.22659974,0.01350971,-0.50827354,0.7643764,0.3857153,-0.35291964,-1.0662448,-1.604963,0.922612,-0.6829949
IND500039AAD,0.40799227,0.12084764,0.2812435,-0.02281713,0.7775467,0.010729251,0.19168761,-1.0137631,-0.39767838,-0.3896725,0.12384398,0.37496147,-0.6536125,0.15808606,0.51969963,0.17337127,0.24638584,-0.2685614,-0.50437415,0.69846284,0.38978174,-0.17155103,-0.2098151,0.15229674,0.5061674,-0.7429731,0.2537754,-0.3590005,-0.69691133,-0.8398046,0.65054196,-0.11189272
IND176041AAA,0.48568702,-0.40246737,0.85068476,-0.23772725,0.60911554,-0.16006549,0.39110515,0.08326619,-0.49463567,-0.527039,1.0015554,0.38350537,0.23217027,0.64949834,-0.65227044,-0.015037954,0.12946765,0.6742432,0.7445983,0.5931883,0.97721034,0.84019005,-1.2152508,-0.34570852,0.57702684,-0.57302284,-0.83412844,-0.6353179,0.11087132,0.5864224,0.16813938,0.11311064
IND571602AAA,1.5778049,0.30348355,1.1396896,-0.5223345,-0.3386596,0.4062155,-0.78560185,-0.23096067,-0.7602397,-1.1291438,1.3292229,-0.29953256,-0.5392091,0.5379585,-0.0021980528,-0.68425095,0.95559365,1.0789165,-0.64705807,1.1297873,0.2302301,0.7613069,-1.0050323,-0.38690543,-0.10270576,0.4855018,-0.25121918,-0.6438615,-0.18116137,-0.64545345,0.021777447,0.26849607
IND466001AAA,-0.06900581,-0.26591325,0.79902685,0.09427827,0.8450896,-0.9481792,0.4087343,0.33511356,-0.48203576,-0.113769755,0.47052816,0.30833888,0.047893163,-0.10258857,1.4351169,0.28175837,0.53512895,0.8297187,-0.29191017,1.0334911,0.18373492,-0.32907644,-0.2935023,-0.11922102,-0.041394442,-1.0549583,-0.13182527,-0.20276116,-0.5190731,-0.2093883,1.2412142,-0.07236185
IND607001AAA,1.0538723,0.17928617,0.5909783,-0.104594,0.39541462,-0.67406243,0.8293943,0.28255463,-0.8539146,-1.1597517,0.51779956,1.1139066,-0.1372376,0.5370415,0.7657222,0.10992608,-0.098156616,0.5447211,0.27239504,0.50374293,-1.3479977,0.6305131,-1.2016449,0.09752615,0.17689599,-2.0679617,0.79151917,-0.26723668,-0.112379774,-0.52129096,-0.31857657,0.9204954
IND210427AAA,0.010819576,-0.7137975,1.4997067,-1.2412908,1.2530891,-0.71729475,0.18748602,0.30464444,0.51243514,0.17724401,-0.38541493,0.4646675,-0.72364086,0.482409,1.0544456,0.47810322,-0.41325274,0.0122377835,0.2182855,1.3685212,0.21976526,0.26649338,-0.3310917,0.2272313,-0.6259503,-1.2411636,0.37855458,0.53960484,-0.65242517,0.036050852,0.35293305,-0.32684264
IND834002AAB,0.2609462,-0.18152237,0.80032766,-0.06930362,0.52375627,0.015744735,0.28289306,-0.5190907,-0.44742364,-0.34673834,0.34055716,1.1549743,-0.3119321,-0.25795686,0.6208927,-0.12880772,-0.053163853,-0.15696523,0.21792258,0.7755448,1.1059667,-0.4465055,-1.2296371,-0.4704863,-1.04992,0.19877546,0.37117255,0.12547308,-0.5697599,0.39010915,0.44257212,-0.34779742
IND624601AAA,2.318797,0.48725116,-0.42034054,-1.0506026,-0.028287422,-0.23287955,-1.2147586,-0.65133464,0.07375755,0.29466733,-0.53259003,2.0622885,0.37118194,-0.57830375,0.2985239,-0.6070331,0.312565,0.46021372,0.48635036,1.7953348,0.8283809,0.5383795,0.06789525,-1.0661557,-0.2462995,-0.52857167,0.15351632,-0.7507434,-0.23125066,-1.0626017,-0.12062169,1.7068726
IND486771AAA,0.5586238,0.066373184,1.031868,-0.18253522,0.7437342,-1.170124,-0.27298146,-0.7817952,-0.42107472,0.8280325,0.345448,1.4799538,0.09031817,0.0034546256,1.3443239,0.734182,-1.7626054,0.1692233,0.7285646,1.8414654,-0.26340488,1.4139128,-1.3325262,-0.24194904,-0.43388298,-0.969046,-0.24345604,-0.014023076,0.16964059,-0.6071316,-0.810631,-0.38021663
IND637001AAA,1.2709749,-0.0018660342,1.1268148,-0.9718273,0.36321783,-0.65242654,-0.17954162,-0.2276224,-0.6471436,-0.40085647,0.19534406,1.1410453,-0.10463287,0.60578656,0.7012071,-0.042143796,0.09161826,0.49053392,0.2874348,1.414255,0.51082104,0.9010025,-0.64149153,-0.44305104,-0.021903036,-0.5927436,0.00031350265,-0.57385707,-1.1836625,-0.430215,0.29137734,0.285691
IND847404AAB,0.7931609,-0.32564288,1.2324402,-0.43292114,0.30820313,-1.5097586,-1.0109748,0.25281847,1.2596985,-0.4778446,0.8086015,0.30329022,0.41959748,0.34000513,-0.12085314,-0.102205835,-0.008214347,0.6674181,0.656102,1.4991977,0.74035656,0.52066636,-0.70219225,-1.2298774,-0.40054098,0.3796657,0.95003223,0.0074881027,-1.4151064,0.46532688,-0.055617776,0.28434318
IND603301AAA,1.1440561,0.121888086,-0.40569705,0.10585676,0.07077066,-0.866502,0.4751745,-1.0548521,-0.08002526,-1.2324995,0.19037181,1.5522476,-0.80110216,0.184681,0.56737787,-0.7890427,-0.35098937,0.73302215,-0.078517884,0.5056352,-0.015578784,0.28767487,-0.9202038,-0.49580353,0.73767173,-1.3032429,-0.06534038,-1.8204757,-0.41468683,-0.61623025,-0.46672398,0.03759048
IND231001AAA,0.858108,-0.0392633,0.5864554,-1.078887,-0.5366133,-0.08734822,-1.0873216,-0.6179345,-0.8630104,0.25964388,-0.3508432,0.0827937,0.7087194,1.457913,0.9440579,0.42932236,0.5640918,-0.6634549,0.86526775,0.6619131,-0.901887,1.9184552,-0.77106196,0.37834555,-0.15808687,-1.5218343,0.4872726,-0.8645593,-2.448337,-0.61601126,1.0034292,0.620155
IND222136AAA,0.514734,0.6986102,0.9146209,-1.7001388,0.26079583,-1.6402858,-0.43378466,-1.0712464,-0.40644342,-1.124287,0.25198752,0.33147016,-0.34487477,1.7830813,0.8841067,-0.36956853,-0.20907098,-0.01057313,0.26506904,0.030006822,0.8957872,1.7094824,0.38918462,0.50686526,-0.4399834,0.21847962,-0.35888588,-0.5619932,-1.2351763,-0.5199983,0.35492754,0.289875
IND122015AAC,-0.3264927,-0.59275395,0.97646105,0.0038410493,0.4370462,-0.14531603,-0.06880341,0.027007073,0.37480226,-0.81788003,0.32941043,0.6298031,0.021028465,0.18327269,0.31047466,0.18435812,-0.03960851,-0.16830209,-0.41394907,0.6373834,0.4484201,0.06003168,-1.0844202,-0.5292384,-0.053715628,-0.5450132,0.15054365,0.018860443,-0.50894,0.49129987,-0.035685573,0.25550643
IND395006AAA,-0.17452219,0.62672675,-0.036202986,-1.6500309,-0.22341429,0.36848253,-0.023116395,0.42634308,-0.17815092,-0.78022504,1.1986568,0.8005476,0.77865225,0.9043066,0.74349725,0.14919624,-0.15247409,0.83755326,0.28136802,1.2382882,0.16411403,1.9803756,0.23806092,-0.8015317,-0.21436639,-1.2484313,-0.452178,-0.7434922,-1.2713795,0.023265269,0.21076566,1.3337779
IND505325AAA,0.72446173,-0.11840309,1.6151628,0.2123403,-0.30811173,-0.3642453,0.034433138,-0.1939868,-1.1155609,0.20683584,-0.48581934,0.45277554,0.57100284,1.4328265,0.7750952,-0.48494402,0.22154094,-0.41986147,-0.845992,1.4352179,1.0539838,0.6085168,0.15905292,0.24214754,-0.19404863,-0.96895826,0.29332054,-1.1162457,-0.19674939,-0.8980298,0.96793145,1.5212234
IND560064AAA,0.7057645,0.5845549,0.6206927,-1.179767,-0.027891677,-0.6345475,0.40350652,-0.61639625,-0.717574,-0.6799372,0.56676346,-0.22813883,-0.4354667,-0.20351994,0.63354367,-0.22937916,1.4632301,0.62040997,-0.39575812,0.39427486,-0.31966516,-0.124703094,-1.3519268,-0.885165,0.23188207,-0.56222624,-0.36798787,-0.8614532,-0.51325536,-0.14920354,0.981768,0.21030615
IND815301AAA,0.43284544,-0.72782224,0.7875532,-0.88985574,0.82370174,-0.48013237,0.11887596,-0.48750538,-0.011646971,0.3009339,-0.31660303,1.7977036,-0.27491206,-0.1527589,1.3109977,0.35590357,-0.3349119,-0.69717336,0.100478984,1.3330401,1.2088182,0.7110024,-0.66407835,0.15642996,-1.3113353,0.11917732,1.0231882,0.18313581,-1.0999284,-0.45368677,0.5403924,-0.9683185
IND641001AAA,1.9459536,0.01269528,1.5789877,-1.6589875,-0.3182762,0.7732599,-0.85260624,-1.7288264,-0.62533075,0.6338144,0.4762775,0.46788153,1.0566175,0.8509682,1.0917757,0.41604158,-0.9272641,0.7974788,0.46816772,1.3438984,0.49877143,0.7669603,-0.070208006,-0.2736939,-0.11080552,0.060081143,0.040855315,-1.043136,0.027015237,-0.15636669,-0.26880237,0.40195847
IND686513AAA,1.9850037,1.4046186,-0.0026475152,-1.5186137,0.37043232,-1.5447364,0.7754299,0.2225618,-0.48204446,-0.51648885,-0.119558185,0.4061484,-0.0069247587,1.1139883,-0.53720844,0.589313,0.33798277,0.3109054,0.018774884,1.9554696,-0.7043687,0.8334423,-0.5656899,-1.0859683,0.41108316,0.6342223,-1.1364518,-0.07503083,-0.9094497,-0.39285722,1.0635685,0.5877719
IND531001AAA,0.72320896,0.7914447,0.35737327,-0.7870466,0.32193568,0.49059644,-0.26545444,-0.7534349,-0.41192666,-1.3502438,-0.10970585,0.7090515,0.12091759,0.7478384,0.5906783,-0.16963151,-0.09658121,1.4550906,-0.240889,0.49732944,0.49793506,0.16528289,-1.0678048,0.645373,1.168237,-1.0350865,1.086629,-0.34086177,-0.9970266,-0.71682894,0.1897662,1.0809417
IND630561AAA,2.3344119,-0.11024037,-0.45520374,-1.0816566,0.52786595,-0.7310496,-0.50518674,-0.7828605,0.25003883,0.67241216,0.29139477,0.7186822,-0.30127457,0.13128528,0.07878999,0.44134063,-0.15314937,-1.0309541,-0.28714275,1.6662662,-0.20109859,2.3838549,-1.1737565,0.014689875,0.07274012,-0.17212845,0.24183269,-0.8203353,-1.9249872,0.011292222,-0.24531136,1.306474
IND581119AAB,1.0933428,-0.7503194,-0.25689992,-0.6950958,-0.101605356,-0.34799713,-0.107448,-1.0461469,-1.1534666,-1.14832,0.57618964,0.3147361,0.005892312,0.396205,0.2001146,0.53329617,1.4302272,0.60851854,-0.23518077,1.1136048,-0.18637988,0.0013911457,-1.4022247,-0.47737578,0.30951628,-0.16946258,0.25828,-0.50091803,-0.88150764,0.8659336,0.5182597,0.48925442
IND842001AAA,0.6292503,-0.24377601,1.2541306,-0.37338263,0.1859767,-1.4252168,-0.6656852,0.22074069,1.2846625,-0.25781524,0.98371744,0.22481184,0.18740115,0.14315183,-0.05172463,-0.10029986,-0.0054235687,0.47500995,0.20706394,1.5250785,0.5534818,0.7143585,-0.7230749,-0.82552934,-0.5556231,0.2766701,0.5568219,-0.50092643,-1.4754429,0.6875664,0.018415853,0.07267496
IND458001AAB,-0.15598069,-0.6711399,0.5313555,-1.8693606,-0.18741839,0.49596685,-1.1366295,-0.15823233,-0.67337906,-1.0118256,-0.77372915,1.6201353,0.05904041,0.5344866,-0.054304957,-0.4544787,-0.31673616,0.14258426,0.3844323,1.7067626,-1.4466856,0.25140393,-0.63369024,-1.3430245,0.19569622,-0.8581424,-0.070999116,-0.40716532,-1.2182077,0.14861576,0.21474208,0.32159805
IND711409AAA,1.0833715,0.98894286,0.25114098,-0.2666129,0.358176,0.03335961,-0.42895812,0.99676234,0.1072925,-0.31277734,-0.7772259,0.052130397,0.502695,0.7242885,-0.37237436,-0.42849857,0.17162034,-0.038365364,0.9417073,2.0459793,0.8164984,1.363207,-0.5966022,-0.17688082,-0.23653318,-0.9851152,-0.40072644,-0.33518496,-1.7471399,-1.333125,-0.50814617,0.46867132
IND785612AAB,0.8174907,-0.7572322,0.43450388,-0.485519,0.5156545,-0.181216,-0.19715533,0.67166364,-0.12808228,-0.2740808,-0.57508564,1.8594166,-0.61008275,1.0639182,0.6035032,-0.00097142183,1.2930812,-0.41805425,0.4113919,0.6564323,0.68282855,0.29276046,0.5975621,-0.1737516,-1.0739626,-0.7919498,0.14212067,-0.9693636,-0.775526,0.19541326,-0.086476184,-0.1995878
IND712310AAE,1.3572079,1.0499417,0.3262311,-0.39555505,0.4896942,0.02311752,-0.50038385,1.0548276,0.13688374,-0.36457828,-0.8648852,0.116591334,0.54000205,0.7881517,-0.44561234,-0.42373052,0.15814319,-0.043118194,1.1816154,2.4830632,0.98642623,1.7250794,-0.6711912,-0.28817675,-0.34032366,-1.1848013,-0.6358745,-0.49555027,-2.0845256,-1.6242318,-0.5916162,0.56872636
IND678683AAA,1.821785,0.12227396,1.037001,-0.32020056,0.1343531,-0.30762,0.23614116,0.07509302,-1.3522452,-0.8816069,-0.8633773,-0.123701245,0.36563253,-0.18993583,-0.5345398,0.17194472,0.48966432,1.0641721,0.33502206,1.1520317,-0.6111472,0.13993137,-0.50690633,-0.41695046,0.39255473,-0.59158176,-0.6526367,-0.53297067,-0.491791,0.40349057,0.220318,0.5834282
IND302023AAA,1.2756135,0.71901345,0.50752825,-0.1017027,-0.2618063,-1.7241788,-0.66984326,-0.09705456,0.16860402,-0.058627766,0.9174074,2.0956228,0.6028823,0.13489619,0.08211006,-0.16538945,-0.27069774,0.21763457,0.21584104,1.282168,-0.8272113,1.0420558,0.075055726,0.3676435,-0.079158455,-0.4359766,0.017634094,-0.54403865,-1.1896389,-1.269935,1.0925599,0.25555345
IND401208AAA,0.62700486,0.020429524,0.8657013,-0.29467735,0.2169082,-0.025654027,-0.13612694,0.046053234,-0.0689543,0.06666929,0.40370736,1.579954,0.14694937,-0.42739534,0.573396,0.36591402,-0.21024406,0.21083301,-0.09067176,0.9374034,1.8875449,-0.15616329,-0.37627125,-1.3413019,0.70444787,0.025958164,-0.9097221,-0.045412377,-0.31487486,-0.714961,0.9478823,-0.12872836
IND125121AAA,1.050757,-0.44121316,1.4260737,0.070438474,1.3370131,-0.24686195,-0.050703578,1.0285099,0.15563342,-0.17598003,-0.015432442,1.2523507,0.61757094,1.0303457,-0.39280877,-0.7151674,0.39960033,0.34468964,-0.04224575,0.722891,0.41575286,0.36453223,-0.47599062,-0.67933536,-0.4371456,-1.1077518,0.23593262,0.9637694,-0.61599165,0.780717,0.923486,0.19733621
IND110005AAA,-0.117152944,-0.7416364,1.1227772,-0.2995303,1.1494966,-0.2038122,-0.3567437,-0.14689939,0.41318786,-1.1047889,0.70493895,0.95711225,-0.39263263,0.059815716,0.5062661,-0.08932636,-0.044926845,0.50754887,-0.17522797,0.4942695,0.667047,-0.025848586,-1.0155296,-0.5433087,-0.1393062,-0.34978083,-0.5122703,0.102361575,0.04184103,0.26672226,0.11354716,0.09531216
IND312601AAA,0.19986956,-0.3574747,0.73662776,-1.2720063,-0.22642593,-0.3123066,-1.1380892,0.28144863,-0.38426465,-0.41737083,-1.0058861,1.6266301,0.73563844,0.8948767,0.11335378,-0.6794508,-0.7166126,-0.0054037133,-0.6833579,2.0759997,-1.2550045,0.41576976,-0.5920833,-0.3743618,-0.35004872,0.14781787,-0.6872815,-0.11462413,-1.7750454,0.1374801,0.1618133,0.41612452
IND506002AAA,0.0077186045,0.20845535,0.9261492,-0.16243917,0.87381923,0.2858473,0.59313434,-0.9180858,-0.6373327,-0.24543744,0.28211907,0.7084826,-0.251878,0.8650178,1.1323216,0.54937106,0.32730782,-0.2540473,0.41164714,1.5698488,-0.43454874,-0.2826523,0.4226672,0.04877868,0.9212837,-0.47220036,0.117857225,-1.1059929,-0.9440412,-0.7954423,-0.17057207,0.21204732
IND151103AAA,0.8770104,-0.37220117,0.32150695,-0.0964832,0.34841686,-0.72851235,-0.18305714,-0.4084001,-1.4790565,-0.24727944,0.5159954,0.91844004,-0.20134318,1.012302,-1.0731184,0.5388609,-0.2926737,0.33026353,0.5106736,0.9407197,1.1909223,1.3397218,-1.2899352,0.2566074,-0.27731174,-0.1962821,-1.253748,0.041182976,-0.14078598,-0.22661436,-0.4567991,0.35439652
IND222001AAA,0.5034754,0.7170257,0.9471431,-1.8016889,0.2801258,-1.7822297,-0.51468235,-1.1061528,-0.42005745,-1.2354506,0.2026192,0.36487797,-0.38368845,1.8994652,0.90372795,-0.4053113,-0.22711004,0.05837078,0.28879574,0.07710673,0.9461718,1.8072785,0.4839037,0.56907994,-0.46779275,0.22273117,-0.4006543,-0.5891034,-1.3238305,-0.5769872,0.37752652,0.21203296
IND335051AAA,1.0767516,-0.79545426,0.6774832,-0.6844461,1.3750095,-0.7834359,-0.4082958,-0.5559715,0.23490632,0.50492954,0.8144421,0.74785966,0.21211997,0.5508769,-0.24486929,-1.0794929,-0.010230677,0.34349892,0.5014329,1.2132454,0.37860793,0.7815303,-0.69821435,-0.2544519,-0.5347522,-1.6222415,-0.45647705,1.3853754,-1.0101783,0.5713847,0.7920153,0.59392685
IND243201AAA,0.85947955,0.09407845,1.8494234,-1.2848308,-0.2716242,-0.93691045,0.440878,-0.28001273,-0.22080687,0.39556664,-0.30047256,1.0905173,-0.45501652,0.5078557,0.06627117,-0.75751734,0.19333272,1.0727992,-0.24940194,0.0522,0.6652552,1.7506016,-1.8568324,-1.1202441,0.48883536,0.78122586,0.4079718,0.061267737,-0.4643005,-1.2001129,0.86916405,0.55733335
IND465669AAB,0.30411544,-0.014173171,1.02441,-0.19414292,0.88486326,-0.5086484,0.45787683,0.63183385,-0.26674736,-0.3901951,0.5117018,-0.1431214,-0.6956053,0.06936545,1.6294597,0.6788708,0.29706052,0.5140895,-0.80615515,1.148581,0.29827958,-0.18461506,-0.45851928,-0.49609542,-0.29828033,-0.45832822,-0.14752316,0.041038048,-0.3249226,-0.68134445,0.9971732,0.09546098
IND485771AAA,0.55283296,0.05207408,0.9289809,-0.11393027,0.6033908,-1.0347289,-0.29935515,-0.6451598,-0.45213598,0.7497547,0.50453264,1.5640014,0.26394677,-0.092265435,1.1393504,0.8013766,-1.6493872,0.18090948,0.7457477,1.4961193,-0.3638529,1.2943434,-1.4111689,-0.15534148,-0.40348193,-0.8668387,-0.3026161,-0.17880924,0.026162423,-0.5910832,-0.8536433,-0.35353053
IND585307AAB,0.67322826,-0.23402418,0.93717927,-0.7236146,0.8614927,0.2613834,0.15677604,-0.39656088,-0.1321227,-0.36737657,0.788484,0.48400953,-1.6168879,0.18875206,1.4005628,-0.18816236,-0.19735995,-0.07814796,0.5847163,1.4966512,1.0459545,0.87014323,0.4851458,0.18480863,1.3024627,-0.80184066,0.014302134,-0.3754403,0.011911611,-1.2630728,0.80345416,0.42807657
IND506164AAA,1.0569817,-0.046923436,0.5727193,-0.5468386,0.9324707,-0.36406228,0.1051647,-1.013541,-0.8352811,-0.002851426,0.15145518,1.3304818,-0.08025754,0.91382146,1.9448977,0.5812507,-0.21438412,0.41178736,0.7209426,2.4609141,-1.1467206,0.30771556,1.1993899,-0.0065871463,0.35117367,0.81371427,-0.035106614,-1.0701196,-0.5561112,-0.92654955,-0.0150942365,0.16177423
IND388220AAA,-0.0114448415,0.034727838,1.3622097,-0.08797904,-0.1325376,0.24685863,-1.4320575,-0.07968301,-0.442572,-1.0569594,-0.17461833,0.24204382,-0.8954006,0.7762343,0.20914346,0.43808973,-0.099529944,0.63082254,0.9682069,0.72898567,0.30918628,0.76550883,-0.79878914,-1.1447296,-0.047947574,-0.30472088,-0.6610651,-0.74274886,-1.3221138,1.0460997,1.1445923,0.46998098
IND421802AAA,0.79682076,-0.044001024,0.26465848,-0.59993875,0.064093664,-0.38518345,-0.8389808,-0.48683885,-0.48338607,-0.3259033,0.18023266,-0.07401202,-0.7128928,0.44496,0.109820336,0.27229798,0.7955975,-0.116084926,0.33813667,1.0193336,1.2930738,-0.8786471,0.13823718,-0.7629289,0.9757424,-0.8612719,0.17688744,-0.21442685,-1.3220489,-0.4090552,0.45116097,-0.30792522
IND843329AAB,0.6168396,-0.21120362,1.3088756,-0.32172263,0.5254675,-1.2679999,-0.7177331,0.3156592,1.3432541,-0.12163524,0.72869104,0.22250657,-0.12178523,0.053218246,0.4562218,0.46629578,-0.025696378,0.6676112,0.5010123,1.3031046,0.5242791,0.98790264,-0.5488435,-0.66534,-0.50290626,0.32728672,0.9432829,-0.2902649,-1.8344113,0.42496175,-0.22679596,0.60306066
IND203135AAA,0.5334484,-0.13840668,1.3870528,-1.1072577,1.1342658,-1.2041324,-1.067823,-0.112045676,0.027622167,-0.5319845,1.1611928,0.63183224,-1.0760229,0.14811125,-0.53011584,-0.16868167,-0.4530354,-0.75089645,0.120401256,0.84780467,0.5732747,0.45770758,-0.021873176,-0.5197704,-1.2883685,-2.2284427,-0.8115269,-1.2361503,-0.37932712,-0.20009965,0.5750444,-0.023909854
IND845305AAA,0.92105275,-0.18011354,1.336901,-0.40144208,0.49686658,-1.6980875,-0.8694789,0.25976464,1.2637259,-0.2599292,1.0525988,0.3128714,0.059133995,-0.067413054,-0.18180913,-0.15407282,-0.11196216,0.30975664,0.6148423,1.3114452,0.79552335,0.5916507,-0.48923185,-0.69912755,-0.44262114,0.09615051,0.4725373,-0.26486757,-1.7417462,0.5598255,-0.2753436,0.60208786
IND627117AAA,0.9869887,-1.0595256,0.52767915,-0.94113976,-0.21524908,-1.2689095,-1.4472317,-0.3095074,-1.5882819,-0.43044642,1.4901085,1.8433056,-0.5796865,0.25106472,0.29633772,-0.065593414,-0.48962936,0.46601102,-0.2931146,0.80483806,1.004228,0.7067167,0.9357804,-0.1822704,-0.30817387,0.31868285,-0.1175988,-1.0613068,-1.1351821,-0.6833785,1.3416415,0.96397763
IND385001AAA,0.76968956,0.20772325,0.56823474,-0.5840277,0.58923626,0.43368414,-0.7436339,-0.7753253,-1.0656357,-0.8267319,-0.6549042,0.85208136,-0.95606285,-0.07027888,0.8654769,-0.4450972,-0.57680726,-0.52704227,1.2890042,1.7103179,-0.061523397,0.42887652,-0.8294618,-1.0337274,-0.27049103,0.085933425,-1.5695537,-0.27844068,-1.6471065,0.69062954,-0.36110765,0.91399026
IND500010AAA,1.2928939,-0.0029051793,0.49348977,0.36037865,0.68556774,-0.0023513327,0.4148615,-1.0303832,-0.8015204,0.085739255,0.818426,0.5178774,-0.48494875,0.96230996,0.9665665,0.567964,0.34416547,-0.09375389,0.23182747,0.19164659,0.45047542,0.16342491,-0.06235751,0.460655,0.862006,-1.2311406,-0.013537487,-0.21961644,-1.0213155,-0.56991774,0.94040406,0.18529738
IND147105AAA,0.8239314,-0.43426478,0.9940466,-0.37539715,0.44846928,-0.27884468,0.9676663,-0.17717308,-0.6442831,-0.20024489,0.45971054,0.39662394,-0.631781,1.0078034,-0.479932,0.32297617,0.12811641,0.5389537,0.5897392,0.66314286,0.7537145,0.66316456,-1.3009655,-0.03483911,0.12544538,-0.8308465,-0.8405016,-0.42551884,0.5637829,0.19524476,-0.3018908,0.238035
IND843301AAA,0.65583503,-0.32765236,1.3474581,-0.07740852,0.34764767,-1.6202284,-0.92176056,0.37485033,1.2072734,-0.2616438,0.7065847,0.18607248,-0.02025613,0.063220896,0.44725287,0.92832893,-0.07343969,0.7833688,0.43287098,1.3772118,0.3623112,1.0008934,-0.5227162,-0.6340923,-0.5255766,0.33748648,0.72562146,-0.43038562,-1.7883245,0.37671387,-0.16613851,0.4695041
IND732139AAA,1.4453006,0.20258607,0.1990087,-0.55239284,0.8662943,1.267001,0.22373706,0.2834263,-0.28073004,0.14628337,-0.20509139,1.1606168,0.20268868,0.90663654,1.3457221,1.060618,0.19294344,-0.3921023,-0.13005215,0.59644854,0.5189752,1.1859493,-1.0224472,-1.1884463,-1.4138322,0.15022367,0.5841392,-0.5495205,-1.136168,-1.1402642,0.6257264,0.7665161
IND535001AAA,1.2854083,0.31558257,-0.2150447,-0.7683098,0.4063799,0.40432787,0.47787574,-0.6175747,-0.1292896,-1.1145712,0.2847263,0.6102573,-0.16530444,0.7333483,0.5736745,-0.24093118,-0.402759,1.1305037,-0.17102224,0.48009497,0.034856975,0.51288867,-0.84343916,0.45917478,1.4511516,-0.905118,1.2438668,-0.88095284,-1.2869146,-0.70204544,0.17295687,0.6377704
IND364710AAA,2.2256052,0.49253073,0.07224299,-1.2210943,0.34745115,-0.5808295,-0.093059435,0.60445666,-1.0559291,-0.6811247,1.4318479,1.0719593,0.49977794,0.7795084,1.0031625,-0.8179641,-1.5680885,-0.5909001,-0.44383797,0.07052597,0.19362848,1.1724627,-0.7662509,-0.39958343,-0.076258786,-0.3003801,-0.23230684,-1.9742392,-0.6438376,-0.046798583,1.3973265,0.6901939
IND781005AAA,1.0916538,-0.50116813,0.39024934,-0.6573736,0.9300923,-0.19446324,-0.7113812,0.9339565,0.20779881,-0.49470857,-0.36204973,1.600507,-0.9326253,1.0661952,0.1936467,0.2546219,0.90504557,-0.09305415,0.28494456,0.34065503,0.22613896,0.3401859,-0.049940024,-0.23360561,-0.9390025,-0.32038954,0.45179054,-0.42759466,-0.668895,0.057396602,0.00475651,-0.26260892
IND507159AAA,1.0814935,1.028484,1.6170535,-0.38797194,0.9489661,-0.3273532,0.027605755,-0.49856263,-0.030058246,0.390326,0.41917488,0.9151084,-0.6589881,0.11228613,0.5060329,-0.024740117,-0.32852384,-1.1108954,0.008075478,0.94822896,-0.2470921,0.13664152,-0.40528983,-0.6271642,1.282188,-0.5255172,1.1409476,-0.3607421,-0.931207,0.20466924,0.4240546,0.5427873
IND713145AAB,0.98596936,-0.29478198,0.6032079,0.47489047,0.27523682,0.73219,0.08396664,-0.19504729,-0.482567,-0.35363057,-0.56244206,0.53878015,-0.62846786,-0.19364603,0.88116235,0.016289826,0.8383123,0.20372164,0.61759967,0.4358978,1.1001552,0.39199394,-0.79745024,-0.7872547,-0.6561367,0.19144481,1.0637766,-1.067616,-1.2517099,-0.12822655,0.34525973,-0.18444325
IND577501AAA,0.49123865,-0.42579767,-0.067814454,-0.9478298,0.19845143,-0.0364178,0.39095923,-0.6051148,-1.385735,-1.0174695,0.4422703,-0.13468876,-0.015500048,0.1680828,-0.18120764,0.1064908,1.2410771,0.6662203,-0.21428832,1.0757139,-0.031921133,0.07936952,-0.9557196,-0.34129572,0.29483536,-0.27185315,0.22000669,-0.18270211,-0.57442766,0.30937985,0.16918768,-0.0727301
IND721434AAB,1.620433,-0.32231924,0.02217831,-0.794221,0.73652595,1.1191134,-0.71255857,0.062196426,-0.26915509,0.21588548,-0.5441238,0.6708229,-1.1126956,0.89023155,1.4516476,-0.088596284,0.5713576,0.24861716,0.17346145,1.716799,1.052408,-0.5490453,-1.1030035,-0.15923284,-0.787103,0.47630838,0.2750838,-0.60979575,-0.90990156,-0.1699393,0.9061642,0.24418983
IND402109AAA,1.8627864,-1.2107567,0.30678537,-1.8987527,-0.07139721,-0.3971147,-0.8456518,0.17591272,-0.3335155,-1.0404348,1.6300201,1.1210208,0.85351115,0.4888717,0.7901132,0.11833726,-1.4264612,0.1559255,0.5426975,0.85321087,-0.46674284,0.8599746,0.45412084,-0.16090943,0.07868905,-0.64383423,0.20910916,0.76707333,-2.465693,-0.5493556,-0.23887645,0.5499896
IND370110AAA,0.16680038,0.6452077,1.0957352,-0.84909815,-1.5299071,-0.08195365,-0.506532,0.6125754,-0.37055928,-0.96865946,0.11925653,1.4859228,-0.32512885,-0.182527,1.2159935,0.6788751,0.08723075,-0.73901737,1.0392442,2.3229783,-0.15716402,0.77964777,-1.4637815,-0.21010919,0.32379082,0.1024609,-0.114809625,0.22048274,-1.7714628,0.64282453,-0.19936249,-0.012663537
IND560300AAB,1.8257835,1.320626,0.45967337,-1.3028365,0.22630338,0.03118939,0.17680548,-0.5611035,0.050820746,-0.39838406,0.61273307,-0.013233812,-0.19614717,-0.21726538,0.5402715,0.274284,0.6206945,0.9861379,0.30816394,1.0814217,-0.49821782,0.0052308487,-1.4499731,-1.3319026,-0.45789742,-0.93889207,-0.365925,-0.95635045,-0.51133466,0.7368194,0.17306669,0.020706607
IND562108AAA,1.5650531,-0.47372097,0.43603563,-1.037594,0.5808012,0.41763115,-0.48144183,-0.8412724,-0.49252456,-0.98746634,1.0835781,-0.4707262,0.29844275,-0.6325556,-0.25976494,0.2314358,0.81106794,0.5645454,0.5507963,1.701188,-0.16929068,-0.16437182,-0.050507784,-0.15989105,-0.1076561,-0.7136147,-0.116075374,-1.0552579,-0.87879103,0.047934134,1.2007904,-0.3865352
IND673027AAB,1.8500477,1.0645676,0.88088757,-0.4180104,0.18876156,-0.928538,0.06560425,0.5153772,0.4208986,0.87373054,-0.24671309,1.6294096,0.7796451,1.5172567,1.4769177,-1.1655575,-0.6315354,1.1949883,-0.59448755,1.3527098,-0.13776295,1.5969905,-0.40985864,-1.4337041,0.23960553,-1.2231656,0.11985194,0.25620496,-0.5513924,-1.4864421,0.69873816,-0.8527628
IND571432AAB,1.1302302,0.05008534,-0.5687817,-0.67689407,-0.4479506,-0.8761501,0.30144462,-0.1491644,-1.5457132,0.25486544,-0.016754244,-0.3256945,-0.30029407,1.1282257,1.0280424,-0.3069256,0.8564448,1.2952106,1.1190934,1.5042768,0.4140362,0.74042034,-0.2785939,-0.5985935,0.39388782,-0.99362165,0.7535836,-0.764653,-0.66328967,0.2212078,0.6596647,-0.4506344
IND600048AAA,1.1115077,0.17011043,-0.29518247,-0.035705153,-0.17505373,-0.9797599,0.328476,-1.173928,-0.12672193,-1.2331287,0.26179516,1.482702,-0.8659562,0.23295441,0.93902457,-0.9325964,-0.4663404,0.98578477,0.21716692,0.82610494,-0.22100653,-0.032999624,-0.67723846,-0.7427592,0.72238296,-1.6009616,-0.43528175,-1.558117,-0.40171716,-0.77053535,-0.46574068,-0.023599371
IND000000AFR,1.6899656,0.72297496,0.43961266,-0.5956498,0.66074073,-0.9898843,0.23001023,0.52552384,-1.0820351,-1.3850206,-0.38676637,-0.09071618,0.4827407,-0.17923142,-0.027089959,0.73320514,0.58717746,0.296967,-0.24802923,1.3008296,-0.19183733,-0.28411716,-0.025186593,-0.6391719,0.49511427,-0.17057556,-0.4146904,-0.60566974,-0.60026217,-0.14142172,0.5066362,0.3388066
IND606801AAB,1.1717552,-0.12936318,0.4721425,-0.7475005,-0.23330125,0.11616584,0.7433971,-0.4894442,-0.48712596,-1.13525,0.28550303,0.13767403,-0.52202976,-0.3826473,0.107767716,-0.22358441,0.39286417,1.1468395,0.29922697,0.53508043,-0.2596832,-0.6084607,-0.60639113,-0.7024604,0.031572558,-1.584423,-0.36549237,-0.1717582,-1.0907906,-1.0968485,0.1258221,0.70066893
IND303338AAB,1.3015786,0.8087124,0.48451275,-0.11085444,-0.2524737,-1.743976,-0.59903914,0.06814588,0.24703906,-0.03729494,0.95256054,2.1730268,0.7336333,0.27070844,0.016926127,-0.23306529,-0.44139454,0.18595071,0.2224977,1.2192693,-0.7691316,1.0613137,0.06927094,0.38843024,-0.0027104924,-0.49195892,0.07847628,-0.56763285,-1.317882,-1.2906126,1.2682656,0.17858596
IND396321AAA,-0.088393226,0.7145373,-0.086770736,-2.0896568,-0.2129808,0.3643414,-0.033157337,0.49653134,-0.07318196,-0.86130905,1.2199732,0.7565016,0.65751153,0.89237195,0.66414356,0.30124035,-0.22217742,0.7554616,0.54006124,1.4486024,0.36653134,2.3092766,0.14671396,-0.9394426,-0.27071443,-1.3540031,-0.45620382,-0.78168,-1.3322719,-0.07100629,0.26467818,1.5019679
IND301019AAA,-0.21672058,-0.28584066,1.1775968,-0.130439,1.1392365,-0.5089886,-0.38096988,0.5111348,0.48992422,-0.089103274,0.25549188,1.2185637,0.5020341,-0.35529482,0.07593607,-0.31763497,-0.7045246,0.57338184,0.45994446,1.0600404,0.4054709,-0.012566485,-1.3251662,0.00694794,0.67534953,-1.045434,-0.21214351,-1.4136404,-1.0460064,0.084380195,0.06780847,-0.9527548
IND400701AAB,0.27388096,-0.0029695765,0.30757445,-0.37720278,0.6796994,-0.07825135,0.17131357,0.35864893,-0.35169396,-0.5001837,0.19446072,1.0455123,-0.085657746,-0.21528234,0.90064406,0.008608979,0.597476,0.15118523,0.024010431,0.43414283,1.5140142,-0.10211342,-0.35121483,-1.0742956,0.66589,-0.15172692,-0.07243875,0.22115418,-0.5355851,-0.084941976,0.33095992,-0.36324668
IND851127AAA,0.8458815,-0.13598214,1.1887171,-0.5333656,0.4796794,-1.3341084,-0.69501776,0.21370561,1.5017747,0.104654625,0.66309685,0.37666777,0.7175446,0.37638277,0.21969509,-0.12613904,-0.2519072,0.8915473,0.81633323,1.8259783,0.507075,0.87334144,-0.77364904,-0.33217466,-0.44950092,0.42862132,0.7538398,-0.5136591,-1.1483744,0.77865136,-0.271451,0.3502436
IND781022AAA,0.8016197,-0.62586004,0.3918484,-0.6910603,0.91464597,-0.07635931,-0.46333444,0.4575331,0.113113575,-0.59084195,-0.5175071,1.5762026,-0.8410316,0.9308794,0.19300684,0.007013809,1.0138363,-0.08531895,-0.13959293,0.43592706,0.30887628,0.42667577,0.077691495,-0.24737038,-0.8453962,-0.32442594,0.109028704,-0.8790695,-0.5955402,0.30379125,-0.20474085,-0.34788844
IND211008AAA,-0.027164781,-0.30709797,1.3700182,-0.91501385,0.9988952,-0.722307,0.23545079,0.06733288,-0.70892817,0.6850818,0.045936268,1.2014362,0.24611185,0.009431055,1.1490202,1.2799534,-1.1653531,0.39056322,0.9061695,1.8826001,0.029674854,1.3749102,-0.9232791,-0.037357364,-0.5369562,-1.3995532,0.004310263,0.1947637,0.089995526,-1.3773183,-0.5332933,-0.3495515
IND505327AAA,0.91250014,-0.10482027,1.6455245,-0.059739616,-0.43202847,-0.31095213,0.14250822,-0.19205225,-1.0961888,0.22700891,-0.6318545,0.41304603,0.51445514,1.5222031,0.90699714,-0.53281504,0.46003565,-0.44974983,-0.91496944,1.5332853,1.0577017,0.48839283,0.100583635,0.14839394,-0.111937724,-1.1145473,0.31403273,-1.2777027,-0.2669006,-0.86617464,0.99200976,1.5365773
IND515801AAA,0.64519864,-0.07395545,0.74197245,-1.8480093,-0.37975836,-0.30262384,0.9453652,-0.18029374,-0.52312165,0.090568475,0.3603515,0.26286978,-0.23874806,-0.76528466,0.13841322,0.5136168,1.0372771,-0.31897983,-0.8235983,1.60462,-0.027526215,0.09668513,-1.2315285,0.48200879,0.35211265,-1.3044168,0.34221804,-0.2771616,-1.1452885,-1.0736548,0.79085004,0.21255885
IND110037AAM,-0.018149044,-0.5284563,0.98074,-0.5683526,0.93204206,-0.2958244,-0.27477843,0.31005734,-0.12284919,-0.49755597,0.17351177,0.8945651,-0.36905116,0.58529156,-0.21696275,0.3290032,0.06726916,0.08235575,-0.29176638,0.26803264,0.43277866,-0.005907042,-0.39269787,-0.68645,-0.34970337,-0.6063053,-0.16899928,0.15136637,-0.12799798,0.41689882,-0.07845568,-0.4474326
IND416606AAA,0.76595414,-0.3296541,0.50639343,-1.128977,-0.30570158,-1.1804918,-0.40026528,-0.7172763,-0.45210937,-0.082987666,-0.12114759,0.3903005,-0.4968182,0.54069304,0.7056954,-0.8534888,0.15252092,0.63688314,-0.2109194,1.0412352,0.7437711,-0.60446167,-0.24933898,-0.7654109,1.6811743,-0.22551723,0.5995739,-0.015825303,-1.3334625,0.6206936,0.23677748,-0.2731973
IND673506AAA,1.703996,0.93161553,0.8619212,-0.5002517,0.2528258,-0.7537167,0.11950835,0.28464794,0.36487365,0.89544606,-0.27293354,1.4075704,0.7867577,1.4368201,1.4018415,-1.2023237,-0.6872434,1.2539594,-0.49107602,1.5054371,-0.19833612,1.5707011,-0.37727478,-1.385225,0.27172926,-1.1792836,-0.1095137,0.28931844,-0.26402825,-1.5321356,0.5391035,-0.88474554
IND751015AAA,0.77167094,-0.618123,1.0243027,-0.5199153,0.70302767,0.52251804,0.44120136,-0.5907167,0.05226497,-0.67690134,0.23116203,0.19204438,0.71066743,0.9182025,1.1337532,-0.21330324,1.0804172,0.3440928,-0.22578916,0.30101505,0.080884665,0.21676329,-1.5772046,0.0447946,0.32227603,-0.40590462,0.5388758,-0.29586482,-0.5265765,-0.27515453,-0.58431804,-0.06238813
IND341306AAA,-0.31255496,-0.5715259,1.3018011,-0.7575497,-0.10608768,-0.32715535,0.0038138817,-0.18893763,0.236777,-1.420006,-0.1623754,0.69466794,0.58339715,0.6499471,-0.16202232,-0.60076994,0.48000196,0.17539455,0.13257891,1.786596,-0.15782917,-0.06166379,-0.44675112,-1.0137614,-0.8036115,0.030035606,-0.36814022,-0.2533495,-0.040070243,-0.5380607,0.1815607,-0.6568239
IND122503AAA,0.52642673,-1.1119809,1.9687583,-0.46536198,0.6914161,-0.6223921,-0.9205699,-1.1137656,0.12616774,-0.22856529,-0.19913183,0.4556098,-0.492992,1.7235725,0.8344556,-0.32378635,-0.45162445,0.032991793,0.4273956,0.37496787,0.16070765,-0.12642775,-1.5446647,0.6191788,-0.36361352,-0.84454894,-0.51202184,-0.46130222,-0.63286716,0.002373978,0.22481613,-0.46203637
IND274001AAA,0.7187013,-0.10024703,1.4535033,-1.7244868,0.31872162,-0.35466594,-0.25838152,0.5433119,-0.45769763,0.07502001,-0.28833413,0.35001072,-0.6254582,0.1782099,0.8321571,1.2572726,-0.42492437,1.0936233,-0.3780689,1.3777616,0.24680956,1.5920177,1.1158261,0.07312708,-1.0256536,-1.0156294,0.45337257,0.4113684,-1.0832084,-0.3699065,0.56092936,0.20523128
IND734203AAA,1.5766126,1.3792629,0.25883707,-1.6734188,0.1547105,-0.83253103,-0.6925653,0.00131831,-0.9821215,0.40501565,0.98132473,0.65841585,-0.49078566,1.4371569,0.96625185,-0.33681047,-1.2576826,0.59814334,0.83813304,1.0443988,0.36282027,0.7280825,0.7018599,-0.39833292,-1.0590419,-1.1445526,-1.4891324,-0.8852607,-0.23884703,-1.1989458,0.4286509,-0.54124385
IND792001AAA,0.7382683,-0.26409733,0.434447,-0.9041547,-0.10444222,-0.8201444,0.20969415,-0.043006726,-0.30886146,0.35716122,-0.11751142,2.0420177,0.28950298,1.3008913,0.75963354,-0.8852734,1.7047931,-0.3831267,0.6042013,1.2364606,0.45821834,0.98809963,0.87749964,-0.17219563,-0.9155457,-0.7548598,0.31629077,-0.63811123,-1.6454289,0.7546759,-0.039173,0.11022969
IND722122AAA,1.5664284,-0.81203145,0.33335024,-0.7229021,0.32473522,0.25483876,-0.19266799,-0.67282915,-0.40805852,-1.5301818,-0.076305956,-0.024683226,0.26303995,0.27334455,1.4498464,-0.09203826,0.118277356,-0.06098192,0.19230615,0.1279107,1.4695183,0.8774111,-1.0142075,0.33168778,-1.2636104,-0.3142654,-0.0764678,-0.9595955,-1.2058483,-0.25722122,-0.07676946,-0.269899
IND814112AAA,0.56955504,-0.798308,0.8372277,-0.88852894,0.75124687,-0.52841634,-0.10818733,-0.69829506,-0.24066481,0.2799307,-0.13778624,1.5902351,-0.0906659,-0.11741961,1.63004,0.258502,-0.36935747,-0.6633546,0.3867806,1.3945203,1.3540863,0.6389302,-0.75184727,0.29280767,-1.3156328,-0.07030863,1.1536856,0.3510202,-1.107176,-0.6836417,0.5095358,-1.2071762
IND275303AAA,0.960257,0.5292309,1.0887161,-1.7772901,0.69868445,-1.6604329,-0.3928056,-0.9334488,-0.11028015,-1.0997497,0.21933447,0.45823157,0.043237325,1.6461843,1.1136087,-0.04418331,-0.3108646,-0.54393387,0.4319196,-0.052595954,0.44034556,1.893747,0.044307463,0.2235418,-0.019745855,1.025341,0.14660938,-0.62932783,-1.3232217,-0.003968412,0.98184377,0.45564938
IND457661AAA,0.3427225,0.14030127,1.208323,0.4257485,-0.57765007,0.54469377,-0.770861,0.66457194,-0.1537297,-1.1323085,-0.49465775,1.7855983,-0.101945266,0.5967438,1.2589867,-0.52784884,-0.4599933,0.09911704,0.80881953,1.111983,-0.28501672,0.33361155,0.07345955,-1.9177812,0.49890545,-0.9674556,-0.61646295,-0.2866654,-1.6349757,0.12618959,0.09668952,0.8169994
IND431717AAA,1.4089437,-0.8081953,0.40110523,-1.3913602,-0.11574651,-1.057881,-0.27268004,-1.0574923,-0.6260582,0.059179958,0.3623215,0.13294376,-0.061301406,0.3436008,0.9192057,1.1826552,-0.2114653,-0.52136004,-0.0627194,1.293389,0.67806447,-0.4393059,-0.16416846,-1.7107123,1.103027,-0.60440934,-0.047693156,0.36362112,-1.240685,0.29504842,-0.08732668,0.20290953
IND121004AAB,0.12550947,0.011143065,0.6894086,-1.0394788,1.587249,-0.402168,-0.46720073,0.6146122,-0.26189163,-0.522423,0.023124872,0.63040835,-0.23112081,0.29122987,-0.14664368,0.002479439,-0.25834063,-0.07673517,-0.6369832,0.17117713,0.55797267,0.3409727,-1.45393,-0.38645506,-0.35528156,-0.6658063,0.15517186,-0.31600946,-0.68745255,0.967116,-0.08983144,0.29431087
IND209801AAA,-0.011145944,-0.4898123,1.3493218,-0.7768658,1.2245467,-0.6308515,0.110132895,0.0040833144,0.3234064,0.11011496,-0.41543993,0.36210608,-1.0031351,0.5017031,0.89690804,0.4997823,-0.33830845,0.4297254,0.30435133,1.151378,0.73989457,0.33730865,-0.21463124,0.25885013,-0.7231702,-0.7204986,0.5771894,0.27668753,-0.1965767,0.012453285,0.061663445,-0.17476727
IND471001AAA,0.8075754,0.055346817,0.82995033,0.072035484,0.95022815,-1.0312359,-0.45144928,-0.74435157,-0.43129075,0.7726564,0.36640248,1.7325864,0.32261103,0.10249042,0.9227622,0.933026,-1.5529727,0.31059468,0.39094374,1.4077784,-0.35940385,1.2238395,-1.2172678,-0.5632141,-0.49781534,-0.9858005,-0.29658616,-0.057792455,0.099685065,-0.15221174,-0.924116,-0.38576198
IND206001AAA,-0.20205997,-0.22154506,1.2618705,0.31498262,1.0871918,-0.14353915,0.12763834,-0.18112937,0.43609184,-0.82278407,-0.3723629,0.0954546,-0.68634886,0.20523974,0.2363837,0.442399,-0.51042295,0.22308321,0.045940913,1.095871,0.2409772,0.4444254,-0.982528,-0.37897035,-0.11015266,-0.42410785,0.20910655,0.1726149,-0.6092014,0.1314678,0.10377867,-0.30501747
IND788151AAA,1.4284611,-1.0841743,-0.39952058,-1.5096306,0.2638894,-1.4415884,-0.68439376,0.6963389,-0.1742329,-0.4394817,-0.6121872,2.0576046,-0.98647135,1.255679,0.6116052,1.036664,0.5055944,-0.038565643,0.17102322,0.5678066,-0.11895824,0.40914518,-0.56367135,-0.014643791,-0.75340265,-0.17055598,0.08536918,-0.20475863,-0.90973985,-0.14712143,0.097968146,-0.42984688
IND431515AAA,0.95177025,-0.37844932,0.8303529,-1.4991218,-0.13672608,-0.36264333,-0.6396963,-1.1552964,-0.3201651,-0.020500222,0.04631065,-0.3608776,-0.2926192,0.61565757,0.9446691,0.06365036,0.18569273,-0.7674437,-0.47893116,0.80952996,1.0434326,-0.33102584,-0.7916894,-1.2488883,1.350707,-0.82911026,-0.07656341,0.43620726,-1.2872834,-0.28180116,0.10826036,0.05393713
IND487001AAA,0.32459903,-0.61556566,0.8003376,-0.68511015,1.5412048,-1.4215418,0.41980243,0.09464328,-0.6614949,-0.045070775,0.9871534,0.10561561,-0.05889484,0.4462267,1.6082144,-0.2033012,0.70991015,0.099567235,-0.8624526,1.0230397,-0.8807311,0.47776607,-0.49925733,-0.48596033,-0.5450542,-0.5218041,-0.33329147,-0.48720405,-1.037371,-0.5350992,1.3731788,0.3148762
IND305601AAC,0.4518185,-0.8800056,1.1211389,-0.820717,0.8126214,-0.18672808,0.24593008,-0.24302325,-0.64591265,-0.96072274,0.087563895,0.5593917,0.31397405,-0.11860934,-0.4320358,-1.3253386,-0.6041796,0.03693554,-0.34083617,1.7937087,-0.5391978,0.05033351,-0.38838127,-1.4173138,-0.9042367,0.23615314,0.1199795,-0.7815396,-0.80590457,-0.7232191,0.0622851,0.8766443
IND110037AAB,1.2380642,0.45551884,0.902698,-0.6531463,1.6429921,-1.5250844,-0.10212167,-0.09942703,-0.41171467,-0.89440507,-0.20724839,2.535266,0.5632922,0.47752917,1.6883732,-0.5066327,-0.96054024,-1.0757082,0.93634135,0.041988213,0.62424994,0.72396034,-1.2386137,-0.69275016,-0.18063158,0.35541376,-1.3251898,-0.4002781,-0.61459607,-0.7848382,-0.0038568233,1.93349
IND363520AAC,2.1230283,0.4406053,0.06963835,-1.2166713,0.31935677,-0.57376665,-0.15214145,0.47657773,-1.0221297,-0.5684498,1.4007864,1.0898751,0.46757475,0.7799607,0.9605652,-0.74791425,-1.5866421,-0.5444475,-0.37601113,0.097559154,0.18064843,1.1388403,-0.74782556,-0.34367836,-0.027144942,-0.24763733,-0.2581555,-1.8609123,-0.57144773,0.065621465,1.3413897,0.6661064
IND791109AAA,0.8735194,0.7759997,0.22313957,-1.0903337,1.2924312,-0.41498655,-0.52399814,-0.18070385,0.33149508,0.46213746,-0.07352605,2.261943,-1.2090818,0.4405074,-0.26246935,-0.22200437,0.7229232,1.5174853,0.773162,1.0756423,0.51856697,0.9140385,0.12046178,-0.20771053,-0.3022971,0.705544,-0.4252055,-0.47941384,-1.2864363,-0.23617758,1.1505737,0.9686694
IND624619AAA,2.437182,0.5821045,-0.43060791,-1.0106597,-0.056931958,-0.2181306,-1.3226552,-0.6997041,0.15317263,0.35628736,-0.40655178,1.9506041,0.34913382,-0.5795866,0.2228511,-0.59367204,0.2686471,0.35961968,0.4159783,1.8369389,0.8818724,0.57730967,0.07839996,-1.0463305,-0.26302385,-0.7072601,0.3541465,-0.8776787,-0.3955931,-0.859711,-0.0770342,1.783415
IND781014AAA,0.8277709,-0.33441377,0.65893555,-0.8012795,1.1992221,-0.3599341,-0.4554628,0.42748454,0.24055026,-0.7925691,-1.1340766,1.6218504,-1.1304405,1.0580628,1.0247228,0.5167797,0.92540044,0.35225937,0.16070321,0.26011777,0.8317614,0.8404182,-0.24050668,-0.166112,-0.079757266,-0.33836338,0.11120179,-1.3292879,-0.46438426,0.72642726,-0.6064882,-0.54360026
IND261001AAA,0.8364162,-0.3617056,0.46957085,-2.0691056,0.25579256,-0.3687118,-0.90875036,1.1622657,-0.5829934,-0.6041245,-0.4547586,1.4213152,0.038739063,1.0275452,-0.39700216,0.92256796,-1.120329,0.24675739,-0.5203432,0.5956182,-0.19970128,1.730534,-0.15561639,-0.32385567,1.0206411,-0.35781288,-0.925031,-1.3861985,-1.6413978,-1.6584036,1.2534748,0.6975412
IND160003AAA,0.353472,-0.64116436,0.6908682,-0.2617941,0.7384657,-0.69801056,0.75960493,-0.09715187,-0.5318817,-0.71106476,0.78934747,0.71834856,-0.53803754,0.80630946,-0.8357533,-0.08990752,0.02377978,0.37913346,0.49075043,0.77969867,0.52890015,0.5802572,-1.1170511,-0.17053454,0.48515704,-0.3164798,-0.29582474,-0.993187,0.42051253,-0.002162363,-0.11125268,-0.13646342
IND421601AAB,-0.34069237,0.1941796,0.2889306,-0.25178567,0.5030411,-0.18620121,0.33140835,-0.21759325,-0.81627405,-0.49699312,0.068912864,1.0118725,-0.12558417,-0.28884682,0.8672308,0.21648246,0.46439406,0.0107367085,-0.010484082,0.56810486,1.1497334,0.0025826786,-0.7841427,-0.8572096,0.3810038,-0.5969335,-0.13440524,0.21053225,-0.71342325,-0.12791407,0.60516214,-0.745627
IND504215AAA,0.7472625,0.6188733,1.1293106,-0.07268398,0.17622235,-0.3994245,-0.12186339,-1.3648307,-0.74133706,0.33398384,-0.39164472,0.47713113,0.36153302,1.0623479,0.3692359,-0.40454337,0.5861452,-0.7394077,-0.6420893,0.8511087,0.8787359,0.44662794,-0.010751113,0.30877024,0.7089216,-1.2201389,0.25752038,-0.56981903,-0.71966815,-1.1966735,0.65976924,1.0544657
IND302026AAA,1.2415398,0.76873505,0.4269329,-0.09389017,-0.27889535,-1.748683,-0.63191664,-0.08373423,0.11198232,-0.06869438,0.9209253,2.0829396,0.5713924,0.17010635,0.077363715,-0.16081302,-0.28976235,0.17399085,0.15867999,1.2004818,-0.82839197,1.0223764,0.08648677,0.37154874,-0.052825604,-0.39622772,0.0662884,-0.49048248,-1.1331462,-1.2506789,1.1306983,0.23928279
IND273155AAA,0.6879205,-0.23952991,1.3936892,-1.776756,0.4327562,0.06386117,-0.14455836,0.36803582,-0.28009477,-0.1399208,-0.34760275,0.69595075,-0.8059313,0.1250573,0.61013764,1.2195065,-0.9977309,0.7014245,-0.015386223,1.7385833,0.69341886,1.5104818,0.9486038,-0.04543011,-1.1046847,-0.971228,0.6323269,0.39352342,-0.7241403,-0.23253374,-0.13159448,0.06585077
IND812002AAA,0.5617362,0.738566,1.8012309,-1.4637935,-0.089568526,-0.8525955,-0.45826116,0.24898298,-1.5093042,0.59650165,0.6059085,1.0716904,1.2481916,0.18477435,0.78941333,0.84424853,-0.58858615,-0.10058774,-0.19091834,0.7767878,0.6548982,0.8970838,-0.14796452,-1.2445877,-1.3239964,-0.13422225,-0.9690814,-0.3278786,-1.3220589,-2.2458942,-0.3217335,1.4632194
IND503122AAA,0.7067801,0.6404117,2.0205588,-0.41329226,0.102445744,-0.20231888,0.31190807,-1.2350888,-1.4060163,0.36882994,-0.31218326,0.71735054,-0.23427671,0.44808033,1.0048902,-0.38124806,-0.3243845,0.06943546,-0.12198946,1.2011683,0.04940618,0.30128446,-0.8704266,0.82437515,0.11249677,-1.2187562,1.1786176,0.06428637,-0.61223954,-1.506384,0.40674666,1.639516
IND621211AAA,0.53880274,1.2012292,-0.092041105,-1.6037405,-1.1960438,-1.1741084,0.9672666,-0.10059453,-1.0094527,0.84557825,-0.30458778,1.3883548,0.039256595,0.30129546,1.1494861,0.1636515,-0.6513652,0.7393849,0.24275339,1.2666187,0.26317087,0.43080834,-1.3173646,-0.2562065,-1.222557,-0.8013885,0.82174796,-0.74394107,-1.5969434,-0.14538367,-0.16182801,0.63866144
IND140406AAA,1.5227225,-1.1041336,0.820126,-0.20109469,0.58285725,-0.9906779,0.36988217,-0.3538436,-0.89159393,-0.7082692,0.93394655,0.41191682,-0.12922004,0.5597916,-0.27459592,0.66489595,0.116186544,0.5034781,0.89905804,0.4059495,0.67953074,1.5980654,-0.49346206,-0.6133106,0.7522765,0.20833185,-1.1548705,-0.5741385,-0.2113736,-0.14500512,-0.5780332,0.030354587
IND361001AAA,1.6272652,1.0515374,1.4520648,-0.9466671,0.5366938,0.2425458,0.31613603,-0.31264532,0.16445835,-1.0851464,0.6267014,1.1097739,0.27719218,0.61367136,0.2032602,0.007900487,-0.64460355,1.1022719,1.5701377,0.73811245,-0.090434425,0.6602882,-0.5051979,0.877604,-0.2614301,0.6956431,-0.84223384,-0.024736946,-1.475866,-0.90341485,0.007790956,0.020787485
IND000000AAS,1.7188188,-0.04215749,0.65115225,-0.64795315,0.5520957,-0.9164932,-1.2795577,1.001984,-0.13148731,-0.6531402,0.24228407,1.4858215,-1.3333352,0.47190565,1.1379154,0.6268299,1.4397266,-0.37200072,0.10337432,0.15317854,0.5281855,1.4682174,0.31059235,-0.2753943,-0.26764748,-0.5606252,-0.9223606,-0.5103614,-0.9356799,-0.8359672,-1.0979129,0.6342993
IND802119AAA,-0.052412234,0.14329618,1.3780185,-1.0735242,0.23786075,-0.61781085,-0.12762636,-0.47669798,0.15385586,-0.08288456,-0.49242967,0.41618547,-1.006191,0.7828892,2.0069952,0.0024251384,-0.7517229,-0.059024442,-0.30238074,2.2890818,0.78146225,0.45997143,-1.0213368,-0.17358172,-0.85393745,-0.71794826,-0.30437386,-0.29528782,0.21471931,1.0711073,0.4920502,0.76192737
IND741126AAB,1.2784213,0.12197013,1.5188415,-0.32296276,-0.032629266,0.30603626,-0.036181655,-0.40960357,-1.4676718,-0.25479266,-0.8804042,1.6809741,0.44660953,0.1125832,1.9854044,0.42497292,0.22555682,0.24220467,0.012904089,0.04025003,0.039503966,0.27962512,-1.841022,0.12089807,-0.37575504,0.7210899,0.6034157,-0.9981287,-0.86505747,-0.154616,0.5013432,-0.04023178
IND242001AAA,0.3860126,1.1323633,2.2892404,-1.082146,0.9478778,-0.8703285,-0.41914195,-0.5755445,-1.093782,-0.5826602,0.56646734,0.9854053,0.5253955,1.3802575,0.39385328,0.561403,-0.29478,0.9177086,-1.0680914,0.65874434,-0.20139913,1.3096973,-0.2889705,-0.45321485,-0.6636657,-0.70354927,-0.44133058,0.21242343,-0.1273934,0.93973833,-0.8996808,1.2003601
IND181201AAB,0.65479743,-0.3244316,0.58333683,-0.4502028,1.1216846,-0.7527513,0.6327596,0.59543246,0.02920509,-0.51023525,0.98790365,0.08882562,-0.7642557,0.94555116,-0.95156026,0.08014315,-0.35798126,0.88548017,0.49878418,1.2211198,0.7603832,1.5490603,-0.6113452,-0.6445212,0.6340322,-0.9022116,-0.8490093,-1.3279349,0.050230842,-0.53757304,-0.087205246,0.09268705
IND637211AAA,1.1897532,-0.10949,0.9230565,-1.1039127,0.26981756,-0.70744103,-0.2240518,-0.28436992,-0.44222325,-0.2514555,0.10457067,1.0105736,0.07959575,0.5024982,0.60892254,0.15154307,0.06068054,0.39184406,0.2849191,1.4147645,0.30130732,0.8608995,-0.37079757,-0.43510467,0.00016548256,-0.32640976,-0.025009599,-0.52575713,-1.0712825,-0.3542391,0.09613465,0.34401187
IND431001AAB,0.9184421,-0.27937803,1.5204425,-0.7834217,0.16030738,0.10070133,-0.0315319,-0.44111463,-0.6199881,0.049258817,0.70254385,-0.20294736,-0.13173258,1.4589,0.08769291,0.21001646,0.6291702,-0.35200232,-0.7891684,1.4514123,1.1449623,-0.14469543,0.057118576,-0.9312025,0.46723297,0.41357017,-0.007449347,0.30932486,-1.794648,0.408413,0.82053465,0.22937934
IND500035AAA,0.8436636,0.597616,1.043524,-0.17714413,0.78736067,0.15556371,0.52788275,-1.5199116,-0.017599532,-0.36269152,0.09952717,1.2731053,-1.1121774,0.5618256,0.28708524,-0.40891102,0.7850114,-0.053590387,-0.5558786,1.5182472,-0.3267743,0.7665057,0.6239667,-0.17612743,0.6290599,-0.9632313,0.30744988,0.20491043,-0.99297124,-1.3185129,0.5816552,-0.07113615
IND500008AAC,0.5707732,-0.059596684,0.04062415,-0.08675274,1.4179832,-0.0067299316,0.77645004,-0.65043706,-0.82626355,-0.71032155,0.45497614,0.5332792,-0.35597998,0.36908147,0.3781169,0.32981753,-0.011232235,-0.05954706,-0.68906236,1.0458012,0.93730515,-0.32525802,-0.115470864,0.15462118,0.5342426,-0.3695028,0.53580433,-0.32483262,-0.74671596,-1.3671579,0.08755589,-0.090965904
IND629001AAA,1.0405157,-1.1329354,0.527571,-0.8871304,-0.25347835,-1.291358,-1.4645159,-0.30647725,-1.6242677,-0.41224584,1.5314379,1.8394867,-0.64638966,0.26536098,0.30023673,-0.08596553,-0.5344161,0.47984275,-0.31758863,0.75810444,1.0266364,0.723307,0.92740434,-0.15820363,-0.28962815,0.24830142,-0.1264345,-1.0613439,-1.081238,-0.66277444,1.3378782,0.97079265
IND785634AAA,1.1580677,-0.76742804,0.56103903,-0.21213412,0.39294803,-0.24999133,-0.5031204,0.15061387,0.43013972,0.019438708,0.17529008,2.1323547,-0.78722304,1.6024895,0.41179165,-0.26226905,1.6960078,-0.33297545,0.30998242,0.47851965,0.3529813,1.1811465,-0.3348413,-1.0510291,-0.6592258,-0.6833192,0.20741042,-1.0552799,-1.227989,0.36591148,-1.0191865,0.13255323
IND515761AAA,0.76478255,0.3137735,0.51462984,-1.4897804,-0.1563266,-0.21652989,0.97704643,-0.11044571,-0.45488724,-0.08187873,0.49106863,0.32152957,-0.2590045,-0.62867033,-0.08951892,0.5753937,1.0677551,-0.3341618,-0.8195796,1.5209384,0.13724574,0.09938919,-0.9276952,0.5029371,0.44194007,-1.0359315,0.1713661,-0.050629426,-1.1914258,-0.91719574,0.59585756,0.05583276
IND423301AAB,0.5179219,0.5763441,0.3659427,-1.3654884,0.98041075,0.28528303,-0.5942026,0.55833167,-0.83073366,-0.66179925,0.9208821,1.1665438,0.5059977,0.39384606,0.6609721,0.1379868,-1.0087504,0.12972449,1.110137,0.5418922,1.050264,-0.18686992,-0.43429282,-1.0515667,0.8160666,-0.4294747,-0.11671663,0.67795837,-0.9183559,-0.9318206,0.8130397,-0.60609955
IND733201AAA,2.59015,-0.4657625,1.0138662,-0.24733806,-0.82425314,0.34302938,-0.38055235,0.8229972,-1.077855,-0.3177,-0.61866456,1.5044187,0.015584037,1.0458007,0.80910134,0.1620226,-0.8247813,1.3068819,-0.48974624,2.1415374,0.5821278,1.173028,-0.57700944,0.20354098,0.5411086,0.34548897,0.23508963,0.8608289,-0.34057474,-0.13381359,-0.3193307,0.7099582
IND783370AAC,1.9226803,-0.10196882,0.6745476,-0.7539484,0.26612028,-0.669957,-1.2369846,1.0952172,-0.19988632,-0.6575588,0.47361538,1.4566878,-1.3263266,0.46468714,1.1999238,0.5521096,1.2114441,-0.47373924,0.4996701,0.36890775,0.35490015,1.5016091,0.40313023,-0.48595238,-0.19393398,-0.24450454,-0.6003451,-0.5867122,-0.6747946,-1.103598,-1.1244097,0.5205286
IND134203AAA,0.9094213,-0.63027275,1.0395206,-0.28659886,0.62897813,-0.44938564,0.2907412,-0.2864141,-0.96541214,-0.27451673,0.7040801,0.15904672,-0.6300824,0.9783227,-0.9524936,-0.022144532,0.017079117,0.32250875,0.43788,0.74650216,0.7055317,0.5231481,-1.2989174,-0.35352045,0.38042793,-0.28822264,-0.5157521,-0.8812668,0.48796204,0.044612538,0.12854499,0.017072
IND517325AAA,1.684327,-0.7652013,0.9889781,-1.6791778,-0.4748566,-0.68813473,-0.9601962,-0.4746505,-0.11388217,1.0671018,0.64561236,1.8515819,0.8233298,0.77667665,0.6372933,0.043260165,-0.026214907,0.44473675,-0.103201255,0.5724578,-1.0350871,1.2064029,-0.10154626,-0.7792884,1.2060426,-1.8227987,1.1178868,-1.4688864,-0.6706512,-0.52815443,0.17218313,-1.0894315
IND754022AAA,0.34446266,-0.5871031,1.079594,-0.22955422,0.62879854,1.067734,0.34318113,-0.47714254,0.35166556,-0.9933918,0.13344203,0.41964978,-0.3140789,0.55121297,0.71744764,-0.47055712,0.86415666,0.2854135,-0.07398959,0.7970379,0.118465535,0.6856644,-1.4536109,-0.036446247,0.62999636,-0.37702286,0.69540983,-0.31777743,-0.57669914,-0.40350172,-0.20930459,-0.34213176
IND123106AAB,-0.15780315,0.28759533,2.013157,-0.8236703,1.6590909,-0.66669685,-0.49038848,0.54849386,0.2494372,0.6857135,0.66548723,1.4349269,0.88690865,-0.03648819,0.28142098,-0.35155848,-0.018106785,0.7210128,0.6075227,0.9660669,-0.31739807,0.18774517,-0.9738434,0.0048228316,0.5587428,-0.6787513,-0.013843068,-1.6723762,-1.4937896,-0.1074993,-0.028730493,-1.4018432
IND562114AAA,0.9303301,0.7441901,0.4082445,-1.2058303,-0.23593739,-0.311743,0.60233337,-0.9280377,-0.49551374,-1.4963545,-0.049481347,0.11801664,0.17544192,0.072482854,0.22307727,0.6522581,1.150072,1.253752,0.28967124,0.43577665,0.005869283,0.49857944,-0.91777486,-0.35824302,0.2300796,-1.4920156,-0.60311836,-0.8755707,-0.8016208,0.49972624,0.40303075,-0.9891072
IND303301AAB,1.2436088,0.7236532,0.40531462,-0.1585662,-0.17163649,-1.8919305,-0.6150491,-0.08360454,0.031986557,-0.047224425,1.0019754,2.1751382,0.5580474,0.10120759,0.113035746,-0.11060695,-0.31796053,0.18757004,0.07278414,1.4473716,-0.8667583,0.9375574,-0.0073492504,0.41994876,-0.0944981,-0.33358997,0.028975366,-0.38623312,-1.104979,-1.3976301,1.0304602,0.34564844
IND462021AAA,0.4167636,-0.389778,1.1088891,-0.27475256,0.89331645,-0.77445775,0.2175982,0.6457414,-0.7164181,-0.26654407,0.71866626,-0.2124878,0.20585561,-0.05934678,1.8560534,0.28750753,-0.18734863,0.9238669,-0.61089027,1.1508166,0.4024428,-0.15607725,-0.026177522,-0.0949654,-0.06550987,-1.091196,-0.11419001,0.21306135,-1.0493909,-0.13872522,1.1134691,-0.26802427
IND226004AAC,0.13045682,-0.6131347,0.8448568,-0.23947869,0.873166,-0.3004422,-0.1650793,0.12582237,-0.3859866,-0.6690031,0.12976083,1.0501188,-0.19588232,0.8401433,-0.47758877,0.82407427,-0.20209906,-0.12602825,-0.44319877,0.6906226,0.47601393,0.09486642,-0.3484036,-0.7288008,-0.29564855,-0.6375043,-0.26035777,0.008262211,-0.17744032,0.64963955,-0.116112985,-0.7769967
IND585104AAA,0.5768457,-0.15125188,0.8465595,-0.4367275,0.5303639,0.26446956,0.3940151,-0.46749997,-0.031103184,-0.69178927,0.5871669,0.3625525,-1.2363297,0.28906754,1.2950615,-0.104426116,0.2493771,-0.2060349,0.51572365,1.5067173,0.87366617,0.6375697,0.2612874,0.167685,1.2300372,-0.834669,0.10215671,-0.3769907,0.2368707,-1.2007747,0.7415497,0.44062376
IND688009AAA,1.921112,0.87089294,0.22532839,-1.32373,0.39828804,-1.2821739,0.3989345,-0.2915477,-0.45961365,-1.0780563,-0.54282516,0.22791474,0.75509423,0.8266337,-0.6372127,1.1690887,0.6882383,0.30538902,-0.3673509,1.6705492,-0.5593532,0.7922442,0.0080769295,-0.5050068,0.25025195,0.2030452,-0.5269961,-0.12724169,-0.8178259,-0.27414194,0.42345986,0.36549014
IND232104AAB,0.53722656,0.6340758,1.1288133,-1.8576361,0.39367917,-2.0438313,-0.2987258,-1.1269333,-0.40433016,-1.2577472,0.39023545,0.30018416,-0.33394256,1.9960802,1.0828828,-0.5712682,-0.067737445,0.14451371,0.016455574,0.06915705,1.2337112,1.8518351,0.45971245,0.5950711,-0.49802,0.15571448,-0.52143073,-0.48780033,-1.332197,-0.5986117,0.47189328,0.31374437
IND722101AAB,1.7773869,-0.6635311,0.2495252,-0.45612612,0.23820034,0.52373874,-0.33770666,-0.45238972,-0.67126364,-0.9927261,-0.37325004,0.12976278,0.25027823,0.43169975,1.201594,-0.409774,0.16576469,-0.33400905,0.3570383,0.23181811,1.405687,0.7475088,-0.7702671,0.33103797,-1.0429085,-0.44005173,0.19372912,-0.9117401,-1.14485,-0.11820933,-0.15176277,-0.0027930648
IND431136AAC,0.83645326,-0.11518667,1.3541125,-0.8016481,0.12596497,-0.1620885,-0.33211848,-0.44112834,-0.5582482,0.01427293,0.78529453,0.11244159,0.08291774,1.2954099,-0.0952907,0.2675381,0.77320176,-0.42561546,-0.6860221,1.524368,1.459612,-0.24447556,0.09990743,-0.83931166,0.6517953,0.66461444,0.23450014,0.25533673,-1.5562018,0.61345965,0.90956134,0.36266476
IND273304AAA,0.5926277,-0.36464038,1.465411,-1.7604866,0.52887505,-0.08953007,-0.049255878,0.4695141,-0.15288068,-0.11281266,-0.4227702,0.6449401,-0.6335742,0.029393656,0.6439861,1.1511693,-1.149509,0.64699244,0.026554506,1.9313864,0.5008517,1.5182794,0.8647383,-0.06631123,-1.0131155,-1.0113374,0.6594,0.57765096,-0.80614865,-0.38678622,-0.08211741,0.15276155
IND606201AAC,1.2145419,-0.27531382,-0.5296175,-0.5286338,-0.004857087,-0.24545647,0.5635565,-0.34584004,0.07935297,-1.149398,1.2860647,1.3204873,-0.15250072,0.8776949,0.7673824,-0.16442604,-0.47734237,0.92277545,-0.08301377,1.9735463,-0.34958732,-0.25369722,-0.13431704,0.5123775,-0.64425105,-1.7965823,-0.7862668,-0.72123474,-0.8214991,-0.45604467,-0.3394986,0.412383
IND247667AAA,0.3749117,-0.6218165,1.0854055,-0.29371572,0.1690461,-0.75609547,0.48331657,0.21689829,-0.636322,0.15740293,0.043095533,1.2923081,-0.31101272,0.22452648,-0.4780649,-0.12470419,-0.47080478,0.021599753,0.09117791,-0.38416958,0.44180316,0.69359934,-1.1637207,-1.1126136,0.44895548,-1.0200131,-0.3414005,-0.03696286,-0.6757758,-0.17499688,0.1906845,-0.60690755
IND670645AAB,1.1532278,0.36257038,0.66145307,-0.242837,-0.6579924,-0.3339098,0.6789219,-0.34155774,-1.14312,-0.6201998,0.380034,0.3498659,0.2823997,0.8536627,-0.23530997,-0.67203015,0.9487934,0.48056066,0.02029856,1.6368135,-0.4981245,-0.37534112,-1.603194,-0.5888446,0.3391182,-0.10854339,-0.5244799,-0.85287464,-0.35626885,-1.0366702,0.62014467,-1.1459775
IND208017AAA,-0.20710786,-0.5189043,1.4432565,-0.7844886,1.180865,-0.6455215,0.2440136,0.25432527,-0.06407367,0.11185633,-0.52573556,0.3374791,-0.82062805,0.20211034,0.961744,0.7829488,-0.34560326,0.45820174,0.092057504,1.1495433,0.49747992,0.48540822,-0.3191035,-0.25553626,-1.1500733,-0.8534075,0.043047126,0.27771625,-0.6106514,0.16922268,-0.10047101,-0.20584047
IND360575AAA,1.046706,-0.48407134,1.0481485,-1.0096444,-0.39690384,-0.839078,0.9204096,-0.28710276,0.41029134,1.0168948,-0.47741476,0.73514235,0.98022485,1.0095822,1.1449724,0.6084489,0.22756371,-0.04058356,1.3692697,1.3956863,0.49735436,0.3560449,-0.4620757,-0.30096537,-0.044573445,-0.9974323,-1.626503,-0.59808475,-1.684032,-0.058806494,-0.65878147,0.7207225
IND577432AAA,1.0056558,-0.12578301,0.8413459,-0.31889278,0.08372115,-0.43315464,0.17129011,-0.77795684,0.6944275,-0.7159432,0.35576463,-0.20791759,0.35634136,-0.010913776,0.30426633,-0.10891494,1.9780073,0.54613376,-0.11467213,1.8082178,0.28335562,0.5600792,-0.46313667,-0.55423224,0.66961944,-0.6445934,-1.0093389,-0.60175514,-0.5295826,-0.06053481,-0.26557034,-0.30778491
IND441614AAA,1.5276119,1.152678,1.1620429,-1.3026127,0.1678042,-0.0006964784,0.5733491,1.9717848,0.6680717,-0.32230437,0.016768651,1.1309737,-0.4361851,0.4833554,1.5590978,-0.29487076,-0.7279372,0.93644327,-0.631976,1.9293317,0.16749403,1.3726362,0.053203743,-0.002018629,0.39994353,0.72973937,-0.4827367,-1.2676572,-1.1490015,-0.15728725,-0.34417173,1.3109002
IND621212AAA,0.51716024,0.9927501,-0.08746962,-1.5896119,-1.112747,-1.4584296,1.2699842,-0.062442467,-0.9822713,0.7788984,0.026807483,1.3599448,-0.0030073125,0.40636525,1.0571218,0.23461519,-1.0023685,0.93719494,0.25928408,1.2250602,0.3423531,0.54063815,-1.350816,-0.3392158,-1.3559934,-0.6454206,0.7887414,-0.81026006,-1.6783875,-0.29829255,0.029219912,0.6865458
IND147001AAD,0.4985408,-1.0211568,0.63945186,-0.8137083,0.80409837,-0.09709793,0.6454901,-0.09244248,-0.45025554,0.08213253,0.677642,0.53367054,-0.15055281,0.63168705,-1.0858402,0.3858206,0.24856801,-0.020455716,1.3724957,0.83595717,0.4295157,0.6237262,-1.5496247,-0.49634293,0.16612378,-0.6179229,-0.42205527,-1.1652604,-0.3310597,0.09039202,-0.010935787,0.5966226
IND586101AAA,1.3334421,1.1722363,1.3570617,-1.2144626,-0.03913962,-0.2709348,-0.9423534,-0.4560356,-1.0494947,0.0023906347,-0.084186465,0.34279767,-0.1296616,1.1469314,0.37001428,-0.9614897,0.93763113,-0.1148275,0.63343143,1.0846688,-0.0074076317,-1.4134729,-0.53470695,-0.8980954,0.42298192,-0.6671211,-0.3459304,-0.0561555,-0.86206895,0.31932852,-0.2716048,0.1608904
IND495334AAB,2.3654358,-0.5772825,0.93186206,-3.132116,0.9626915,-1.1465523,-0.083876155,0.63491213,-0.8897241,-0.6364437,-0.30378792,0.18575144,-0.059594028,0.7259168,1.8089674,-1.1128496,-0.605557,-0.717031,0.59969985,0.64618057,0.8557801,1.3281639,0.016812358,0.1334583,0.13933587,-0.8110871,-0.56039685,-0.6994398,-0.3600073,0.45152488,-1.1379596,1.1073492
IND503185AAA,0.22225162,0.66688657,1.535596,0.04245365,0.28584522,0.0436748,0.36972007,-1.0613768,-1.2522303,-0.19394496,-0.17353724,0.19943237,-0.20960392,0.4643768,0.97878623,-0.58067715,-0.22537176,0.047708273,-0.60459244,1.4492568,0.63253045,0.10945451,-0.8929788,0.5119491,0.22050053,-1.2818042,0.92742485,0.14952014,-0.4026801,-1.1142994,0.30798256,1.255917
IND521333AAA,0.96675915,0.045336545,1.1645156,-0.18248585,0.973415,-0.912851,-0.89027435,-0.4541174,-0.26668283,0.31594518,0.19232067,0.36984634,0.14359543,0.020099351,0.033020493,-0.026254563,-0.36595336,-0.92870575,-0.22152425,1.3492801,0.28290153,-0.9191885,-0.92426354,-0.15927507,1.0068419,-0.6467974,1.0957612,-0.58561,-1.0681694,-0.266845,-0.24179986,0.12904386
IND242221AAA,0.55340594,0.887462,1.8111674,-0.17088191,1.6633619,-0.2305196,-1.1622187,0.018830629,-0.35112157,-0.27011207,0.32102814,1.5034144,0.5034652,0.78471375,0.5933401,0.45525658,0.06963034,1.1610005,-0.713865,0.050524417,0.9886623,1.2121435,0.13237354,-0.6988773,-1.2322599,-0.35875732,-0.719994,-0.09979473,-0.59724593,0.24678928,-0.3199418,0.07099704
IND400064AAB,0.30700696,0.12897603,0.57460654,-0.44440797,0.30356804,-0.11858248,-0.16234939,0.1304173,-0.61293316,-0.56439614,0.5496425,0.8514056,0.77913654,-0.42548928,1.3833312,-0.04460332,0.5006762,0.23953034,0.009209938,0.5705164,1.9702871,0.03496485,-0.19119036,-1.0321728,0.6543113,-0.34847885,-0.11084049,-0.040543124,-0.47456568,-0.1246724,0.22271138,-0.14565447
IND415409AAB,0.9795931,0.3016688,1.4596018,-0.918998,-0.6000863,-0.1248872,-0.9989753,-0.21433973,-0.9379509,-0.28866073,0.23168151,0.07785164,-0.05574163,0.88269424,0.06313468,0.3400553,1.3983063,0.024808751,0.5204742,1.5546855,0.12345863,-0.9636314,-0.6690116,-1.2032427,0.37322608,-1.3381368,0.54758114,0.13574228,-0.32334772,-0.044758722,-0.2329993,-0.08697806
IND360410AAA,0.708418,-0.51229566,0.9995588,-1.2811061,-0.55125946,-1.0133715,0.78995585,-0.38619885,0.35665837,1.0657614,-0.74910223,0.8309561,1.0138263,0.7840004,1.0429319,0.8495759,0.23031576,0.06936997,1.2419522,1.3133031,0.55485255,0.71235913,-0.5614042,-0.22112946,0.15476282,-0.89682996,-1.4673514,-0.73058563,-1.6885318,-0.0835185,-0.46219274,0.9233405
IND794101AAA,0.9411023,-0.6635258,0.87795633,-0.5518266,0.3452734,0.12704846,-0.8734816,0.6134395,0.1715098,-1.2909701,-0.21067747,1.5753464,-0.8766346,1.0055865,0.7163701,0.35308963,0.7111716,-0.1677305,0.5027149,0.38219297,0.27897036,0.5325325,0.2384477,-0.31466278,-0.60236424,-0.09408786,-0.13254942,-0.5274854,0.035030007,-0.1928929,-0.7426499,-0.28286988
IND637408AAA,1.2286621,0.045360234,1.1033264,-0.96121365,0.35198763,-0.6200233,-0.21633613,-0.21763894,-0.6426596,-0.41673595,0.23813832,1.182574,-0.09572916,0.6029295,0.7101163,-0.007524055,0.10666266,0.45004967,0.31700405,1.4175825,0.5026031,0.8990391,-0.5927388,-0.48525384,-0.055116307,-0.6279206,0.018483851,-0.55916494,-1.204839,-0.42238373,0.25659785,0.2953397
IND535591AAA,1.1264571,0.08973576,-0.344716,-1.4955359,1.180271,0.30594006,-0.36030427,-0.8494173,0.38444233,-0.7233311,-0.39258692,1.6435114,0.8835165,0.7407258,0.34131286,0.5906364,-0.63470626,1.7025346,0.5854074,1.187874,-0.056738272,0.9038287,-0.7017322,0.46596727,0.8950135,-0.94346744,0.970377,-0.06251988,-1.1571897,-0.02247388,-0.18482396,-0.53326505
IND626123AAA,1.9319626,0.61502653,0.05014948,-1.3621073,-0.16675517,-0.26199052,-1.1206279,-0.65834326,0.40845475,0.84733117,0.53936064,1.1213992,-0.20688558,-0.40157285,-0.009694568,-0.08507303,-0.2168663,0.043938983,0.63559705,1.5412166,1.1461705,0.7809232,0.06638174,-0.9112187,-0.7579826,-1.3240455,0.8437539,-1.0502952,-0.764225,-0.054859184,0.5839464,1.6565859
IND400705AAA,0.69327563,0.11719913,1.1968894,-0.50020295,0.24780686,0.045170356,-0.5549868,0.3138443,-0.14149663,-0.34092104,0.15534994,1.9030337,-0.060512487,-0.8153608,0.2873129,0.66253793,0.05057927,0.23945425,0.153036,1.2598562,1.3989131,-0.4853173,-0.36561307,-1.7262399,0.32762733,0.0017084379,-1.5197448,-0.41456732,-0.709928,-1.150646,1.2518106,-0.55987513
IND484661AAE,0.4476725,-0.47473547,0.49203488,-0.9247426,1.2581779,-0.97492003,0.19093582,-0.4105347,-0.80329645,0.7226219,0.9621768,0.7453799,-0.26571935,0.29314253,2.043662,-0.18806444,0.5940912,-0.69843644,-0.5351547,1.1565276,-0.4432082,0.8170833,-0.5219757,-0.60273564,-0.8147026,-0.06498706,-0.8597627,0.11947801,-1.071954,-1.0843397,1.1967602,0.37152043
IND173220AAA,1.1910002,0.052401464,1.1693974,-0.4840542,0.3899637,-0.3841264,0.41775432,-0.491675,-0.7237481,-0.43640903,1.2235386,0.761005,-0.059840545,0.55717665,-0.82660675,0.9755974,0.21938702,0.24534439,0.54837745,0.5844727,1.4316108,0.80872214,-1.9555669,-0.66852957,0.10636139,-0.6559351,-0.36571825,-0.0751491,0.7439062,-0.17254412,-0.10686132,0.34430563
IND277211AAA,0.71853113,-0.49260166,1.7634081,-2.1093614,0.47906125,-0.12310634,-0.3384984,0.72558427,-0.09528839,-0.4467506,-0.057710443,0.67192847,-0.5985241,0.5649419,0.258207,0.49653694,-0.8130806,0.64753944,-0.24490713,2.0518544,0.35676953,1.332751,1.2723204,0.030659597,-0.95037353,-0.9049549,0.69622576,0.7601952,-0.8922164,-0.045274578,0.35002095,0.4797905
IND815351AAA,0.324326,-0.47437763,1.1401871,-0.73959804,0.6219176,0.13127871,-0.12084368,-0.11611577,0.12779275,0.20069312,-0.44586864,1.2980952,-0.19142744,-0.56322044,1.3315916,0.07157855,-0.26362118,-0.07555671,0.24913682,1.4885808,1.1478479,0.021700189,-0.6246477,0.19070774,-1.218087,-0.1364357,1.123884,-0.003710809,-1.008581,-0.5238371,0.339588,-0.76712537
IND148101AAA,0.79583025,-0.3563178,0.6181317,0.14734486,0.03814283,-0.80208194,-0.076185435,-0.21114793,-1.1761297,-0.22659062,0.6049996,0.88063025,-0.422191,0.71314263,-1.0968477,0.3375032,-0.38676405,0.43571728,0.4346039,0.98417217,1.0963283,1.2357827,-1.2158855,-0.031215621,-0.12978166,-0.28545895,-1.4015888,-0.07355207,-0.07497849,-0.6291549,-0.2767152,0.36690822
IND205135AAA,-0.10758498,0.020003123,1.5227507,-0.43186954,1.4180617,-0.63083315,-0.044760227,0.08041189,-0.3870575,-0.39915287,0.20344408,1.4430695,0.047207184,1.0051863,0.17493585,0.08786256,0.025124248,0.5582067,-0.86649257,0.42265955,0.6182268,0.53114134,-0.11815358,-0.48122066,-0.49752003,-0.92674977,-0.5966799,0.11803778,0.170034,0.30930027,-0.668083,0.060203537
IND736101AAA,1.3436687,-0.024047242,0.524421,-1.161645,0.28290758,-0.058812257,-0.019805927,0.2083394,-1.5630969,1.119881,-0.01763227,0.9040788,0.6359846,1.3861917,1.6773362,-0.063370794,0.26544902,0.4883571,1.020701,0.8862716,-0.84641284,0.179012,-0.55086976,-0.85889375,-0.6638896,-1.2975622,0.47237703,0.44888955,-1.5233377,-1.3358299,-1.2155818,0.37556204
IND695572AAB,1.5810113,1.0699779,0.59731656,-1.1280549,0.34303218,-2.4625392,-0.34690207,0.41623506,-1.1720514,-0.81273174,0.57013464,1.1739409,0.44842154,0.19813186,1.0734432,0.12678012,-0.43756247,0.123921745,1.6151633,0.93483764,-0.23143484,0.5266235,0.48902705,-0.775961,-0.11156963,-0.73314184,-0.1767688,0.3364511,-0.48750922,0.8016849,0.15780602,1.627879
IND473226AAA,1.2073805,-0.33106992,0.8864229,0.48816723,0.42157412,-0.9357041,-0.23685654,0.057793,-0.4203661,-0.013466088,1.0965122,1.9328839,0.33411574,0.0884145,0.98912793,1.2461292,-1.4692886,1.1898209,-0.60348547,0.6176709,0.39455143,0.079500474,-1.0125462,-1.0307002,-1.1763676,-0.45086962,-0.55593497,-0.62903917,-0.46330887,0.21011502,0.0349537,-0.24714634
IND805110AAD,1.0684566,0.48092982,1.7529365,-1.3994503,-0.55103207,-1.1862401,-0.9736416,0.84508324,-0.12104349,1.1448919,0.818216,0.73565686,-0.5203635,1.3955845,2.0002792,-0.12123292,-0.6661936,0.876167,-0.026209313,-0.14996481,0.8079684,0.5043462,-0.7460471,-0.33489844,0.36191553,-1.0060754,0.706506,-1.2816094,-1.0286881,-0.3335559,-0.5578612,1.0968527
IND387001AAA,-0.020922512,0.1481382,1.3991035,-0.11332571,-0.07448167,0.26932096,-1.4033996,0.04862232,-0.3229295,-0.86263454,-0.35392496,0.3774385,-0.9984127,0.69385266,0.37782377,0.3031579,-0.28128684,0.40800598,0.95508707,0.7070641,0.52212155,0.7853226,-0.65956414,-0.9803292,0.039283298,-0.41661555,-0.70347375,-0.6962196,-1.370132,1.0643753,1.1827625,0.48235247
IND501359AAF,2.1024702,0.95729786,1.5375311,-2.0030825,-0.68062955,0.47891018,-0.07335397,-0.15715308,-0.2927491,-0.39903829,0.04173856,1.3714436,-0.08456391,-0.9323498,0.7978389,-0.7937548,-0.10988944,0.19667979,1.0171682,1.3313816,0.31365716,2.142332,-0.3140387,-0.79148877,-0.47175205,-1.0824063,-0.5481765,0.9497878,-0.7400808,-0.76192814,-1.4407488,-0.19750388
IND422011AAD,-0.37975323,0.4674479,0.08858694,-0.29294845,-0.13688512,-0.14214623,-0.41940293,0.38217944,-0.8173033,0.06055785,0.002129059,1.3559018,-0.35338393,0.9439182,0.65457016,-0.21908809,0.3231459,0.52859366,-0.06543459,0.51101416,0.9331308,-0.119518764,-0.72345495,-1.2187017,0.28616837,-0.93448985,-0.13877906,-0.311735,-0.4688194,-0.45187277,1.5325105,-0.39293608
IND135001AAA,0.7716774,-0.5435606,0.9934237,-0.6233973,0.9634587,-0.86746526,0.36709565,-0.62823695,-0.58216816,0.013233249,0.72244835,-0.25146127,-0.7718144,0.948675,-0.92609924,-0.077228576,0.76934433,0.5231021,0.85917425,0.50964624,1.0445645,0.8337944,-1.6097738,0.020229064,-0.069440864,-0.7790104,-0.8376165,-0.49000707,-0.26477236,0.017730052,0.053988058,0.34196237
IND572201AAB,1.453839,0.40396026,0.18734673,-0.008245786,-0.47251916,-1.4175346,0.50522065,0.38298208,-1.7552449,-0.29588118,-0.18448295,0.0389501,-0.7672055,0.7634726,0.777148,-0.8710352,0.96019024,0.83497214,0.81681013,1.9761608,0.262023,0.35669976,-0.35484892,-0.29901633,0.52003664,-0.73478186,0.4505176,-0.8334921,-0.37471765,0.24628378,-0.008907238,-0.74007106
IND700088AAA,1.2696801,-0.7217687,0.507858,0.35201713,0.42102492,0.5431489,0.20807295,-0.11823064,-0.19499959,-0.2333918,-0.17474052,0.70377445,-0.3223569,0.25641367,1.0764955,0.08631345,0.8956739,-0.56229377,0.08934151,0.7944136,0.91381496,0.01346435,-0.80386484,-0.16654263,-0.65351146,0.15608346,0.34568328,-0.8455224,-0.46494696,-0.22618864,0.14796042,-0.32599768
IND400016AAB,0.17332542,0.055638332,0.7510844,-0.37757993,0.25246453,-0.20287964,-0.266255,-0.1311341,-0.59179467,-0.6121992,0.78803194,0.75646573,0.8058433,-0.43792486,1.4000633,-0.10672804,0.27171835,0.32033345,0.33510005,0.58496445,1.8757197,-0.042639,-0.26124483,-1.2778213,0.7331257,-0.46680704,-0.11760505,0.09171455,-0.36137798,-0.10115254,-0.048107713,-0.25464827
IND515201AAA,1.8193754,0.8766885,1.2739533,-1.6482438,0.047785636,0.49972528,0.011248345,0.21235885,-0.12936158,0.9066029,0.87415075,0.53315645,-0.8553306,-0.09301453,-0.57358205,1.2236938,0.4845181,0.20629986,-0.1547098,1.3582768,0.2688957,0.31603402,-0.7118998,0.9636621,0.3290685,-0.7848667,-0.5420429,-0.89800227,-1.6533815,-0.9683448,0.6582956,-0.05284814
IND591237AAB,0.9393269,0.26232588,1.228448,-0.6257775,-0.07639023,0.33857423,-0.87161046,-0.22976461,-0.96459496,-0.14915729,-0.1577725,0.1709551,-0.35943082,0.77391875,0.0936017,0.047094185,1.0792468,-0.18686752,0.60026187,1.1011122,0.45177704,-0.946844,-1.0287565,-1.2100778,0.6718787,-0.9102113,-0.2414486,0.20147623,-0.5427521,0.13245744,-0.11984136,0.15979338
IND785621AAA,0.9900024,-0.8701874,0.46718258,-0.42511243,0.4969186,-0.021449637,-0.46527353,0.23638408,0.17989151,0.0018258031,-0.74304444,1.8495219,-0.80943567,1.3367263,0.4537255,-0.14585084,1.1692896,-0.4201308,0.32152495,0.48721588,0.7349969,0.35791528,0.07576994,-0.07345923,-0.80619377,-0.9188381,0.022134162,-0.7896218,-0.7627107,0.35333925,-0.401179,-0.07339732
IND473551AAA,0.62865025,-0.19328308,0.78957874,0.44735786,0.88925064,-0.65331036,-0.678842,-0.43232894,-0.44193223,0.11713664,0.8569082,1.4306146,0.49882367,-0.1668333,1.1485807,0.977914,-0.77367073,0.727917,-0.47748613,0.9686244,-0.06907424,0.48001143,-1.1678653,-1.0470469,-0.47659713,-0.78258866,-0.30933598,-0.035143714,-0.33549684,0.5518558,-0.379849,-0.43747222
IND332404AAA,0.81702965,-0.8299673,1.3829722,-1.1848918,-0.20477545,-0.14516696,-0.19464153,-0.83612466,-0.75981086,-1.8050392,-0.19858459,0.62327665,0.23920399,0.33988008,0.21404704,-0.3468759,-0.902534,-0.045223482,-0.3438915,1.3154327,-0.48287532,0.4826031,-0.17978749,-1.0367771,-0.7711165,-0.622138,-0.56702733,0.13921116,0.31660476,-0.61438525,0.5824852,-0.34205902
IND638501AAB,2.1858084,0.045060407,1.7568457,-1.3342546,-0.17749068,0.9739293,-0.9218995,-1.6329675,-0.6110746,0.56149805,0.22529863,0.35763314,0.7125455,0.6345222,0.8599719,0.14660002,-0.8209914,1.2362231,0.48906964,1.7277969,0.6099532,0.9258459,-0.15950544,-0.3568851,-0.00091793534,0.15373738,-0.031293366,-0.50150234,0.36526504,-0.38660887,-0.31001642,0.1812619
IND414001AAA,-0.11933225,0.40158227,0.54789644,-0.9443374,0.27999,-0.69778633,-0.61733127,-1.047026,-0.35400426,-0.2900426,0.34784117,-0.0332051,0.06738869,0.5936084,0.23829249,0.038270917,0.7094587,0.40086707,-0.25366247,0.94600207,0.97223,-0.5212234,-0.10588128,-0.99086404,1.1018333,-0.74796236,0.24216497,-0.119374625,-1.557449,0.0072620036,-0.047746502,-0.21046561
IND465683AAA,0.5120805,0.09168747,1.251622,-0.0060391836,0.9241394,-0.61527747,0.2902806,0.53095716,-0.25963593,-0.28395307,0.21696281,-0.30795267,-0.5582555,0.23055302,1.7661237,0.37087524,0.48315176,0.85704154,-0.85465646,1.2924587,0.2085809,-0.22440462,-0.33111873,-0.22702949,-0.5054921,-0.8884321,-0.43731803,0.042752698,-0.41316938,-0.96226406,0.99652994,0.0996249
IND829121AAA,0.3003993,-0.027060306,0.670676,0.08234914,0.43924916,0.005895452,0.38680643,-0.47014105,-0.6567109,-0.32178292,0.72364014,1.3767527,-0.4814797,-0.21676652,0.5699343,-0.097951084,-0.15328301,0.102430634,0.28574082,1.005428,1.1553006,-0.49177653,-1.4451463,-0.4855996,-1.225959,0.15455152,0.47673193,0.08555872,-0.5697268,0.43294585,0.49636382,-0.336503
IND201301AAL,0.7113526,-0.7973483,1.3459462,-0.35688674,1.2201147,-0.8732445,-0.7992921,0.046252258,-0.5056259,0.12518048,-0.060108434,1.1527927,-0.5209731,-0.13573767,-0.57989335,-0.1951004,-0.6716867,-0.3581592,0.14102888,0.6674242,0.44523177,-0.473098,0.14703049,-0.5594703,-0.8781876,-1.3875995,-0.7790239,-0.62021273,-0.9028601,0.30282086,0.018440632,-0.32068884
IND441603AAA,1.6677798,-0.31883648,1.295097,-0.068644084,-0.7306915,-1.3598758,0.16109738,-0.10665248,0.2473824,-1.1313057,-0.8032017,0.16170333,0.55717975,0.9192138,1.7986468,-0.37082365,-1.2424527,0.87842107,0.9813104,0.9231287,-0.6191538,0.79688287,-0.08305602,-0.20857674,-0.013717326,0.07403828,-0.30458587,-0.44733638,-1.9194356,-0.4253793,1.150387,0.9138178
IND450331AAA,0.74155766,0.5237732,-0.09104717,-0.9949786,0.45759612,-0.6161855,-0.03196391,0.2961526,-1.4793979,-0.5205365,0.9055696,0.7506232,0.46348906,0.46699783,1.4549888,0.08642335,-1.5789375,0.34216005,1.6195269,0.41459596,0.9953717,0.85146606,-0.7706648,-1.1882762,0.43048042,-1.1429079,0.028670892,0.6691397,-0.9385391,-0.29773685,0.8456837,-0.8500712
IND613104AAA,0.83594215,1.0924244,0.3925575,-1.211733,0.081146635,-0.8035429,-0.21717668,-0.10963294,-1.0720688,-0.41316184,-0.26691023,0.60192734,-0.22503749,0.76047885,1.6071882,0.4600966,-0.769275,-0.014921656,0.74209803,1.3816726,-0.9193731,2.2153733,-0.49733454,0.7119865,-1.6435312,0.08479105,-0.50098556,-1.1376041,-0.83540016,-1.0388538,-0.1492712,1.0754524
IND560078AAC,1.2287498,0.73783076,0.18301255,-0.73761845,0.2947057,0.039131705,0.6698984,-0.33268443,-0.4860381,-0.76405317,0.38170177,-0.21563625,-0.007431671,-0.10893348,0.3793682,0.05142497,0.5791577,0.68711877,-0.041834388,0.806088,-0.048562918,-0.28085068,-0.8290201,-0.80992204,0.32372448,-0.74312246,-0.6196571,-0.752047,-0.26314276,0.2116291,0.04370996,-0.08248871
IND302004AAA,1.3160164,0.7928687,0.44195312,-0.07501465,-0.26549342,-1.8093065,-0.63882625,-0.019913232,0.15170969,-0.05684329,0.92458075,2.1439798,0.6314531,0.17772153,0.14586328,-0.18232653,-0.3191266,0.16250028,0.20462781,1.2627605,-0.8464314,1.0664173,0.07079731,0.42811212,-0.115103334,-0.43906268,0.0624711,-0.58696204,-1.2302891,-1.3145008,1.1604041,0.25689408
IND488001AAA,0.7722154,-0.13013756,0.8830559,0.10101207,0.6058799,-1.0133418,-0.26677045,-0.6329852,-0.30794284,0.7491712,0.33995,1.6571064,0.22438571,-0.014276119,1.0445281,0.7803839,-1.5814104,0.45224178,0.5595584,1.4069608,-0.38956964,1.3012258,-1.2547866,-0.51300824,-0.39460585,-0.85318875,-0.33389616,-0.07017862,0.050139237,-0.24506167,-0.759281,-0.38773853
IND425409AAA,0.46901882,0.4160709,0.23600505,-1.4315873,0.60951364,-0.12963708,-0.7146599,0.68066794,-1.2593911,-1.1300205,0.9173153,0.8449631,-0.037522368,0.33642524,1.7137563,-0.006052718,-0.79039145,0.20002985,1.439805,0.46340576,0.90815085,-0.45582378,-1.1738026,-0.94099414,0.37793967,-0.24430442,0.1437935,0.19482926,-1.1760867,-0.68503636,0.8491522,-0.75237817
IND345021AAA,0.6175182,-1.3065538,1.1224601,-1.3704823,-0.14610474,-0.094423234,-0.68639094,0.07822519,-1.0333883,-0.4285198,-0.7466432,1.936316,1.1720822,0.22954215,-0.32448685,-1.1337961,-0.60927033,1.0780029,-0.3946933,2.0706568,0.14438416,0.26876408,-0.9128503,-0.52841395,-0.37273028,-0.35409003,0.64094365,-0.65245086,0.22288883,-0.67562014,-0.65709263,-0.079628915
IND585401AAA,0.2809407,0.3069897,0.21870059,-1.0150998,0.082295954,0.050488643,0.42825794,-1.0681096,0.269066,-0.6822109,0.36505395,0.67289305,-1.0181862,0.34556448,1.6828996,0.52135575,0.6086017,0.01634747,0.59134257,1.3963685,1.1236043,0.7837185,-0.51928824,0.5659803,1.3671111,-0.6924543,-0.2297015,-0.28791857,-0.29723233,-1.6306806,0.15277806,0.28467697
IND509216AAC,0.0907127,0.25290528,0.8472012,0.12945071,0.43462998,0.27511936,-0.05168824,-0.55791914,-0.5073527,-0.49059412,0.60808694,1.113059,-0.4951159,0.8239818,0.6357464,0.19858171,0.37841582,-0.17445713,-0.5884703,0.8788535,0.18996929,-0.34786004,-0.54337955,0.6842981,0.7877342,-0.50651795,0.4002309,-0.3418684,-0.35948917,-0.7550873,0.20995395,-0.23706451
IND470227AAB,-0.10320624,0.8151595,1.7488931,-0.35538808,0.6680622,-1.1015092,0.014808763,0.9060905,-0.8341486,0.39384332,0.2048934,-0.86252505,0.22472036,1.0296887,1.2465612,0.6086943,0.19723658,0.89127225,0.5337996,1.0802923,0.18117157,0.70155406,-0.3494409,-0.3344973,-0.7226574,-0.6598317,-0.013074347,-0.9484809,-2.113548,-1.0821708,0.7243617,-0.09907459
IND507111AAA,1.0624523,1.3610344,1.5166249,-0.6517728,0.9232479,-0.31939647,-0.34936592,-0.15655029,-0.29494354,0.6176917,0.20813347,1.3210186,-0.57941145,-0.16845338,0.3330741,-0.12306494,-0.5404632,-1.1787846,0.50118876,0.9448313,-0.032005105,-0.06386174,-0.3678836,-0.47280562,1.1985263,-0.83281267,0.88880664,-0.69773036,-1.0413464,-0.18090725,0.7718233,0.5165559
IND311302AAA,0.7600108,-0.7536841,1.1968957,-1.3700987,0.9531627,-0.3167984,-0.10826027,-0.13491708,-0.6678248,-0.70716715,0.12897697,0.2337194,0.76491106,0.38293117,-0.5245549,-1.1656593,-0.9353874,-0.27357578,-0.20259757,1.8582345,-0.583023,1.0305903,-0.35965037,-1.7475226,-0.8907813,0.51999575,0.7308305,-1.2222974,-0.84666294,-0.65968657,0.256852,0.771114
IND122001AAA,0.21853702,-0.72116286,1.8420866,-0.24401242,0.47336113,-0.65517366,-0.81203496,-0.728082,0.10824017,-0.51976186,0.09566084,0.5452981,-0.4768815,1.2793444,0.65753496,-0.4568212,-0.6173088,0.04634256,0.22225872,0.36544156,0.11301536,-0.18562189,-1.6080282,0.71094024,-0.3122184,-0.5465022,-0.6124602,-0.46518415,-0.40417507,0.09908671,0.36910468,-0.35387057
IND312605AAB,-0.4307778,-0.7412748,0.6622021,-1.5218825,-0.2341508,0.49790657,-0.9029679,-0.07153888,-0.80481625,-0.8765626,-0.68944097,1.4040109,0.10411776,0.48483664,-0.14550257,-0.4612496,-0.39525962,0.039815772,0.3134519,1.7842877,-1.2992698,0.35033917,-0.5960127,-1.404263,0.23968446,-0.8279956,-0.13497578,-0.448435,-1.2117101,0.09637079,0.16988781,0.106131285
IND121001AAA,-0.160269,0.08642623,1.3533499,-1.5013283,1.6812075,-0.075001486,-0.4036326,0.5272695,-0.55357337,-0.34348583,0.07736495,0.52402234,-0.45731685,0.73242056,-0.253296,-0.20430686,-0.17753471,-0.016431179,-0.6806781,0.38401076,0.45736852,0.53277034,-1.4222243,-0.28682694,-0.59737974,-0.5083847,0.39173496,0.107277654,-0.8169842,0.80832946,0.041424863,0.4931938
IND363310AAB,-0.25874725,0.27065048,1.1897806,-0.5898765,-0.5455235,-0.07397933,-0.62859005,0.58847004,-0.49640152,-1.3302369,-0.20067477,0.8099377,-0.26537016,-0.18412192,0.8543841,0.3374376,-0.3174508,-0.3501367,0.7842824,1.7134869,0.07743133,0.108189344,-1.2554884,-0.5252309,0.42776635,-0.12239799,-0.77097976,0.20232394,-1.3098584,0.64863914,0.17806633,-0.0151236635
IND535558AAA,1.0286698,-7.162859e-05,-0.25938645,-1.4074081,1.1200039,0.34082684,-0.31086683,-0.7977509,0.3747441,-0.6400181,-0.36360702,1.6885824,0.80308056,0.63768107,0.46393678,0.5641738,-0.7177435,1.5631591,0.47820517,1.2536054,-0.045189437,0.8213469,-0.5682726,0.5943295,0.97529835,-0.86339855,1.0200616,-0.055103615,-1.2626313,-0.023807496,-0.12337183,-0.51760256
IND395009AAA,-0.20173752,0.6460742,-0.06726394,-1.69055,-0.19239707,0.32616934,0.059413046,0.4157258,-0.20009747,-0.825412,1.2310804,0.82446337,0.8339583,0.8685455,0.7132294,0.14679497,-0.20636365,0.8946112,0.28310856,1.248584,0.15210563,2.0179145,0.28190437,-0.85596585,-0.22080933,-1.3026677,-0.44234067,-0.7735858,-1.2821169,0.031020643,0.2134922,1.3309739
IND641006AAD,1.8232472,0.16230012,1.4961967,-1.4221597,-0.34419453,0.76773864,-0.7318604,-1.5125948,-0.5448914,0.61805826,0.30700797,0.3867414,0.9224631,0.7224364,0.9069245,0.3407172,-0.7613025,0.8998975,0.53199875,1.3177998,0.5360551,0.8304366,-0.10507559,-0.26577014,-0.043890327,0.12757501,0.03247008,-0.7778555,0.13012825,-0.21713188,-0.322495,0.2895941
IND507303AAA,0.6388379,1.1816332,1.6836278,-0.45636502,0.87437314,-0.2930924,0.012442714,-0.1963942,-0.24905425,0.51676154,0.24443978,1.4698039,-0.6132795,-0.24583153,0.571166,0.0035179618,-0.12261176,-1.0442518,0.16161036,0.94934803,0.29580206,-0.43743485,-0.12788178,-0.44135246,1.3220668,-0.56775224,0.88640505,-0.80218273,-1.2193731,-0.16547024,0.7501393,0.565462
IND642126AAA,1.8515718,0.13760886,1.5182775,-1.4925113,-0.31623316,0.74578136,-0.75274634,-1.5617229,-0.58646137,0.59863263,0.33363888,0.46885237,0.95382357,0.7795608,0.890572,0.40041888,-0.85412097,0.88987345,0.57065916,1.3811578,0.54589915,0.83180845,-0.144697,-0.28025436,-0.0035152344,0.065157086,0.039989542,-0.8439966,0.12202575,-0.25698066,-0.28963825,0.30997777
IND621802AAA,0.50589085,0.8457106,-0.008552226,-1.4494768,-1.0450746,-1.6552995,1.4639001,-0.06575839,-0.9652,0.611564,0.30816612,1.3280942,0.014764503,0.5077095,0.93970746,0.28678632,-1.1596122,1.0214393,0.2890088,1.2270371,0.46106866,0.5911132,-1.3203163,-0.29632202,-1.3257233,-0.41331184,0.7700674,-0.9209631,-1.682602,-0.44530866,0.2279273,0.66383785
IND752055AAA,0.7224642,-0.20985895,1.1479502,-0.69712466,0.8455767,0.46765298,0.09949894,-0.8569647,0.09869777,-0.86108863,0.017591504,0.07990933,0.5929131,0.65869105,0.8690378,-0.07195945,1.4000177,0.025037585,-0.15081106,0.5587372,0.0068758535,0.16880728,-1.3886738,0.26827976,0.3815215,-0.28492266,0.95576507,-0.58525807,-0.66604525,-0.29840934,-0.54269564,-0.06493551
IND629179AAA,0.9175072,-0.9880481,0.5126873,-0.90218365,-0.21627714,-1.1582066,-1.3409064,-0.28343874,-1.4586642,-0.4105714,1.4401428,1.7277694,-0.5476402,0.25609985,0.3036743,-0.10024933,-0.49114904,0.44277602,-0.27609196,0.77280986,0.95562625,0.6435122,0.9021992,-0.19318298,-0.23469143,0.30297175,-0.12139193,-0.98328954,-1.0051458,-0.62206334,1.1993693,0.8837204
IND784125AAA,1.0255038,-0.5401033,0.3630296,-0.59486073,0.5624281,-0.49852842,-0.23563053,0.276256,-0.25045988,-0.20146471,-0.4035897,1.7268466,-1.0991092,1.4394822,0.39250302,0.27993616,0.90372944,-0.13946483,0.0064354255,0.48532274,0.73179126,0.28076875,-0.23546064,-0.5661239,-0.7910984,0.30406678,0.22514692,-0.83872527,-0.117526926,0.11618436,-0.30200735,-0.6455213
IND713130AAA,1.424123,0.016555082,1.0550121,-0.35255057,0.02196902,0.13538969,0.11139942,-0.29005882,-1.4854516,-0.30372912,-0.88608843,1.7083772,-0.059369814,0.32381427,1.7189136,0.6566615,0.18875332,0.1385566,0.14033249,-0.00184974,0.0072536357,0.31359258,-1.7491316,0.012131794,-0.4742113,0.6726625,0.5612056,-1.1051444,-0.67553765,-0.13309248,0.5273352,-0.22050582
IND226016AAA,0.6446556,-0.72314405,1.5882516,-0.99004334,-1.1085634,0.02933379,-0.8176796,-0.07051389,-0.40089476,0.6397647,1.7373214,0.49715358,0.58700514,0.35593367,0.5607843,0.18478753,-0.7470083,-0.44058233,1.4517798,2.468408,0.38068682,0.99973667,-0.25913444,-0.012407994,0.71093863,-0.75642806,-0.89749557,-1.4893897,-1.1042687,-0.64781183,0.78560686,-0.73271984
IND360530AAB,1.0829403,-0.4922308,1.0494838,-0.9588238,-0.35080323,-0.77191025,1.0010924,-0.21571578,0.43988746,1.0222735,-0.51718605,0.76592135,0.9379508,0.9887389,1.1623021,0.5711721,0.1986389,-0.051098205,1.3824688,1.3746368,0.5023576,0.31987843,-0.45866236,-0.3626435,-0.07000412,-1.0066832,-1.6050388,-0.6363478,-1.6774948,-0.05231139,-0.6551478,0.77315855
IND125111AAA,1.0914661,-0.21710043,1.7160759,0.08584832,1.1103282,-0.39264864,-0.00770541,0.69688714,-0.058372807,-0.059837334,-0.11419119,1.4142951,0.7094419,0.88742757,-0.55264455,-0.8570303,0.20328328,0.5140069,0.28942016,0.9960182,0.34538078,0.14108066,-0.5587587,-0.5238037,-0.50974965,-1.1009011,0.2925848,1.0393032,-0.45025536,0.5734095,0.8208627,-0.035082642
IND442101AAB,1.4066075,0.00015421603,1.1883333,-1.0391136,0.33884335,-0.42437464,-0.2121389,-0.2060845,-0.91219145,-0.5238447,0.30055895,1.3940103,0.16797467,0.9509636,0.67826974,0.09305391,0.044530265,0.4688367,0.41576704,1.1569813,0.29134443,1.0538447,-0.6744089,-0.22436,-0.3269556,-0.69092,0.023127178,-0.55410254,-0.84011114,-0.30018982,0.33087668,0.30063853
IND713128AAB,1.5138252,-0.80716175,0.17198767,-0.48612627,0.38289136,0.21742284,-0.1414615,-0.8107668,-1.1281227,-1.2620353,-0.39421734,0.3211188,1.0236677,0.032148715,1.119768,-0.20441046,0.28596964,0.024383122,1.2713065,0.5245348,1.7072768,1.5086925,-0.8014621,0.8179053,-0.70075303,0.0063551073,-0.03527263,-0.59358555,-2.1406786,-0.27627403,0.34571442,-0.2548949
IND285001AAD,-0.59884113,0.05592918,1.4183278,-1.2329684,1.0054026,-1.2892108,-0.30406025,0.47502413,0.02796906,-0.3805861,-1.3201202,1.0301362,-0.3074399,0.35175723,1.0223259,0.44053933,-1.4275547,1.2514266,0.22836383,1.1379822,0.98720866,0.3219903,-0.33968514,0.1427374,-0.8440059,-1.4032,0.23230034,0.056872524,-1.5518663,-0.4302874,-0.06358577,-0.22785786
IND676509AAA,-0.30580214,0.3514153,1.8014638,-1.2354388,1.2549093,0.009869875,-1.2454604,-0.7167896,-1.3430355,-0.71361256,0.1956804,0.6589755,-0.17764558,0.08523616,0.5807141,-1.0243717,-0.19580778,0.8822914,1.050344,0.22320113,0.06890885,2.2359824,-0.4298064,-0.33712125,-0.7091829,-0.96763027,0.033213813,-1.4719118,-1.0265619,-1.5954056,-0.4428648,1.1132984
IND247667AAB,0.46384305,-0.8618101,0.88819313,-0.45958877,0.13289595,-0.706867,0.2237918,0.20170164,-0.29953602,0.0054665096,-0.2953591,1.1258378,-0.5870124,0.014602803,-0.3484731,-0.27524468,-0.033618066,0.29277518,-0.39075536,-0.03851126,1.1912149,1.2087886,-1.3587989,-0.9293345,0.3298767,-0.58428895,-0.40377942,0.15968947,-0.35861808,-0.026289126,0.39030674,-0.1721681
IND477001AAB,0.9758213,-0.033621192,0.9479159,0.53115624,0.6709187,-0.8863837,-1.2270538,-0.3576123,-0.5192268,0.25322396,0.80444723,1.2144389,0.3476517,-0.018593667,0.94016206,0.8116564,-0.83872545,0.6597193,-0.7238169,0.8982019,0.33419713,0.18820715,-1.5332205,-0.6662903,0.11349781,-0.5996981,-0.08063081,-0.28238088,-0.24508065,0.42660215,-0.503639,-0.45362005
IND854334AAA,-0.005991027,0.18572372,0.8150179,0.2118075,0.8786342,-1.862588,-1.5636915,0.29781905,-0.17020093,-0.3641522,1.0555595,0.8823504,0.16574746,0.92884856,0.29373434,-0.31567627,-0.11084046,0.63691795,0.041716643,1.8356094,0.45361948,1.0144628,-0.9350415,-0.06507223,-0.22718388,-0.09011377,0.9551462,0.09745229,-1.0058064,0.2792989,-0.47995538,-0.70363283
IND811399AAA,-0.28230545,-0.6051516,1.4165964,-0.71539706,0.67854726,-0.8521229,-0.08148074,0.48528895,-0.073640496,-0.18940902,-0.18697137,0.80821615,-0.6115331,0.15900858,0.22460002,0.3484372,0.14600085,-0.20838554,-0.62760776,0.80069375,0.6804821,0.013902527,-0.209964,-0.37546209,-0.15556578,-1.0785159,-0.017357098,0.08402661,-0.38715246,0.22297467,-0.61555964,-0.60732836
IND144601AAA,1.6329644,-0.0008076393,1.775644,-0.5127599,0.06807616,-0.64272845,-0.12778303,0.38553286,-0.5105766,-0.11407263,0.77219605,0.29048422,-0.281857,1.262573,-0.39116818,0.50373,-0.07603159,0.5484358,1.1359804,-0.11086941,0.36287826,1.1058079,-1.1701388,-1.1939065,0.31649464,-0.27423647,-1.4896988,-0.88667935,-0.028560175,0.05626753,-0.8255435,0.003401759
IND151001AAA,0.6502406,-0.43553784,0.6027745,-0.07798644,0.22832058,-0.7186321,-0.1270578,-0.1989594,-1.2741755,-0.10852255,0.58409697,0.8648824,-0.17614256,0.82414746,-1.2068367,0.7341039,-0.28300312,0.5722041,0.48422632,0.9338329,1.0118828,1.0360337,-1.3673689,0.08225792,-0.012312847,-0.034056745,-1.2996374,-0.14089979,-0.2898642,-0.46458477,-0.38648224,0.2937988
IND636352AAA,0.70099235,-0.30984405,0.55534935,-0.40922695,0.2143533,-0.21328154,0.55803764,-0.28498065,-0.5215704,-1.2824615,0.11243756,-0.15240373,-0.46974146,-0.14081465,0.55602497,-0.18618996,1.1529425,0.7463621,0.10633666,0.61460346,-0.090574265,-0.08068607,-1.5425354,-0.43762246,0.37198725,0.004172887,-1.0541204,-1.0590916,-1.1237807,0.045515932,0.4633806,0.31365925
IND607106AAA,1.2613251,-0.40678754,-0.44388413,-0.32458645,0.08830674,-0.2128365,0.6133783,-0.069177315,0.16802084,-1.2952886,1.3005055,1.0854449,-0.019374423,0.5844683,0.8400282,0.39003026,-0.5176267,0.5731599,0.18351686,2.0164287,-0.05803573,-0.52340186,-0.27206084,0.21946596,-0.5289751,-1.7822514,-0.62414426,-0.5800386,-0.7686442,-0.47329864,-0.25698864,0.14562984
IND571104AAA,1.3579705,0.3007388,-0.42627776,-0.7279178,-0.18583138,-1.0682707,0.30712673,0.019511497,-1.256319,0.44490144,-0.07784036,-0.45653751,-0.5356608,1.248089,1.440488,-0.5051603,0.66045064,1.4272337,1.3424717,1.6151348,0.5145273,1.0416491,-0.04331392,-0.64043534,0.14620697,-0.8651734,0.698834,-0.8581666,-0.48152027,0.40169707,0.58302236,-0.33666885
IND000000AEL,-0.01998818,-0.5671555,0.9316822,0.5212019,0.4498114,-0.2309298,0.026055148,0.06050141,-0.121710874,-0.7159114,0.5454431,0.3976659,-0.26602116,0.36136222,-0.06640534,0.35668218,-0.6237604,0.18370166,-0.39356667,0.8737678,0.61572134,-0.3284331,-0.7263925,-0.4543406,-0.055508453,-0.6447738,0.13733834,-0.22250897,-0.6557495,0.4739123,0.21580131,-0.017347647
IND212501AAA,-0.06229906,-0.27860183,1.1827275,-1.02517,1.029545,-0.68331957,0.106237,-0.28030148,-0.5163455,0.8056033,-0.1490395,1.2518636,0.310467,0.16285966,1.1377997,1.1036688,-0.82051706,-0.080313325,1.3768818,1.8799309,0.07431148,1.0167724,-1.0968782,0.2484477,-0.47147503,-1.2048525,0.14797828,0.18960036,-0.014439477,-1.5244945,-0.5842408,-0.34473777
IND630002AAA,0.4276742,-0.5823077,1.159438,-2.1419284,0.30620855,-0.11456264,-0.5922767,0.6837204,0.027875781,0.9417474,1.7436786,1.8779695,-0.014224637,0.5359355,0.6633086,0.06739293,0.09029127,0.10388633,1.36063,1.628731,-0.38146558,-0.082942806,-0.35952595,0.23358878,-0.60637337,0.14051269,0.02984887,-1.0878938,-1.145872,-0.85524815,-0.27247247,1.6292757
IND481001AAA,1.5892805,1.1392802,1.1923617,-1.3825746,0.25923756,-0.055162244,0.5798138,1.958476,0.6177519,-0.3915259,0.089344755,1.1481106,-0.43159986,0.56694597,1.5632267,-0.24548002,-0.73291564,0.89689785,-0.60610545,1.9399663,0.20311388,1.3872013,0.07041935,0.044615265,0.3805785,0.68672615,-0.45002353,-1.2946925,-1.1796081,-0.10804927,-0.3381325,1.2350428
IND786171AAA,0.78905267,0.018372634,0.7468115,-0.74298286,-0.046256896,-0.77735555,0.093371935,0.03333825,-0.28601837,0.43437842,0.031909004,2.0459607,0.29044136,1.3878984,0.5509093,-0.9009155,1.8759174,-0.3526003,0.58617616,1.1927832,0.38905248,0.9301464,0.76311415,-0.27598655,-0.98503387,-0.5523383,0.23651507,-0.98779,-1.6142544,0.79158074,0.041869935,0.17956395
IND560077AAA,1.2023325,0.9039533,-0.099828586,-0.74859536,0.1662234,-0.53468925,0.45290682,-0.1036956,-0.6373549,-1.3406857,0.06030502,-0.061787687,-0.24950656,-0.15183462,0.2947223,0.028052883,0.5261538,0.63757885,-0.29610714,0.8123815,0.5178575,-0.5443041,-0.86551124,-0.5989535,-0.2271496,-0.5862823,-0.6899028,-0.8570368,-0.14830902,-0.13341865,0.4402485,-0.021853622
IND571213AAA,1.5746139,0.6383363,1.3738879,-0.8157673,-0.14152907,0.31204987,-0.7024657,0.11977895,-1.3847215,-1.2071334,1.7442888,-0.2964498,-0.5771038,0.4430813,0.115838155,-0.5023643,0.7346142,1.2312344,-0.6841313,1.3365508,0.11798889,0.99141496,-0.19535924,-0.35362744,-0.24122363,0.16567835,-0.22943412,-0.25698712,-0.27671286,-1.3187213,0.30763826,0.8709834
IND625218AAA,2.181322,0.0139418915,-0.48021942,-1.1667808,0.14363371,-0.5400313,-0.8113916,-0.71654546,-0.21762733,0.25244504,-1.084187,2.201022,0.35816252,-0.31982455,0.3835997,-0.52031714,0.29028624,0.6220573,0.48373526,1.665079,0.5512099,0.79615,-0.18815699,-1.0481561,0.12046168,-0.05481436,-0.5767485,-0.36475456,-0.040734522,-1.5803093,-0.17092982,1.6240827
IND248001AAD,0.43584737,-1.0885165,1.1176292,-0.57831687,0.16838035,-0.6567947,0.29342592,0.50908256,-0.2963912,0.006272429,-0.1211702,1.6845827,-0.6315464,-0.016718717,-0.30507725,-0.51697844,-0.690991,0.6231646,0.25831088,-0.16843364,1.1690792,0.83422875,-1.229645,-0.64335763,-0.1015234,-0.5203768,-0.20691225,-0.056699272,-0.3493651,-0.27317232,0.58482283,-0.27180922
IND582101AAB,1.3811727,-0.7833534,0.38989684,-0.73304576,-0.7745211,-1.0287751,-0.5262962,-1.4264294,-0.6434816,-0.9766398,-0.18228032,0.6961922,0.11688332,0.123015784,0.08133966,0.33295614,1.592255,0.60359776,0.034216948,1.5053616,0.7111386,-0.2488149,-0.17652059,0.19094123,0.53698045,-0.568279,-0.36800814,0.017194513,-1.196387,0.6363174,0.60625076,0.18603793
IND695582AAA,1.3470585,0.7007733,0.67370206,-1.0532237,0.30623743,-1.4635655,0.4090832,1.1651337,-0.98316365,-0.4513872,-0.29698703,1.5777099,1.1100554,0.26758114,0.32909945,0.35145485,-0.51078916,-0.28467655,1.3886327,1.7045493,0.12056091,0.75343066,0.5559514,-0.30483124,0.5609014,-0.2692841,0.6484016,-0.14267725,-0.28412694,0.41647932,0.34835735,1.4687799
IND421502AAA,-0.05421097,-0.17308661,0.23747678,-0.6743642,0.5231081,-0.59735686,-0.513875,-0.26183426,0.0031409091,-0.41448718,0.5613546,1.7296201,0.86254174,0.6956058,1.4565215,-0.14402615,0.8638246,0.51539534,-0.001835367,0.9035504,1.6091076,0.743321,-0.55806756,-1.1283847,1.3630073,0.32509556,-0.5559132,0.432845,-0.41381577,-0.05030011,0.41959727,0.40764707
IND638701AAA,1.6543673,0.5128431,1.283074,-1.591823,-0.30376437,0.54407734,-0.91252196,-1.3878292,-0.5802561,0.5741607,0.4186289,0.9350949,0.90133333,1.1310594,1.220579,1.0226215,-0.9366786,0.20282729,1.1936138,0.8394653,0.59541684,0.99064934,-0.094258666,-0.07191463,0.092910945,-0.54096174,-0.14223044,-0.90515614,0.51555717,-0.20885576,0.53368384,0.32312998
IND303702AAB,0.5330566,-0.8306168,1.2754617,-1.0702709,-0.11997272,0.039393265,-0.038523324,-0.61472577,-0.5413266,-1.5396591,-0.009123184,0.5674843,0.083668195,0.36162093,-0.27164567,-0.4944705,-0.6370211,-0.065341584,-0.41378504,1.1502684,-0.5365938,0.4475445,-0.38820195,-0.96664095,-0.52330476,-0.5865919,-0.44386715,0.26431802,0.14608188,-0.35239285,0.5246869,-0.4248252
IND362150AAA,0.64018613,-0.591939,1.1921124,-0.79901576,-0.4886202,-0.8059814,1.2027375,-0.06862513,0.46293312,1.0394511,-0.2564948,0.734717,0.9984855,0.6463907,1.2284626,0.5243224,0.14789332,-0.021515932,1.1765616,1.3780909,0.26325378,0.8696319,-0.25667435,-0.91307956,-0.25787163,-0.90120995,-1.2654191,-1.1432593,-1.5509024,-0.2978146,-0.3124002,0.6670622
IND415124AAA,0.909351,0.032433648,1.7309588,-1.0895268,-0.5286475,0.09228125,-1.0981096,-0.22349752,-0.84511995,-0.48326793,0.070711285,-0.18051724,-0.12977916,0.7432511,0.124910794,0.17878364,1.4614086,0.13644524,0.67105615,1.706742,0.22316933,-0.8459379,-0.7766442,-1.389644,0.20364344,-1.3435588,0.94606346,0.21568148,-0.2728782,-0.3047388,-0.13511497,0.17324907
IND144040AAA,1.8791158,-0.24793594,1.5544522,-0.45370248,-0.17559198,-0.64998955,0.14295557,0.6275708,-0.39680502,-0.21012083,0.8770183,0.16488963,-0.22047484,1.0573221,-0.37959036,0.3765652,-0.13999665,0.6554324,1.071575,-0.019092368,0.23240714,1.3833715,-1.1617959,-1.0414398,0.6589741,-0.42075995,-1.4178183,-1.0005841,-0.21337196,-0.067001306,-0.7110501,-0.12807919
IND573142AAA,1.3581471,0.28726605,-0.02095024,-0.6387184,-0.14132757,-0.73809195,0.3779603,-0.030148795,-1.3323222,0.19757931,0.042608097,-0.5256484,-1.0926853,0.93288493,0.8116524,-0.6828738,0.9222461,1.3343601,0.92400444,1.5013374,0.21861936,0.8625155,-0.13981827,-0.54144484,0.38370427,-0.6097437,0.7201633,-0.86426127,-0.3231798,0.13997456,0.4372073,-0.45446748
IND712406AAA,1.1782913,-0.5156255,0.2013118,-0.41440138,0.47685325,-0.17295681,-0.7136046,0.4952653,0.08133278,-0.6420054,-0.5638446,0.94152117,0.1041749,0.63507646,1.528193,-0.16034107,0.705018,-0.49638265,0.19973645,0.63495374,0.5418618,-0.6197301,-1.3753079,-0.15773107,-1.0366855,-0.650154,0.5297915,-0.53945136,-0.6483493,-1.3482403,0.49288148,-0.7603822
IND742147AAA,1.6067472,0.21755049,1.76768,-0.335226,-0.55260587,-0.22460498,-0.55065024,-0.7197363,-1.6925496,-0.32534307,-1.3882308,1.5200312,-0.3622524,-0.34838995,1.2111636,0.21094155,0.25033414,0.0046057105,0.9490167,0.27089226,-0.38050273,0.8514769,-0.8357567,0.40026748,-0.35464177,0.23857497,0.63858837,-1.2115747,-0.7800628,-0.021890774,0.31002602,-0.252961
IND400072AAB,0.17370826,-0.034425046,0.5029084,-0.39376718,0.27573323,-0.08243606,-0.00038361162,-0.08873747,-0.5316301,-0.12097932,0.6189781,0.94866884,0.41437745,-0.09163056,1.0719928,0.036833953,0.35977316,0.23531441,0.0366958,0.6911614,1.6618896,-0.20759822,-0.10664663,-1.3746415,0.79548305,-0.000995662,-0.032075435,0.13907196,-0.48566085,-0.13953204,0.28982708,-0.01174735
IND632301AAA,0.9502572,-0.10273245,0.56702656,-0.6760214,-0.72098476,0.17688814,0.7144054,-0.6108597,-0.67999417,-1.3073035,0.589292,0.0045044934,-0.19032979,-0.30447802,0.25054717,-0.30709764,0.4768739,1.0874517,0.326371,0.6854093,0.1669314,-0.34142518,-0.63124365,-0.56606096,-0.027726559,-1.7604811,-0.17891237,-0.44591653,-1.1896397,-0.9339616,-0.15231842,1.1046131
IND689650AAA,2.290297,0.6800656,0.6266634,-1.1971617,0.5635203,-1.5183905,0.3035077,-0.38291556,-0.43594462,-0.4724554,-0.99104553,0.4009428,1.0346861,0.9595073,-0.46718928,1.6125379,0.03794045,0.32979214,-0.3181594,1.5997995,-0.29902118,1.0502571,0.546734,-0.6464845,0.32708597,0.08354837,-0.6513768,-0.12685902,-0.97047275,-0.44571134,0.39439365,0.6080534
IND811105AAA,1.5144461,0.7906531,1.3039167,-1.8248873,0.46489963,-0.28866035,1.145806,-0.09930362,-0.17792352,-0.77069867,-0.1556598,1.9136679,-0.16082539,0.14488834,-0.634275,-0.33131576,0.463553,0.07003861,0.5964643,1.584808,1.16322,1.6263107,-0.3332141,0.5523149,-0.61827046,0.6216345,1.0787798,1.0063186,-1.7042015,-0.9463623,-0.40708116,1.6625066
IND781124AAA,0.6134022,-0.24925207,0.5789899,-0.57910705,0.9884567,-0.18409492,-0.47768012,0.706624,0.22210385,-0.74221826,-1.0419929,1.4536216,-1.0681494,1.0338678,0.8039833,0.40883932,1.0077174,0.016854703,0.2076518,0.48064113,0.6080038,0.54919904,-0.21324661,-0.1792476,-0.24787985,-0.3170298,0.32448837,-1.2504836,-0.46693066,0.6111893,-0.4610816,-0.29676798
IND509103AAC,0.94132334,0.5957204,0.75379664,-0.28165442,0.57184637,-0.1254595,-0.019511262,-0.81406265,-1.4098258,-0.2657165,0.63912576,0.5732463,0.52616614,0.4261761,0.5561225,-0.49122193,0.824937,-0.14697702,-0.62478375,1.9824953,-0.31970397,0.6858869,0.16491137,0.41677028,1.0814412,-0.96827084,-0.33081284,-0.32332787,0.021877382,0.37339053,-0.1856391,-0.15896674
IND501301AAC,1.159152,0.54625034,1.170845,-0.5340328,0.61997443,0.09896371,0.7079474,-1.8242769,0.15080395,-0.8388987,0.13623168,1.0987128,-1.3070569,0.5273794,0.1358439,-0.30842876,0.65549797,0.17312962,-0.20067433,1.2505496,-0.050743494,1.0343804,0.58175343,-0.12488103,0.61746484,-1.1603248,0.28402984,0.6218203,-1.3614503,-1.3298666,0.8958428,-0.35794178
IND523230AAA,1.2649709,0.3742599,1.4280534,-0.08307571,-0.35849762,-0.44082543,1.0222459,-0.21604864,0.16802561,-0.7949391,0.36377895,1.4403561,-0.18808554,0.022258881,0.53930235,1.0179423,-0.32205594,0.31943446,-0.44359455,1.1114314,0.33746764,-0.75657237,-0.5654214,-0.051048897,0.9142527,-1.1381546,0.42876256,-0.587088,-0.33126354,-1.2582493,-0.5967263,0.47928175
IND151506AAA,0.66561395,-0.57650554,0.6009871,-0.21811986,-0.041493453,-0.43327698,-0.098741814,-0.31472507,-1.332543,-0.25123978,0.49040705,1.1439477,-0.068773635,0.87799084,-1.2768656,0.7918772,-0.3762387,0.53199,0.79392546,1.1618707,1.162375,1.1153841,-1.3905874,0.34389862,-0.37939724,-0.024534235,-1.2050447,-0.14542258,-0.18059453,-0.6885996,-0.2928252,0.47074348
IND472001AAA,0.7645681,0.062630564,0.9341548,0.3745777,0.83985484,-0.8061293,-0.89152205,-0.48304904,-0.38606617,0.7296615,0.3519985,1.5308237,0.09446914,-0.11407836,0.68492246,1.2270937,-1.1983917,0.19434996,0.045737926,1.0095531,-0.52063483,0.87184167,-1.2875377,-0.6003579,-0.29803273,-0.8812725,-0.03286777,-0.175433,-0.045455758,0.20410724,-0.4860941,-0.24539456
IND721253AAC,1.4857665,-0.20919381,0.08803924,-0.56867486,0.47787154,1.3795583,-0.11611,-0.2057894,-0.054254394,0.22677433,-0.48746067,0.91516834,-0.6075498,0.83084714,1.3406128,-0.3799606,0.067039065,0.15214102,0.33343443,1.4494946,0.71076465,-0.08236695,-1.4323716,-0.08158252,-1.0339006,0.46877542,0.23661882,-0.5526019,-0.6659432,-0.030594343,0.66941357,-0.05581514
IND509203AAA,-0.27063927,0.5905953,1.0818167,-0.46950677,0.77234143,0.007231073,0.16013288,-0.7720766,-0.5082953,-0.9491585,1.0214379,-0.065947816,-0.29582968,0.47322983,0.79561377,-0.37752694,0.33370465,-0.24951999,-0.12644696,1.0761797,0.45118067,0.059515573,-0.18846476,0.081957735,1.0701804,-1.3449161,0.44769377,-0.27133214,-0.8712011,-1.2742774,0.0015602076,-0.34002742
IND845438AAA,0.8218586,-0.13849187,0.59890604,-0.81424934,0.33844507,-1.532042,-0.8268712,0.3274929,1.1027527,-0.45706505,0.6909148,0.1679144,0.3104965,0.45016116,0.12475547,0.034684844,0.18377984,1.0377928,0.28878912,1.1307163,0.8839155,1.032908,-0.9433534,-0.851739,-0.88827616,0.44603294,0.6671463,-0.46495953,-1.8902729,0.6754936,-0.6380297,0.43747047
IND400706AAA,0.15395218,-0.15361285,0.2541312,-0.24705975,-0.07895402,-0.11095231,0.00012226665,0.31103206,-0.8210486,-0.52674294,1.0293983,1.5093696,0.6247766,-0.36768073,1.0977453,1.3659126,0.14062528,0.47196627,0.135516,0.790087,1.2513126,0.089001514,-0.07423113,-1.427127,0.849025,-0.52722955,0.22532748,-0.01239852,-1.0957154,-0.3068341,0.19554275,-0.14813833
IND000000ACT,0.0488074,-0.59802777,0.8055964,0.2309165,0.40148577,-0.8631367,0.17767264,-0.006378543,-0.10822443,-0.25520256,0.42809018,0.64973843,-0.6111713,0.27395654,-0.49135715,0.16350925,-0.22405805,0.27838492,0.06930845,0.32155696,0.7212643,0.6511505,-1.4270817,-0.5775855,0.23830621,-0.17057018,-0.25458553,-0.46308228,-0.04860391,0.2958787,0.42208916,-0.016763682
IND126112AAA,0.5995384,-0.8955589,1.233097,-0.22327326,0.333328,-0.6412226,0.52147585,0.07972939,-0.32730293,0.25786102,-0.35266522,1.17384,-0.28676113,-0.21657152,-0.052339252,-0.25287732,0.15355264,0.20152259,-0.090098806,-0.20847541,0.99475586,1.0871246,-1.5041956,-0.78193414,0.26822096,-0.6627034,-0.5423194,-0.03969919,-0.31892407,-0.18587025,0.3336283,-0.35916075
IND231217AAA,0.19033182,-0.3160182,0.4849956,-2.4400065,-0.31133866,-0.689837,-1.1940415,-1.6272852,-0.32139266,-0.52670085,0.3206629,1.0248966,-0.8440789,1.2968159,-0.5643262,-0.22569948,0.63381827,0.06970713,1.9030648,0.98923343,0.2505629,1.4182792,-0.40213478,-0.21454978,-0.7409936,-1.0003529,0.9296367,0.0334311,-1.340037,-0.78538173,0.3212031,0.59593195
IND853204AAA,0.31918332,-0.38585332,0.65639496,0.42529026,0.8716494,-0.9012483,-1.22395,0.20339042,0.21411422,-0.22918913,1.4464917,0.9912969,-0.27985176,0.67268264,0.5138329,-0.55308944,0.8680672,0.88610077,0.16012256,2.2325394,0.13973427,1.29867,-1.2179472,-0.032707177,-0.6532419,0.3654547,0.97544616,0.31230018,-1.1184787,-0.34955886,-0.6966112,-0.09085611
IND626138AAA,1.9082938,0.67566144,-0.0036322498,-1.3090075,-0.18842308,-0.20220673,-1.1568341,-0.56794196,0.32764235,0.7480729,0.5025292,1.1528467,-0.13562128,-0.4749678,0.0746633,-0.17319344,-0.19284616,0.11548643,0.6792536,1.6153051,1.2030813,0.65087754,0.031399257,-0.9648515,-0.7094891,-1.3398603,0.8822832,-0.95898324,-0.6720094,-0.06517778,0.5232514,1.6403548
IND431401AAA,1.1808126,-0.68959606,0.09469145,-1.4503852,-0.24238066,-0.7927325,-0.14715888,-1.2320756,-0.67982113,-0.019898824,0.09531752,-0.16470855,-0.35588807,0.5210979,1.146436,1.0383227,0.1518336,-0.42345825,-0.25885332,1.1643283,0.8276034,-0.06247288,-0.078270994,-1.1795906,1.0929822,-0.41104925,0.10617764,0.39846966,-1.423836,0.3096512,-0.19391662,0.05955537
IND573201AAB,1.060243,0.089842595,0.20892784,-0.2683683,-0.19665301,-0.9084119,0.6180904,-0.10394778,-1.4087335,-0.10149323,-0.055178564,-0.5718615,-0.7357311,0.38545445,0.73870355,-0.6713451,0.9613183,0.7658685,0.4658474,1.3536209,0.11237849,0.38375053,-0.47942564,-0.46615842,0.51441944,-0.41739136,0.57630587,-0.59175205,-0.49373874,0.124086864,0.14894037,-0.39107725
IND389151AAA,0.31394345,0.26655617,1.0774791,0.37727553,-0.47416356,0.467024,-0.6916717,0.6767637,-0.17304696,-1.1529729,-0.485476,1.6507223,0.059061132,0.57843256,1.1858438,-0.5885428,-0.41227633,0.068120554,0.77772325,1.1922935,-0.15739009,0.17339966,-0.0446864,-2.1039238,0.5617052,-1.0857195,-0.6141095,-0.052181125,-1.5924051,0.3116331,0.09357681,0.8184811
IND312001AAA,-0.031717252,-0.40910822,0.5557485,-1.1616433,-0.19850923,-0.07042531,-0.87332326,0.17015901,-0.3164735,-0.8447674,-0.7984698,1.5238804,0.7254236,0.58726376,0.24752091,-0.63315153,-0.56030995,-0.05510676,-0.5533126,2.1213272,-1.0421295,0.3910947,-0.86563027,-0.6718124,-0.29488814,0.2445122,-0.63075024,-0.10611554,-1.5615414,0.262248,0.06754783,0.08594939
IND787059AAB,1.2517781,0.39451128,0.15942156,-0.96792763,1.3742424,-0.24956183,-0.5616214,0.2726625,0.5071045,0.18425249,-0.47640043,2.4592152,-1.5136042,0.8223046,-0.20637274,-0.17290626,1.1181303,1.1695243,0.67406607,0.93519735,0.6965092,0.8655683,0.10315087,-0.33183393,-0.32836035,0.52607363,-0.13962218,-0.8947135,-1.1161239,-0.1545858,0.788453,0.58875144
IND563130AAA,1.4282959,1.3984214,0.39053023,-1.0290339,0.08026314,-0.25340733,0.12187118,-0.3563403,-0.0941808,-0.45859954,0.67161757,-0.08718646,-0.12394601,-0.31768414,0.42597488,0.22036943,0.48125967,0.95618695,-0.0074911336,0.89192945,-0.35602245,-0.08726462,-1.2106419,-1.2370743,-0.34325346,-0.9738197,-0.50233716,-0.86108124,-0.36851043,0.6560118,0.12793317,-0.19987282
IND627811AAA,1.0020459,-1.0283849,0.6106948,-0.96650714,-0.2576159,-1.2035705,-1.4579111,-0.36824098,-1.5396914,-0.4141844,1.5421715,1.8080063,-0.57692367,0.3114503,0.33564952,-0.110307194,-0.52278185,0.50394964,-0.2508553,0.7701977,1.0127748,0.705065,0.95080316,-0.1766365,-0.26206788,0.29984644,-0.06534071,-1.098788,-1.041519,-0.6182906,1.227895,0.99288493
IND636016AAA,1.2880152,-0.20614806,0.9759366,-1.2207326,0.30352095,-0.82983863,-0.24299729,-0.33666316,-0.44538167,-0.30620834,0.09321073,1.0234793,0.042081267,0.49746495,0.584083,0.19798231,0.12816088,0.45882294,0.2585361,1.5521111,0.30631498,0.8364818,-0.31878877,-0.48567504,0.036570784,-0.28478485,-0.037352398,-0.5213784,-1.1617304,-0.36978886,0.029402394,0.34552133
IND491995AAB,2.070103,-0.5040591,0.8154474,-2.7899466,0.83479786,-0.9813142,-0.052814376,0.5666815,-0.8312177,-0.54313046,-0.3095685,0.14283265,-0.024715222,0.5830051,1.657362,-1.0096862,-0.5901001,-0.7511014,0.5478465,0.43029228,0.6950321,1.1957381,0.050795563,0.18960956,0.107216984,-0.7693543,-0.48460478,-0.5696255,-0.36267424,0.44782427,-1.0750043,1.0540395
IND575014AAA,1.0471627,-0.41740364,0.55557036,-0.9356365,-0.5385493,-1.1337197,-0.0917018,-0.34128818,-0.9427679,-0.14886872,0.29412386,-0.26434758,-0.3942818,0.08171558,0.6163125,-0.78779167,0.67920494,1.0338202,0.07605899,1.1263646,0.58815765,-0.30669016,-0.19333029,-0.49645424,1.3548161,-0.3045272,0.13672358,-0.6120704,-0.8194404,0.3094755,0.049809474,-0.5159807
IND306401AAB,-0.3038885,-0.8563225,1.1976604,-1.0983737,0.07872381,-0.16062787,-0.4869644,0.18911283,-0.81870234,-1.2346966,-0.25618657,0.71197844,0.4834585,0.06031274,-0.19590324,-0.8645095,-0.28126553,0.33465058,-0.3826147,1.5266023,-0.5137483,0.23772971,-0.4181128,-0.77394783,-0.29507288,0.22907108,-0.41427866,-0.48714533,-0.5054836,0.02222252,-0.02340947,0.42936417
IND143001AAA,1.0448376,-0.6044873,1.0684853,-0.31276077,0.3412021,-0.6305496,0.42335573,-0.20754309,-0.77764493,-0.32436588,0.8574468,0.36817843,-0.2654402,0.8779526,-0.6026667,0.19769526,0.119457684,0.4735583,0.8209932,0.062422685,0.22399071,0.8116357,-1.0757785,-0.94310784,0.6305775,0.009358355,-1.1918558,-0.8615629,-0.018820938,-0.022550967,-0.3641599,0.08883221
IND639104AAB,0.2816769,0.4923816,0.06154063,-1.2215197,-0.7902731,-1.9882008,1.5058048,-0.12658583,-0.7339527,0.09866414,0.7209731,1.299417,-0.14999305,0.7592965,0.5245754,0.30680868,-1.2577251,0.979404,0.49219483,1.1917773,0.57879114,0.70112956,-1.1044192,-0.46922496,-1.291496,0.07584049,0.848758,-0.8747377,-1.5049607,-0.7610138,0.47068125,0.65912884
IND210301AAA,0.017831098,-0.85132,1.4839377,-1.1978129,1.2816473,-1.2206855,-0.03994336,0.8319613,0.6180526,-0.11088489,0.07408222,1.1084007,-0.56994385,0.8712596,1.6769701,1.4931477,-0.6100591,0.2574539,0.69808096,0.85426474,1.0564553,0.6805697,-0.13478732,0.4341955,-0.44698077,-0.7938653,0.6828635,-0.15664437,-0.27453032,-0.61302954,0.4991371,-0.1763525
IND342602AAC,0.5170072,-0.6568954,1.4143362,-1.4467645,0.82924485,-0.2842971,-0.15039505,-0.12686966,-0.6061411,-0.71685964,-0.026087383,0.33662564,0.78829634,0.32415324,-0.4311838,-1.040915,-0.8764975,-0.023777116,-0.25266087,1.5296007,-0.71574765,0.72162867,-0.22437038,-1.583303,-0.8665511,0.22871031,0.37505794,-1.1750209,-0.62381995,-0.41564333,0.016643127,0.6429181
IND848114AAA,0.6935983,-0.34738877,1.2921536,-0.41509166,0.4509781,-1.4334656,-0.77915025,0.4364264,1.2407544,-0.061219815,0.67298424,0.33988628,0.85391957,0.2972666,0.22023827,-0.1420895,-0.30761343,0.7371677,0.45889875,1.5601007,0.33522087,0.5956103,-0.718813,-0.50939965,-0.35226136,0.32596844,0.6454074,-0.46419218,-1.3215903,0.6200042,-0.23393759,0.15890475
IND508223AAA,0.9410916,0.5644324,0.77675885,-0.32196876,1.034067,0.0067509613,0.88638407,-1.7831569,-0.08975357,-0.59802943,-0.39455152,1.3742937,-0.746228,0.582885,0.76362866,-0.34474316,0.8454088,0.1778536,-0.7607892,1.1939728,-0.66316724,0.8112962,0.32374582,-0.56141335,0.12627286,-0.75094813,0.19609354,0.22842291,-1.2406167,-1.576773,0.8566259,-0.086394094
IND422605AAA,-0.096594796,0.89106584,-0.017807867,-0.3554214,-0.23429899,-0.2434433,-0.6421661,0.5345569,-0.8003206,0.214521,0.06189148,2.4453998,-0.06836288,1.2194426,0.085177384,-0.16510668,0.0799754,0.72639984,0.17993599,1.2974283,1.1284306,-0.35455987,-1.3389057,-1.3014646,0.047209926,-0.38322955,-0.008326521,-0.48957533,-0.72755504,-0.26256737,1.8171995,-0.3383753
IND243001AAA,0.47041914,0.016046874,1.8715055,-1.23367,0.1455329,-0.71222645,0.22309239,-0.29786083,-0.0393807,0.52912146,-0.15546891,1.3088918,-0.6603239,0.7479803,0.1957698,-0.785365,-0.029326916,0.76210314,-0.57344806,0.047644336,0.19845626,1.7740971,-1.8553079,-1.1811947,0.26814482,0.5545898,0.22868802,-0.09680576,-0.29196027,-0.8471183,0.47763026,0.78033566
IND751014AAA,0.715178,-0.23461728,1.1175052,-0.20893542,1.0310805,0.6633569,0.2301392,-0.3913448,0.3529986,-0.76629746,-0.20748276,0.42671874,0.36427718,0.4980261,0.92257524,-0.030500732,0.8408929,-0.06740036,-0.04514065,0.4208946,-0.05855545,0.16841863,-1.2466409,-0.14505191,0.6326488,-0.23113695,0.6856642,-0.33461294,-0.2786335,-0.37687832,-0.3309879,-0.1843475
IND464221AAA,-0.06262747,0.79550374,1.4973502,-0.5981795,1.1324703,-1.1688491,0.49789125,0.33354965,-0.4078126,-0.39436033,0.030506235,-1.1693252,0.34321612,0.45583022,1.5341537,0.053793836,0.49306995,0.6703387,-0.4038721,0.975801,0.34454533,0.3363037,-0.7189169,-0.40414152,-0.31444272,-0.9552587,0.20196605,-0.8237868,-2.2702293,-0.7656048,0.9457463,-0.41275445
IND574117AAA,1.3007715,-0.8750153,0.4950855,-0.8744159,-0.37338275,-0.7866788,0.108955786,-0.14284596,-0.8078591,-0.6347952,0.35688734,-0.30875346,-0.68380845,-0.23875353,0.8495507,-1.2285476,0.30591697,1.4351717,0.85021514,1.4933479,0.19431238,-0.08991299,-0.5218184,-0.34731418,0.7783555,-0.0046773134,0.29075944,-0.33639532,-0.9196979,0.07063639,0.4660147,-0.647983
IND845401AAA,1.0734084,-0.013436866,1.09322,-0.3130958,0.55918866,-1.6226491,-1.0724211,0.14673162,1.3319204,-0.42371657,1.1216232,0.17490833,0.1875191,0.052302025,-0.2822743,0.045219973,0.063000046,0.5693545,0.67055845,1.2961091,0.4795649,0.62186,-0.5419922,-0.52486104,-0.3676887,0.03677849,0.43445647,-0.25999272,-1.7247804,0.54405266,-0.17791598,0.6263445
IND144001AAC,0.6697074,-0.7679738,1.1219118,-0.34718212,0.6649338,-0.30741477,0.5794598,-0.6859338,-0.44692135,-0.37091446,0.8833332,0.27006558,-0.38916463,0.7454043,-0.6072367,0.5079783,-0.14235406,0.5677159,0.64470613,0.34660974,0.43491507,1.3604944,-0.92575586,-0.7297629,0.37492883,0.15850104,-1.100863,-0.62686944,0.009803525,-0.16808775,0.06262396,0.11534739
IND842003AAB,0.13005055,-0.2592986,0.42107415,-0.972345,1.2408295,-1.1798859,0.4511695,0.09027925,-0.50148875,0.26447123,0.73469675,0.34590608,-0.08108531,0.19761328,1.7722375,-0.15299891,0.42881936,0.08743981,-0.6057786,0.86236876,-0.34933093,0.32731256,-0.5478533,-0.09962851,-0.5303887,-0.16307507,-0.72285944,-0.44388416,-0.98326665,-0.64122784,1.1712699,0.21935354
IND502286AAB,0.19584197,0.29345396,0.010822505,-1.024801,0.1317774,0.14205854,0.67342037,-0.9376604,-0.120731965,-0.7542454,0.11854139,0.7399423,-0.90811604,0.4999038,1.7236612,0.3218179,0.691683,-0.13132131,0.17652701,1.375261,1.1431661,0.509712,-0.55459315,0.362277,1.2673559,-0.7004572,-0.39605832,-0.24041286,-0.30561763,-1.6606699,0.14668092,0.06869348
IND363621AAB,1.55944,1.2511439,1.9778692,-1.0733613,0.78103656,0.10991449,0.23952171,-0.5032673,0.11841506,-1.3917445,0.23035687,0.9865172,0.3449939,0.75138223,0.274805,0.25116423,-0.6426997,1.5306396,1.5851195,1.1505089,-0.1752736,1.1227498,-0.72368515,0.96707505,-0.27889863,0.80772984,-1.1102666,-0.035047162,-1.3759444,-1.0562583,0.04312447,-0.13933574
IND843320AAA,0.6202633,-0.39658025,1.3056765,0.08257386,0.41403037,-1.3757575,-0.92325246,0.45387477,1.1520413,-0.30657735,0.78602564,0.32518545,0.027029827,0.27502948,0.08496303,0.26596326,0.010502171,0.81486416,0.75455654,1.2088212,0.2765474,0.8407521,-0.6227321,-0.7322389,-0.56232136,0.2149076,0.5746569,-0.48602292,-1.939219,0.55793256,0.06631793,0.57453114
IND560083AAB,0.89017856,0.6128421,0.42784747,-0.32925606,0.34139398,-0.24451771,0.30204362,-0.06377726,-0.5128654,-1.2273085,0.2011345,-0.19536112,0.25020885,-0.21442555,0.046555527,-0.20970966,0.9516974,0.602222,0.22295052,0.75920165,0.19058318,-0.3322679,-0.73455507,-0.25286,0.054366767,-0.73133403,-0.5029308,-1.0796648,-0.33946115,-0.098316886,0.45328394,-0.26711932
IND390022AAA,-0.33113518,0.13381106,1.2912675,0.115934126,0.32415023,-0.08348111,-1.1056131,-0.15922084,-0.57892156,-0.7401689,-0.21263893,0.50755495,-0.3736816,-0.13571936,0.17967486,0.37488812,0.22677684,0.29960823,0.4737241,0.64537233,0.06489258,0.091061674,-0.84296954,-0.60841924,0.40511873,-0.9210258,-0.43808058,-0.27292287,-0.86949795,0.97472054,0.6722854,0.2763517
IND733128AAA,1.9400225,-0.26535872,0.7758009,-0.448519,0.431637,1.3530818,0.5669547,-0.07935685,-0.50224775,-0.9566335,-0.111724615,1.1638918,0.21825442,0.2754417,0.47599998,1.1657481,0.116053194,-0.6202325,0.0071509224,0.5581518,0.0007521507,1.0285275,-1.251286,-0.9956674,-1.1434686,-0.0018809481,0.7136553,-0.59533453,-0.9835496,-0.85752934,0.22448847,0.079414375
IND401104AAB,-0.054729212,-0.4258889,0.26604468,-0.37748224,0.6815467,0.07344241,0.010252014,-0.12922852,-0.8036049,-0.17853418,0.3408024,1.2828599,0.26624075,-0.3535072,0.8139582,-0.2965422,0.32403588,0.17427553,-0.15607905,0.3149988,1.0421485,-0.05085449,-0.16686621,-1.2010502,0.7153462,-0.41136122,-0.42313614,0.25950247,-0.7695027,-0.21147822,0.4092583,-0.20337705
IND232327AAA,0.48543864,0.6599651,0.9965588,-1.688939,0.38028023,-1.8690429,-0.30631995,-1.037006,-0.40756437,-1.101421,0.3059716,0.24487858,-0.3287686,1.7977147,0.9553341,-0.5380419,-0.052127954,0.12841761,0.020038383,0.14328797,1.107039,1.6794126,0.43049836,0.54993474,-0.4727871,0.07907348,-0.5419149,-0.44272506,-1.18169,-0.5299576,0.42339322,0.27944067
IND246761AAA,0.55808425,0.057940986,1.6344337,-1.3095751,-0.61085397,-0.9679505,0.49037513,-0.2775194,-0.05238309,0.46683747,-0.27813002,1.4203743,-0.70709807,0.4781956,0.5474507,-1.1906837,0.105375335,0.36223805,-0.42520118,-0.1716565,-0.0008345373,1.6905751,-1.3879068,-1.3129873,0.50739545,0.28177872,0.10887318,-0.69424504,-0.69145966,-1.22892,0.4031488,0.83083874
IND631003AAA,0.9191442,0.46964028,-0.07885506,-0.08126441,0.13803145,-0.53772134,0.83217293,-0.55964243,0.004852038,-1.6465858,0.014198233,1.0098591,-0.18336487,0.43059167,0.3068962,-0.25653154,-0.030133894,0.61902845,0.057566646,0.9650629,-0.07026832,-0.82812655,-1.0504689,0.018034527,0.30118886,-1.0253434,-0.054640483,-0.39672524,-0.71564525,-0.25347933,-0.44486955,0.33467993
IND614715AAA,0.73946285,0.34330383,0.4541885,-0.45849028,-0.16491117,-0.7408089,0.39612558,0.36885494,-0.47856262,-1.6131201,0.31118956,2.0587668,-0.15591206,0.69147307,0.8817791,-0.58490896,-0.33648583,0.45077845,1.1298223,0.8557266,-0.8187066,0.54914546,-1.3913469,0.036445055,-0.064646736,-1.6970658,0.6782506,-0.3334424,0.2996077,-1.0026102,-0.6965299,0.79188585
IND735224AAA,1.2493112,0.06633919,0.49117562,-1.0338068,0.2652988,-0.011714715,-0.06748563,0.2596815,-1.5958458,1.1415281,0.07670623,0.89676833,0.5900678,1.3962665,1.5972183,-0.08004193,0.29008904,0.5639386,0.89276385,0.845435,-0.862403,0.2010018,-0.5237261,-0.83001256,-0.59666973,-1.2524778,0.5045656,0.41313988,-1.523188,-1.3581578,-1.2161438,0.33434346
IND262501AAA,0.8840763,-0.37368467,1.2476075,-0.039159935,-0.29165626,-1.7504053,0.23744805,0.74360305,-0.2767707,-0.8281143,-0.62052494,0.7238437,-0.9626421,0.07869246,0.0073617087,-0.24118556,0.32638377,-0.14765221,0.16638628,0.1270972,0.8545777,1.586975,-1.0024892,-1.474991,0.4012947,-0.9333552,0.08321373,0.2515525,-0.54901683,-0.32367244,0.68661654,0.33117008
IND577598AAC,0.5231887,-0.5014963,-0.08379874,-0.87078714,0.097017385,-0.15616824,0.38519153,-0.692414,-1.2495404,-0.95391005,0.5828477,-0.18058626,-0.07637648,0.06844024,0.05772315,0.17894728,1.1840633,0.5653531,-0.12054718,1.1002858,-0.12298497,-0.13871078,-0.93220574,-0.172204,0.116954595,-0.31948757,0.0984031,-0.38379425,-0.51531065,0.070073314,0.17596138,-0.42965028
IND250609AAA,-0.11796603,-0.761278,0.9690916,-0.61159736,0.009300523,-0.8779883,0.29811397,0.045742154,-0.6101226,-0.11372565,-0.53177565,1.0099305,-0.82108766,0.18258908,-0.32054132,0.13666645,0.0754322,0.13332164,-0.033334054,-0.32437444,1.0284815,0.8906236,-1.2669293,-0.6122234,0.087167986,-0.7029499,-0.36334404,0.014378511,-0.62455666,-0.070605,0.31438556,-0.05594523
IND365560AAA,0.06600812,0.45942828,1.540398,-0.31341237,-0.8031428,0.06031915,-0.8685991,0.0791152,-0.2027082,0.27770987,-0.5077579,1.6752506,-0.2774981,0.021019561,0.46608782,0.106681794,-0.5361211,0.7848051,0.3185559,1.7168555,0.113173686,0.68890876,-0.044809062,-1.1586509,1.076816,-0.21784258,-0.78186756,0.5867071,-1.9468904,0.6892472,0.91409266,-0.28483126
IND576201AAA,1.3571441,-0.4370772,0.31653047,-0.98399407,-0.2896582,-1.047946,0.17848177,0.1021093,-0.73916197,-0.5380999,0.037698727,0.005444479,-0.35451838,-0.37344068,1.0735085,-1.3122458,0.22332352,1.8601696,1.0077578,1.4530469,0.15872039,-0.042049076,-0.6420914,-0.38640845,0.86012304,0.38329932,-0.009793412,-0.33973986,-0.77970225,-0.02884621,0.54429257,-0.53366053
IND344022AAB,0.50030404,-1.3164297,1.1636416,-1.316725,-0.15675245,-0.17931378,-0.714073,-0.11188599,-1.0456402,-0.6425104,-0.7039432,1.715878,1.0784441,0.2918631,-0.4116369,-1.0906277,-0.5157434,0.9570065,-0.3254446,1.9859533,0.15806781,0.12485753,-0.71444494,-0.8410138,-0.33764586,-0.22563499,0.5553882,-0.36718088,0.06257042,-0.5141297,-0.49378872,-0.27888364
IND412105AAC,1.589674,1.0583184,1.1778928,-0.618761,-0.15489824,0.9113124,-1.2718513,0.23861353,-0.77458966,-0.2523935,1.9340894,1.7009188,0.30223423,0.7759026,-0.0066748634,-1.1327063,-0.22677827,-0.20623937,1.8120842,0.2982446,0.96672386,0.81890374,-1.1889218,-0.15131457,0.7235897,0.21719417,-0.44536915,-1.5812876,-1.6889157,-0.94729626,-0.2483256,0.8560327
IND413501AAA,0.63259244,-0.37734306,0.43305063,-0.53856575,-0.123792216,0.037022047,0.01201243,-0.75990707,-0.5776817,-0.61817974,-0.08113211,0.6476318,-0.0023790312,0.9574121,0.36370435,0.08436292,0.35453084,-0.29233003,-0.30875313,0.7327371,0.91829735,-0.8493498,-0.3078032,-0.6047916,1.3302863,-0.5352775,-0.1332742,0.009288662,-0.99463826,-0.017480852,0.5596153,-0.62128615
IND683565AAA,2.159045,0.54796726,-0.014447748,-0.48936933,0.37011477,-1.1592009,0.7652469,0.5888927,-1.1195997,-0.8677442,-0.6258867,0.15018772,0.40650383,-0.14935997,0.42535657,0.75728387,0.49404174,0.5984327,0.16008459,1.3006363,-0.11395889,-0.27893394,-0.3299112,-0.6730458,-0.20128186,-0.1824459,-0.56056005,-0.5393478,-0.53909177,-0.07406002,0.6190577,0.46957514
IND110085AAA,-0.06893826,-0.71960336,1.4350917,-0.73395914,0.60842586,-0.3146785,-0.4573814,-0.44204006,0.28040233,-0.9536045,0.7665136,0.7059385,0.26068947,0.3743514,-0.5234985,0.77099884,0.23111905,0.5951258,-0.7040032,0.3202436,0.47161672,0.2739835,-0.83575034,-0.39746198,-0.7496716,-1.2116486,-0.08826958,0.041605636,-0.9996559,0.40242824,0.8960709,-0.47769725
IND625008AAA,1.957956,0.5983539,-0.14602265,-1.1980542,0.018098155,-0.27845994,-1.2929538,-0.64864635,0.1628653,0.76338905,0.23196298,1.2563365,0.011364341,-0.4799798,0.000108818924,-0.095206425,-0.17189065,0.05049632,0.16093148,1.3130335,0.9777177,1.2283685,-0.095964134,-0.8899705,-0.79033613,-1.0693228,0.7060988,-0.96968836,-0.6570515,-0.19019234,0.33508775,1.745951
IND742202AAA,0.96400905,-0.40486452,0.5822496,0.5755076,0.58654284,0.28999078,0.07986221,0.2107264,-0.9362016,-0.17281376,-0.33342078,1.3614022,-0.14179364,0.20436814,1.115746,-0.047344733,0.15135711,-0.19283281,0.5747712,0.49233648,0.50465757,0.012067296,-0.86223906,0.14429331,-0.19506584,0.4841457,0.6804312,-1.1227708,-0.63791287,0.31702298,0.3201463,-0.2711999
IND441206AAB,1.7811403,-0.3171491,1.4270672,-0.08909576,-0.715882,-1.4236358,0.21082018,-0.10941429,0.23416917,-1.2309868,-0.8796373,0.16430525,0.5971341,0.9671387,1.9112679,-0.3692715,-1.2756007,0.9584327,1.0729812,1.0096112,-0.66633165,0.82934177,-0.15054516,-0.25676292,0.0014843056,0.103234895,-0.34815547,-0.45645285,-2.032817,-0.40671068,1.2245361,0.95335704
IND524101AAB,1.3960927,0.30779928,0.70468533,-1.2179756,-1.4079945,-0.7231535,-0.27320585,-0.38311496,0.25909585,-0.41708535,0.49666005,0.92691183,-1.0906063,2.0851452,0.42847326,0.194628,-0.11512873,0.5086844,-0.47329238,1.6525294,0.15661262,2.3757865,-0.663013,0.1682029,0.03179994,-0.5935366,0.4501272,0.660819,-0.32808536,-0.39473286,0.2716349,-0.5682079
IND411043AAA,0.6118776,0.115573734,0.5036879,-1.3991512,0.9076563,-0.5674114,-0.45782506,-1.0469998,-1.3787805,-0.24623422,-0.6414653,-0.25635928,-0.065148845,0.26418525,0.4540499,-0.105799235,0.70102626,-0.34301946,-0.52114767,1.1080759,2.01581,-0.15836768,-0.33099157,-0.25198704,1.1963738,-0.47587353,-0.023428502,-0.3958714,-1.0803353,0.3543355,-0.074980035,-0.2681433
IND801103AAA,0.9570158,0.77188706,1.2606595,-0.8086592,0.80223703,-0.62865704,-0.36716083,1.1092141,-1.6978548,0.077863015,0.8326913,1.6270211,-0.46711862,0.7684982,0.73525685,1.1828607,-0.21754357,0.16722187,-0.64179194,0.7342634,-0.8688372,2.1074905,-0.32898134,-0.35685295,-0.10641088,0.78824985,0.28834742,0.18120013,-1.8970171,0.06850738,0.40119177,1.3231412
IND524003AAA,0.48955396,0.29588714,0.4569743,0.21821183,0.3377933,-0.13516505,0.57042193,-0.85674715,-0.06993675,-1.095793,0.0824081,0.62697345,-0.405519,0.486418,0.45861885,-0.16117933,0.1098809,-0.1481704,-0.32651025,0.9028522,0.22028738,-0.5120029,-0.23547395,0.33638,0.3105923,-1.07647,-0.08362549,-0.41081187,-0.38199684,-0.3374561,0.21956967,0.31275922
IND517501AAB,1.4731425,0.2773776,0.86691594,-1.2912283,-1.4813564,-0.8133433,-0.278743,-0.39662,0.32539746,-0.43117464,0.49976158,1.092968,-1.126546,2.2233994,0.3899705,0.23663752,-0.058581766,0.5306992,-0.484123,1.871124,0.08541151,2.5250747,-0.67964673,0.192856,0.061042905,-0.61809117,0.4859246,0.6362179,-0.3627102,-0.45231366,0.28868443,-0.62413746
IND829122AAA,-0.19538285,-0.14675237,1.1911985,-0.17972077,0.39563495,0.00269522,0.35970917,-0.81444764,-0.50295603,-0.5470235,0.26131853,1.2381358,-0.72046566,0.118673034,0.7511202,-0.46750236,-0.26261598,-0.26334575,-0.029874012,0.5566045,1.6611538,-0.18400203,-1.3740348,-0.19017538,-0.97712064,-0.066610254,0.6392796,-0.21795374,-0.7817443,0.6028151,0.27597442,0.06967805
IND764073AAA,0.6328573,0.46800628,0.051967088,-1.0791047,0.35466665,0.15737581,0.090854354,-0.40021586,-0.2969261,-1.6386803,0.1609017,1.2105455,0.20661944,0.6996365,0.86897165,-0.41353765,0.048717096,1.0801096,-0.6399239,0.43675172,0.24801758,0.3428372,-0.69876075,0.48602518,1.206331,-0.35383782,1.1397812,-0.024630439,-1.4001268,-0.3568754,0.24680606,1.1084378
IND741201AAC,0.87970686,-0.4826059,0.55643135,0.113619275,0.5261278,0.8776538,-0.103310734,-0.046547692,-0.50386435,-0.4955408,-0.05463669,1.0510638,-0.818541,0.25496036,0.9278771,0.1296022,0.35948727,-0.19671209,0.121602274,0.37721828,0.8267684,-0.20660567,-0.7822183,0.02714016,-0.5893375,0.0028036092,0.4458195,-0.4398216,-0.43580246,-0.17526959,0.37700352,-0.389757
IND275101AAA,0.9707105,0.66051656,1.1071093,-1.7204194,0.6301295,-1.5988848,-0.39938363,-0.9957166,-0.01995599,-1.0241317,0.4252925,0.36763564,0.06603868,1.5106741,1.1874702,-0.01693455,-0.21238832,-0.5087308,0.35961202,-0.09697131,0.58246297,1.8510149,0.10132595,0.16182609,-0.07853854,0.94023716,0.060775705,-0.52942324,-1.4108899,0.010236148,0.8975856,0.57753146
IND825301AAA,-0.18933396,-0.35932243,1.4564735,-0.09198783,0.24943241,-0.24248561,0.1456641,-0.8942375,0.074137814,-0.5668205,0.3930354,0.73640835,-0.8041089,0.30598244,0.66264015,-0.35828587,-0.34045926,-0.015603704,0.06873619,0.4421067,1.6180508,-0.31149635,-1.2730219,-0.38642314,-0.663196,-0.31842995,0.8099833,-0.1786642,-1.0427887,0.6865038,0.15978509,0.32959592
IND841301AAC,0.9330738,1.7556635,1.5824939,-2.0603514,-0.19673863,-0.6046106,1.3063221,0.20247982,-0.37014782,0.3526564,0.20728698,0.44606757,0.7560206,1.3198115,0.7000383,-1.586606,-0.6390275,-0.1213002,0.5083432,1.5954311,0.9762747,0.6848555,-0.7112741,0.2293821,-0.07343457,0.4452626,-0.155325,-0.7483844,-1.0974458,-0.040020995,0.2290109,-0.04028926
IND757041AAA,2.5591857,-0.99897,0.7982229,-0.37387985,0.5967482,-0.29282188,0.22215648,-0.4499436,0.5905259,-0.47517782,-0.52486765,0.78525674,0.11170909,0.07899899,1.1154722,0.37493396,0.2766643,0.19254246,1.1501819,0.8980179,0.29013872,0.124462195,-1.1757712,-0.81891906,-0.88565683,0.10419069,0.4888668,-1.4826896,0.1831324,-0.5664613,0.47138974,-0.83285666
IND600056AAD,0.37056386,0.9272894,0.30419764,0.5617597,0.14327212,-0.8749105,0.087029494,-0.76146626,-0.02632034,-0.88047624,0.7834263,0.9269383,-0.058506902,0.79845375,0.33836564,-0.47251296,0.5081651,1.3191485,-0.088815734,1.1034367,-0.1002026,-0.616265,-0.5543435,-0.03162144,0.22180323,-1.6790854,0.34412166,-0.599096,-0.8823956,-0.34285787,-0.5625305,0.83790994
IND533003AAA,0.34999752,0.28721917,1.0411036,-0.86180663,0.93101066,0.21729718,0.36318883,-0.5646636,-0.13019691,-0.49107978,-0.3016721,1.0126282,-0.092630364,-0.15290263,1.0429789,-0.5421323,-0.25401068,1.1583806,-0.26731676,0.557709,-0.19352537,0.10945417,0.06507376,0.82172847,1.2180148,-1.3060747,0.21014056,-0.68372494,-1.3944556,-0.9414474,1.2546899,0.25961357
IND742303AAB,1.6903726,-0.1581346,1.4099308,-0.14438552,-0.20996821,0.28499627,0.15100306,0.17635353,-1.2317218,-0.6187906,-1.1823541,1.5114971,-0.37351063,0.37638152,1.2704892,0.61723715,0.11429103,0.4065652,0.39147428,0.10992485,0.20188233,0.68837434,-1.6866065,0.11916614,-0.4965424,0.70229286,0.28816512,-1.3115323,-0.6123827,0.14604971,0.39353764,-0.17650782
IND401209AAB,0.5038508,-0.0778623,0.87019193,-0.38321885,0.35402906,0.013678787,-0.15497772,0.2819557,-0.42870432,-0.024937216,0.17734444,1.2086424,-0.17746332,-0.55319273,0.62000823,0.5628453,0.28400984,-0.23349003,0.005220113,0.970129,1.5435921,-0.16691214,-0.43359807,-1.3321446,0.54202485,0.17079706,-1.1188585,0.103679925,-0.66866106,-0.65006757,1.142749,-0.07935933
IND412210AAC,0.23516245,0.15537909,0.42606378,-0.68273646,0.09556093,-0.52241236,-0.5006455,-1.0962704,-0.2606801,-0.3434751,0.31930393,0.1344176,-0.0030792996,0.75369275,0.1875036,0.32419652,0.7260326,0.084095806,-0.121928155,1.0955501,1.0367508,-0.57396406,-0.38786474,-0.917398,1.2148042,-0.40327615,0.41669843,0.11727034,-1.4005985,-0.21008183,0.31960252,-0.4891997
IND583231AAA,1.7055335,-0.08275226,0.13825767,-0.35760066,-0.7324607,0.47066534,-0.2325317,0.18131799,-1.3811895,0.42450875,1.2497307,0.44031492,0.6443482,0.33179814,0.6440311,0.62307984,0.61492866,1.3352971,-0.35704008,1.3335755,-1.1013424,0.20977049,-1.5453194,-1.119906,0.26492378,-1.0611309,-0.001926013,-0.5947687,-1.7010821,0.2718021,0.76048464,0.6197749
IND732202AAA,1.5104351,0.009005674,0.40330365,-0.36336452,0.8374613,1.1370325,0.30969977,-0.03696703,-0.089631304,0.00042298078,-0.1841821,1.0372707,0.44584176,0.81299835,1.1225753,0.98898286,0.44235578,-0.4685031,-0.13289453,0.49721712,0.5132133,1.2650844,-1.0113608,-0.99639565,-1.2118956,0.36708298,0.86782295,-0.71196026,-1.4118606,-0.9803421,0.38958868,0.23801024
IND262802AAA,0.8006867,-0.38586724,0.4244155,-2.0944357,0.37268138,-0.40699413,-0.88695276,0.9699028,-0.6030533,-0.5690159,-0.46574563,1.4393159,0.111949995,0.940677,-0.31837547,0.94461614,-1.1227047,0.28603962,-0.58633727,0.6282019,-0.15873685,1.7147031,-0.24095704,-0.24619061,0.9860423,-0.3514672,-0.91953653,-1.4418708,-1.648912,-1.6366942,1.2093718,0.79451185
IND361305AAC,1.8193365,1.1793675,1.6274586,-1.0456043,0.6310673,0.25928712,0.29139316,-0.35611802,0.1773437,-1.2117865,0.7259048,1.2499379,0.35317406,0.6552736,0.25942758,-0.018709876,-0.7557051,1.2251875,1.8013437,0.78123975,-0.080381066,0.69961685,-0.5607935,0.92505443,-0.32238865,0.70216215,-0.92836094,0.011941264,-1.6444983,-0.969634,-0.062067445,-0.017655797
IND382345AAA,-0.13501394,0.12196189,0.83229333,-0.1818295,-0.2546916,0.24206716,-0.8426788,-0.019186124,-0.54777807,-0.6251211,-0.23777813,0.94095886,-0.33945996,-0.20646074,0.3851134,-0.19580744,-0.21917795,-0.27177283,0.24855104,1.3768138,-0.03461153,0.31553575,-0.8943851,-1.247134,0.39149576,-0.53132904,-1.0311631,0.23575956,-1.0927126,0.6597598,0.16442576,0.21057105
IND415003AAA,0.7374604,0.43171102,0.9557249,-0.76300293,0.09118934,-0.25908917,-0.79208165,-0.49716973,-0.8101219,-0.29602987,-0.06225348,0.17159633,-0.47870332,0.2601332,0.004428046,0.32321614,0.82897395,-0.019753305,0.32875437,1.1566912,0.84924275,-1.1639239,0.05642749,-0.79346544,0.92200184,-0.7374796,0.14751387,0.16735892,-0.8068635,-0.022123905,0.36492217,-0.109775566
IND209304AAA,-0.2407714,-0.5151738,1.2485744,-0.82105696,1.0726238,-0.62172955,0.15741058,0.17093632,-0.14254895,-0.036154136,-0.3574941,0.33683348,-0.7662816,0.09869308,1.0489525,0.68153715,-0.27229476,0.4773138,0.11145435,1.0886114,0.38527784,0.3678613,-0.28419524,-0.059883546,-0.8587598,-0.73592955,0.4664589,0.18958002,-0.34443307,0.15422294,-0.050484378,-0.32779476
IND518401AAA,1.4846771,0.8283286,0.654735,-0.7898025,0.6572361,0.15895036,0.57414585,-0.41870084,-1.3848195,-0.26661474,1.0317086,0.26762974,-0.011889442,0.657892,0.6059785,-0.5633881,0.7669868,-0.15050404,-0.6925657,1.85973,0.5562309,0.986763,0.26230496,0.6648484,0.97683144,-0.5640092,-0.20864952,-0.12886372,0.17481661,-0.0657225,-0.1094321,-0.07910164
IND813203AAA,0.54342455,0.70824134,1.7996852,-1.460258,-0.11987244,-0.8040602,-0.44607207,0.334903,-1.5032864,0.61215824,0.6712809,1.0732832,1.2133923,0.16977744,0.80743575,0.82256067,-0.66651034,-0.06338353,-0.19268446,0.7609976,0.70796645,0.8886521,-0.1206779,-1.2204639,-1.3349617,-0.12041884,-0.95725,-0.33160186,-1.2691345,-2.249122,-0.3136258,1.4288777
IND243503AAB,0.44564295,-0.028146505,1.7826487,-1.3694043,0.10899318,-0.70523053,0.14320104,-0.42467377,-0.22812504,0.6838675,-0.18311214,1.3310708,-0.6283848,0.6904507,0.17212164,-0.70873547,-0.12433428,0.6984812,-0.63198906,0.09357174,0.36156407,1.7932659,-1.9346905,-1.1218195,0.24924661,0.6270079,0.1568318,-0.040499676,-0.38935387,-0.921285,0.4359963,0.7754798
IND788713AAA,1.4899089,-1.003483,-0.481988,-1.4714444,0.24445581,-1.4501276,-0.57109326,0.6167224,-0.28282025,-0.48409134,-0.4901687,1.9592468,-0.91301066,1.334523,0.6388476,1.1487845,0.54609406,-0.17303252,0.15235935,0.6336739,0.036076523,0.4369345,-0.4934593,0.023590326,-0.83512425,-0.32608393,0.3590077,-0.30747655,-0.9873123,-0.013709336,0.10840145,-0.38722873
IND152123AAA,0.82086736,-1.3909085,1.0181338,-0.08198631,-0.08492862,-1.5089664,0.15867656,-0.3754989,-1.0893893,-0.85460144,0.30723333,-0.0073017925,-0.0762362,1.2727699,-0.56641626,0.6311308,-0.5000521,0.7881171,0.7631933,0.88112867,1.2000648,1.3580726,-0.9188065,-0.32032335,-0.37862796,0.17226315,-1.0932558,-0.25909284,-0.44314548,-0.09554573,-0.22344595,0.3762436
IND110078AAA,0.3996362,-0.8469028,1.1913842,0.55944705,0.49464515,-0.07494018,0.04764239,0.26685214,0.22938533,-0.34497464,0.3338829,0.13037041,0.06465072,0.26213202,0.14242257,-0.08639017,-0.23332725,0.16277283,-0.59873575,0.9217114,-0.13601656,-0.010817502,-1.536493,-0.6188378,-0.2778425,-1.0473678,-0.26771128,-0.5614299,-0.74809575,0.37138373,0.23821642,0.17032939
IND302022AAD,0.30435994,-0.4553453,1.0507857,0.5307367,0.61398685,-0.097956985,-0.395727,-0.198278,-0.032179125,-0.52628297,0.5762122,0.6558275,-0.4068674,0.12076933,0.32497776,-0.34119347,-0.1607139,-0.118899874,-0.3406827,0.40809214,0.19957784,-0.074990906,-0.8814928,-0.15978691,0.058575626,-0.6205219,0.11188936,-0.2375443,-0.39557135,0.5406702,0.41217256,-0.22816288
IND177001AAA,0.68678534,0.22210959,0.5862841,-0.11688054,1.493391,-0.18181035,0.42621046,-0.07476733,-1.4679081,-0.21563022,0.4404838,0.40524852,-0.22992936,1.2947537,-1.184764,0.4229837,-0.089629315,0.42850468,0.8968,1.1408328,0.86801994,1.4609568,-0.26881507,-0.8867356,0.1538565,-0.2586837,-0.7995763,-1.045733,-0.12387643,0.21656425,0.2881815,0.8424525
IND331022A1B,1.2032032,0.029205957,0.95887816,-1.0398412,0.32231054,-0.6186567,-0.22430511,-0.20468129,-0.6062553,-0.339102,0.19483377,1.0720737,-0.04468241,0.7261229,0.6713523,-0.04591793,-0.02641994,0.41051564,0.29818392,1.3563504,0.43827054,0.86777395,-0.640859,-0.5128786,-0.02508493,-0.53084964,-0.050055705,-0.564739,-1.0861243,-0.43576685,0.18635708,0.3154659
IND723131AAA,1.5390704,-0.95535994,-0.2582092,-1.0049461,-0.7787541,0.41194338,-0.25224626,-0.37613863,-0.9912396,-1.131962,0.1670538,0.5253393,0.12445182,0.23847312,1.1603456,-0.6084784,-0.8134093,-0.027581848,0.7079614,0.60564464,0.94056654,1.5872047,-1.195195,0.28152224,-1.4447211,-0.21522775,0.51576656,-0.9605477,-1.2629842,-0.43940616,-0.30257714,0.40264085
IND209206AAB,0.068479165,-0.9133039,1.612954,-1.1219354,1.247718,-1.1402723,-0.08097756,0.6486341,0.5921801,-0.18436356,0.19541436,1.0870227,-0.6580687,0.82662684,1.6111934,1.5048673,-0.60006946,0.20319752,0.59741783,0.94065934,1.0486602,0.6389194,-0.11438571,0.420609,-0.51502126,-0.65488005,0.72597694,0.02045916,-0.18330581,-0.5710815,0.44990876,-0.20711392
IND518102AAA,1.4932631,0.9458901,0.48928165,-0.6434421,0.6520995,0.19780855,0.6124033,-0.93108594,-1.3964542,-0.60089546,1.0094078,0.5352851,0.16700234,0.47644535,0.22427002,-0.25360963,0.80460054,-0.24942292,-0.45112738,1.9022644,0.56601954,0.9407954,0.15457068,0.53437674,0.5141808,-0.792509,-0.7490913,-0.29185033,0.27903444,0.14241035,-0.08215593,0.06336575
IND641062AAD,1.7566929,-0.07094175,1.6840194,-1.8763053,-0.38872543,0.6774094,-0.8982149,-1.4826752,-0.628374,0.84250987,0.41391376,0.4502062,1.1247662,0.86471236,1.140247,0.5285033,-0.9746563,1.0124571,0.5836402,1.4303844,0.6419177,0.9217553,-0.07354045,-0.31972405,-0.06247294,-0.009322233,0.15023482,-0.9383832,0.18230172,-0.25112513,-0.18540902,0.39677227
IND247554AAA,0.26982155,-1.1691902,1.3368932,-0.86615443,-0.03661678,-0.66330314,0.5019855,0.5515243,-0.5156348,-0.11221902,0.04300285,1.6583403,-0.8075858,-0.04062344,-0.02069947,-0.5465875,-0.9114468,0.58876204,0.35925773,-0.21145672,1.0744008,0.94973683,-1.3170311,-0.67554903,-0.15982786,-0.5691553,-0.16967565,-0.061184876,-0.2440336,-0.17060263,0.7409387,-0.24017455
IND515301AAA,2.0595036,0.80788344,1.3894781,-1.7359353,0.05911777,0.5009198,0.09671291,0.44477636,-0.16793533,1.058601,0.8522123,0.8542856,-0.91568375,-0.10091673,-0.62542254,1.2022434,0.2509336,0.17385499,-0.17112978,1.3196125,0.28171203,0.642185,-0.830202,1.2992243,0.17388223,-0.7752302,-0.510623,-0.86397016,-1.7315663,-1.1428766,0.65038764,-0.03991252
IND756045AAB,1.1230437,-0.721717,0.93897027,-0.26506752,0.43000048,0.19263765,-0.22647402,-0.51257366,0.7581987,-0.8298319,0.8256083,0.597612,1.0100865,0.7710585,1.1308382,0.31853876,0.59624094,-0.23765454,0.08583706,0.68406665,-0.1464745,0.37235987,-1.532895,0.09397529,0.77675706,0.2354038,0.86186576,-0.41853875,-1.6166159,-1.6050898,-0.17979835,0.85399884
IND793150AAA,0.79867786,-0.65145254,0.44030228,-0.8605275,0.75378186,0.1361068,-0.42859757,0.5888253,-0.033310775,-0.6405311,-0.33259907,2.2753515,-0.7477854,1.0244372,0.39682743,0.09165793,0.98779994,0.029217163,0.2559102,0.034524035,0.6640935,0.65622395,-0.10252951,-0.14674056,-0.69080555,-0.45048633,0.00964605,-0.32071134,-0.12708704,-0.009585233,-0.16279441,-0.5372693
IND576101AAA,1.2633778,-0.7005046,0.35459068,-0.83267874,-0.42346933,-0.85274714,0.03277274,-0.13078909,-0.64121103,-0.34709868,0.3708474,-0.17047672,-0.59827507,-0.37354746,0.84555596,-1.018569,0.18464296,1.5376416,0.9218971,1.6141701,0.07199413,-0.14789309,-0.45996344,-0.3790428,0.7013264,0.17529503,0.15775248,-0.61728466,-0.73157763,0.08149951,0.5526445,-0.5705933
IND133004AAA,0.70961666,-0.44139895,0.9071937,-0.6269931,0.8196731,-0.92845154,0.3021388,-0.4724214,-0.5819885,0.09839681,0.73696065,0.01282623,-0.52920604,0.9035735,-0.97749996,-0.17716989,0.49270904,0.579153,0.93933195,0.6352858,0.93493986,0.74309,-1.727223,0.08494378,-0.19656485,-0.77937114,-0.7950507,-0.323496,-0.10071906,-0.07760948,0.113544755,0.32444188
IND600008AAA,0.8084983,1.3165514,1.4832935,-0.7506682,-0.8936472,-0.83291596,-0.41389126,-0.23264925,-0.8997503,0.56549865,-0.32363287,1.6052418,-0.14739776,0.41641027,0.11498188,-0.4353204,-0.2078384,0.55266064,0.28217098,0.9584016,0.919909,0.23231305,-0.068181805,0.17903492,-0.6528494,-0.5030186,-1.0773735,-1.7676104,-1.9020343,-1.270715,-1.2540874,-0.7012087
IND506169AAB,0.86884594,0.088323295,0.8935492,-0.31098968,0.88311774,-0.3906367,0.18321429,-0.8839505,-0.5926529,0.04068965,0.19179192,1.1403131,-0.10683732,0.8622498,2.0219908,0.7707352,-0.13331017,0.08570988,0.3955429,2.2502866,-0.97842604,-0.3975035,0.9571058,-0.10931326,0.70775706,0.48959592,0.14814983,-0.9673419,-0.7861687,-0.7579821,0.23499317,0.28806528
IND610001AAA,0.771416,0.5306867,0.27993524,-0.557296,-0.008596329,-0.5817895,0.3880725,0.40253192,-0.65987986,-1.6331536,0.26051235,2.0874069,-0.37143558,0.7890286,0.84106654,-0.5079383,-0.14378116,0.53121454,0.88302,0.98649526,-0.4947101,0.47503993,-1.0090237,0.3642334,0.20849492,-1.8252102,0.67436105,-0.30963594,0.387733,-1.0609537,-0.72109276,0.6529212
IND733124AAA,1.5340569,-0.827369,0.5793455,0.34839633,0.691543,0.09229015,0.51738644,0.52447677,-1.3194116,0.46323445,0.38488704,2.208582,0.61875874,0.08968684,0.6670178,-0.35991144,0.25226974,0.20530848,1.3684993,0.9677513,0.0045149946,0.463283,-0.7784327,0.098568,0.14658941,0.5682668,1.0231591,-1.4021032,-0.8976024,0.17863058,0.22322348,0.25111383
IND623503AAA,2.3052666,0.21527876,-0.52414626,-1.1489197,0.3800094,-0.56836903,-0.7840665,-0.7694095,0.17548567,0.9169814,0.35707852,0.6151989,-0.26390928,-0.056158096,0.026519295,0.32926586,-0.2806724,-0.9139502,-0.15665492,1.5358255,0.313096,1.9439696,-0.85781,-0.32582098,-0.1282323,-0.47602758,0.49939328,-0.8321115,-1.5218486,0.07259867,-0.00014741445,1.6141735
IND493445AAB,1.1360905,0.056926273,0.8551607,-0.94607174,0.16425271,-0.6282648,-0.09091852,-0.15769282,-0.64708626,-0.15481804,0.17249888,1.1645129,0.06763269,0.65595484,0.5660762,0.07805004,-0.09574031,0.41552988,0.44286424,1.3306358,0.39969987,0.82741034,-0.6083,-0.47230867,-0.14362118,-0.4994274,-0.021568509,-0.6712249,-1.0235593,-0.42042932,0.25519177,0.25463417
IND362220AAA,0.6941543,-0.6085995,1.3227652,-0.9539124,-0.4849894,-0.80048853,1.1711893,-0.26301414,0.27895546,1.0602242,-0.3623059,0.8373014,1.0556,0.69772714,1.1552328,0.6520988,0.16991894,-0.061220378,1.2423958,1.4793563,0.39114082,0.53481454,-0.32965836,-0.8172804,-0.26413995,-0.9925049,-1.4402239,-0.9903948,-1.7525767,-0.14852764,-0.5426192,0.84337
IND577598AAB,1.4240438,0.23648387,-0.2376251,-0.8013364,-0.28139684,-0.8947442,0.26842734,-0.0056751394,-1.3244501,0.30421484,-0.0021703627,-0.55810755,-0.65222055,1.0251217,1.2954172,-0.63390535,0.78058964,1.5025254,1.0039791,1.50456,0.42102718,0.9976405,-0.12587841,-0.4809423,0.06009289,-0.5948397,0.70200944,-0.8970224,-0.3580927,0.19345172,0.49046806,-0.35140765
IND125047AAB,1.1441045,-0.50962764,1.3964506,0.13318656,1.1318601,-0.3920757,-0.08253477,0.006825934,0.11377624,-0.19193132,-0.22883889,1.1501096,0.23923235,0.8918888,-0.41854823,-0.8068361,0.15825108,0.56520045,0.44885784,0.65948725,-0.17999524,-0.08687545,-0.90155244,-0.24283203,-0.7171278,-1.4168282,0.22240064,0.6998354,-0.76747847,0.69290704,0.52807,0.040432043
IND415612AAA,0.96870905,0.37763035,1.3748727,-0.98596156,0.10977658,0.04243411,-1.1559657,-0.17934054,-1.2120453,0.095710486,-0.11324416,0.09917623,-0.37191346,0.35306406,0.23715031,0.30002528,1.1844674,0.21144675,0.2936337,1.5317773,0.28535995,-1.4002959,-0.18655774,-1.2672969,0.22727978,-0.83971924,-0.29227194,-0.41858727,-0.40313283,-0.24494144,0.13020764,0.010293879
IND518501AAA,1.194321,0.75178295,0.95283616,-0.9811613,0.6375216,-0.20006216,0.4230124,-0.77488786,-1.4036927,-0.79285663,0.5219995,0.66696155,0.7691232,0.33518848,0.047501855,-0.20024213,0.80826783,-0.5107999,-0.42253214,1.9305108,-0.15973985,0.41710448,-0.07916211,0.741152,1.0093782,-0.6473178,-0.32244548,-0.31940383,-0.19540851,-0.191907,-0.9139788,-0.15853631
IND223101AAB,1.9401811,-0.51978296,0.6605881,-0.62756383,0.9456815,-0.21288516,-0.28157735,0.8361384,-1.1984301,0.4975986,0.8724618,0.19389217,-0.4450495,1.7320662,0.16870892,-0.20722789,-1.0835992,1.2156084,0.104711056,1.4189181,-0.8596687,1.6596425,-0.02406457,1.0078286,-0.2135901,-1.1766328,0.4894312,-1.831484,-1.6256876,0.34751615,0.6023556,0.7845314
IND210501AAB,-0.10406442,-0.36276096,1.6065326,-0.7366764,0.81347704,-0.51743275,0.3122692,0.34033516,-0.030132975,0.05397592,-0.56423146,0.12693903,-0.7045613,0.051000424,1.2402813,0.7911737,-0.3761885,0.51924855,-0.1091733,0.96301985,0.4896664,0.8415171,-0.63917834,-0.07350102,-0.54864687,-0.41676602,0.70330656,0.19891597,-0.1543205,-0.028439537,0.05375144,-0.24178259
IND761200AAA,1.0135866,0.59129304,-0.5916209,-1.5400971,1.0849098,0.048636496,-0.13117772,-1.22407,0.3430586,-0.76568365,-0.39699998,1.3550497,0.23843844,0.9675819,0.47995856,0.5859642,-0.47847512,1.5651553,0.76104474,0.97900546,0.30362687,0.7615177,-0.53945595,0.28104144,1.0446593,-0.952969,0.99138516,-0.19877285,-0.7592007,-0.7790324,-0.21412271,-0.0685796
IND416602AAC,0.8008333,-0.027022084,0.52911204,-0.9177835,-0.13221413,-0.57495624,-0.40115336,-0.7506086,-0.34962523,-0.2437396,0.38091037,0.45185965,-0.55038744,0.4848293,0.33682823,-0.52859336,0.10018084,0.43771267,-0.32773504,0.72930896,0.6791199,-0.8478288,-0.2828181,-1.0019803,1.3868972,0.0067635817,0.5022535,-0.016846906,-0.7944402,0.46739683,0.44578505,-0.087965414
IND825409AAA,-0.038865924,-0.46430787,1.1300552,-0.11316573,0.27551728,-0.07323668,-0.007666522,-0.7457643,0.169642,-0.52186686,0.5839557,0.58532673,-0.76966065,0.13365349,0.27020952,-0.3419769,-0.36316827,0.03493208,-0.3443919,0.5387009,0.98760635,-0.13175672,-1.1463463,-0.4532378,-0.4024584,-0.6108932,0.73570955,0.008585355,-0.97540647,0.77106124,0.347021,0.058954075
IND581325AAA,1.0033487,-0.49360523,0.28744066,-0.9030566,-0.8547585,-1.3534194,-0.35133785,-0.6033924,-0.36780044,-0.26275578,0.37965924,0.50842285,-0.38565788,-0.14100884,0.26359645,-0.3535521,1.2840737,0.80609566,-0.42394546,1.7232782,0.64734584,-0.41023856,-0.6354403,-0.14946644,1.2184241,0.123220384,-0.14718515,-0.47889897,-1.0000386,0.38318434,0.37214822,0.20964763
IND627401AAA,1.0282645,-1.0465442,0.5382403,-1.0150838,-0.21581621,-1.2563467,-1.4068449,-0.34155175,-1.5770831,-0.51871896,1.5874523,1.832325,-0.56846875,0.27071464,0.30691215,-0.12699072,-0.5374579,0.5383813,-0.26147145,0.78635806,1.007321,0.708651,0.968116,-0.21958771,-0.24415737,0.29060695,-0.13729581,-1.1430023,-1.0912913,-0.65173525,1.29846,0.9778106
IND465001AAA,0.43405637,-0.13415435,1.083806,0.102517165,0.6977282,-0.4376004,0.06855289,0.23202957,-0.25240245,-0.06070438,0.0652761,-0.08811107,-0.1938007,-0.07020608,1.6431139,0.4768416,0.32228625,0.96210486,-0.805458,1.4793224,-0.042189006,-0.35333514,0.038661916,-0.22794545,-0.35105547,-0.70058876,-0.6854584,-0.042911675,-0.7566001,-0.65107167,1.0005726,-0.13274075
IND713148AAA,1.5047344,-0.75448495,0.24611461,-0.3258796,0.2361817,0.4169126,-0.11976198,-0.52701396,-1.1087784,-1.3872745,-0.26934156,0.35163367,0.734724,-0.13651678,1.1537141,-0.3308061,0.26696414,-0.020877073,0.95437473,0.5489,1.5775993,1.2264415,-0.8356732,0.7356399,-0.768759,-0.0044010254,0.019213127,-0.7391472,-1.6543558,-0.32172635,0.19992152,-0.095249385
IND390020AAA,-0.27973738,0.1936892,1.5529873,0.1792606,0.17229833,-0.29567853,-1.2148699,-0.06766996,-0.9331008,-1.1537552,-0.21986076,0.62344044,-0.035065167,-0.15517479,0.09332165,0.26683563,-0.0031847653,0.4229315,0.32150605,0.8009311,0.07524826,-0.027540041,-1.18184,-0.55681485,0.42226663,-1.368325,-0.47458482,-0.489317,-1.1474504,1.0487912,0.83248,0.29199338
IND560002AAA,0.9180216,0.40748465,0.23832314,-0.41897333,0.17958187,-0.3415498,0.46815187,-0.35166532,-0.46992058,-1.0948741,0.42432418,-0.4284426,-0.20070577,-0.14845526,0.2322412,0.18082549,0.65950847,0.51822937,0.012044342,0.85763544,-0.11949202,-0.17629817,-1.0439192,-0.5413869,0.029776828,-0.7137122,0.07808673,-0.7732,-0.27365324,-0.10709136,0.03621472,-0.17402333
IND110043AAC,0.32469726,-0.6315967,1.1736213,0.58032036,0.91084874,-0.29450482,-0.3340328,-0.33432996,0.13631468,-0.7844239,0.10779988,0.5108915,-0.28698072,0.079351,0.091815636,-0.16977113,-0.30112475,-0.12983713,-0.35529435,0.79759336,0.28831112,0.038461074,-1.0869366,-0.22449014,0.0439325,-0.18173984,0.035162624,-0.6161145,-0.33937865,0.42913392,-0.14281149,-0.22389026
IND690548AAA,2.1673732,0.706412,0.5814468,-1.234663,0.4951018,-1.5385401,0.329401,-0.3604818,-0.46887907,-0.6332445,-0.9620817,0.46363133,1.0382631,0.9867405,-0.5668097,1.4667028,0.18807708,0.267148,-0.41003102,1.6902035,-0.40003094,1.1201247,0.4691734,-0.57514685,0.4054556,0.17532589,-0.60570866,-0.13898008,-0.9136943,-0.38978356,0.37541655,0.60019374
IND481661AAA,0.19503967,-0.21365817,0.6342913,-1.5031697,1.4923784,-1.0965203,0.46619838,-0.025479563,-0.72029203,0.21917069,0.9253568,0.13294244,0.029273026,0.47892395,1.9519252,-0.11626886,0.47224826,0.07260481,-0.5071634,0.7803482,-0.5166645,0.5692279,-0.57392836,0.12006189,-0.42114705,-0.1473091,-0.8951173,-0.490903,-1.041924,-0.9244824,1.0802425,0.5246522
IND515401AAB,0.567021,-0.19603343,0.77261496,-1.2713311,-0.3838549,0.07651823,0.63842905,-0.37820828,-0.44006407,-0.024110047,0.49657604,0.30733418,-0.5521688,-0.8728388,-0.13069838,0.13931699,0.8631352,-0.12639593,-0.6742684,1.5408169,0.04636152,0.027667819,-1.4424454,0.46039906,0.30665684,-1.1756724,0.46177468,-0.48981988,-1.005431,-1.0010945,0.4514276,0.11388808
IND582209AAA,1.2890806,-0.6121871,0.50068617,-0.8755985,-1.0855447,-1.2066358,-0.5313271,-1.3022053,-0.5349011,-0.9481209,-0.30097985,0.9877102,0.35984415,0.20540321,0.10450799,0.48215917,1.6454294,0.64797336,-0.17955461,1.5474548,0.8142905,-0.016961409,-0.099720575,0.0815514,0.60899585,-0.28447425,-0.4804613,0.3192369,-1.3397633,0.47944617,0.66128886,0.62243146
IND312403AAA,0.15435147,-0.30131742,0.40749872,-1.2974448,-0.16511054,-0.20339528,-1.0232149,0.0479181,-0.6595401,-0.3563615,-0.9289149,1.433471,0.8495915,0.68763834,0.07698659,-0.78775287,-0.8220031,-0.041569836,-0.69464463,2.1959841,-0.93268526,0.42201358,-1.098705,-0.4601201,-0.420684,0.0005491901,-0.7451292,-0.13570513,-1.7359023,0.22962834,0.09909672,0.3720218
IND110064AAB,1.0905349,0.3986673,0.7541599,-0.56800526,1.4405595,-1.3557787,-0.11823027,-0.07872845,-0.28907704,-0.7410796,-0.13983375,2.2556355,0.5066925,0.45486128,1.476115,-0.43907276,-0.82849157,-0.92126787,0.82833356,0.013790178,0.5295359,0.64174354,-1.0730107,-0.58485997,-0.13304125,0.35911092,-1.1804835,-0.30966258,-0.6076813,-0.69775885,-0.032329455,1.756566
IND209101AAA,-0.44145408,-0.30143636,1.426685,-0.8118293,0.9317369,-0.869138,-0.19943374,0.40925765,-0.033456303,-0.20613469,-0.88314074,0.43142155,-0.6498734,0.24541076,0.93242764,0.5374737,-0.56172013,0.8605124,0.124672964,1.0734532,0.8553256,0.1822681,-0.24811852,0.007549906,-0.75009435,-1.0421367,0.5623271,0.24559468,-1.0743617,0.15080193,-0.24863528,-0.15263325
IND275503AAA,1.0200741,0.6814789,1.1685374,-1.7888178,0.651369,-1.6912128,-0.40406412,-1.0078291,-0.0570946,-1.0778368,0.3518022,0.40659645,0.05468892,1.5289508,1.2210577,0.0149961375,-0.2435827,-0.61598134,0.4393947,-0.060146883,0.5148615,1.9389421,0.012063352,0.16254173,-0.056960315,0.9950944,0.16625889,-0.57718,-1.4105498,0.09648453,0.96587867,0.58944696
IND341503AAB,0.47941884,-0.7818026,1.9259566,-1.3300037,0.48134753,-0.60962826,0.10737582,0.6274379,-0.3708583,-0.6726621,-0.28804767,0.0569684,1.1755183,0.16207778,0.2564883,-1.5696137,-0.8641392,0.5520813,0.08094437,2.3957477,-0.56641936,0.2695495,-0.35511282,-0.91837645,0.014919542,-0.17320867,-0.81262165,-0.75856334,-0.48047885,-0.9043251,-0.096229516,1.2526
IND673592AAA,1.1722379,0.31867078,0.5427258,-0.1431795,-0.44345906,-0.0713431,0.5311821,-0.044712577,-0.93400466,-0.71060324,0.55582523,0.30380625,0.34648103,0.5879607,-0.12855782,-0.38835084,0.8938578,0.2924285,0.045849897,1.6255538,-0.34702665,-0.5627557,-1.3723447,-0.35530606,0.39357087,-0.0020002425,-0.5833241,-0.5810664,-0.30186862,-0.71149915,0.508291,-1.0125835
IND852111AAA,-0.21408042,0.11735606,0.85011345,0.48254773,0.6896823,-1.8873992,-1.0914437,-0.0819445,0.23945014,-0.6001988,1.0719876,0.87253237,-0.23595437,0.8608585,0.41425255,-0.3438264,-0.035811216,0.66891664,-0.25073627,1.7454579,0.5716654,0.96547633,-0.8064112,0.1316087,-0.15366496,-0.2701103,0.90784216,-0.30223516,-1.114201,-0.07235921,-0.49854398,-0.46505946
IND152026AAA,0.7763126,-0.98367405,0.6692056,-0.17673469,0.16726401,-0.9105476,0.25246665,-0.22660802,-1.0921729,-0.5164609,0.51488996,0.16906694,-0.114588365,0.8306284,-0.69786674,0.5758972,-0.062998906,0.61073965,0.68986917,0.6703722,1.0703979,1.2892046,-0.9861688,-0.3387191,0.15985084,0.14113912,-1.1789199,-0.40026408,-0.22821714,-0.18749055,-0.43142354,0.3692678
IND841207AAB,0.827881,1.0331072,1.3874322,-1.6190029,0.74562657,-1.2593826,-0.35992715,-0.63658226,-1.9002061,0.6463362,0.70258707,0.6396937,1.0420305,1.120661,0.90695107,-0.19449176,0.38912386,-1.1390047,1.440562,1.4638555,0.43410283,1.4386743,-0.98281026,-0.3861869,-1.0188776,-1.3428782,1.1323347,-0.382771,0.70747244,-0.100447856,1.3326348,0.03435134
IND208012AAA,-0.21376456,-0.37924823,1.4377369,-0.87884164,1.2562828,-0.73344576,0.039206836,0.024653446,-0.15211976,-0.026672674,-0.49632284,0.36583477,-0.772764,0.12204885,1.080143,0.9867807,-0.33248448,0.34540656,0.24570589,1.2645452,0.4964149,0.36921516,-0.2540203,0.04527069,-0.7876246,-0.81124955,0.36286646,0.14290012,-0.47967416,0.28142852,-0.05979218,-0.4062194
IND363421AAB,2.2877815,0.5003069,0.056142725,-1.3023193,0.36160448,-0.62141234,-0.060888596,0.6021411,-1.1316692,-0.6936666,1.5849477,1.2202067,0.56510025,0.8332623,1.0273106,-0.8532629,-1.6455745,-0.65377915,-0.45215252,0.10220037,0.19747384,1.2581195,-0.8680139,-0.39071143,-0.060017966,-0.2753368,-0.23652942,-2.0997298,-0.6194616,-0.061184052,1.4887532,0.7457023
IND411017AAA,1.5878555,1.0357528,1.150561,-0.6582852,-0.13213706,0.8663817,-1.2124083,0.2292079,-0.75016665,-0.26816538,1.9671015,1.6947867,0.2950746,0.73903525,0.026014805,-1.1048877,-0.20998818,-0.16778818,1.7850198,0.35873523,0.9485919,0.8118715,-1.1206093,-0.19811958,0.65216786,0.17171036,-0.4596494,-1.5743282,-1.6763055,-0.94206375,-0.25454327,0.835338
IND462001AAA,0.23858394,-0.5125265,1.0151647,-0.1606855,0.8288432,-0.69222236,0.19725029,0.6772147,-0.97933525,-0.2652519,0.5845028,-0.29869682,0.14454165,0.10601332,1.7190248,0.36373302,-0.09524335,0.6482266,-0.6257002,1.0684296,0.24345037,-0.22708023,-0.20240678,-0.030648183,-0.016011406,-1.1865679,-0.27638084,0.11758201,-0.74034303,-0.20289515,1.0541967,-0.07475959
IND700065AAA,1.1983749,-0.33184415,0.014942777,0.24651583,0.573118,0.3652167,0.23842125,0.26141158,-0.25111783,-0.71307623,-0.33971795,0.8541597,-0.5670224,0.055863068,0.6920441,-0.08227554,0.34232488,-0.13324489,-0.09475143,0.5251758,0.78629863,0.080730535,-0.99884087,-0.16683832,-0.44958195,0.07793743,0.6540544,-0.61853313,-0.83914655,-0.39499307,0.11958777,-0.7954823
IND522647AAA,1.2716393,0.16176142,1.5023384,-0.47301313,-0.07571574,-0.9528151,1.2016791,-0.4102964,0.22712098,-0.70686966,0.22012003,1.127004,0.007793923,-0.2292505,0.37292108,0.9109889,-0.37938848,0.68524516,-0.66457576,1.1395516,0.22099857,-0.9118058,-0.39812297,0.15225513,1.0099868,-0.93770206,0.34128237,-0.8554538,-0.7719544,-1.0696874,-0.07965994,1.1941597
IND470004AAA,-0.08588078,0.45607746,1.314939,-0.1162202,0.9807084,-0.80222017,0.633425,0.55671495,-0.19537102,-0.4506649,0.21595323,-0.6784076,0.23342285,0.24655282,1.2925987,0.2910393,0.47182477,0.6788634,-0.1001918,0.85566485,0.3173293,0.17932767,-0.2786863,-0.6856419,-0.30210724,-0.8271681,0.10925429,-0.33415422,-1.7864562,-0.9197485,1.0930897,-0.3393834
IND731301AAA,1.6313952,-0.708089,-0.060250305,-0.5548329,0.3275057,0.4507238,-0.08987057,-0.70594823,-1.0204488,-1.110672,-0.16217253,0.16976096,0.8264743,0.08434607,0.9094982,-0.018786022,0.3890528,-0.15166023,0.8881328,0.49238372,1.8632915,1.3040991,-0.5226626,0.40818262,-0.7396136,0.042935386,0.12265149,-0.66606236,-1.8507278,-0.2660354,0.25624323,-0.11298508
IND581334AAA,1.609052,-0.060253777,0.5998796,-1.3669443,-0.049711227,-1.4895225,-0.5306158,-0.38466293,-0.72492915,-0.4719894,0.056261938,0.1300275,0.12631305,-0.32342204,0.7958941,-1.2348953,0.63905793,1.6309927,0.8708838,1.3372517,0.5395174,-0.22195446,-0.20104529,-0.081238665,1.355327,0.33740574,0.24442682,-0.0790236,-0.76640195,0.27450314,0.7004099,-0.37062243
IND110083AAA,0.2986165,-0.89975625,1.1874702,-0.5448965,0.44460392,-0.45890963,-1.0056335,-0.67445654,0.55671054,-1.050619,0.4721591,1.166619,0.16801114,0.4522941,-0.27404717,0.95346326,0.35137597,0.55665123,-0.37269083,0.17761669,0.8061026,-0.07588075,-0.6608952,-0.27238485,-0.5328271,-0.7447029,-0.15208368,-0.16326492,-0.7218743,0.6776057,0.7687017,-0.30403355
IND231205AAA,0.51042163,-0.22257727,0.6483706,-2.2699392,0.14015706,-1.1709441,-1.0686036,-1.0436519,-0.074868225,0.061038703,0.13344313,0.36603862,-0.7286674,0.91152596,0.30491233,-0.33293322,0.92302734,0.766296,1.8979169,0.6735439,0.07694912,0.9994578,-0.26300767,-0.66066355,-1.0714728,-0.8338813,1.1160153,0.15851802,-0.89542013,-1.3050531,0.76307493,0.6534355
IND563131AAA,1.7564251,1.566428,0.32021588,-1.2114277,-0.01729895,-0.07870822,0.50597364,-0.5518731,-0.059891146,-0.19016342,0.739422,0.024361815,-0.34722418,-0.22188666,0.6228522,0.11286242,0.54726183,1.0971102,0.3601201,0.5760527,-0.70027417,0.32399875,-1.3721422,-1.3133808,-0.40308958,-0.93318397,-0.4477026,-1.0222414,-0.8374486,0.43331653,0.18805754,0.2859671
IND224122AAA,0.37165695,-1.0075097,0.13087443,-0.7893218,-0.016622748,0.18507957,-0.845132,-0.356874,0.55299747,-0.082980566,0.4305099,1.7735457,-0.1504791,0.3567958,0.056763314,-1.9421264,-0.37886453,1.7520306,0.429426,1.7089487,0.89727545,2.28778,-0.51126486,-0.24729691,0.74529403,-0.7159233,-0.1153602,-0.974578,-1.5376136,-0.8371008,-0.41203836,0.84179157
IND415605AAA,1.0473151,-0.40387893,1.7636213,-1.1446629,-0.49649915,0.46635756,-1.0133228,-0.15617305,-0.96515113,-0.46445587,-0.046755906,-0.078874245,-0.06253666,1.0980747,0.10178759,0.192973,1.3660187,-0.005788097,0.34234107,1.6911829,-0.0001403001,-0.70318824,-0.33834088,-1.2941204,0.32570922,-1.2468143,0.6714634,0.5378068,-0.55693454,-0.2849408,-0.14541985,0.15593714
IND603102AAA,0.3750262,0.22348677,0.39136228,-0.1103349,0.2468387,-0.76623803,0.33400846,0.013305389,-0.5925252,-1.5860318,0.40922165,0.5242156,-0.752271,0.21089192,0.61861587,0.18797229,-0.27054906,0.43266493,0.69683266,0.8458462,-0.55155784,-0.49868336,-0.8968578,0.2723758,0.42849103,-1.8374916,0.040083606,-0.30086723,-0.42269108,-0.2502499,-0.30074853,0.45933473
IND521185AAA,0.8457111,0.15244935,0.46333182,0.45578837,0.96076787,-0.82704496,-0.4571122,-0.9386534,-0.78661615,0.049674723,0.1985663,0.5963688,-0.8834057,-0.11283706,-0.118055984,-0.20351662,-0.21819028,-0.9780587,0.045402475,1.5084311,0.1889469,-0.26275077,-1.1029426,-0.62364256,1.2612221,-0.8772623,0.7079334,-0.72849953,-0.64092606,0.32632047,0.09547168,-0.009033291
IND784110AAA,1.1452336,-0.4427391,0.42432946,-0.86123055,0.35399115,-0.29278865,-0.26172748,0.20682953,-0.048494652,-0.24137034,-0.6644287,1.5502876,-1.1566432,1.5594898,0.27727357,0.28830174,0.8468321,0.050696615,0.15743646,0.551252,0.40533102,0.15325922,0.003062042,-0.90339965,-0.96847785,0.2588961,0.49607205,-0.85589826,-0.29600734,0.01648975,-0.17832386,-0.6108139
IND274304AAA,0.90879077,0.48424703,1.2125219,-1.7595087,0.0016832966,-0.2740444,-0.41529086,0.25399706,-0.94497097,0.27213836,-0.54173076,0.25178963,-0.703849,0.17322652,0.8969377,1.3406216,-0.17836508,1.4117032,-0.46877736,1.3331356,0.11808247,1.7151968,1.1486186,0.109712765,-1.0064645,-1.0933975,0.22782215,0.09319118,-1.2512662,-0.43865252,0.64062506,0.22170182
IND570020AAA,1.7340479,0.3595415,0.851208,-0.40364724,-0.33610544,0.13122009,-0.69613016,0.195848,-0.863941,-1.069685,1.059755,-0.13633041,-0.6000652,0.36855978,0.011772417,-0.5664213,0.9217539,1.0166463,-0.8514788,1.2049396,0.19087628,0.44135928,-0.8339208,-0.21735495,0.12383337,0.22558296,-0.34776446,-0.5076237,0.056042485,-0.7369734,0.0696667,0.40961704
IND571401AAA,1.7150605,-0.22098893,0.71205246,-0.536605,1.4628005,-0.8507991,-1.8180147,-0.038527925,-1.52556,1.0843475,0.53173,1.6370237,-0.24638109,1.071143,0.6336409,0.38893896,-0.2596193,1.7335055,0.18129574,0.16887507,-0.2684944,0.057536513,-0.8358737,-0.075106874,-0.06669525,0.33798212,-0.026490945,-0.8222526,-2.1409829,-2.3847897,-0.13263316,-0.2841785
IND226024AAA,0.6263272,-0.71541315,1.63938,-0.9305736,-1.1383721,0.034217138,-0.8066911,-0.061439816,-0.4190403,0.653822,1.7665813,0.5312939,0.6052953,0.37642232,0.6034588,0.19672553,-0.7410735,-0.4415896,1.4560307,2.4904122,0.360447,0.96872264,-0.24458942,0.018967453,0.70846874,-0.7304159,-0.9277664,-1.532643,-1.0994436,-0.6704035,0.7989273,-0.75864565
IND342005AAD,0.48674148,-1.3408078,1.2294803,-1.1944492,-0.093659796,-0.2572931,-0.9402194,0.10665336,-0.74198186,-0.7288441,-0.51873434,0.9963699,0.7832091,0.12603731,-0.36486188,-1.1086316,-0.37194014,0.76829815,-0.38653696,1.589532,-0.16064097,-0.038187616,-0.66966796,-0.803705,-0.36675665,-0.1795117,0.26620373,-0.6237648,-0.1542522,-0.14750022,-0.21560375,-0.28312126
IND458990AAA,-0.13714516,-0.55261445,0.41219816,-1.9212002,-0.49792346,0.45861167,-0.99635893,0.017796658,-1.0801082,-0.9197001,-0.7553636,1.494739,0.07396605,0.33542255,-0.018974245,-0.607716,-0.18594208,0.23082489,0.387614,1.9303226,-1.444966,0.3800446,-0.84769684,-1.1514273,0.18502782,-0.7446748,-0.056373466,-0.5011454,-1.1189812,0.03937756,0.22245894,0.28608876
IND500032AAA,1.0170825,1.1816978,0.8644191,-1.0055238,0.7611337,0.23270217,0.3354826,-0.82650673,-1.0943362,-1.0979754,0.411271,0.54547334,0.11066759,0.9256369,1.1349621,0.93495446,-0.78357893,-0.7910002,-1.0601988,0.6950166,-0.2247873,-0.39274755,-0.4464272,-0.91504985,0.59978473,-1.1837717,0.328614,-0.061108153,-0.7814408,-1.4744521,0.8534904,0.34230095
IND000000AFG,1.5355383,0.92238086,0.73180467,-0.335961,0.20915888,-0.7863645,0.09364276,0.43425724,0.3990239,0.81519216,-0.2279647,1.3824732,0.6915481,1.3529836,1.2193522,-1.0003532,-0.58125126,1.05334,-0.5592967,1.1620053,-0.1853335,1.422278,-0.35813758,-1.2151449,0.25182053,-1.059379,0.08125931,0.25187838,-0.35879287,-1.2984377,0.55691946,-0.74130017
IND144001AAA,1.7603129,-0.12827507,1.7503258,-0.5746496,-0.21293479,-0.60428125,-0.014243064,0.5510393,-0.40575945,-0.18558194,0.7672398,0.27893525,-0.21007924,1.0670335,-0.38821897,0.4869121,0.042488977,0.49975058,1.180179,0.035969414,0.25631365,1.2888384,-1.001429,-1.0574808,0.5714203,-0.38727534,-1.4972925,-1.1433235,-0.15312399,-0.024117209,-0.7672129,-0.12499844
IND122001AAD,0.26943433,-0.75799936,1.8875753,-0.3649563,0.53034204,-0.6661938,-1.2418156,-1.0110686,-0.18447313,-0.54189855,0.13706039,0.6080461,-0.27854845,1.5300512,0.51781595,-0.8259293,-0.860079,-0.020480582,0.62965757,0.6021226,0.21208034,-0.1235644,-1.8801116,0.7709924,0.055250123,-0.6228861,-0.6086846,-0.6819458,-0.42132464,0.3416547,-0.086436294,-0.10389162
IND414502AAA,0.9901156,-0.09357712,1.2620945,-1.3375794,-0.054489784,-0.049791288,-0.40591228,-0.71463823,-0.87884283,0.058369268,0.312565,-0.13406694,0.15574987,1.8671685,0.18544403,0.6184995,0.8796244,-0.25401852,-0.9086799,1.0486131,1.3679594,0.34280574,-0.13953812,-1.046498,0.33885562,0.7896527,0.10234964,-0.2043436,-1.9371967,0.47661307,0.9277795,0.4654401
IND796081AAA,1.342449,-0.88438237,-0.30112964,-1.2755109,0.3439132,-1.0871787,-0.60130924,0.42383823,-0.3137496,-0.31731603,-0.56219864,2.2415953,-0.9796816,0.9825468,0.66549796,1.24229,0.70100695,0.0045573097,0.38996503,0.45182553,-0.24465032,0.67456764,-0.54737264,0.10459669,-0.78165144,-0.12023861,0.37576225,-0.30443728,-0.8159885,-0.03343483,0.041172147,-0.2188956
IND783370AAB,2.0808713,-0.103482574,0.4078,-0.87174875,-0.08459022,-0.4509743,-1.0217267,0.98227537,-0.11435828,-0.57102156,0.53851604,1.2782131,-1.169261,0.44760215,1.2234739,0.47355935,1.079623,-0.44302356,0.877114,0.5858172,0.29598427,1.5064802,0.30163348,-0.65905976,-0.075649455,0.12203093,-0.30411398,-0.5505232,-0.57025373,-1.2582906,-0.9525594,0.53707415
IND466116AAA,-0.023486853,-0.34106246,0.75176316,0.1026661,0.7916112,-0.69974905,0.52667147,0.25853318,-0.45938462,-0.13561532,0.44427538,0.1270797,-0.044483308,-0.034322582,1.469989,0.2602053,0.5565722,0.7242728,-0.43766934,1.2848961,-0.08100375,-0.15254837,-0.25806478,-0.159514,-0.17768273,-0.8873073,-0.0026232405,-0.03684634,-0.921397,-0.17183241,1.1132334,-0.3636036
IND332713AAA,1.4329156,0.06344689,1.8248756,-1.2255752,1.8707446,-2.0184796,0.6469529,0.6594841,-1.1746286,-0.3781167,0.29039884,1.3567102,1.408955,0.6453781,-0.13121551,0.18155855,0.33791143,0.8417256,1.3694874,0.68627304,0.33009204,1.4015077,0.23701315,0.050158866,-0.5726546,0.8789167,0.43153518,-0.36777502,-1.2189599,-1.7968978,1.0872312,-0.86003304
IND361335AAA,1.7558045,1.2322365,1.7791644,-1.0265889,0.7391094,0.20573264,0.25468487,-0.40838903,0.18623425,-1.3230628,0.50029486,1.0972258,0.37713817,0.7664725,0.27112305,0.12665208,-0.6905724,1.3440593,1.6929411,0.9635465,-0.10244988,0.84083,-0.66096175,0.95143783,-0.33401316,0.8118207,-1.012685,-0.031603325,-1.5426753,-1.0003949,-0.0059467615,-0.07766757
IND415301AAB,1.4368509,0.8833739,-0.22677004,-1.0801897,-0.24985646,-0.2722144,-0.018022917,-0.3924404,-0.57484514,-1.0397395,0.44636723,1.5101377,0.029488796,0.9229741,0.53617066,0.21222636,0.25353038,-0.41003093,-0.66508144,0.7989702,1.2335684,-0.73300827,-0.009233265,-0.2446452,0.91886216,-0.37365806,-0.6278804,-0.12518822,-1.6008767,0.12107835,1.1959714,-1.3006423
IND515865AAB,0.89746326,0.06321395,0.58475524,-2.0780606,-0.04154815,-0.2752142,0.9125732,-0.2932917,-0.3617486,-0.05754253,0.29318562,0.20582949,-0.28378516,-0.93179363,0.16188627,0.7167619,1.1761883,-0.42671648,-0.8061744,1.6423113,0.09162465,0.36324945,-0.8269279,0.3789124,0.47769517,-0.8089701,0.21268554,-0.054714214,-1.0647372,-1.1312306,0.64778066,0.042755987
IND591115AAB,1.2322766,-0.6642136,0.6469105,-0.41413763,-0.5958916,-0.9541931,-0.3144894,-1.2967597,-0.7172932,-0.3536078,0.016984679,0.30976832,-0.027865455,-0.27095205,0.6316794,0.25691548,1.536032,0.7433527,-0.10561133,1.3554915,1.150458,-0.1834314,-0.25827524,-0.54138017,0.6816668,0.16183493,-0.359115,-0.58669424,-1.1292304,0.6258227,0.28764987,0.32855812
IND689645AAA,2.085216,1.057395,0.35843998,-1.2926564,-0.2387835,-1.1250395,-0.36555097,0.9315974,-1.4585164,-1.6267027,-0.15543954,1.0262258,1.1630887,-0.16961268,0.3171729,0.56636953,-0.1621303,0.38232842,0.52925676,1.2036902,0.59050125,0.36526808,0.0085174935,-1.118146,-0.2136895,0.003567701,0.088158205,-0.6678875,-0.11021448,0.38044924,-0.92656726,0.9050867
IND507002AAA,0.74158,1.0346621,1.4861552,-0.42135045,0.9504598,-0.3329429,-0.0015649524,-0.32702038,-0.061623488,0.29317376,0.34560195,1.0387398,-0.8243367,-0.046204053,0.44003585,-0.11454471,0.11098294,-0.958642,-0.16274975,0.99772143,-0.042884823,-0.26884034,-0.35876098,-0.44943056,1.1656058,-0.5168533,0.9173519,-0.5280007,-0.8076704,0.3053158,0.7047878,0.37308374
IND500008AAD,0.33884335,0.30178982,0.47077557,-0.22179024,0.58771604,0.09819489,0.3107399,-0.7469574,-0.3305137,-0.56108624,0.34255996,0.29650477,-0.54827946,0.36802393,0.44444627,0.2004448,0.15914054,-0.3116533,-0.6761127,0.94336885,0.21064468,-0.21263434,0.008171578,0.26023352,0.5739166,-0.76436347,0.5178518,-0.3779761,-0.5510936,-0.7391416,0.40775096,-0.14615475
IND285205AAB,-0.53107005,0.057803143,1.5466598,-1.1591358,1.0386502,-1.1030076,-0.28146425,0.33953997,0.30786487,-0.29703784,-1.2967861,0.8566095,-0.29403296,0.293232,0.9896787,0.3435484,-1.4903308,1.2528108,0.26374647,1.2549225,1.0811093,0.26940444,-0.54832566,0.09093226,-0.76473916,-1.4137788,0.3358306,-0.03852723,-1.3758734,-0.3127413,0.0014918244,-0.20370907
IND388320AAA,-0.336074,0.04959638,1.4941468,-0.277869,-0.20112124,0.22678505,-1.4199601,0.08466182,-0.37778836,-0.84590846,-0.085360214,0.38688946,-0.67131555,0.32425082,0.26916435,0.078898236,-0.03952534,0.5924616,0.60604656,0.88254446,0.4205354,0.45463789,-0.8563662,-1.0303217,0.02462784,-0.4950105,-0.6452096,-0.596154,-1.1713946,0.9585252,1.1432005,0.6510854
IND263153AAB,0.78605986,-0.39324507,1.0228117,-0.09609916,-0.09695156,-1.565531,0.0828779,0.79877293,-0.21578155,-0.70965517,-0.116561,0.8098692,-0.7844289,0.15137486,-0.13777792,-0.35854515,0.17877007,-0.1569538,-0.08909688,-0.12188758,1.0347687,1.4166158,-0.866179,-1.3320926,0.24526174,-0.8574091,-0.058626037,0.020015517,-0.41874912,-0.24000196,1.0236512,0.36399767
IND494334AAB,1.1546011,0.072464086,0.82695156,-0.9498605,0.14516868,-0.6254598,-0.08619849,-0.13254884,-0.608306,-0.15979515,0.15562375,1.1491852,0.037365843,0.6475193,0.5835418,0.048936613,-0.1272172,0.43835765,0.43989375,1.3154823,0.35753107,0.85013855,-0.6375762,-0.46810785,-0.11512066,-0.4739476,0.008784293,-0.66889286,-1.0495759,-0.42642,0.30375186,0.25185817
IND410501AAF,0.6270568,-0.066135004,0.83773047,-0.4904054,-0.107211314,-0.17011805,-0.11331105,-0.58831185,-0.17593202,-0.46982574,-0.06548471,0.026423017,0.1541095,0.42293245,-0.08019153,0.3129165,0.31801346,0.27910256,-0.14282337,0.7893177,1.0355556,-0.4905194,-0.030926803,-0.8964303,1.5154973,-0.45287645,0.294747,0.13716894,-1.3471868,0.023626268,0.0918007,0.14160855
IND203390AAA,0.60116464,-0.51673335,1.2766094,-0.70543426,1.117837,-1.114961,-0.783194,0.061343092,0.020735936,-0.32975104,0.70392424,0.8225337,-1.0157655,-0.21154639,-0.43686056,-0.22451156,-0.48344907,-0.5749679,0.07810555,0.83243304,0.5888754,0.3066945,-0.22257082,-0.5893854,-1.0261984,-1.9267114,-0.8998523,-1.0088549,-0.29259974,-0.14238285,0.3947746,-0.43233126
IND787001AAA,0.94002366,0.7836414,0.22384377,-1.2457122,1.488061,-0.45492423,-0.50577104,-0.08316261,0.36992386,0.41935128,-0.13932198,2.4431996,-1.4751108,0.5818358,-0.20940384,-0.25730142,0.8429815,1.6103828,0.7661744,1.1648359,0.52825445,0.9409101,0.13874426,-0.29073066,-0.36912063,0.8317651,-0.3053581,-0.7510332,-1.4306493,-0.38510284,1.144642,0.8584673
IND786001AAB,0.56089234,-0.19449182,0.5041533,-1.0628879,0.038156252,-0.7608067,0.0665553,0.2418386,-0.06325146,0.08763787,-0.050510425,2.1621008,0.15299462,1.5472494,0.52969843,-0.7417748,1.6520414,-0.19776542,0.6285447,0.8867869,0.49132305,1.1485212,0.810335,-0.1391523,-0.77796185,-0.5655791,0.42583704,-1.077092,-1.5475376,0.793869,-0.18686989,0.2562851
IND602001AAB,0.91023487,1.1298603,0.44599065,-1.2311246,0.111397505,-0.82834995,-0.2531739,-0.106262065,-1.1369523,-0.47714752,-0.18135656,0.75992113,-0.24271123,0.7880754,1.664226,0.55685794,-0.65917337,-0.0378435,0.77882993,1.4293408,-0.9922265,2.2787056,-0.5396773,0.7216055,-1.6156793,0.052192807,-0.4649202,-1.1678917,-0.8857128,-1.1424718,-0.102766424,1.0869734
IND173025AAA,0.74513876,-0.48836908,0.9432469,-0.31468537,1.0605669,-0.9646241,0.4546411,-0.33369765,-0.6443079,-0.12528196,0.7110705,-0.09135506,-0.6761303,0.7353766,-0.8536871,0.024574794,0.77504134,0.319696,0.9259264,0.5292535,0.8838884,0.7264765,-1.2612927,-0.14156047,-0.3153612,-0.70214784,-1.0359079,-0.50395316,-0.038146768,-0.21487273,0.19707288,0.20064951
IND415408AAC,0.80650556,0.36837584,1.3845296,-1.030206,-0.09744016,0.012317952,-0.8505214,-0.22659612,-1.2431102,-0.0012966578,-0.08830338,0.14729342,-0.44845572,0.47778502,0.18010198,0.26008683,1.2546138,0.097700134,0.39492,1.2599854,0.12757649,-1.287441,-0.34238368,-1.1756049,0.32187998,-0.71928656,-0.26225066,-0.18190272,-0.4295676,-0.20788504,0.06297204,0.036806602
IND756032AAA,1.7630304,-1.0807158,0.56246245,0.10909277,0.3196653,0.047725275,-0.025154656,-0.2411387,0.013729395,-0.20909469,-0.49242258,0.48564255,-0.24295487,-0.4292482,1.0636841,0.1152012,0.26460359,0.2761434,0.2607467,0.28999916,0.6975457,-0.088525884,-0.89786845,-0.38752198,-0.5263267,-0.0947547,0.43150908,-1.2528685,-0.29926154,-0.7193909,0.32354304,-0.75467664
IND465333AAA,0.4592479,-0.3382871,0.97390723,0.19615409,0.680433,-0.55937874,-0.27960572,0.24132705,-0.4689388,-0.11875658,-0.06707884,-0.066913664,-0.052512053,-0.17862083,1.9515246,0.21573752,0.4290286,0.8699361,-0.58676654,1.473602,-0.0017273398,-0.43372485,-0.1479234,-0.16801499,-0.34056953,-0.5711446,-0.5158046,0.1166329,-0.7523401,-0.68645775,0.87184,-0.35108647
IND814101AAB,0.2132085,-0.27684745,1.2691272,-0.8600412,0.53370667,0.04759491,-0.1763607,-0.19633709,-0.2020619,0.17235501,-0.44021228,1.1643938,-0.30885687,-0.53979665,1.4484452,0.10597803,-0.25834444,0.053014748,0.22127321,1.3886269,1.0188358,0.16670772,-0.7693848,0.32153273,-1.3399484,0.08517805,0.97135997,0.034835685,-1.1422446,-0.47697744,0.4108352,-0.7892136
IND400072AAJ,0.015146179,-0.127268,0.040087912,-0.6956054,0.62328255,-0.14324719,0.023468971,0.25228745,-0.76757,-0.5284362,-0.5253771,0.9484481,-0.53820854,-0.44769064,1.1047267,-0.12685716,-0.07139164,0.44946244,-0.59716827,0.42510852,0.8996956,-0.53198594,-0.6747961,-1.4306413,0.36277315,-0.20828809,0.06901036,0.0485707,-0.91407883,-0.3699402,0.4962348,-0.13851638
IND360003AAA,1.2960379,-0.116477914,-0.47668687,-0.48800832,0.60270166,0.03857038,-1.0707808,0.048259374,-1.0558022,0.29257083,-0.527905,0.6179734,0.54298896,0.9614094,0.94768727,0.48957184,-1.4649255,1.3682902,0.55809253,1.0020096,-0.3101864,0.39017347,-0.6996339,-1.475581,0.61457807,-0.71573275,0.050165534,-1.6363287,-1.9234906,-0.9834262,0.22884324,1.7064711
IND151302AAA,0.789816,-0.5038112,0.51751935,-0.070777595,-0.20545371,-0.5936477,0.052476544,-0.24678345,-1.2762042,-0.14339143,0.38077512,0.9233061,-0.16178726,0.82812935,-1.3114336,0.2927337,-0.38189182,0.39142948,0.60290545,1.212071,0.93340987,1.4714612,-1.5197215,0.3461001,-0.35746938,-0.21247259,-1.2075721,-0.16027735,-0.28435948,-0.7198529,-0.3093335,0.5647947
IND124103AAA,-0.03456765,-0.2850965,1.4645765,0.18241747,0.25054258,-0.6121402,0.1623217,-0.32324392,-0.19795913,-1.0144789,0.48595846,0.37898368,-0.0051227887,-0.076872796,-0.31475192,0.055390038,-0.6352562,0.06337258,-0.5875965,0.95899916,0.5753423,0.27675858,-0.7503134,-0.12923184,0.11426604,-0.64086163,0.109431654,0.3545698,-0.64968705,0.6313125,0.2640482,-0.16311662
IND686141AAA,1.835673,1.1618904,0.34787768,-1.0203638,0.4406536,-1.6719038,0.70665354,0.15767384,-0.45712328,-0.9948686,-0.8257398,0.49013638,0.30280036,0.70151913,-0.5653655,0.8915476,0.256082,0.2857162,-0.520912,1.3333359,-0.58883935,0.66802174,-0.15764703,-0.903492,-0.13147382,-0.017284967,-0.6887055,-0.2604221,-0.8985495,-0.5298922,0.37061933,0.35868105
IND689101AAA,2.2193394,0.9784076,0.44792444,-1.303635,0.42426318,-1.5509799,0.3834025,-0.2680213,-0.3695798,-0.5484685,-0.8588401,0.40393817,0.87889415,0.9651822,-0.4720151,1.4550029,0.1081746,0.42850122,-0.3562416,1.5435256,-0.3820329,1.0047263,0.34092563,-0.8643742,0.17124017,0.06624413,-0.6732689,-0.18172859,-0.9110939,-0.45868167,0.42815903,0.60256624
IND403726AAA,1.0698185,-0.31435096,0.5951522,-0.98504823,-0.6378384,-1.0624028,-0.12777337,-0.6213725,-0.6925168,-0.07880436,0.26058206,0.20082867,-0.29361045,-0.04427094,0.4895733,-0.5156221,0.8529166,0.61414444,-0.013343614,1.1925434,0.71287245,-0.5406102,-0.23894499,-0.38543934,1.3095329,-0.008847053,0.28435597,-0.22089793,-0.9446231,0.42141408,0.39492467,-0.34547982
IND175001AAA,0.9813004,-0.11772696,0.78771204,-1.0360112,1.2197713,-1.2311144,0.14185722,-0.44414106,-0.62537026,0.05109774,0.6605839,0.5896364,0.061477028,1.8200797,-0.69000614,0.42408967,-0.3611287,0.7041539,0.8419735,0.8836075,1.2692807,-0.10080501,-1.3910937,-0.1429616,0.064003535,0.30849567,-0.6861065,-1.0359375,0.5833309,0.4694743,0.3625151,0.04456401
IND791125AAB,1.1259187,0.2614877,0.32882205,-0.9896645,1.4098053,-0.15066512,-0.512106,0.44689545,0.43637773,0.16032906,-0.43015754,2.173401,-1.4510198,0.8065443,-0.48772693,-0.16026476,0.87147206,1.0733339,0.55987215,0.79997677,0.6635316,0.748595,0.13413489,-0.50942826,-0.3886715,0.445649,-0.058429487,-0.88322437,-0.81450975,-0.29762003,0.71523505,0.37446633
IND521225AAB,0.71839315,-0.032578185,0.89146614,0.1496007,1.1170117,-0.4463656,-0.426997,-0.6383063,-0.2993103,-0.17224264,0.13167986,0.36514458,-0.37496424,-0.14487594,-0.0015675223,0.051644668,-0.09368499,-0.719682,-0.26349026,1.0614719,0.41068614,-0.47227424,-0.52235156,-0.45464933,0.9849995,-0.31522784,0.62619466,-0.4675919,-0.5783348,0.08710072,0.30364394,0.14982994
IND335803AAA,1.1067449,-0.71153975,0.6943462,-0.53401905,1.23351,-0.37778714,-0.44405803,-0.87688774,0.30630895,0.0064507965,0.66676706,0.80991876,0.46171993,0.25506034,0.13396016,-0.76448256,-0.1261915,0.21997182,0.17614804,1.3264949,0.47662395,0.47177687,-0.85536486,-0.35242203,-0.7187649,-1.563295,-0.45856035,1.5468242,-1.1186982,0.56827646,0.7715626,0.3975958
IND341030AAA,-0.19617291,-0.5027545,1.5068864,-0.8765627,-0.5061128,-0.7922472,0.2680056,-0.4770823,-0.25387457,-1.7657592,-0.21179862,0.8770355,1.1700976,1.2680866,0.17570756,-0.57414407,0.4716441,0.39885753,0.545558,1.7687951,0.17303666,0.44532606,-0.21150975,-1.2454146,-0.8559341,-0.08651205,-0.1766655,-0.121703796,0.030713627,-0.7682595,0.5093692,-0.85199755
IND673305AAA,1.7165536,0.9979609,0.83696926,-0.40276656,0.2264725,-0.8550529,0.10151767,0.47152802,0.36390993,0.8746812,-0.23440401,1.4774941,0.7534901,1.4419931,1.3888898,-1.1085004,-0.6610876,1.1771767,-0.56781733,1.3303474,-0.20745566,1.5665325,-0.4300055,-1.3472279,0.24517001,-1.1737646,0.06235032,0.22846493,-0.4057057,-1.4404857,0.5911765,-0.8057768
IND174001AAA,0.6457562,-0.21851812,0.889964,-1.0798059,1.0933298,-1.2145714,0.15149261,-0.08967377,-1.0423007,0.10946068,0.5712864,0.36595753,-0.18125238,0.9662201,-0.24921435,0.16993417,-0.52378595,1.1630801,1.2896509,0.81485206,0.9198435,0.17495923,-1.4456146,-0.5823061,0.79060936,0.29496053,-0.78641725,-1.1599984,0.52769125,0.25966316,0.530069,0.26883727
IND249201AAA,0.89989114,-0.59649163,1.302693,-0.31129584,0.021240862,-1.0345916,0.922452,0.5142266,-0.9437785,0.14083044,0.37042135,1.964174,-0.056721214,0.47274774,-0.64898705,-0.40978846,-0.30741024,0.12156297,-0.26060227,-0.39835665,0.20401436,0.9909803,-1.1563904,-1.4314758,0.85566396,-1.2470878,-0.37213182,0.2919987,-0.8940273,-0.29061556,0.25072393,-0.42273727
IND700026AAC,1.1358869,-0.2532591,0.25369176,0.16048686,0.4382465,0.57427204,0.14089282,0.07995135,-0.21713187,-0.4666705,-0.4722794,0.73725647,-0.55181867,0.20193473,0.608783,-0.07830608,0.36175063,-0.2948797,0.0024435786,0.47937244,0.8638579,0.11574186,-1.0521542,-0.08609455,-0.46216047,-0.1467707,0.5177505,-0.75654304,-0.96753335,-0.2809742,0.14565103,-0.8414813
IND843105AAB,0.57598364,-0.17809482,1.0474086,-0.19691548,0.25886622,-1.664784,-0.5679799,0.48119664,1.0444065,-0.23196661,0.5708468,0.28088033,0.283782,-0.054422256,-0.039900903,-0.053291805,0.1475107,0.64857954,0.52205974,1.2762103,0.9901696,0.86154073,-1.0963026,-1.1357056,-0.45200545,0.3214169,0.17036462,-0.41036463,-1.404938,0.5839494,-0.22731693,0.41723457
IND631102AAA,0.33227527,0.21042265,0.5127164,-0.3909149,0.2515266,-0.29083553,0.40535954,-0.65755135,0.010147002,-1.4930693,0.34718546,0.78588235,-0.17875557,0.086859,0.16476996,-0.46341762,0.43408826,0.9301181,0.21567783,0.88882315,-0.17161764,-0.6943186,-0.7100703,-0.17657408,0.21719077,-1.9653919,-0.19944295,-0.53567207,-0.44390205,-0.6576991,-0.11414014,0.49884692
IND621010AAA,0.598304,1.14861,-0.08573281,-1.7270601,-1.2095647,-1.3241156,1.0927107,-0.049908973,-1.0568125,0.8863944,-0.2894997,1.4804264,-0.04831896,0.31859463,1.2081164,0.15252805,-0.75424534,0.8202568,0.2793619,1.313521,0.2666023,0.49133775,-1.363652,-0.2381413,-1.2620754,-0.8201986,0.8181894,-0.83814424,-1.7130486,-0.20715497,-0.202877,0.6130701
IND125050AAA,1.1438696,-0.40858766,1.6253006,-0.13037233,1.1393446,-0.30317682,-0.23789296,0.29305795,0.091150604,-0.09865169,-0.15090117,1.2390894,0.46379575,0.97026384,-0.2979038,-0.7691578,0.2637444,0.39397177,0.35907885,0.70855784,-0.07977168,-0.04446453,-0.7615358,-0.5274661,-0.8270025,-1.2747127,0.23979935,0.83153963,-0.71388495,0.80250716,0.75848484,-0.19798517
IND321401AAB,0.29379338,-0.4152253,0.71856225,-0.5211242,0.25943175,-0.98375463,-1.2793126,0.11667621,-0.30085447,-1.4148394,0.15581165,-0.20902091,1.0655133,0.68329173,0.42986596,-0.33797336,-0.6319894,-0.08783918,-0.5048286,1.7217565,0.14581104,0.135673,-1.7177322,-0.91405445,-0.5365348,-0.88579726,-0.08220688,-0.22617611,-0.12788385,-0.08357672,0.8684973,-0.31734112
IND580028AAA,1.1431869,-0.46356568,0.44445792,-0.54864275,-0.6100329,-0.7609072,-0.1969157,-1.0884954,-0.60594356,-0.49290645,0.18189093,0.2884932,-0.06640575,-0.09839163,0.093260035,-0.16699654,1.4563351,0.5825493,-0.18955673,1.1563543,0.67513263,-0.3010718,-0.42058715,-0.31029764,0.6910947,-0.06390574,-0.08732149,-0.34725925,-0.80896723,0.39762297,0.50861317,0.21118613
IND335501AAA,0.9102344,-0.21042415,1.4360594,0.37567657,1.2380719,-0.37991416,-0.048952755,-0.17042612,0.11372793,-0.19571412,0.05285147,0.3513513,0.32719713,1.2310426,0.15899967,-0.28231013,-0.34909096,0.41123858,0.55939853,1.3446429,0.45733193,-0.048696335,-0.49922672,-0.41295314,-0.7046904,-1.3302978,0.22692081,0.797128,-0.7332416,0.7758477,1.5701722,-0.014058483
IND500039AAB,1.0670756,0.477821,1.1562635,-0.52096117,0.49394184,-0.032027736,0.72767514,-1.6797166,0.12140527,-0.5402629,0.17925197,1.2947869,-1.3483498,0.5933307,0.06682631,-0.24602446,0.47915345,-0.17634492,-0.28380278,1.4490579,-0.07005941,1.0219878,0.64282465,-0.22416006,0.4105526,-1.0603778,0.1273112,0.7592209,-1.2597069,-1.3773094,0.75021553,-0.27638048
IND328001AAA,0.6973457,-0.18065172,1.2029276,0.5465438,0.7601873,-0.3417392,-0.71992165,-0.57297224,-0.023055935,-0.41186854,0.19090882,0.54728514,-0.29039657,0.35489735,0.6649195,0.19563997,-0.76871973,0.6608202,-0.7327488,0.44679174,0.100416735,0.35475138,-0.70362705,-0.9395779,-0.061025485,-0.56168336,-0.0190717,0.017918702,0.091646016,0.5264242,-0.18285972,-0.2485985
IND411036AAA,0.7113236,0.013283809,0.3098013,-0.70760876,0.12580281,-0.33787432,-0.36293915,-0.6343205,-0.47127664,-0.6058808,0.3083815,-0.03857692,-0.08967963,0.54711956,0.301365,0.12532824,0.46967137,-0.011046891,-0.20904543,0.711149,1.1210493,-0.62745583,-0.6350073,-0.7935667,1.1761714,-0.49505156,0.020001626,0.1620809,-0.76556146,0.54649466,-0.030018454,0.031090278
IND721507AAA,1.5499243,-0.31479287,-0.008889128,-0.5196964,0.5519431,1.1221849,-0.28863308,-0.23478073,-0.3198737,0.040929724,-0.74080735,0.7580024,-0.79450107,0.41598234,1.018543,0.06746237,0.38984907,-0.08949359,0.19500013,1.3445321,0.99020445,-0.2568696,-1.1426893,0.06703163,-0.7771218,0.055092268,0.32578707,-0.7277362,-0.8276393,-0.18021312,0.8451413,0.0006009708
IND303106AAA,0.04285041,-0.37933078,1.060372,-1.612218,0.6253173,-0.23729679,0.19777483,-0.39942408,0.010675082,-1.0527346,0.00978601,0.22736049,0.71429574,0.10193021,0.0070549576,-0.50760317,-0.32938984,0.21163549,-0.46120185,1.5987824,-0.30797774,-0.014401514,-0.6872649,-1.0064183,-0.48430243,-0.06547726,-0.7867316,-0.37198538,-0.52383363,0.26473022,-0.37130272,-0.9960601
IND524201AAA,1.171771,-0.06653157,1.525449,-0.34133932,-0.060901552,-0.3758747,1.048396,-0.28819275,0.09518159,-0.799818,0.19760346,1.2344873,-0.58440995,-0.027920606,0.43989098,0.5789758,-0.3148178,0.5292458,-0.41365394,1.3278702,0.24565332,-0.7216061,-0.15492353,0.3798894,1.0063826,-0.8562244,0.44527838,-0.8757856,-0.25437248,-1.1006602,-0.2558157,0.8472427
IND484224AAA,0.87070334,-0.5501083,0.22730781,-1.0095174,1.1391307,-0.92776436,0.15260752,-0.37047446,-0.76323277,0.78629005,0.98416895,0.6192447,-0.35586753,0.3215154,1.826109,-0.34637386,0.5624117,-0.84620947,-0.27792928,1.2665149,-0.64142364,0.9279488,-0.41227648,-0.4872557,-0.96460485,-0.010279488,-0.64141345,0.14130901,-1.0895121,-1.0106622,1.0163107,0.44001427
IND574104AAA,1.089846,-0.5475333,0.6013101,-1.4182814,-0.011454681,-0.27939466,0.30285954,0.17822488,-1.2983743,-0.28345332,0.1515005,-0.5900977,-0.66425264,-0.18086298,0.93496925,-1.0312866,0.8796841,0.92650086,0.07154944,1.3059787,-0.02068254,-0.15164366,-0.56204104,-0.16696514,0.7510295,-0.4520464,0.024276951,-0.7612714,-1.1192113,0.00034955138,0.51911896,-0.8883092
IND846004AAA,1.0272647,-0.19610223,1.3643309,-0.4387159,0.3152443,-1.5230533,-0.85965234,0.1923495,1.2102236,-0.29023197,0.84544766,0.4600557,0.2539514,0.15081266,-0.14306463,0.14931329,-0.24637187,0.7161342,0.6018393,1.1642371,0.79360235,0.5740025,-0.5272234,-1.0944294,0.06258343,0.34474277,0.68306977,-0.31378934,-1.6412566,0.7771681,-0.35159796,0.48537922
IND395004AAB,-0.18641812,0.6437385,-0.07427851,-1.6666019,-0.1924556,0.35631055,0.020318143,0.41148642,-0.18640889,-0.75169015,1.2370335,0.8205655,0.7812271,0.92423683,0.75513655,0.18054572,-0.18288015,0.90473646,0.24820015,1.3395183,0.16757384,2.0494797,0.22312136,-0.8630319,-0.2671011,-1.3132063,-0.4742178,-0.7894589,-1.281411,-0.0077883275,0.2083607,1.4469569
IND758034AAA,0.97830117,-0.87223405,1.1062417,-0.09971485,0.55326915,0.13480657,-0.6876169,-0.15591598,0.58239865,-0.8307401,0.9109203,0.429065,1.2456051,0.59099746,0.8181989,0.18391958,0.740467,0.05478989,0.20405528,0.81755817,-0.19696969,0.27712288,-1.9582504,-0.018304616,0.7014657,0.0132853575,0.62776184,-0.6112926,-1.6234685,-1.3344507,-0.14068852,0.29677308
IND224141AAB,0.38443366,-1.0286248,0.12729475,-0.87019163,-0.017171312,0.21192539,-1.004329,-0.41945863,0.6419077,-0.07888799,0.5041131,1.8748927,-0.18031153,0.36467612,0.054733224,-2.107176,-0.36852032,1.9080329,0.4918723,1.8496321,1.0501302,2.4481337,-0.6034745,-0.2876836,0.8740461,-0.7779401,-0.13855025,-1.067658,-1.6828469,-0.9338913,-0.4958239,0.9298443
IND000000AFJ,1.4927175,0.9822749,0.5294261,-1.1036613,0.39983618,-2.3760555,-0.22669314,0.1940491,-0.9965915,-0.78773636,0.6072406,1.1332542,0.31831738,0.30747887,1.1548241,0.109847955,-0.4351833,0.07673008,1.624595,0.80232286,-0.38909197,0.45869374,0.38313174,-0.66086805,-0.075485,-0.85068804,-0.20583537,0.31253847,-0.5237351,0.75788426,0.30471522,1.635043
IND110024AAA,-0.072629884,-0.85505384,1.1049545,-0.115160115,0.8973728,-0.25228664,-0.34408146,0.407993,-0.2108397,-0.7814212,0.7504864,0.6062169,-0.04190847,0.74269575,-0.044524033,0.2323658,-0.3009568,-0.3081851,-0.2761305,0.33088988,0.4230139,0.092479736,-0.4776557,-0.5299795,-0.09479092,-0.6376364,0.460508,-0.32752314,-0.29757,0.3167672,-0.23222154,-0.13102393
IND281121AAB,-0.14396508,-0.5601563,1.405245,-0.6862522,1.0379792,-0.44642118,-0.12521589,0.48428354,-0.1715764,-0.42857885,0.1534309,1.0905589,-0.15166469,0.62659174,-0.21744813,0.29573607,0.09345176,0.013425556,-0.3670842,0.4032601,0.45621407,0.016575722,-0.3523241,-0.5553268,-0.38927528,-0.4949206,-0.16121145,0.22650884,-0.016723927,-0.19538431,-0.19978769,-0.8141131
IND638452AAA,2.1168776,0.10853695,1.6928086,-1.257708,-0.19090042,0.96892905,-0.93028295,-1.52284,-0.569076,0.5008924,0.15980195,0.35184783,0.684847,0.6350956,0.93515325,0.1217527,-0.8432995,1.223468,0.53121924,1.6228427,0.61245877,0.9761523,-0.1672472,-0.36113954,-0.0022812686,0.17242575,-0.045689672,-0.44411263,0.40882027,-0.330559,-0.26870355,0.19726446
IND792130AAB,0.6331274,-0.08814634,0.62662834,-0.7333288,0.05380508,-0.7557744,0.19513905,0.054753594,-0.19236082,0.42506737,0.020416498,1.888717,0.2854188,1.4608798,0.33025113,-0.79168254,1.5504535,-0.27411264,0.37473932,1.1139066,0.33279768,0.9319369,0.7402433,-0.4720413,-0.8488967,-0.5585779,0.19430834,-0.6938539,-1.2838732,0.8644962,-0.12049628,0.1092012
IND742225AAA,1.8732207,1.2525316,0.75067735,-0.19722326,0.28284934,-0.44332314,-0.5721324,-0.2014232,-1.6393883,0.25040585,-1.2584592,0.9675548,-0.17208129,0.8834292,0.83987784,0.22867331,-0.31608486,0.42487222,-0.5728014,0.71266216,0.18395758,1.5933896,-1.9890258,0.5413666,-0.3898086,0.65119016,-0.13854831,-2.0043871,-1.7270199,0.4267929,0.3696427,-0.5132707
IND443201AAA,0.36589605,0.8119994,0.046780035,-0.39481726,0.27875224,0.3990063,0.6309147,1.2213382,-1.6950896,-0.46225926,0.06456083,1.0317599,0.2200407,0.7262469,1.318011,-0.28441846,-0.39189798,0.21253599,-0.5425865,1.6384641,1.4413346,1.0219092,-0.6208399,-1.3020787,-0.32407075,-0.98730546,-0.60680014,0.9786472,-0.75961584,-0.19927628,0.628218,0.21539575
IND483501AAA,0.18454738,-0.5991559,0.58582413,-1.1391302,1.2742281,-1.5686257,0.3439233,0.2817748,-0.6116258,0.59378207,0.62192386,0.32695356,-0.106464304,0.28459954,2.084038,-0.3463211,0.8120187,0.39880744,-0.496836,0.91662675,-0.0913772,0.19627622,-0.7890159,-0.47171524,-0.4063547,-0.040418487,-1.061954,-0.36803705,-0.9745736,-0.65400136,1.1776775,0.26608446
IND506343AAA,0.29989803,0.11420157,0.83026683,-0.08594141,0.7557346,-0.18741623,0.3148966,-0.864044,-0.46564317,-0.20985933,0.24311827,0.9584294,-0.07759007,0.88360375,1.7019624,0.68514895,0.14804974,-0.13550948,0.4793631,2.0016787,-0.7076448,-0.34919792,0.6640832,-0.19565535,0.9073737,0.15777323,0.09718198,-0.97799134,-0.7000544,-0.91319865,0.040697027,0.41569602
IND484551AAA,0.62517744,-0.5197899,0.20372923,-1.1495239,1.2055539,-0.8764474,0.2932668,-0.5608945,-0.81535155,0.764403,0.97177655,0.8307595,-0.4368958,0.25982702,1.9544178,-0.33481997,0.6670978,-0.9600541,-0.30329084,1.2480317,-0.5131502,0.90932316,-0.4986419,-0.5911017,-0.9069324,-0.011686231,-0.76192594,0.23175517,-1.2022618,-1.249397,1.2446613,0.42042255
IND742121AAB,1.5740224,-0.036832877,1.3200847,-0.05142622,0.14462279,0.26400954,0.15346734,0.1965474,-1.4598325,-0.80852765,-0.7783842,1.6375152,0.15686919,0.5144299,1.2039425,0.6681542,0.29444408,0.42914954,0.30344364,-0.09807839,0.41345477,0.4653513,-1.3398789,0.42531985,-0.22992276,0.6872059,0.4711057,-1.3479595,-0.7832525,0.35148433,0.30044466,-0.2339798
IND335001AAA,0.94989246,-0.44011912,0.96832186,0.087436385,1.4896382,-0.21233805,-0.6307068,-0.5681149,0.24499577,0.30421084,1.1857392,0.6726169,0.18930621,0.5114633,-0.30128902,-0.936363,0.054608088,0.20502071,0.5854611,1.1716095,0.11937874,0.45922104,-1.2841334,-0.17651172,-0.27239376,-1.4931632,0.11128509,0.87844276,-1.3193307,0.72777325,0.7457559,0.5450449
IND643212AAA,1.9072381,0.29355028,1.6207488,-1.6275929,-0.50789005,0.7192357,-0.6593394,-1.5624251,-0.5025367,0.83087796,0.29898256,0.44608757,0.9467139,0.9391515,0.88446206,0.4905914,-0.70693225,0.9779771,0.5029134,1.4670242,0.6795385,0.88861907,-0.10888289,-0.31954956,-0.1132727,0.20391953,0.051042475,-0.7392339,-0.041232105,-0.29894927,-0.46804345,0.26472706
IND606105AAA,1.4960835,-0.45041627,-0.5655805,-0.43902,-0.024000723,-0.3147748,0.6059848,-0.04873014,0.25062117,-1.0875909,1.3202343,1.5190678,-0.29819417,0.88011426,0.69257927,-0.024400266,-0.68992585,0.9793751,0.2188006,2.0832136,-0.3078094,-0.1710135,-0.05592138,0.35443452,-0.9353008,-1.9327414,-0.799861,-0.6681466,-0.9582534,-0.30387405,-0.51819,0.47439703
IND283203AAA,-0.18689544,-0.09709206,1.2547544,-0.542143,1.0264356,-0.38432544,-0.12799451,0.39234257,-0.17643529,-0.56102544,-0.022233984,1.2311002,-0.27466512,1.0410888,0.06360655,0.20741242,0.1297598,0.34704816,-0.9027253,0.41981363,0.6074754,0.4625584,-0.25219253,-0.6653641,-0.30611902,-0.77917624,-0.48512188,0.35465884,0.024385812,0.42312834,-0.42211393,0.059542414
IND507123AAA,0.35857403,0.46492177,0.6003451,-0.30039376,0.81117445,0.24828191,0.8048101,-0.8979192,-0.87449896,-0.50753504,0.17225361,0.7778588,0.029712277,0.8464791,1.0250362,0.5840863,0.15070352,-0.1804554,0.50496155,1.8579779,-0.47019482,-0.0982817,0.8022301,-0.16992393,0.68167394,-0.50122535,-0.043521166,-1.3889921,-1.3581865,-1.072163,-0.3724317,0.38046548
IND271210AAA,0.5568871,1.2424369,1.5639803,-0.6903213,-0.32090765,-0.3386503,-0.29085562,-0.33800596,-1.2089437,0.254311,1.6626184,2.041132,-0.12468842,0.41009134,0.32224655,-0.45027983,0.22714281,-0.089623444,0.8634558,0.9822879,0.49016365,2.5743816,0.32782072,-0.84692705,0.010382651,0.5724742,1.1457678,-0.5943631,-0.67799664,-0.34022242,0.584698,-0.674203
IND562101AAA,1.1370821,-0.39603284,0.21511854,-0.88053375,0.20146269,0.48715353,-0.8719707,-0.6349636,-0.9595925,-0.9376596,1.6913327,-0.26303095,-0.028630193,-0.24451219,0.06557548,-0.05186535,0.8066566,0.94133234,1.063665,1.8923455,-0.0671053,-0.13675153,0.012594106,-0.52999073,-0.010825341,-0.59141415,-0.29585987,-1.276457,-0.927507,-0.3959045,1.3782815,-0.45496988
IND757037AAA,1.54776,-0.9794487,0.9526942,-0.3444935,0.4903753,0.2586782,-0.7031784,-0.1301907,0.7277464,-1.1226457,0.51399755,0.22462438,1.0886953,0.49710017,0.95172256,0.28716907,0.6989656,0.20469247,0.21725002,0.8274757,-0.0940515,0.15057276,-1.9490166,0.034650013,0.7844668,0.09142589,0.54991347,-0.63906866,-1.5845793,-1.487996,0.166385,0.4070517
IND248197AAA,0.7013118,-1.6242731,1.7950993,-0.9796249,-0.17068993,-0.48909703,0.16097733,0.6409342,-1.0797431,0.34541708,-0.38518426,1.0075762,-0.27254486,0.116021946,0.4201656,0.21467096,-0.27685568,0.6553921,-0.07497583,-0.56968325,0.922571,1.4622601,-1.0137911,-0.27820638,-0.046169013,-0.5927459,-0.21499433,-0.022922117,-0.64951646,-0.21761845,0.6823702,0.010780957
IND500055AAC,1.6752158,-0.010871374,0.6308772,0.53614587,0.6473829,-0.04020762,0.3120356,-0.92148596,-0.82176346,-0.016907932,1.2497804,0.07894748,-0.6639778,1.0052619,0.96502244,0.7451107,-0.037012156,-0.14236157,0.39975744,0.1740625,0.7805952,0.47959447,-0.033444624,0.051414408,0.5399827,-1.3855271,0.03546475,-0.052503694,-1.3752263,-0.9059494,0.77075684,0.705086
IND110064AAA,0.06654673,-0.53841037,1.115998,-0.18555653,1.1116499,-0.31643412,-0.461669,-0.017161515,0.3238289,-0.93296313,0.5503711,0.82733315,-0.43679038,0.0342859,0.23747942,-0.11912492,-0.0161886,0.21993192,-0.2381936,0.5815737,0.35858974,0.029819643,-0.72025394,-0.1767151,0.0823482,-0.28979662,-0.22420464,0.20836821,-0.01745597,0.56345147,0.069090284,-0.13883002
IND505001AAB,0.48307928,0.5704989,1.0317458,0.17207491,0.29208526,-0.11325076,-0.019882683,-0.87573844,-0.77140266,0.035222806,-0.3012152,0.43153104,0.43001047,0.74989945,0.579146,-0.16106781,0.4869062,-0.51229846,-0.64425015,0.93983555,0.8448684,0.2588001,-0.32498926,0.4567476,0.57207066,-1.1617204,0.1634514,-0.8026902,-0.4498709,-1.0664937,0.37133014,0.95813787
IND585314AAA,0.5386387,0.18321113,0.8378324,-0.63769764,0.41777456,-0.065261714,0.24501535,-0.41439748,-0.11412348,-0.48913318,0.68563575,0.464028,-1.5392576,0.46900126,1.4408813,-0.068675324,0.23972547,-0.21052437,0.3754349,1.871308,0.956848,0.6102534,0.17861971,0.12426791,1.2467605,-0.8723625,0.21100482,-0.5149012,0.5027487,-1.2037027,0.31740707,0.5703267
IND828111AAA,0.29130507,-0.108403064,1.2282451,-0.91611654,0.48902646,-0.028801136,0.01654335,-0.3982314,0.2285085,-0.22614251,-0.43072808,1.4401934,-0.36487812,-0.364236,1.551605,0.20340237,-0.49276343,0.29254788,0.081305504,1.406064,1.5090895,0.31263423,-0.38663685,-0.1701062,-1.7589995,0.031907164,1.0830222,0.062192816,-1.0254085,-0.3271756,0.24233246,-0.8148858
IND221010AAB,0.5971537,0.6403887,1.1061682,-1.8643825,0.42189935,-1.9490609,-0.3618926,-1.1119862,-0.3519032,-1.2177402,0.25412738,0.38520855,-0.20223486,1.9082851,1.0451062,-0.36782536,-0.19178933,-0.050632328,0.25320354,-0.007339379,0.9526454,1.9299457,0.3757147,0.4620797,-0.3444067,0.4627381,-0.2677852,-0.58913887,-1.4042318,-0.4487673,0.5485583,0.29992583
IND560066AAB,0.88316315,0.07290628,0.5535229,-0.35874432,0.5089067,0.13962968,0.34084177,-0.17219572,-0.6308205,-0.7845979,0.49617043,-0.56501544,-0.11657223,0.3297491,0.195001,0.16717416,0.88930297,0.40761954,0.027509693,0.8621726,0.113635555,-0.5482226,-0.7824937,-0.64935267,0.042374898,-0.050157014,-0.19017945,-0.58697975,-0.24269657,-0.27398863,0.19602865,-0.30066207
IND212601AAA,0.10423585,-0.4987559,1.787431,-1.066591,1.5010862,-0.87539315,0.2056362,-0.17314185,0.5113701,-0.09648053,-0.4991612,0.54153544,-0.86200887,0.47803977,1.524811,0.44319156,-0.5546496,0.061827473,-0.12926021,1.2735896,0.40806982,0.7095055,-0.14392363,-0.28182235,-0.79714805,-0.98107123,0.37758452,0.79227674,-0.38126868,-0.016001515,0.43830958,-0.423422
IND504296AAA,1.0527573,1.1202866,1.4411726,0.109642155,0.37222204,-0.7832455,0.10581552,-0.6597965,-1.2661196,-0.42869952,0.24262741,0.541449,1.1138434,0.9947833,-0.24278797,-0.031541277,0.43262634,-0.3999926,-0.93195194,1.0642341,1.2413507,0.43158135,-0.5822427,0.4470145,0.4548877,-1.4362246,0.15375946,-0.6993816,-1.2527672,-1.9095116,0.044988923,1.3506888
IND505209AAA,0.82584107,0.7239734,1.262543,-0.06598359,0.32974193,-0.64341766,-0.13313785,-0.8978388,-0.37670076,0.17698342,-0.12952551,0.42260182,0.2663277,1.1234581,0.70923084,-0.56593245,0.9068847,-0.65989697,-0.6101925,0.9528805,1.3388959,0.30876186,-0.65881795,0.3249101,0.87236476,-1.1903698,0.041279867,-1.1960542,-0.21213341,-1.3662267,0.22404493,1.0139005
IND680104AAA,2.5700426,0.42350402,0.39009282,-0.7624991,0.47120792,-1.2755761,0.75752354,0.07892841,-0.6614432,-0.95028275,-0.2647256,-0.22455625,0.7254225,-0.3992753,0.079890214,0.6598907,0.94476354,-0.009631694,0.30870003,0.83965486,0.2685634,0.1378374,-0.40947735,-0.59387386,0.05088802,-0.35372517,-0.68490046,-0.4209361,-0.43722698,-0.20098805,0.21106893,0.7870952
IND414302AAB,0.002151671,0.3405861,0.39802596,-0.7392898,0.13877894,-0.550327,-0.66971815,-0.99807936,-0.36728156,-0.31017032,0.4692149,0.060692284,0.1219332,0.76645684,0.08128644,0.17474712,0.77596855,0.30164984,-0.27308857,1.0428221,0.8563104,-0.44536665,-0.3306696,-1.1267611,1.27738,-0.7923906,0.29584327,-0.14638466,-1.490616,-0.1184468,0.2492542,-0.31603792
IND334001AAB,0.5681013,-0.5891362,1.5356501,-1.6839305,-0.46109203,-0.35784712,0.42197284,-1.128227,-0.97593254,-1.8002402,-0.26507795,0.5692551,0.7228308,1.0828881,0.26902232,-0.120966405,-0.10333493,0.08686072,0.32472578,1.5467268,-0.0019669482,0.8079969,0.12867406,-1.1099092,-0.7836678,-0.3821568,-0.50057757,0.13605326,0.30620962,-0.95313656,0.66872615,-0.7233731
IND341001AAC,0.118848115,-0.48388973,1.5427034,-1.1460786,-0.4850855,-0.48859546,0.13910317,-0.7167996,-0.49704793,-1.9816982,-0.3059615,0.90661377,0.8575556,1.1820769,0.28918618,-0.43424913,0.3922061,0.1261886,0.45446593,1.7348794,0.11763214,0.6921968,0.08631299,-1.20999,-0.8158756,-0.1134718,-0.2135812,-0.3596894,0.21918018,-0.7357634,0.45279846,-0.9041205
IND641654AAA,1.6333512,0.48494032,1.3095921,-1.540836,-0.29348737,0.56026757,-0.900026,-1.4056232,-0.56652933,0.60649955,0.41822225,0.87277555,0.9533843,1.0929875,1.1625458,0.936648,-0.93763274,0.2918267,1.1127882,0.90232974,0.5888198,0.9776074,-0.11352051,-0.08435737,0.048523303,-0.5103682,-0.1631805,-0.8806798,0.5535484,-0.26442212,0.5045626,0.28837657
IND210431AAA,-0.67119753,-0.14225194,1.6193777,-0.913606,1.0415775,-0.829241,-0.020485612,0.13785416,0.19601558,-0.21955487,-0.89193565,0.60378104,-0.26191077,0.07954156,0.96892506,0.33996588,-0.9562075,0.8073422,0.09298229,1.2532185,0.83460844,0.25477073,-0.48028162,0.13373904,-0.77501655,-1.1635503,0.16528517,-0.013999961,-0.8892695,-0.22458449,-0.031122264,-0.30477765
IND854105AAB,0.05591927,-0.44318956,0.5663795,0.4772751,0.6178946,-0.92862064,-1.0497466,0.022991119,0.16294652,-0.26453558,1.3195162,0.84798884,-0.3329944,0.61133504,0.5029388,-0.5242628,0.7500991,0.858637,0.0012539845,1.9685471,0.41526794,1.1585829,-1.2483896,-0.31744364,-0.58359647,0.12883452,0.835271,0.38541076,-1.2936963,-0.23509462,-0.72442645,-0.18160889
IND768028AAB,2.3205216,1.0740287,0.6016912,-0.87817746,1.4119895,-1.1409085,-1.0464926,-0.6716104,0.17728347,-0.28881565,-1.0332502,0.31770542,0.101790905,0.4613361,0.44501463,-0.8378715,0.13553114,0.71426475,-0.1512193,1.0295593,-0.49721918,2.0801437,0.114545174,0.28399733,-0.6422521,-0.9346055,0.5134911,-0.5861752,-0.77811325,-0.31821012,0.6486589,-0.23896661
IND458664AAA,0.24228914,-0.21423736,0.5642578,-1.2847675,-0.17757538,-0.28380337,-1.1410617,0.17601681,-0.5161121,-0.24473765,-0.94359994,1.5897181,0.81147313,0.8256814,0.10815419,-0.7248832,-0.8627284,-0.020553352,-0.67555946,2.2572896,-1.1170985,0.4850053,-0.94611174,-0.28929028,-0.25895774,0.085045464,-0.768311,0.024240162,-1.8215896,0.08126017,0.050117042,0.45512214
IND416404AAA,1.0869856,0.749983,1.1617645,-1.1089717,-0.06408278,-0.1458116,-1.0935134,-0.38847208,-1.0075231,-0.07478384,-0.05695643,0.1486328,-0.1675115,0.8216043,0.48675355,-0.40137884,1.0270249,-0.008908386,0.35420707,1.2024835,0.055629075,-1.2804741,-0.50261223,-1.0407529,0.39725164,-0.75293684,-0.34533116,0.15737632,-0.6083319,0.13119784,-0.42650965,0.35099876
IND781003AAA,0.9364977,-0.4536443,0.45200852,-0.37620038,0.6776494,-0.12739785,-0.49505582,0.49614137,-0.3282196,-0.7656044,-0.7272749,1.6025288,-0.92177355,1.0865302,0.34615427,0.11480963,1.0289463,-0.39006785,-0.0132631315,0.3950207,0.17263818,0.12577635,-0.01718274,-0.07930832,-0.6297112,-0.3045722,0.09714541,-0.46181276,-0.33608717,-0.0121613825,0.04921075,-0.31810132
IND643217AAA,1.857024,0.117034666,1.6023026,-1.6308019,-0.45269793,0.72671944,-0.6984063,-1.5983815,-0.5615731,0.73086184,0.38444063,0.42906767,0.9861541,0.81840485,0.9472743,0.45333022,-0.7331279,0.95640874,0.50585634,1.4508992,0.61632323,0.8932542,-0.09031643,-0.30141705,-0.12334519,0.18367556,0.068292856,-0.8641366,0.029644001,-0.19181596,-0.37575656,0.315837
IND580002AAA,1.3704379,-0.41303563,0.13653937,-0.6747802,-0.8043381,-0.5503397,-0.28924564,-1.2366142,-0.5817788,-0.26645887,0.34073174,0.5786104,0.2778285,-0.16486543,-0.091270015,-0.30694607,1.5976739,0.67616713,0.16075797,1.310604,1.136293,-0.26371655,-1.0387412,-0.37799004,0.7620531,0.23395273,-0.25432613,-0.54915214,-1.0281523,0.104047514,0.535771,0.5012533
IND360370AAA,0.75755763,-0.5931462,0.9908767,-1.2415253,-0.50917536,-1.0880007,0.8002786,-0.30117103,0.30408257,1.007915,-0.71784246,0.82128716,1.0658315,0.78076464,1.0921292,0.8118172,0.17494583,0.038588338,1.2418476,1.3937411,0.55651754,0.69448113,-0.5226788,-0.26515463,0.14351931,-0.95592844,-1.5334017,-0.68964326,-1.6407642,-0.106752746,-0.5028053,0.8959293
IND760003AAB,0.4336445,-0.38357437,0.984954,-0.56406355,0.32021013,1.0995014,-0.09643741,-0.54954076,0.30555594,-0.88063323,0.014680177,0.24992472,-0.0808062,0.4153272,0.8611418,-0.3687715,0.82864374,0.16047145,0.105068445,1.1036249,-0.20361343,0.507437,-1.731572,-0.065081544,0.7246487,-0.5437362,0.751646,-0.29993194,-0.47176555,-0.3012084,-0.046881303,-0.6259583
IND251309AAB,0.30211565,-1.1788536,0.8527023,-0.8133078,0.164052,-1.0005938,0.5302191,0.13454868,-0.27811,-0.32999727,0.33544773,1.0167333,-0.47799474,0.110968396,-0.28906876,-0.17688096,-0.07165458,0.27161855,-0.4704324,-0.04760086,0.8974004,1.0539497,-1.1257352,-1.1448473,0.4053575,-1.0396192,-0.58048505,0.09656024,-0.2537876,-0.52275974,-0.11076292,-0.035654455
IND573134AAB,1.6087338,0.15086007,0.05842033,0.10055939,-0.44978392,-0.90766424,0.44889742,0.26892808,-1.7457745,-0.26828986,0.34105745,-0.5086148,-0.43912673,0.98150265,0.93864334,-0.6628432,0.8562941,0.7443175,0.5059038,1.6107134,-0.060421854,0.5391076,-0.5633207,-0.590188,0.5388796,-0.7023241,0.59667146,-0.8117369,-0.6993927,0.5480972,-0.4707028,-0.15895325
IND501359AAE,0.34660044,0.14848684,0.53348374,0.062240478,0.48180965,0.17430504,0.30240443,-0.663889,-0.4505676,-0.46779582,0.31364724,0.4703661,-0.3099625,0.26817214,0.5254554,0.19165953,0.29777658,-0.26370218,-0.4658094,0.7991128,0.3355095,-0.25071326,-0.2212759,0.24465555,0.77987826,-0.70422053,0.279989,-0.33886078,-0.4634586,-0.5620295,0.339331,-0.04837346
IND583119AAA,1.468917,-0.25542852,0.42310998,-0.10809706,-0.2973953,0.475774,0.10535329,0.2576526,-0.9964234,0.110331036,0.8736324,0.04685053,0.56856525,0.20628765,0.6158556,0.4870075,0.8145351,0.8884287,-0.11720654,1.2165003,-1.2709972,0.15114745,-1.0904461,-0.9209745,0.8168867,-1.0399266,-0.33253464,-0.8076181,-1.2430965,-0.33797872,0.4525787,0.39506605
IND600056AAB,0.64906263,0.31556293,0.08241744,-0.07653685,0.17334078,-0.5440845,0.55722785,-0.3473117,0.038119406,-1.306435,0.2851117,0.5574435,-0.37190074,0.22972973,0.28570905,-0.085013084,-0.007671804,0.6242146,-0.0810923,0.8254041,-0.110910244,-0.52511126,-0.6257438,0.0712439,0.27754214,-1.2569578,0.067632794,-0.5062819,-0.44487837,-0.26075834,-0.17902644,0.48403522
IND384355AAB,0.7006057,0.23697446,0.5162632,-0.58423775,0.52346903,0.19647187,-0.66598713,-0.5967059,-0.79887545,-0.7835823,-0.47757453,0.7357463,-0.91084605,-0.1307989,0.75047326,-0.33738643,-0.44698715,-0.5028172,1.321398,1.6972548,0.11399403,0.5722502,-0.562589,-0.97154635,-0.31193373,0.06446423,-1.482651,-0.22651933,-1.7060065,0.7855172,-0.5642954,1.0056664
IND624202AAA,2.3451526,0.01821793,-0.5846719,-1.1878428,0.207404,-0.5383224,-0.91586626,-0.7717581,-0.15463182,0.26932114,-1.1211933,2.2221591,0.4073309,-0.38282236,0.35366186,-0.6260807,0.2872734,0.5537114,0.49579477,1.7815557,0.623477,0.812447,-0.23046032,-1.130072,0.13436241,-0.057994466,-0.5104995,-0.4628547,-0.049409717,-1.6472026,-0.188429,1.7280717
IND382715AAA,-0.24287657,-0.07268442,0.5082271,-0.26518473,0.41230166,0.21828017,-0.70286536,-0.17665166,-0.5157141,-0.47562853,-0.2602035,0.59676754,-0.44222796,-0.35680428,0.9394065,-0.102908306,-0.33625418,0.050911978,0.6132592,1.3482838,0.1408859,0.42647293,-0.68931216,-1.1772791,-0.041521154,-0.107653864,-1.2406569,-0.06388134,-1.400462,0.824633,-0.06808828,0.6893042
IND507117AAB,0.8189532,1.4105989,1.6871914,-0.36645302,1.0363219,-0.44605565,-0.19429728,-0.13659178,-0.29200444,0.54291785,0.1324571,1.4652554,-0.60994166,-0.4082089,0.6176696,-0.061569028,-0.18525659,-1.1143452,0.14795002,1.067507,0.29884028,-0.41367403,-0.08748746,-0.5386693,1.2911361,-0.78608316,0.85082185,-0.81362456,-1.1878872,-0.13012527,0.85933805,0.502314
IND263601AAA,0.73615295,-0.39843345,1.3349998,-0.3257849,-0.49074247,-1.8819796,0.22810364,1.036033,-0.298481,-1.0115654,-0.63465726,0.7423623,-1.0479792,-0.026995435,0.22924718,-0.15810654,0.4968622,-0.16544971,0.23540267,0.18515417,0.94688374,1.5932666,-0.8585206,-1.2816377,0.2895658,-0.78410363,0.45609343,0.23686214,-0.7162518,-0.4969706,0.8547388,0.18566172
IND244501AAA,0.4339159,0.20254558,1.7335523,-1.3108256,-0.29303083,-0.8792622,0.13864711,-0.68304574,0.16582672,0.60784745,-0.23378024,1.2460645,-0.6236022,0.6615315,0.43375108,-0.97393566,0.15139808,0.4871913,-0.40391076,0.059806064,0.037932627,1.5186025,-1.6244645,-1.0137894,0.3545573,0.5851721,0.006631457,-0.57516575,-0.4028535,-0.97060907,0.1852616,0.7242866
IND441107AAB,2.0677106,0.9947463,1.3006772,-0.21933563,-0.2523128,0.104328066,0.15981066,0.634318,-1.5829635,0.27399415,-0.3802375,1.1063046,0.1847852,1.9916778,1.4726028,0.85522014,-0.6169879,0.66465086,1.1781771,0.56282085,0.1295206,1.3285618,0.5505343,-1.2515198,0.906922,0.23382379,-0.21791747,-0.124573275,-1.2713851,-1.2536755,-0.15148449,-0.0049044676
IND695609AAA,1.6705116,0.71175295,0.47841096,-1.0362016,0.27399853,-1.5909519,0.24185877,0.9572685,-1.0900741,-0.70602787,-0.17449996,1.3644418,1.1378087,-0.08858028,0.50182074,0.41585487,-0.32362363,-0.08935339,1.3200362,1.4324868,0.12516491,0.5675465,0.39876246,-0.5181538,0.23918647,-0.35962033,0.35564604,-0.23507239,-0.23510167,0.5991067,0.14060085,1.4399765
IND335804AAD,1.184408,-0.9196711,0.8326646,-0.907212,1.275464,-0.6395245,-0.3575262,-0.9751344,0.29969817,0.05593618,0.7870688,0.77536684,0.40221354,0.29745954,-0.14250903,-0.9699342,0.10155475,0.21491282,0.406506,1.3711253,0.4049344,0.59917283,-0.58590585,-0.2953778,-0.8858743,-1.4963408,-0.13036846,1.4988544,-1.3247195,0.71019846,0.8599647,0.42148042
IND686540AAA,1.9109688,1.3082616,-0.074330315,-1.4739251,0.41587088,-1.5658888,0.6751421,0.25028756,-0.48048696,-0.6733101,-0.12611718,0.376138,0.23295516,1.0027258,-0.4961146,0.63971174,0.57976794,0.19498491,-0.090544395,1.8071872,-0.5897718,0.6847931,-0.38421395,-1.0607601,0.32733646,0.540756,-1.1509813,-0.113155544,-0.7517705,-0.37585634,0.9440105,0.48047915
IND733210AAA,2.61635,-0.49129093,1.0246556,-0.21320476,-0.7783678,0.32121208,-0.37164477,0.80001104,-1.0675372,-0.33610055,-0.57734424,1.4725859,0.014078664,1.0998642,0.8010463,0.14603293,-0.8638213,1.3047945,-0.5389676,2.1437118,0.5808419,1.1983738,-0.58024395,0.2368482,0.5219765,0.34452403,0.21890748,0.84084934,-0.41685787,-0.16915998,-0.36279556,0.73468566
IND581110AAE,1.0318177,-0.8583109,-0.19186676,-1.058524,0.09457242,-0.30997115,-0.2746619,-0.8096538,-1.1746258,-1.0955362,0.61866385,0.32670012,0.31341088,0.47018212,0.16870676,0.3896506,1.4789895,0.88696057,-0.09989374,1.284631,-0.17215486,-0.17023455,-0.99967915,-0.13734183,0.48996693,-0.32748958,0.34750113,-0.4867638,-0.6506895,0.9422187,0.4993262,0.8047417
IND600110AAA,0.3561062,0.6945344,0.19886532,0.2693451,0.0556842,-0.9357134,0.22113274,-0.6980199,-0.10267677,-1.1704974,0.7595823,0.743667,-0.062213916,0.7441611,0.39326933,-0.17922157,0.4607364,1.0662074,-0.041211516,1.051981,-0.059499923,-0.66258585,-0.7100696,-0.0014849101,0.41608402,-1.7576274,0.12968609,-0.6394779,-0.7474453,-0.3434407,-0.6389524,0.77597445
IND535501AAB,1.019472,0.0029198637,-0.2498495,-1.4280403,1.1654409,0.3046592,-0.17551585,-1.1333355,0.41576284,-0.6639881,-0.25964832,1.7050284,0.73862875,0.5837847,0.4822326,0.5936208,-0.72834235,1.5939245,0.4862901,1.1173698,0.074863486,0.5841821,-0.56358844,0.55692357,0.97436047,-0.97154593,1.0370828,-0.13367108,-1.1713679,-0.3177157,-0.11442649,-0.33989528
IND403702AAA,1.4310774,-0.58612263,0.6100453,-1.1470715,-0.45306242,-0.97199947,-0.13937052,-0.5786938,-1.0252774,-0.27098387,0.2660443,-0.40167218,-0.50377226,-0.08363011,0.8392596,-0.68432593,0.46324846,0.8439369,0.2299551,1.1604544,0.33068106,-0.33209404,-0.20783497,-0.6520801,1.5487043,-0.29554904,0.020156207,-0.4062367,-1.0964929,0.64132464,0.16793981,-0.49903852
IND402301AAA,1.787213,-1.2152717,0.2888552,-1.9274554,-0.034096383,-0.38608363,-0.8402205,0.20423515,-0.33783558,-0.99027336,1.6866447,1.0084705,0.823238,0.50983995,0.73191917,0.13588324,-1.4547087,0.12334951,0.5369878,0.8120099,-0.4582102,0.8489246,0.4404019,-0.15686595,0.059416827,-0.666847,0.19435582,0.75350064,-2.4466112,-0.58861065,-0.24215919,0.5839543
IND210001AAA,0.28180903,-0.70190126,1.7280031,-1.3180155,1.4443358,-0.7771313,0.29587147,-0.011291656,0.6455126,0.07200473,-0.3237065,0.4720666,-0.57892245,0.58962506,1.4629229,0.46320593,-0.60548913,0.0045409305,0.10725012,1.498115,0.04448535,0.5474789,-0.29000095,0.33266303,-0.7356764,-1.0413103,0.5045928,0.667613,-0.61497647,0.1455573,0.44310498,-0.3557017
IND571426AAA,1.1742369,0.045124393,-0.46379206,-0.7301003,-0.37185755,-0.9439369,0.33757746,-0.06398492,-1.4701006,0.2030433,-0.077486195,-0.4741351,-0.45116982,1.219228,1.3754388,-0.36849788,0.77835786,1.3869561,1.2516371,1.6120117,0.516271,0.74605644,-0.121288754,-0.5999622,0.12379062,-1.106593,0.6653052,-0.71052206,-0.64216906,0.2582507,0.6349412,-0.45973545
IND125033AAA,0.55927384,-0.7846727,1.1304351,0.51712054,0.86568815,-0.19146281,-0.4741472,-0.34364173,0.23994406,-0.14228061,0.17022012,0.41628182,0.3065581,0.5602774,-0.07989023,-0.5898955,-0.17632633,0.36301014,-0.24292743,0.84349394,0.5119086,0.22389597,-0.9310201,-0.2752383,-0.050889574,-1.2000369,-0.12425856,0.5385481,-0.7770066,0.41510826,0.30849156,-0.23299783
IND173212AAA,0.958126,0.07163411,1.2076629,-0.59634614,0.40610152,-0.38614234,0.68976665,-0.49186474,-0.70016813,-0.43745628,1.0024484,0.60555565,-0.06078185,0.6947742,-0.6000701,0.93929595,0.04818376,0.29792574,0.55851734,0.4316681,1.3525474,0.9121335,-1.8286164,-0.47137192,0.11559664,-0.57322454,-0.26377118,-0.121589966,0.7933667,-0.1377058,-0.11567261,0.23201248
IND505302AAB,0.9464798,0.13618481,1.1300801,0.06860057,-0.2791676,-0.07266225,0.17853107,-0.5900115,-0.8304353,0.116894916,-0.65953493,0.35860974,0.5240685,1.3434815,0.6491069,-0.48157468,0.6160988,-0.27116436,-1.0035598,1.2973486,0.69791377,0.46081662,0.20434384,0.36217225,-0.0023352755,-1.1526861,0.0035432223,-0.9448211,-0.4695953,-1.1427392,0.7611873,1.2705771
IND802158AAB,-0.011875929,0.07857991,1.3280014,-0.8662871,0.13141693,-0.6100748,-0.30273145,-0.43057534,0.3145342,-0.20479691,-0.42787832,0.1745867,-0.71533793,0.9281808,1.3526177,0.02759451,-0.82548106,-0.10759815,-0.12955888,2.6042943,0.8939622,0.40770122,-0.92931324,0.08063317,-0.5124291,-0.9226862,0.27729213,0.006260103,0.23064321,0.919169,0.32912192,0.83263236
IND311301AAA,0.82476634,-0.63408226,0.9170644,-1.0298369,1.0435936,-0.018995913,0.014260877,-0.16850586,-0.68094504,-0.41651607,0.22704324,0.32231697,0.64623684,0.29656023,-0.3209799,-1.151436,-0.79492533,-0.5236355,0.06564675,2.0000477,-0.63958955,0.8081999,-0.29140458,-1.6452432,-0.8664593,0.6291418,0.77718586,-0.9192361,-1.2174665,-0.8275952,0.5620479,1.0249448
IND518222AAA,1.3130196,0.41440472,0.43077847,-0.6039047,0.7484478,0.01547208,0.13686508,-0.94915,-1.1643099,-0.79820806,1.0622185,0.66579276,0.4197812,0.8342041,0.19076002,-0.7950056,0.4737776,-0.27371985,-0.6102638,2.06993,0.35843414,0.5783513,-0.22988047,0.77737325,1.1440158,-0.5939741,-0.3809051,-0.38713595,-0.40143606,0.16079877,-0.96086437,-0.6044876
IND400072AAC,0.86377305,0.40323275,0.57398826,-0.27206215,0.21044339,-0.57900053,-0.2345081,0.16703397,-0.91749907,0.23447739,0.7703382,0.972437,0.7254081,-0.3306811,1.2194344,0.097470455,0.62546337,0.441993,-0.16680685,0.6577567,2.2865295,-0.10998896,0.08488767,-1.4916571,0.5785483,-0.91689736,-0.026132686,-0.23839918,-0.40951347,-0.22214781,0.33592704,-0.18386835
IND413401AAA,0.53352946,-0.17114295,0.61424744,-0.5117168,0.20365529,0.0040028994,-0.36661977,-1.0134913,-0.57688737,-0.39927846,-0.108686745,0.5744778,-0.061157335,0.8098458,0.06688866,0.1598108,0.5702717,-0.13827409,-0.04835371,0.82951736,0.77912825,-0.71028864,-0.28332832,-0.53542346,1.4831811,-0.36766887,-0.34167865,0.29860854,-1.1223308,0.05554208,0.51024085,-0.33028635
IND609001AAA,1.009158,1.2299136,0.50934404,-1.383592,0.16992243,-0.91975504,-0.29922843,-0.11975974,-1.1730962,-0.52706033,-0.3061852,0.82821447,-0.15336524,0.8572863,1.8275005,0.6223317,-0.7671529,-0.057662167,0.8670158,1.5465915,-1.016505,2.4348352,-0.5520205,0.7743355,-1.8639728,-0.015132089,-0.47159478,-1.2656462,-0.9516284,-1.2514446,-0.10662035,1.2095869
IND000000ABD,1.6223661,-0.08388363,0.8224385,-0.40480286,0.029722618,0.16200285,0.3451744,-0.2319304,-1.076049,-0.6915534,-0.25298867,-0.36661685,0.31774428,-0.22753008,-0.32494447,0.14413165,0.58746845,0.5808945,0.22040379,0.97931147,-0.37061706,-0.19354174,-0.74637717,0.09009123,0.3977138,-0.69223744,-0.34179646,-0.4395238,-0.305239,0.4398,0.0713624,0.21380082
IND480334AAA,1.2743406,0.33452302,0.8657253,-1.5748384,-0.57808566,0.43968645,-0.0762815,-0.85742766,-1.5371,0.23235488,-0.5832455,1.7896738,-0.5505673,2.4822512,-0.15446953,-0.6113644,-0.22932325,1.1203147,-0.2442945,0.5852091,-0.2445535,1.3613567,0.3168417,-0.23988223,-0.1944094,-0.2850986,-0.49815843,0.37205333,-1.8458953,0.16780804,0.4938602,1.3772787
IND641607AAA,1.8392233,0.48144636,1.5031694,-1.6673055,-0.42649046,0.6910186,-0.9698183,-1.5886278,-0.6453227,0.53864074,0.4152164,0.8720411,0.96990865,1.0505786,1.2106793,0.92614174,-0.996215,0.39417544,1.0886189,1.0912108,0.64159113,1.0649753,-0.09195557,-0.109525986,0.034497075,-0.45930725,-0.076841205,-0.98480815,0.4941184,-0.17238912,0.34053555,0.30890578
IND360002AAB,1.6826622,1.3604131,2.0313885,-1.0317854,0.8856571,0.17513725,0.20449229,-0.49168736,0.17605746,-1.4544609,0.2634185,1.0728045,0.3819651,0.849219,0.21698257,0.30857518,-0.6788639,1.5708967,1.6565833,1.2437305,-0.10889667,1.1266726,-0.74485517,0.9604959,-0.23977444,0.8532464,-1.1701611,-0.09497798,-1.4109983,-1.1051861,0.03366688,-0.107450224
IND847212AAA,0.93660754,-0.5799942,1.3525461,-0.67940056,0.44200057,-1.3377686,-0.57155764,0.18597467,1.4206326,-0.32828572,0.6868212,0.2701735,0.5930757,0.081697516,-0.060645223,0.03965415,-0.3043167,0.55073684,0.5550412,1.3003265,0.6570041,0.5166108,-0.8758226,-0.8940579,-0.73643124,0.11203696,0.6440458,-0.40381128,-1.4706272,0.65690285,-0.25276855,0.5055076
IND679576AAA,2.4060721,0.42960328,0.49376705,-0.947962,0.4222186,-1.3163643,0.68855387,0.19378217,-0.74826974,-0.88482386,-0.17900875,-0.08082093,0.57060266,-0.5282674,0.07016049,0.82112277,1.050398,0.023194643,0.36097214,0.88579404,0.3248684,0.20456988,-0.2782624,-0.5703262,0.02937574,-0.40618673,-0.8015757,-0.6243838,-0.31010705,-0.30250278,0.15171784,0.9171633
IND614018AAA,0.9998192,1.2055326,0.4632946,-1.4123809,0.10504378,-0.8715343,-0.2568768,-0.11431935,-1.2330444,-0.4525668,-0.29886243,0.7646913,-0.17780486,0.86956984,1.7592899,0.5307453,-0.8319588,-0.05179637,0.81378347,1.494426,-0.953096,2.4004807,-0.57602984,0.70763254,-1.7410321,0.0744081,-0.5533766,-1.1942687,-0.89162016,-1.1572399,-0.14524433,1.1909558
IND424304AAC,0.5390056,0.22154202,0.41518915,-1.2851763,0.74103886,-0.12648465,-0.63989174,0.44229084,-1.1030062,-1.0480312,0.82550174,0.7496176,-0.17708868,0.24673277,1.4348669,0.078008,-1.0100379,0.09637246,1.4418393,0.48624226,0.9329992,-0.38973293,-0.9869121,-1.0422246,0.6500062,-0.50711316,0.013921376,0.31048313,-0.9984397,-0.71979934,0.8046996,-0.84312993
IND802212AAA,0.22787818,-0.7208312,0.7940445,-0.49820718,0.51349556,-0.6405963,-0.12806,0.19661283,0.4923616,-0.21312973,-0.51896846,0.27686256,-0.50600505,0.57152516,1.3307956,-0.040972315,-0.9733015,0.24107295,-0.09612967,2.0840466,0.81072974,0.37007305,-0.8271812,-0.14819989,-0.3208882,-0.9547396,0.29566023,-0.73650384,0.13242792,0.97006243,0.1681683,0.42476013
IND208006AAA,0.020768702,-0.5480017,1.2070025,-1.082411,0.9922895,-0.45384374,0.056074757,0.23824269,0.08062978,-0.094567075,-0.6334801,0.34131885,-0.77063704,0.31229156,1.1920985,0.7284102,-0.14950874,0.023524132,-0.10136381,1.1528006,0.58581984,0.35282847,0.06586812,-0.054216843,-0.7968299,-0.7205349,0.31373355,0.14634946,-0.30383778,0.06292931,-0.08584522,-0.36989373
IND515004AAA,0.61850995,0.18209134,0.6448288,-0.6673335,-0.08213672,0.24596988,0.53059196,-0.36842704,-0.70651525,0.008693822,0.6911806,0.33726895,-0.5153951,-0.6441148,-0.15279838,0.38433212,0.9451386,-0.040197644,-0.4486155,1.1368874,0.13776892,-0.11485199,-0.66776115,0.41569528,0.35175103,-0.9815803,0.017172731,-0.47417894,-0.77924794,-0.8766447,0.30022863,-0.17680545
IND785112AAC,1.2363657,-0.9403468,0.4915147,-0.14058103,0.29235312,-0.39102328,-0.48703367,0.2930802,0.51181406,0.054421812,0.18493076,2.155702,-0.7020204,1.5712571,0.34612748,-0.17885873,1.7133001,-0.19553024,0.36004645,0.5940859,0.16819312,1.162771,-0.4369613,-0.9475352,-0.6518455,-0.82397246,0.36074588,-0.9313214,-1.2360513,0.407192,-0.931744,0.08649847
IND335524AAA,1.0256515,-0.97218907,1.0414503,0.18331832,1.2112795,-0.16486174,-0.31753618,-0.26185542,0.17892751,-0.43543229,0.42425075,0.7119718,0.5391896,0.80177766,-0.19972257,-0.91959727,-0.0016041042,-0.095054366,0.6890632,0.85789067,0.3061628,0.054323502,-0.9999943,-0.2401591,-0.29368383,-1.3237401,0.031973597,0.6716802,-0.6336849,0.40978113,0.39482498,-0.17804003
IND177203AAA,0.88569975,0.11229848,0.16097777,-0.88414973,0.85739565,-1.1394107,0.6375767,-0.801144,-0.21501915,0.006844067,0.491655,-0.025299946,1.29553,-0.2575097,0.9988207,-0.87333477,0.29738042,0.64879435,1.294875,1.1600742,0.21516545,3.0556762,-0.47728616,-1.2482631,-0.49445248,-0.53857464,0.37306297,-0.9325241,-1.1242169,-0.6932877,0.21171257,-0.19795068
IND342902AAA,0.37322313,-1.1724889,0.91536397,-1.0843955,0.012504633,-0.31123593,-0.46244082,-0.18213663,-0.49026695,-1.2029151,-0.4516342,0.7699899,0.6365239,0.10741841,-0.5483477,-0.80139226,-0.12942153,0.38994613,-0.4700388,1.3761545,-0.11669006,0.18637434,-0.70312923,-0.97371405,-0.2767602,-0.45567152,0.18537678,-0.5658337,-0.049200978,0.3074152,-0.29478216,-0.3837231
IND767017AAA,2.5595675,1.2676103,0.62192875,-0.94002503,1.6396432,-1.2760468,-1.0331103,-0.72834885,0.25222915,-0.40289503,-1.0728024,0.39854485,0.087084875,0.4757255,0.5520646,-0.88115525,0.16726866,0.83155066,-0.21564935,1.2128981,-0.57498896,2.322574,0.07237267,0.31915703,-0.7387173,-1.0032105,0.59044755,-0.6344043,-0.9898337,-0.37522215,0.81895226,-0.2390214
IND385340AAB,0.7068312,0.29524386,0.49226114,-0.6947706,0.4549119,0.06944401,-0.673145,-0.86990863,-0.62625146,-0.6340609,-0.22948223,1.0664623,-0.71652645,-0.07395418,0.6300218,-0.35778582,-0.58350277,-0.3091219,1.5266289,1.894104,-0.13919774,0.78263307,-0.3877696,-0.6336682,-0.12157915,-0.19550729,-1.588852,0.033898193,-1.6702005,0.8989307,-0.6003248,1.2265393
IND577002AAA,0.8490378,-0.6143978,0.12440082,-0.64375776,-0.08227192,-0.16497111,-0.06900887,-0.8082543,-1.0534874,-0.99858975,0.5410775,0.15457615,0.013947228,0.26492345,0.1847162,0.42246625,1.2905078,0.6989235,-0.043215655,1.101414,-0.14926322,-0.11274376,-1.0538476,-0.23369017,0.49701595,-0.15865448,0.056428812,-0.32188556,-0.38651955,0.6718416,0.67725116,0.45764732
IND203131AAA,0.6436299,0.12011521,1.8693178,-1.3743786,0.8996632,-0.9398631,-1.210284,-0.63541126,-0.26042444,-0.20766842,1.2061116,0.85324186,-1.0069599,0.15000868,-0.6376426,0.13090412,-0.5494879,-0.721418,0.21537158,0.86921376,0.41743442,0.6349645,0.24941762,-0.36660194,-1.1509978,-2.375264,-0.9775099,-1.0688231,-0.28859705,-0.31706002,0.5618955,0.35689488
IND690537AAA,2.3021636,0.8325346,0.03708607,-0.61701584,0.34216732,-0.8820183,0.36055663,0.89855146,-1.289432,-0.72598547,-0.2884978,0.43392038,0.64890766,-0.3306133,0.04304786,0.73097956,0.3450794,1.0244493,-0.24613269,1.3342502,-0.09915451,0.04626802,-0.06628532,-0.95170814,0.20433313,-0.36031654,-0.9821994,-0.33252725,-0.6766856,-0.34893483,0.687479,0.35896593
IND384170AAA,0.4352469,0.16839826,0.63067514,-0.7331323,0.39798206,0.0968307,-0.68836606,-0.7041035,-0.65739393,-0.6210208,-0.4621795,0.9527078,-0.8410746,-0.12200088,0.6261795,-0.39501786,-0.79712784,-0.28893316,1.2312396,2.0643752,-0.20128138,0.76521313,-0.5245528,-0.5711796,-0.07866311,-0.09719644,-1.6049194,-0.14134213,-1.3825148,0.9078856,-0.5354807,1.1288339
IND736165AAA,1.4005988,-0.034371924,0.557106,-1.1749809,0.33103067,-0.059051238,-0.04231329,0.2216787,-1.6467549,1.1784964,0.039103393,0.9427617,0.6424792,1.4325622,1.7165158,-0.07983426,0.28301436,0.50848925,0.9650266,0.94501925,-0.82534397,0.16059193,-0.5225048,-0.8299422,-0.7093808,-1.3824949,0.49049047,0.4461159,-1.5832382,-1.3256884,-1.2824162,0.3765606
IND121004AAA,-0.11936209,0.27000377,0.9890613,-1.3256912,1.707488,-0.20473392,-0.62469614,0.7446498,-0.5037281,-0.26892838,0.06859673,0.54811937,0.20816863,0.5210992,0.056511227,-0.34925488,-0.06877475,0.04779146,-0.6786928,0.20014052,0.6933509,0.3986532,-1.4718803,-0.521122,-0.57917756,-0.7434532,0.2203954,-0.61510116,-0.80967903,1.1416521,0.02305918,-0.1176904
IND722202AAA,1.5943743,-0.9930436,0.10880323,-0.7657105,0.45167887,0.20915014,-0.18127717,-0.49982563,-0.8518451,-1.0874599,-0.26424938,0.44577312,0.15099658,0.42461982,1.1892006,-0.26174247,0.070270225,-0.034703776,0.5388451,0.17455952,1.808051,0.93525404,-0.78821033,0.28720996,-1.2800679,-0.34606436,0.16529387,-0.8431081,-0.9868754,0.41839018,-0.23697951,-0.23275991
IND396105AAA,-0.29461017,0.29677978,1.2096906,-1.2098058,0.12293566,0.12554595,-0.034311626,-0.17623197,-1.9959714,-0.5700655,-0.284369,0.7330531,-0.34802568,-0.20025861,0.62554187,0.5042256,0.5469187,0.17647322,0.3234318,-0.0762946,0.9452979,-0.06216493,-0.43882775,-1.0012021,0.6764625,-0.32002366,-0.65294814,-0.35667634,-1.0108854,0.38537204,0.5017607,-0.06012144
IND637301AAA,1.3228596,-0.25859305,0.29478377,-0.5391307,0.0025339827,-0.3334615,-0.27942216,1.1103017,-1.5008284,0.06579733,0.88746697,1.5478462,1.0398245,1.2176962,1.0475872,-0.62651545,0.5570988,-0.32135847,1.2381608,1.522278,-0.32520595,2.150202,-0.072101325,0.17513682,-0.29865083,-0.86716855,-1.4605072,0.37100822,-0.5366899,-1.2561398,0.21807146,-0.48578367
IND721134AAB,1.1405699,1.0383916,0.48751974,-0.42779657,0.41518632,-0.010477735,-0.6316117,1.2902007,0.18950471,-0.5154516,-0.75924623,0.2254077,0.58756185,0.6161578,-0.47840506,-0.40558773,0.011163991,-0.09739982,1.0957992,2.2365515,1.0347122,1.5173815,-0.8130129,-0.06274426,-0.19132146,-0.87971723,-0.10040149,-0.53229433,-1.4771955,-1.4980376,-0.47601146,0.6758965
IND642001AAA,1.8610147,0.11286059,1.5254683,-1.5054308,-0.34601608,0.8394425,-0.76560587,-1.6015104,-0.5661971,0.5557535,0.33004776,0.37868616,0.9414478,0.7583304,1.0053767,0.37009636,-0.86935794,0.9533004,0.48932877,1.458114,0.51461834,0.8549376,-0.12698062,-0.31277874,-0.1015649,0.14707425,0.102692,-0.82247794,0.12447866,-0.16641656,-0.3383627,0.32395986
IND473001AAA,1.4549745,-0.13509248,0.69075173,0.43115324,0.26076978,-0.8681395,-0.4092166,-0.3123597,-0.51980466,-0.0035087413,1.0783918,2.1312435,0.6656652,0.14550689,1.0418006,1.2079669,-1.4040877,1.4161454,-0.44993925,0.7631631,0.60194165,0.13200419,-0.96905226,-1.2535602,-1.235958,0.09093536,-0.59013903,-0.6735151,-0.6373903,0.31013432,0.13870446,-0.28673932
IND584123AAA,1.048766,0.29520786,0.58440816,-1.2426039,0.573553,0.19301514,0.47136047,-0.8513559,-2.1440117,-0.51570123,0.27140194,0.865826,0.20198542,0.10929245,0.22985606,-0.2050742,-0.2066278,-0.1533487,-0.3182773,1.6535792,0.3002009,1.3696276,0.23606938,1.2274541,0.53199494,-1.2295053,-0.030590257,-0.7808614,-0.13545386,0.041956667,-0.3421318,-0.82872236
IND424006AAA,0.18508083,0.33161148,0.5175405,-1.088227,0.6248058,-0.07595333,-0.2837218,0.4351119,-0.85949695,-0.59146893,0.6844505,0.77670276,-0.18311293,0.16874191,0.84495896,0.18981688,-0.8531097,0.044642925,1.0733982,0.107695125,1.0523746,-0.11694412,-0.78404087,-1.1382749,0.36571258,-0.42681065,-0.03348579,0.46878633,-1.1059045,-0.7196032,0.6972109,-0.7687936
IND423106AAA,0.4418765,0.12695213,0.5200731,-1.4164958,0.8740556,0.20320424,-0.5475126,0.5238721,-0.6381066,-0.76444435,0.8075482,1.2536049,0.37370738,0.4655265,0.752942,0.26522413,-0.87906206,-0.03025673,1.0192068,0.29038474,0.8753001,-0.047219012,-0.38031128,-1.2705123,0.7301373,-0.58789295,-0.16806728,0.68203115,-0.97571945,-0.7950255,0.90618116,-0.8540248
IND384205AAA,0.20051675,0.09231985,0.6274039,-0.65285724,0.6031036,0.25460914,-0.74941826,-0.4743042,-0.865648,-0.51519513,-0.2163719,0.6631551,-0.58765537,-0.27921402,0.86921227,-0.47014767,-0.54464066,-0.31837898,1.1604954,1.7875926,-0.007017287,0.33496922,-0.5518577,-1.0586315,-0.35804313,0.19549811,-1.2221721,-0.08939147,-1.5174497,0.7265573,-0.48032123,0.9785511
IND476001AAA,1.005934,-0.25839385,0.8979435,0.43500972,0.71818507,-0.8764413,-0.83391774,-0.5735794,0.09998584,-0.053215478,0.5773612,1.0309395,0.3161393,-0.027958548,0.9972134,0.49613371,-1.1004485,0.46563086,-0.6141584,0.7956982,0.10345012,0.31257588,-1.2267578,-0.8607161,-0.5720359,-0.8120137,-0.1840827,-0.48088434,-0.12861164,0.3340401,-0.4964843,-0.47459978
IND222125AAB,1.8092217,-0.53083646,0.57143885,-0.5432621,0.82314795,-0.21164668,-0.28750545,0.77726465,-1.1162528,0.5511805,0.8322977,0.18816365,-0.43686095,1.5841707,0.13023315,-0.2094998,-1.0283567,1.1024389,0.13936743,1.2871459,-0.78422153,1.4569842,0.006232401,0.9231944,-0.2069194,-1.0932876,0.4483745,-1.7295809,-1.4915322,0.3867192,0.5375284,0.67553186
IND484446AAA,0.38328674,-0.6068522,0.2816529,-1.13157,1.3070451,-0.9942681,0.37182516,-0.3305178,-0.71333295,0.6863125,0.73903924,0.62197584,-0.18464755,0.30048385,1.8755602,-0.32514113,0.5197185,-0.58768123,-0.52855986,1.0549866,-0.39466256,0.73618126,-0.52355313,-0.28758332,-0.6453372,-0.18287882,-0.78393936,0.04469313,-1.0568359,-0.9580191,1.3318377,0.3708274
IND382421AAA,-0.24000478,0.105969556,0.7201286,0.3727918,-0.26329255,0.20698155,-1.0754416,0.112536564,-0.63576865,-0.5980855,-0.4028766,0.82810324,-0.36244193,0.21054861,0.5476477,-0.1616093,-0.44643787,-0.014887706,0.16415018,1.4496472,0.2055849,0.2479827,-1.0920188,-0.97167563,-0.03564628,-0.2530954,-0.9741387,0.32249644,-1.5089004,0.27412608,0.32626313,0.17061861
IND517583AAA,1.3937248,0.33981198,0.8624909,-1.1447717,-1.4997696,-0.7241633,-0.260812,-0.2807838,0.32049304,-0.39613432,0.36721838,1.0591798,-1.1061745,2.02114,0.3966648,0.2955846,-0.027097749,0.47739995,-0.48833886,1.8428808,0.07600899,2.3643448,-0.57822716,0.21229616,0.07362665,-0.540981,0.4522279,0.60117525,-0.27237624,-0.44468316,0.20412323,-0.61803883
IND515591AAA,1.6548432,0.592383,0.9529751,-1.2968296,0.32237622,0.3515533,0.20875147,-0.14036343,-0.51866937,0.3793583,1.087448,0.32061866,-0.6760894,-0.39589608,-0.17952657,0.9056554,0.83865905,0.27674842,-0.5498393,1.3940243,0.09221785,0.10801613,-0.5103391,1.0429194,0.4072753,-1.4595786,-0.40213016,-0.57250726,-1.284021,-1.0422308,0.3998197,-0.2548742
IND244901AAC,0.57481474,0.09722026,1.5513935,-1.146405,0.2782771,-0.56792355,0.112143904,-0.78406864,-0.14816698,0.79701,-0.20015997,1.3726482,-0.43990052,0.7590462,0.18416743,-0.76790464,-0.14871496,0.9345267,-0.59151113,0.30240044,0.2120265,1.7181821,-1.6644546,-0.8191339,0.40537792,0.787492,0.36078912,-0.22724171,-0.07023264,-1.0882914,0.2700478,0.70372826
IND124001AAB,-0.047287144,-0.54360116,0.8940414,-0.2172635,-0.015609053,-1.2232691,0.5931846,0.59750867,-0.2276628,0.14164853,-0.105464526,1.1156483,-0.4635125,-0.15196617,-0.46643934,0.13470209,-0.26214465,0.53032875,0.018997153,0.503326,1.0052538,0.9370601,-1.5683036,-1.3477185,0.3122557,-0.93474984,-0.04728453,-0.48318475,-0.35928014,-0.74155086,0.37461802,-0.3950515
IND136027AAA,0.724996,-0.2687464,0.83844966,-1.5945917,0.13934833,-1.0949064,0.34063703,0.30033338,-1.1033509,0.5571628,-1.2912995,1.7201655,0.07993387,-0.22383654,-0.12096896,-0.94854295,-0.038432818,0.27426895,-0.161471,-0.031154998,1.636019,1.598735,-0.45267582,-0.7454023,0.63813263,-0.99978554,-0.3329457,-0.84549814,-0.37860614,-0.38062245,-0.0076969243,-0.31245476
IND394221AAA,-0.077077284,0.23233022,1.1423775,-0.665931,0.36590698,0.42669675,-0.4996311,-0.027670396,-0.6111127,-0.43728626,0.20447196,0.39654386,-0.44506317,0.14128017,-0.024291895,0.5476039,0.3262951,0.64766836,0.31084856,0.5840734,0.424751,-0.6185825,-0.5315327,-1.0930816,0.57734364,-0.6759315,-0.7680423,0.26427135,-1.0424459,0.50445646,0.088296086,0.15041296
IND496001AAA,0.6817143,0.4869569,1.0463707,-0.5881558,-0.123003565,-0.7914446,-0.7835836,-0.23181717,0.7513338,1.9750105,0.3844195,1.8487147,-0.05971907,1.2906241,0.67029154,1.2019501,-0.7145099,0.30277187,1.2047259,1.0259944,1.2886084,1.8975261,-0.8923787,-0.51073796,0.1806261,0.1286299,-0.35979766,-0.8520011,-1.387406,-1.8368131,0.53242224,0.5821433
IND272153AAC,1.1795143,0.11659977,1.083516,-0.99315107,0.25390342,-0.69436204,-0.16936967,-0.2818325,-0.6890815,-0.24690229,0.23476093,1.1925998,-0.08631566,0.6191289,0.63532907,0.04807043,0.10173374,0.38619843,0.19047576,1.3501635,0.27637732,1.0212648,-0.6255674,-0.36117223,0.047832597,-0.5360776,-0.07690972,-0.48413965,-1.0652276,-0.33662575,0.15158166,0.22197741
IND184104AAA,0.72307783,-0.3050838,0.70787895,-0.48985937,0.86369705,-0.83062094,0.48214287,0.48406944,-0.47981435,-0.37776968,0.61606216,0.2820415,-0.34283632,1.0801966,-1.162751,0.20143358,0.011906549,0.6802511,0.42677,0.86737835,1.0977467,0.78881055,-0.8333005,-0.5713533,0.69236183,-0.8575616,-0.8215502,-1.0571856,0.06736902,-0.19826742,-0.12622097,-0.56700957
IND303008AAB,1.377806,0.79062855,0.49777967,-0.052460283,-0.27832854,-1.7786772,-0.654624,-0.0107787615,0.19086218,-0.01563078,0.95783466,2.183222,0.7119276,0.29405597,0.028079338,-0.21386823,-0.3884139,0.22199032,0.24762611,1.1946198,-0.7971362,1.0800316,0.1187655,0.417227,-0.015163762,-0.4905367,0.076149225,-0.5857872,-1.2709433,-1.2519437,1.1906983,0.22168507
IND712103AAA,1.2756886,0.95605963,0.31424618,-0.3937739,0.39641857,0.042796526,-0.42745912,1.0263016,0.09826789,-0.4046383,-0.9040428,0.10513548,0.4761174,0.83904433,-0.3895624,-0.48054722,0.2997405,-0.030129123,1.0691783,2.3676836,0.8734882,1.5662235,-0.6606695,-0.23460802,-0.27865127,-1.1525035,-0.580454,-0.37052736,-2.0366411,-1.5568844,-0.53751,0.45044318
IND400102AAB,-0.29889864,-0.04282125,0.21714538,0.0054440177,0.4396764,0.005467078,0.2648705,-0.023327274,-0.68419945,-0.400228,0.026720544,1.040575,0.0071248044,-0.061886493,0.7584262,0.17465296,0.5015734,-0.094036445,0.17623496,0.61619526,1.0503471,-0.51824534,-0.798664,-0.8299417,0.19923258,-0.42678702,-0.50441325,-0.059640095,-0.6896281,-0.46804786,0.37747094,-0.33766323
IND142401AAA,1.4892197,-1.2953303,0.87853575,-0.31997153,0.6273299,-1.1012123,0.36453232,-0.2778075,-0.7561636,-0.46897936,1.0431392,0.5292007,-0.08623351,0.5788829,-0.24684334,0.6584129,-0.035761956,0.5606943,1.0341069,0.6097299,0.7122053,1.5285748,-0.6868612,-0.50234896,0.969425,0.32950073,-1.2322878,-0.3983327,-0.152546,-0.25629294,-0.3752436,0.09426556
IND686028AAB,1.8394319,1.0281814,0.12213656,-1.0954005,0.33733803,-1.3163141,0.38451847,0.058533356,-0.3775339,-1.1007081,-0.62525004,0.23881033,0.6056826,0.7066816,-0.61949295,1.0177722,0.7678115,0.22186242,-0.16398782,1.5295863,-0.4711915,0.5350064,-0.35173926,-0.5030437,0.15115851,0.08207555,-0.5005437,-0.08620248,-0.6990836,-0.2605462,0.55292404,0.4202323
IND400072AAD,0.20110561,0.2882778,0.76136696,-0.25341585,0.30398095,-0.2508607,-0.071535535,-0.02749081,-0.78857946,-0.45341107,0.5605598,0.74268043,0.72334474,-0.4601657,1.2861167,-0.20506416,0.44601318,0.054670032,-0.022514919,0.28650075,1.8068107,0.11565218,-0.33891627,-1.0567582,0.54953176,-0.5497188,-0.097644284,-0.03183018,-0.5148098,-0.1516342,0.2538734,-0.36599058
IND131021AAA,0.036715187,-0.21778044,0.050157722,-1.127259,-0.109827034,-2.1400476,-0.92815715,-0.21933857,-1.2835599,0.1376778,2.1110053,0.90177023,-0.2277797,1.4200515,1.3567553,-0.48916057,-0.582905,1.124291,1.2648472,0.559166,-0.9605384,1.6341469,-1.4347439,-0.6136385,0.6114413,-0.15167801,0.32941702,-0.35892627,-1.306489,-0.97949594,0.27649167,0.97387797
IND638052AAA,1.3210922,-0.28741336,0.34082028,-0.59739447,0.018042527,-0.3290826,-0.3075256,1.080399,-1.5249611,0.029087933,0.85518557,1.5689627,1.1057253,1.229993,1.0415261,-0.6345415,0.55275935,-0.30828324,1.1861002,1.5334386,-0.35345197,2.109065,-0.039989892,0.17474855,-0.26984692,-0.8446494,-1.4313651,0.33778018,-0.57703435,-1.2596627,0.19270392,-0.4423511
IND321001AAA,0.023211224,0.012485282,0.82156557,-0.6268749,0.46835455,-1.1009078,-0.774098,0.072210506,-0.07645491,-1.5262762,0.017432552,-0.18610796,0.8503388,0.58540446,-0.11687754,-0.20302974,-0.53212494,-0.4484914,-0.3569663,1.6962311,0.19431204,0.23189265,-1.8121457,-0.8617757,-0.23365685,-0.6345988,0.17271955,-0.46854353,0.12723714,-0.14132327,0.3962583,-0.04573706
IND845412AAB,0.8066289,-0.09053018,1.108254,-0.27318913,0.53872216,-1.4663028,-0.6430607,0.0776108,1.2528518,-0.52077454,1.1010555,0.12710336,0.10603845,0.14213152,-0.14107595,0.21970743,0.05670819,0.7100509,0.47545984,1.0868927,0.5805643,0.5897855,-0.58500206,-0.7143321,-0.3048385,0.025669824,0.46463642,-0.3144522,-1.6043713,0.5883549,-0.13019527,0.44444087
IND679531AAA,1.9674277,-0.121814504,0.25213584,-1.0085849,0.6313809,-0.86981255,0.5127795,0.27581108,-1.0127723,-1.0775802,-1.2510931,0.50187445,0.40136728,-0.2825157,-0.40563816,0.9134102,0.49289852,1.0822423,0.81969184,1.6303031,-0.14496507,-0.2084986,-0.19301127,-0.41677344,0.08074826,-0.529301,-0.85718745,-0.77172124,-0.5977234,0.29433835,0.6310476,1.0098009
IND147201AAA,0.58824354,-1.1746558,0.68298084,-0.82936215,0.7595168,-0.06253343,0.7215761,-0.0091970535,-0.5959775,0.10728262,0.6775451,0.6619778,-0.3948374,0.558566,-1.0289439,0.5195634,0.11314088,-0.062381532,1.465772,0.6820897,0.5816528,0.6505289,-1.5912979,-0.6552571,0.16842446,-0.76763207,-0.17495716,-1.2350702,-0.51489764,0.025473025,-0.003513767,0.8007845
IND305901AAA,0.30608898,-0.5690155,1.396446,-1.2309518,0.78643245,-0.32430556,-0.09315288,-0.05269176,-0.61651367,-0.90681183,-0.17371574,0.23593126,0.6475479,0.07138428,-0.34069785,-1.0878224,-0.6545112,0.12761267,-0.456373,1.5012047,-0.7830524,0.4134534,-0.23738194,-1.3607738,-0.86232644,-0.06968817,-0.01285093,-1.1408637,-0.4985753,-0.35855588,0.05839049,0.61199564
IND345001AAA,0.5136746,-1.2644702,1.1225568,-1.3848755,-0.14600943,-0.1302251,-0.6239757,0.028371323,-1.1748189,-0.4168841,-0.6184357,1.8544762,1.1024219,0.1856229,-0.37730432,-1.1188662,-0.74426407,1.0995221,-0.45286396,1.8483595,0.122680664,0.35395935,-0.8450966,-0.5934633,-0.29877108,-0.31974006,0.68801224,-0.6869272,0.24574684,-0.7897173,-0.7072041,-0.03883895
IND444303AAA,0.5971669,1.0408502,0.17802502,-0.4838161,0.27943075,0.45975798,0.5285849,1.2983838,-1.6224875,-0.59514,0.1303704,1.129318,-0.07957825,0.77772,0.9077084,0.014774318,0.05220261,0.19188319,-0.54568565,1.1454346,1.598383,0.6779077,-0.96269006,-1.0427839,-0.13418694,-0.9249474,-0.4867234,0.947217,-0.75489587,-0.2626474,0.461726,0.17210011
IND201301AAF,0.3174783,-0.63146764,1.2524683,-0.25791067,0.9602633,-1.0343864,-0.7033984,0.06609473,-0.12995699,-0.3724771,0.17400582,0.8993549,-0.77132267,-0.038779724,-0.43747276,-0.1857058,-0.18666226,-0.19972621,-0.07765265,0.60739934,0.7674435,-0.27732605,-0.1532102,-0.46134982,-0.8390443,-1.2119781,-0.7604822,-0.3632686,-0.46433544,0.061308395,0.08424198,-0.33687702
IND628801AAA,1.0263125,-0.96730286,0.60459447,-1.1081488,-0.12758261,-1.2213119,-1.3514596,-0.24504672,-1.4428434,-0.6059173,1.6339827,1.869352,-0.59196055,0.23969023,0.31494674,-0.2591633,-0.5040915,0.5316553,-0.3534329,0.7816422,0.96892214,0.5704268,0.9590828,-0.13660496,-0.13077146,0.39275897,-0.14539248,-1.103224,-0.98980045,-0.68408376,1.2036403,0.98708946
IND577535AAC,1.1384772,-0.26122838,0.2140319,0.120354205,0.17735174,0.15925714,0.56184584,0.0584121,-0.68252885,0.3071718,0.57009643,-0.2481748,0.37450466,0.58628994,0.29110134,0.05312502,0.8618625,0.85436934,-0.23544577,1.672977,-0.8006954,-0.1345502,-1.1658903,-0.88227946,0.8884468,-1.072835,-0.44052634,-0.8740442,-0.9736516,-0.068456545,0.528131,0.22751647
IND110043AAA,0.04381986,-0.7898895,1.1362256,0.39642102,0.358611,-0.17389719,-0.009651235,0.07309071,0.035551004,-0.33813912,0.27638018,0.2502418,0.031677924,0.11393564,0.2019661,0.082449414,-0.26541302,0.15254277,-0.57877916,0.80045,0.15819417,0.03680551,-1.3017205,-0.3234375,-0.25807035,-1.1007638,-0.027294528,-0.34554186,-0.5397129,0.45087078,0.13958892,0.05354034
IND341512AAA,0.5153527,-0.78737944,1.8221265,-1.2357135,0.9419699,-0.47517738,0.13032602,0.39157078,-0.38619307,-0.5693227,-0.24119562,0.30835938,1.0362735,0.3320849,0.099112675,-1.2669412,-1.0653872,0.32758588,-0.27266893,2.1018708,-0.5282778,0.3427273,-0.36719012,-1.1535006,-0.5276047,-0.14198191,-0.69510347,-0.6965194,-0.27178955,-0.5335149,-0.10531962,1.0335081
IND590016AAA,1.281909,-0.5179633,0.4819218,-0.41063738,-0.78007126,-0.94258726,-0.28744566,-1.3688592,-0.8316026,-0.4013692,0.23584588,0.25549504,-0.040840313,-0.20009002,0.37593138,0.23923759,1.5242553,0.5760344,-0.045759544,1.4784716,1.1704594,-0.1445597,-0.04475506,-0.6584537,0.612091,0.04424074,-0.19250077,-0.8696453,-0.98966634,0.5514918,0.33927232,0.27773067
IND331507AAA,-0.12373167,-0.49391025,1.0876573,-0.8989086,0.48538816,-0.026337499,0.12919202,-0.050616182,-0.32883406,-1.0694369,-0.24999772,0.17403053,0.033476785,-0.022195658,-0.2958233,-0.30578068,-0.037158042,0.29158375,-0.405245,1.5074267,-0.7393007,0.21590672,-0.61356324,-0.9982967,-0.6865656,-0.25615907,-0.21474992,-0.18680353,-0.35851085,0.252886,0.061006848,-0.3977013
IND635001AAA,0.7265747,0.110413134,0.39862594,-0.4538287,0.20344478,-0.23267135,0.52219933,-0.23561807,-0.54794204,-1.4050968,0.31239846,-0.23046975,-0.5120043,-0.0094095245,0.3768911,0.17514566,0.9097211,0.45401344,0.10765959,0.69175094,-0.2218882,-0.42095548,-0.7730888,-0.51668364,-0.022468964,-0.22655565,-0.61477554,-0.6828482,-0.68046397,-0.16961698,0.2814281,-0.1139949
IND400701AAA,-0.029632088,-0.3751859,0.28448403,-0.24722457,0.023600753,-0.69417995,0.23207425,0.6101439,-0.50460696,-0.72288233,1.0572416,1.723511,0.6115313,-0.43260854,0.959133,1.2807306,0.6163982,0.7087847,0.35587567,0.782887,1.4922074,0.32386547,-0.12244614,-1.4898012,0.8521257,-0.5337405,0.6522347,-0.66584814,-1.1042421,-0.41032022,0.3050039,-0.0036802238
IND585211AAA,0.65969366,-0.044886775,0.8022817,-0.7175335,0.58683985,0.35255134,0.39928216,-0.2745877,0.2012878,-0.40509126,0.8368066,0.70587265,-1.5619526,0.3422796,1.7000765,-0.037976738,-0.22155061,0.24193102,0.5215706,1.3612158,1.0091757,0.6989252,0.21525829,-0.040277228,1.1773978,-0.7889516,0.19815616,-0.22253233,0.09128341,-1.4740477,1.092576,0.74715555
IND689503AAB,2.1670527,0.97643405,-0.1108636,-0.6174114,0.24857749,-0.7112827,0.35814437,0.6735131,-1.1301687,-0.86118186,-0.28585878,0.4581563,0.4843796,-0.17122717,-0.039685726,0.5118014,0.49717164,1.0633328,-0.2025193,1.2919719,-0.2887735,-0.08653039,-0.12700441,-0.8688156,0.34006143,-0.43367556,-0.75854737,-0.13584849,-0.60161376,-0.27416548,0.5769067,0.47952327
IND722151AAA,1.5039431,-0.992957,-0.4304781,-1.2813855,-0.6397866,0.5306042,-0.32129535,-0.44141492,-1.0694696,-1.161897,0.2325824,0.40434566,0.13674839,0.37099278,1.2360142,-0.5652166,-0.76911235,-0.1630863,0.5470352,0.6364811,1.2330257,1.6246635,-1.094364,1.013293e-05,-1.4989321,-0.39079162,0.24358183,-0.7952459,-1.3062346,-0.43553165,-0.24059455,0.42166254
IND752050AAA,1.1469977,-0.51530105,0.97216827,-0.3679034,0.60091144,0.33994946,0.5471226,-0.7519145,-0.09820089,-1.1285437,0.31301278,0.16032982,0.55365354,0.9126448,1.264068,-0.47965065,0.75651485,0.1818149,-0.17747623,0.39356714,-0.17818017,0.058204085,-1.4491606,-0.30501837,0.28028208,-0.186395,0.8092718,-0.16090472,-0.59743434,-0.055065446,-0.45672408,-0.42068696
IND561203AAB,1.1987004,-0.345892,0.3672334,-0.6254036,0.2462282,0.2908806,-0.790126,-0.46599215,-0.83767307,-1.1482579,1.4063985,-0.24420099,0.34594265,-0.10097365,0.08934065,-0.027220553,1.1140232,0.6519815,0.7796359,1.595748,-0.3981915,-0.26228088,-0.096768975,-0.23569003,-0.018407585,-0.50663936,-0.27981225,-1.0307604,-0.88663787,-0.5640329,1.5578768,-0.48924816
IND841101AAA,0.7163805,0.9815338,1.2858881,-1.4836575,0.6441122,-1.1338816,-0.31808755,-0.5338063,-1.7621003,0.6480844,0.6327296,0.59538996,0.9990847,0.992135,0.82527363,-0.23113972,0.32528555,-1.0398384,1.3182077,1.3457175,0.36021885,1.2726073,-0.82748437,-0.34462118,-0.9813886,-1.177089,1.0378602,-0.39498332,0.7122201,-0.10871818,1.2803233,-0.012337673
IND721139AAC,1.070035,0.9848554,0.7360569,-0.57931983,0.44551486,-0.07531563,-0.9259664,1.5075022,0.29200366,-0.6501725,-0.57593536,0.46701998,0.68543386,0.60634774,-0.5764612,-0.3727418,-0.2310083,-0.1149404,1.07502,2.2981937,1.2335504,1.6903688,-0.92910063,0.10645238,-0.1283868,-0.77262175,0.29548493,-0.6016728,-1.0144482,-1.5663863,-0.36865094,0.92850685
IND207247AAB,0.56343544,0.72599345,1.7303634,-0.281219,1.6032832,-0.41983885,-0.9595944,0.14888546,-0.32749873,-0.26197025,0.44579548,1.4592727,0.3607989,0.8039604,0.6083271,0.4040836,0.15875563,0.99519247,-0.6977522,0.015568852,0.9842219,1.0521345,0.1281195,-0.8714985,-1.0368406,-0.38462943,-0.8256476,0.002080759,-0.28577018,0.29176047,-0.53093386,0.052494217
IND000000ACK,1.7956512,0.81150454,1.304563,-1.827029,-0.5829167,0.37983555,-0.038390737,-0.15313037,-0.24276243,-0.34062627,0.14856294,1.1736594,-0.05283564,-0.86781305,0.6403614,-0.74807477,-0.067940585,0.09295104,0.8758286,1.1085137,0.20631394,1.8727622,-0.24362987,-0.671743,-0.43666753,-0.8238704,-0.47357354,0.8193637,-0.70682395,-0.6376,-1.1573701,-0.045151964
IND389001AAA,-0.06671308,0.091042705,0.8909368,0.31969228,-0.38355178,0.43987122,-0.42712533,0.5631852,-0.41376486,-0.8734645,-0.22625707,1.2055984,0.024776535,0.44782406,0.84458375,-0.3600921,-0.321257,0.15856415,0.48845202,1.189618,0.078955695,0.37021074,-0.33691245,-1.7382839,0.4375557,-0.78786975,-0.94564307,0.04437545,-1.4595581,0.590457,0.1524433,0.53680754
IND628613AAA,1.0218546,-1.0016842,0.5924933,-1.0510515,-0.13728847,-1.2414074,-1.3222994,-0.24618566,-1.4561018,-0.5376132,1.6146423,1.8570268,-0.5215778,0.2071872,0.2832355,-0.2518471,-0.46993342,0.5444222,-0.34413537,0.8219719,0.9916925,0.5598816,0.9891079,-0.20847331,-0.13147467,0.37833154,-0.15020496,-1.0982187,-0.97380424,-0.70427066,1.2981846,0.91957897
IND421302AAN,0.35252225,0.10409289,0.7990879,-0.67739254,0.66495025,0.13561249,-0.087622695,-0.07561501,-0.2405445,-0.39916542,0.6741949,1.1377726,0.7546574,0.057375558,0.8480636,0.20778313,0.7033427,0.3899849,-0.080306046,0.782341,1.8978388,-0.58774585,-0.045995623,-1.4864475,0.3747148,-0.061745718,0.0031971037,0.24775255,-0.5082171,-0.23196772,0.68156433,-0.13224512
IND431103AAA,0.2943188,0.5575302,0.68398184,-1.4225885,0.71144354,-0.10644437,-0.38154545,0.8906725,-1.7217451,-0.60194623,0.7714361,1.0514698,-0.031123765,-0.16734509,0.9674774,-0.11706783,-1.0015384,-0.0058537805,1.3733641,0.19509573,0.87986386,0.40178418,-0.6773301,-0.98586345,0.5885111,-0.4906569,0.05885014,0.30099607,-0.61541396,-0.9489355,0.83834815,-0.5341838
IND201307AAA,0.64135355,-0.8095152,1.2250425,-0.59797394,1.2522486,-0.9320897,-0.7844655,0.08586294,-0.36091837,0.07450653,0.06561597,1.2349252,-0.58845,0.15096213,-0.51782566,-0.15176108,-0.588644,-0.43402722,0.3769471,0.6871231,0.69101006,-0.3656462,0.06893254,-0.36226627,-0.79307914,-1.5899796,-0.6683858,-0.55399114,-0.9843093,0.20554546,0.07392653,-0.28791854
IND679329AAA,-0.27203137,0.21452086,1.7189988,-1.2061865,1.0729833,-0.047759242,-1.2237285,-0.6662406,-1.2267466,-0.5745153,0.22040015,0.47704086,-0.16126007,0.06431203,0.52227867,-0.90295327,-0.16475165,0.7662246,0.96138144,0.15992585,0.016951289,2.1374896,-0.28998014,-0.3581696,-0.62579733,-0.8894169,0.0050217127,-1.3087467,-0.95467407,-1.4939631,-0.4395413,1.0219452
IND722143AAB,1.6694969,-1.0009289,-0.035518497,-0.38497937,0.17289528,0.1547567,-0.49389073,-0.28240982,-0.66068214,-1.2032822,0.18326722,0.26777846,0.33553585,0.1525324,1.4726473,-0.22730397,0.17570655,-0.119508505,0.24468961,0.06798061,1.5438737,0.78411293,-0.8417606,-0.0584758,-1.2006757,-0.4732694,0.22478934,-0.5620879,-1.2255763,-0.25861573,-0.23067366,-0.16405784
IND532421AAA,1.1995717,0.5357165,-0.30359608,-1.4074132,1.2627075,0.019922758,-0.019344622,-1.2858548,0.31788024,-0.60792947,-0.33645004,1.3716561,0.14811796,1.0415467,0.21929914,0.5939737,-0.3361884,1.4045827,0.63906837,1.106799,0.047300626,0.53447473,-0.7202316,0.34383544,0.8173462,-1.0447919,1.3622308,0.055712007,-0.8201335,-0.7359284,-0.2509193,0.04332916
IND785682AAA,0.8771063,-0.41771403,0.6420311,-0.62464887,0.12411151,-0.61837643,-0.29660058,-0.082413636,0.22094388,0.032915156,0.045498095,2.261719,-0.16678154,1.7744037,0.1692523,-0.48538682,1.7036145,-0.19328727,0.30145493,0.5961472,0.14184992,1.1248605,0.4532583,-0.77168775,-0.6301644,-0.66527957,0.14636093,-0.908915,-1.1442972,0.80910087,-0.69617534,0.20042326
IND518206AAA,1.2360566,0.6181174,0.6743978,-0.94959533,0.77320415,-0.26869696,0.22275212,-0.9496297,-1.2885482,-0.81973636,1.0598979,0.5810024,0.5192237,0.849878,0.21717755,-0.71485204,0.65576106,-0.3791798,-0.4612856,2.0518525,0.2647689,0.6629207,-0.3591808,0.74744445,1.3179033,-0.77609307,-0.2545196,-0.5081597,-0.3285495,0.13243999,-1.217972,-0.24402454
IND400015AAA,-0.13379326,-0.046508577,0.4365369,-0.4659408,0.041664384,0.09922793,-0.053620435,0.11612647,-0.4456312,-0.1780206,0.63200396,0.9583275,0.014588736,0.08692723,1.126597,-0.19118816,0.16976812,0.44303638,-0.090740465,0.44420603,1.8510133,-0.6183485,-0.45610556,-0.9845138,0.40421057,-0.3964845,-0.10566299,-0.094036855,-0.52177,-0.30334324,0.6420493,0.4954867
IND464001AAA,-0.07595955,0.8401316,1.4901154,-0.73768896,0.87918675,-1.1002618,0.33347195,0.41141,-0.5515097,-0.07276834,0.19963452,-1.1205186,0.2851214,0.5263317,1.5928518,0.09565744,0.5353132,0.6837686,-0.3843781,0.9564182,0.35617724,0.20871358,-0.48751822,-0.5463221,-0.37146267,-0.8861225,0.34628922,-0.65449023,-2.1509185,-0.8645605,0.90584576,-0.22523546
IND792120AAB,0.76635045,0.13919047,0.81082225,-0.57385,-0.049104977,-0.79593337,0.10903401,-0.04844147,-0.30315048,0.5249678,0.20104967,1.8214278,0.449767,1.1435133,0.41363636,-0.9993313,1.7327896,-0.28304467,0.6040576,1.1733148,0.31743735,0.9304787,0.75498116,-0.17866011,-0.93112457,-0.4792436,0.21169284,-0.8688416,-1.5520986,0.70911956,0.1506167,0.2807768
IND683572AAA,2.2091837,0.49006832,0.46320727,-0.75052565,0.32170367,-0.80199075,0.2241833,0.40313864,-1.7333109,-0.8062961,-0.3387445,0.24225534,0.64164,-0.40749204,-0.40664357,0.90217066,0.6776876,0.606369,-0.097464174,1.4858737,-0.28168368,-0.21427886,-0.02261733,-0.8247596,-0.31290156,-0.8115579,-0.60029715,-0.7755305,-0.4944577,-0.49198714,0.43283325,0.6727704
IND770001AAA,0.9900258,-0.15450475,1.631938,-1.1948416,-0.6714412,-0.9764877,-0.87915486,0.34157267,-0.51892763,0.585727,-0.38038322,1.6143938,0.8993135,1.0391247,-0.3554859,-0.5097538,-0.61619467,2.0298638,2.022623,0.6919333,-0.21879858,2.1363106,-1.2357227,0.9694181,-0.6193179,-0.49582976,0.37741163,-0.30584732,-1.3775083,-0.5485856,0.17378256,0.30180377
IND322241AAA,1.2173133,0.61562026,0.3519958,-0.40758535,-0.1380508,-2.2200627,-0.6798435,-0.076527774,-0.16333221,-0.123918265,0.8241426,2.4229963,0.4775706,-0.13224971,0.10308821,0.12292355,-0.08569353,0.18887177,-0.24661376,1.6910776,-0.9358278,0.7507029,-0.1758896,0.23589578,-0.04681201,-0.15641972,-0.049478777,-0.12205751,-0.9553223,-1.7586339,0.9382906,0.3755178
IND632402AAA,0.6318567,0.15737529,0.44770023,-0.56931376,0.11258633,-0.027504269,0.46572274,-0.5408756,-0.20628332,-1.46079,0.44743076,0.42152107,0.04291076,-0.039783478,-0.12342352,-0.5019719,0.5841536,0.87935835,0.21372685,0.8899416,0.06429846,-0.7681391,-0.6145112,-0.38432497,-0.15036418,-1.8678879,-0.34557912,-0.36597213,-0.564431,-0.94282055,0.33226976,0.6818738
IND501101AAB,0.024267247,0.31503716,0.78049374,0.30385318,0.34988475,0.20986904,-0.07774367,-0.55618495,-0.51987034,-0.552443,0.65703285,1.0245087,-0.52117795,0.82542586,0.5067201,-0.019477742,0.53668463,-0.03584549,-0.68034625,0.9681948,0.17972565,-0.30728844,-0.44324857,0.44284517,0.8009828,-0.4837011,0.3951527,-0.55675143,-0.48745632,-0.95192605,0.58666795,-0.26100454
IND625106AAA,1.9587418,0.7023088,-0.13266625,-1.3741797,0.080944896,-0.38662958,-1.0743257,-0.48144376,0.09366041,0.9771038,0.34777713,1.0747781,0.10097478,-0.54953665,0.1790996,-0.03865681,-0.12561898,0.24220113,0.16340077,1.4027338,1.2304796,1.0369802,-0.22092389,-0.8575189,-0.7271151,-1.1710385,0.8866287,-0.77916753,-0.6398909,-0.27397275,0.34733313,1.9139429
IND475661AAB,0.7693086,0.008570963,1.0951847,0.39732698,0.76053417,-0.7800342,-0.5570271,-0.38648775,-0.14936541,-0.06879578,0.58430845,1.3347359,0.23174734,-0.0011304412,0.7850697,0.8860739,-0.7899141,1.0586911,-0.5757712,0.5625318,-0.15218255,0.47468606,-1.1413382,-0.71621054,-0.6159896,-1.2091993,-0.37077287,-0.28867638,0.019288104,0.29696885,-0.4849185,-0.3662439
IND574239AAA,1.2152295,-0.39013025,0.8648313,-0.52624756,0.51759547,0.062078748,0.06592245,0.33644792,-0.95587987,-0.39598307,0.19566208,0.33827475,-0.02851979,-0.6293189,0.94097334,-0.6885562,1.3572128,1.3108574,0.25844714,0.8248053,-0.17972457,0.08610164,-0.45154262,0.09332048,0.65748835,-0.9880164,-0.6829824,-0.7210175,-0.6665024,0.5925043,-0.14623988,-0.9097865
IND181152AAA,0.79858387,-0.33599278,0.8320018,-0.47350532,0.78367186,-0.7674003,0.50646967,0.48565385,-0.26779082,-0.22255515,0.61843026,0.3043122,-0.32030863,1.1422927,-1.2080146,0.15832163,-0.015581659,0.8071874,0.54625374,0.9240622,1.0558379,0.6036301,-1.0506941,-0.5681157,0.4675648,-0.8109684,-0.8183122,-0.8773314,0.14700651,-0.35477263,0.053119913,-0.59402156
IND530012AAA,0.7924607,0.47077602,0.032590155,-0.61703026,0.8031817,0.4392398,0.14811777,-0.7599093,-0.018388111,-1.1031694,0.10750983,0.8013196,0.18583855,0.47315985,0.7153198,-0.22363363,0.09040756,0.93365586,-0.22464773,0.5029833,0.052174583,0.05109093,-0.63134813,0.39230552,1.0550185,-0.93422717,0.9106542,-0.33745134,-0.8749864,-0.45498765,0.116754144,0.5151005
IND500008AAF,1.2584999,0.5788224,0.7826695,-0.3984117,0.6863809,0.26032734,0.8322625,-1.3567587,-0.17741542,-0.74623203,0.17838989,1.3594894,-0.94395995,0.14840516,0.6036662,-0.085038126,0.8657899,0.11120112,-0.84543335,1.3996109,0.070990816,0.7899318,0.600418,-0.06831779,0.30346403,-1.0632821,0.48196524,0.56048006,-0.746578,-1.4095683,0.6157183,-0.13729435
IND509124AAA,1.0802925,0.32145688,0.6609087,-0.48593417,0.87206876,0.18391244,0.57472223,-0.860222,-1.5270272,-0.52289903,0.6960936,0.69319415,0.6445173,0.16390787,0.62753004,-0.42828888,0.37690267,0.23599125,-0.33787417,1.768776,-0.028881101,0.87316424,0.4011647,0.49957556,0.88537914,-1.2680202,-0.3479013,0.013783472,-0.098544866,0.23481585,-0.19231285,-0.5054443
IND636705AAB,0.5998766,0.032326784,0.5721782,-0.3580859,0.24146454,-0.11660951,0.6865111,-0.29580942,-0.30745113,-1.2877935,0.18377519,-0.3131281,-0.4983172,0.1166181,0.34804443,-0.12944768,0.9345676,0.72254264,0.246334,0.7517353,-0.044124838,-0.3096236,-1.2996279,-0.35977328,0.41017175,0.19936599,-0.9613477,-0.65574926,-1.0959507,0.04908163,0.6984636,0.21552432
IND147301AAA,1.4026539,-1.3363934,1.0419911,-0.3483546,0.5256384,-0.8856379,0.10997379,-0.27460182,-0.8540403,-0.53206146,1.2695041,0.52527356,-0.19407655,0.7863476,-0.2509059,0.7056953,-0.051333893,0.48564255,1.0505788,0.55841,0.6424572,1.5511233,-0.5979393,-0.45929602,0.7100549,0.2789169,-1.1205336,-0.5085147,-0.2257276,-0.22899595,-0.56735677,-0.070136875
IND174103AAA,1.3504406,-0.12878776,1.1571496,-0.51232356,0.6362995,-0.5459605,0.77511793,-0.587139,-0.5654397,-0.36629456,1.031493,0.65719086,-0.09821649,0.6266698,-0.92851037,0.76988655,0.27109408,0.09240531,0.5393865,0.49315032,1.5979217,0.88143575,-1.5247283,-0.87289983,0.11330836,-0.64539015,-0.25866127,-0.23670532,0.8158891,-0.08673576,0.14575861,0.48559338
IND303603AAB,1.3828076,0.74344325,0.4781748,-0.063212566,-0.2505727,-1.8404218,-0.62914944,0.023444671,0.1969631,-0.015564834,0.9952742,2.1757782,0.7529173,0.3522242,0.025093282,-0.24272886,-0.39517194,0.2289324,0.26224932,1.2282237,-0.79919696,1.0916481,0.05156182,0.40047142,-0.017243378,-0.5133593,0.096983165,-0.6161161,-1.3157656,-1.3086839,1.2499557,0.23566666
IND148102AAA,0.9611794,-0.4077409,0.4438045,0.28860372,-0.02014738,-0.7282295,-0.061896257,-0.14867328,-1.5746446,-0.21998703,0.5466123,0.9666506,-0.2632804,0.9472421,-1.139253,0.5682864,-0.33789372,0.4094882,0.54670477,1.1916212,0.8941683,1.4078145,-1.3457227,0.07140243,-0.110818155,-0.12767377,-1.3171995,-0.15762065,-0.35811335,-0.3340824,-0.38904786,0.36095938
IND700136AAG,1.3451211,1.1620524,1.4998839,-1.9237914,-0.34988567,-0.24947649,-0.08387658,0.65607476,0.56484556,-0.79313874,0.14638291,1.0213804,1.5296997,1.7695246,0.50182176,0.66993755,-0.3317118,0.25455797,0.9009311,0.18650588,0.4630889,0.24114242,-0.095089525,0.024564015,-0.33861524,-0.9590757,-0.5956351,-1.0408832,-1.1175629,-0.008916589,1.3709788,-0.07528021
IND851112AAB,0.9408025,-0.041336372,0.94288105,-0.51638883,0.29852325,-1.2484877,-0.78393555,0.30081597,1.2527692,0.07066033,0.66827416,0.2966683,0.65358216,0.28000522,0.22602648,0.04226487,-0.13927262,0.9380848,0.742452,1.4533771,0.27030745,0.9919323,-0.40627086,-0.4927131,-0.39479107,0.5126329,0.6742071,-0.4161605,-1.3027186,0.42135552,-0.40684414,0.5106525
IND574227AAA,1.3421657,-0.44783056,0.60455537,-1.2373503,-0.4539092,-0.43890095,0.3288946,0.17683294,-1.0855664,0.12408615,0.2830045,-0.40488663,-0.74781454,-0.12184741,0.74728405,-1.1046078,0.7209787,0.9737194,0.120656654,1.2967563,0.08430347,-0.25046527,-0.43364337,-0.32538775,0.7215951,-0.2802533,-0.038264725,-0.63750654,-1.0154327,-0.25158545,0.60057515,-0.92737377
IND712311AAA,0.8700145,-0.3728098,0.28538877,0.21296644,0.4204687,0.5248563,-0.0059037562,-0.03644482,-0.33204544,-0.5065554,-0.35058755,0.7878046,-0.3313364,0.10953991,0.8356849,0.08645964,0.5514357,-0.2509276,0.07965492,0.48353422,0.7490515,0.023502044,-0.80952793,-0.052546035,-0.4730924,0.018024009,0.43504766,-0.5193855,-0.5393284,-0.17387351,0.26003045,-0.4762519
IND221313AAA,-0.32015198,-0.7419938,1.4438038,-1.1151818,1.2307379,-0.64043325,0.30060506,0.2856574,-0.050755084,-0.32845783,-0.3414372,0.24288875,-0.63290036,0.34922612,0.97779095,0.7408418,-0.4822751,0.3429084,0.120738894,1.1639771,0.40801558,0.292995,-0.45533824,0.13137867,-0.74593115,-0.6223472,0.2852934,0.007708732,-0.393178,-0.06272284,0.12934718,-0.6122997
IND431127AAA,1.0340278,-0.1281758,1.3197446,-1.3695303,-0.008748627,-0.013845855,-0.3345504,-0.4660998,-0.9956891,0.08093971,0.37203392,-0.26417345,0.18654199,1.9229472,0.3212606,0.68640345,0.82984674,-0.21512307,-0.8548791,1.1016834,1.4978685,0.52069926,-0.014899184,-1.1293769,0.14469121,0.8640948,0.15840635,-0.21596305,-1.8481623,0.5172151,0.9842372,0.5784264
IND788026AAC,1.3295342,-0.8286597,-0.16612166,-1.2640398,0.4681786,-1.1060783,-0.8151693,0.49027348,-0.23856235,-0.3227648,-0.44306988,2.1402533,-0.8204683,1.0170158,0.5907394,1.0189104,0.680339,-0.07203245,-0.066132985,0.48535553,-0.27604738,0.4954335,-0.5423199,0.09072577,-0.84705746,0.057471447,-0.00094318617,-0.3488968,-0.6376061,0.08700932,-0.06352287,-0.28328416
IND370615AAB,0.17510425,0.60673153,1.1482694,-0.85483253,-1.2394799,0.023068313,-0.4685815,0.49464962,-0.33526105,-0.93477887,0.034433458,1.2546656,-0.5525904,-0.18476836,1.2902012,0.72261965,0.10357206,-0.7484314,1.1875205,2.246089,-0.10797493,0.6665415,-1.5345654,0.017245332,0.23562238,-0.032084607,-0.2647344,0.005620662,-1.5641973,0.79687476,-0.2168023,0.1827268
IND282005AAA,1.7141039,-0.2466876,1.2455082,0.40009838,0.57048017,-0.8409943,-0.8622658,-0.554204,-0.23712759,-0.2695928,0.1036412,0.964676,-0.507229,0.35678905,1.0986795,-0.05175195,-0.54134184,0.860554,-0.97657365,0.89682585,-0.40312904,0.9742257,-0.6573518,-1.5082763,-0.6002115,-1.0332074,-0.22433642,0.47594172,0.02935345,1.235664,-0.16753119,0.1770765
IND847223AAA,0.71772254,-0.70626426,1.2261606,-0.37653852,0.14916618,-1.5026833,-0.8555556,0.3143921,1.3607565,-0.46996266,0.7307605,0.16433574,0.077239215,0.16192019,0.10060413,-0.012830519,-0.10310844,0.7936089,0.37395388,1.5317327,0.3589558,0.5369472,-0.794155,-0.91404474,-0.8293742,0.18635724,0.29396877,-0.5091746,-1.8617833,0.5073901,-0.06457332,0.2042117
IND202001AAB,0.46919376,0.076687194,1.3306646,-0.42358422,1.3390542,-0.34579507,-0.27328905,-0.6358807,-0.29968008,-0.07686072,0.14654791,1.2268957,-0.49677882,0.9703085,0.21535899,0.29978463,-0.39769998,0.47050455,-0.95808226,0.53310186,0.40422097,0.111793235,-0.3607305,-1.003612,-0.55203587,-0.10296892,-0.58001155,-0.20555514,-0.14915575,0.5372746,-0.8688091,-0.34848258
IND623407AAA,2.0501635,-0.32175466,-0.35094297,-1.0709916,0.6150847,-0.8652985,-0.32654935,-0.718256,0.19829555,0.6338961,0.25141793,0.5437167,-0.3391924,0.2887279,0.10890098,0.3832256,-0.21102989,-1.1774971,-0.24378292,1.6996385,-0.34112504,2.427618,-1.3888265,0.1561468,0.2856894,-0.019355297,0.14135842,-0.7615473,-1.9916067,0.035364594,-0.20321041,1.1265208
IND454001AAA,-0.24613155,-0.28331378,0.8931274,0.005279353,0.5114614,0.5108356,-0.47437742,0.39299113,-0.26226223,-0.5698637,-0.49748662,0.93993956,-0.50380844,-0.40785718,0.59991693,-0.5579073,-0.34353092,-0.0826273,0.78409874,1.4512885,0.100786045,0.43517756,-0.8801759,-0.4823057,0.29887745,-0.4658759,-0.6863088,-0.17754169,-1.8757081,0.6056512,0.3186378,-0.23596612
IND793001AAA,0.9518198,-0.62697697,0.57782125,-0.9451204,0.869415,0.0419079,-0.68577254,0.84073883,0.06702108,-0.59324795,-0.576702,2.2381873,-0.8545839,1.0847476,0.35165885,0.12216194,0.86834466,-0.009083063,0.16177484,0.12435085,0.7472841,0.6922899,-0.007401438,-0.42590168,-0.58118415,-0.4190313,-0.0269008,-0.2482677,-0.359776,0.0843829,-0.04474341,-0.62140757
IND695614AAA,1.4558094,0.61771894,0.5477402,-0.9856073,0.28576922,-1.5003784,0.2761111,1.09522,-1.1126993,-0.5803048,-0.3516625,1.5852612,1.145197,0.033299614,0.41438565,0.3555727,-0.54131633,-0.1957196,1.3925214,1.5732579,0.2039836,0.6809283,0.4919861,-0.3476752,0.36109754,-0.2766821,0.58340096,-0.19255589,-0.27240223,0.54396373,0.23712131,1.48499
IND211011AAA,-0.0008128762,-0.38409138,1.2486345,-0.99662673,1.0433,-0.94446343,0.03684714,-0.22984035,-0.35266352,0.84651154,-0.195733,1.3848941,0.23013186,0.23176329,1.304974,1.2233397,-0.9770856,-0.018486345,1.2467732,1.8352551,0.10131522,1.1167492,-1.0916948,0.25022444,-0.60516715,-1.1587238,0.27910268,0.15208966,-0.05958319,-1.4235708,-0.452613,-0.40102106
IND713103AAA,1.1274747,-0.7102794,-0.03484315,0.17770688,0.13124938,0.8047613,-0.033805583,-0.08707131,-0.35721663,-0.8732788,-0.007681981,0.690596,-0.1600371,0.05034748,0.9989715,-0.08615244,0.47280222,0.14149238,0.09901255,0.23366417,1.0778836,0.44396028,-0.17612143,0.10788478,-0.62678444,-0.26278442,0.02427572,-0.5553389,-1.0462011,-0.29353222,0.12052766,-0.58369315
IND506143AAA,0.18917154,-0.3380139,0.9352192,0.09650137,0.7449527,0.61790496,0.44284424,-0.96262693,-0.6190142,-0.2428659,0.06256045,0.23771954,-0.5323248,0.9123342,0.81066257,0.24079977,-0.08276697,-0.58000624,-0.113008276,1.9721497,-0.07271743,-0.1706292,0.26003182,0.22682953,0.82303095,-0.16740172,0.2712654,-1.0376465,-1.1324733,-0.7475257,0.109064646,0.21837014
IND600016AAA,0.71843046,0.20702924,0.28936931,-0.7224248,0.23613922,-1.3425285,1.3459016,-0.002714557,-0.0659267,-1.7062467,0.46278805,0.95386493,-1.0368555,0.29589045,0.14097328,-0.0055869543,-0.09370086,1.8322607,-0.591142,0.7894724,0.40389323,0.39744753,-0.41452026,0.2840266,0.41047463,-1.4963683,0.3606204,-0.5151238,-1.0375601,0.30057728,-0.58200574,0.40373823
IND400011AAA,0.58874375,0.26226342,0.4840789,-0.16804127,0.4561523,-0.46018308,-0.17986369,0.13756604,-0.9333953,0.12470188,0.7912968,0.8580805,0.73727113,-0.28810716,1.2939541,-0.14537834,0.48591626,0.18960184,0.027512971,0.55963486,2.1156456,0.01871526,0.20499612,-1.4660224,0.5425761,-0.7128729,-0.019376192,-0.2551984,-0.55858064,-0.09470103,0.2795145,-0.28103048
IND425401AAA,0.66448164,0.07029178,0.4894383,-0.9773365,0.6471702,0.24921778,-0.1927945,0.5453282,-0.9375893,-0.81364626,1.0333818,1.2713091,0.24974322,0.097807325,0.7485694,0.53919095,-0.81537986,-0.05381683,1.4392995,0.2399853,0.76747006,-0.25624344,-1.0233371,-1.4062225,0.13888513,-0.3343118,0.24188389,0.1588243,-1.3037052,-1.1449958,1.2433646,-0.788355
IND505122AAA,0.2587494,0.40890196,1.1791734,-0.7256297,0.55926144,0.15952592,0.762497,-1.1098987,-0.59020054,-0.39779556,-0.13865311,0.844471,-0.6389033,0.99489826,0.821057,0.18784732,0.44593155,-0.7528922,0.77458405,1.5842175,-0.8168988,-0.19334033,0.28383523,-0.040099956,0.9043048,-0.2900377,-0.09637504,-1.8167074,-1.5072148,-0.949636,-0.14087877,0.39911607
IND505326AAA,1.0661615,-0.29043147,1.5835266,-0.14602603,-0.62345284,-0.699885,0.069242544,-0.14865892,-1.1584508,0.22474171,-0.4704348,0.3536055,0.6723079,1.5679907,0.7618763,-0.4401117,0.29143634,-0.14332487,-0.8062617,1.2819203,0.9222525,0.9985235,0.04549131,0.20344679,-0.4722987,-0.89944404,0.06649975,-1.3307849,0.08736755,-0.6450942,0.79979974,1.8367987
IND581402AAA,1.2326536,-0.37193933,0.27605182,-0.29038742,-0.0992663,-0.6906856,-0.00594317,-0.97242695,0.24608596,-0.2946398,-0.02543091,-0.013652947,0.2832381,0.18325177,0.18079315,-0.48322514,1.7400085,0.8064416,-0.17505942,1.4246601,0.55474275,-0.17160995,-0.544163,-0.15497385,0.32117376,-0.66949445,-0.847132,-0.31621292,-0.40595695,-0.066397205,0.2620561,-0.074050695
IND452001AAC,0.42003062,0.40035933,0.12044596,-1.0143539,0.47514668,-0.5340547,-0.35809776,0.43594283,-1.1384676,-0.46161008,0.75119454,0.8678422,0.31050837,0.3754364,1.2219955,0.15610579,-1.3160348,0.41532737,1.3794463,0.18073045,1.1245912,0.7946171,-0.89687824,-1.2244147,0.3008617,-0.9971881,-0.11144471,0.6451761,-0.8256667,-0.19374739,1.0499424,-0.96734333
IND731237AAB,1.3944706,0.123647794,1.2995265,-0.1960042,-0.094665766,-0.0075919977,-0.22296873,-0.11866334,-1.3565209,-0.17446053,-1.1986369,1.2235575,-0.43550718,-0.1991664,1.3618621,0.35480043,0.3641388,0.049994253,0.57641155,0.38859054,-0.02615544,0.518513,-0.814101,0.44981003,-0.18404897,0.54600614,0.38290405,-1.2350119,-0.73262566,-0.13745539,0.15769717,-0.5146116
IND786184AAA,0.8749333,-0.34916347,0.16949704,-1.1003451,-0.2328435,-0.99691385,0.29205212,-0.18622342,-0.4469165,0.32485396,-0.21173368,2.2131913,0.14349413,1.5411124,0.8156652,-0.49638247,1.4847561,-0.53035665,0.41658396,1.2976681,0.20810008,1.1538903,0.63690627,-0.19234586,-0.7757959,-0.56149715,0.41771176,-0.51398206,-1.5619578,0.8972126,-0.4841231,0.06572786
IND274509AAB,0.8062295,0.35306522,1.3946016,-1.8465419,0.07316642,-0.29163226,-0.35453433,0.32881907,-0.7922179,0.104023054,-0.45505124,0.21815899,-0.7016944,0.17104523,0.84312767,1.2470837,-0.21094376,1.3870994,-0.51311296,1.4111713,0.14521107,1.71437,1.2407357,0.141627,-0.9969179,-1.1123171,0.36946103,0.2183819,-1.2833946,-0.34505078,0.64700484,0.1902986
IND140401AAA,1.4900166,-1.3158017,0.88449824,-0.29510105,0.63696766,-0.9764186,0.3891041,-0.4448028,-0.8153188,-0.57631975,1.1654975,0.57905453,-0.2592994,0.36899844,-0.14022657,0.7903519,0.07134516,0.5364706,1.0744963,0.55819666,0.6262487,1.5637449,-0.56420726,-0.37937993,0.668806,0.2338463,-1.2867433,-0.57293206,-0.20957951,-0.2088364,-0.55311835,-0.09482415
IND495671AAA,0.25192127,-0.4242833,1.4759418,0.19341242,-0.6705774,-0.15836877,0.8987002,-0.8860114,-0.88856196,0.012716244,0.13318077,0.8826617,-0.5616749,1.4976966,0.16819243,0.66426665,0.11340677,0.67877316,0.46393797,2.0465713,-0.23802805,1.8997555,-0.86049217,-1.6995198,-1.2567884,-0.5901506,1.0965611,-0.40675366,-1.0396916,-1.6585004,-1.1445273,0.65484375
IND803116AAA,1.012391,0.4660563,1.6821897,-1.4212955,-0.59363604,-1.179161,-0.9098843,0.88570803,-0.08804122,1.1421789,0.73729074,0.7488962,-0.46185306,1.3851092,2.0389383,-0.05313092,-0.7327544,0.85461277,0.06694637,-0.14978333,0.8154327,0.5173114,-0.7910906,-0.32642174,0.39203298,-1.0210122,0.7107833,-1.3020073,-0.9871475,-0.3270124,-0.5529515,1.0793452
IND383315AAC,0.51019824,0.16548891,0.4808496,-0.6003311,1.0766066,0.07283367,-0.5230284,-0.6988702,-1.1244456,-0.48754,-0.47606012,0.7701085,-0.92280805,-0.11094052,0.7557958,-0.55967396,-0.44635117,-0.5632698,0.89102626,1.5940886,0.23730297,0.4620271,-0.31344888,-1.0950077,-0.093093574,-0.22569521,-1.6535674,0.03224623,-1.4897687,0.41944128,-0.6653031,1.0361619
IND176303AAA,0.7937648,0.18419302,0.95603293,-0.8155395,0.99375594,-0.5085493,0.5966318,-1.0182482,-1.1541735,-0.25982887,0.3925641,0.95176274,1.126111,0.6727838,-0.462422,0.31240267,-0.0594893,0.7953759,1.3737035,0.923974,0.6900019,0.46556118,1.1303282,-0.90343034,-1.7792062,-1.3545904,0.65854084,-0.89224595,-1.864257,-0.72430193,-0.09034169,0.59617364
IND421302AAH,0.7786468,0.23882201,0.9564587,-0.49786174,0.42698386,0.19737796,-0.26158565,0.5287473,-0.27914625,-0.22766607,0.003098209,1.7582722,-0.27664515,-0.68426234,0.2632295,0.71851844,0.05262906,0.016898645,-0.052438263,1.3404504,1.5752323,-0.36122522,-0.45180893,-1.6412287,0.4302871,-0.11431298,-1.3252761,-0.14316757,-0.7261115,-1.0879382,1.0177739,-0.4669349
IND500084AAB,0.8250676,0.060693886,0.2719024,-0.33423293,1.3900895,0.08264665,0.96478295,-0.6425238,-0.8343872,-0.6463474,0.6705669,0.6689941,-0.37500808,0.34523797,0.31747004,0.3390453,-0.11917542,-0.20400114,-0.8301107,1.0045162,1.0202144,-0.5007458,0.024469605,0.05602367,0.4296628,-0.41214147,0.7241589,-0.54563993,-1.0007292,-1.451376,-0.01023311,-0.13168061
IND401209AAA,0.6412007,-0.052053124,1.1026193,-0.29924133,0.21913093,0.29352105,-0.47218597,0.13024825,-0.3428201,-0.04272123,0.43739867,1.4344642,0.18824872,-0.28120703,0.7513904,0.32958192,0.16067073,-0.037808627,0.07943497,0.77514946,1.9077356,0.19280246,-0.7605804,-1.4350322,0.67876095,0.21647702,-1.2058069,-0.050931465,-0.46209273,-0.67797387,1.2113326,-0.3399493
IND244412AAA,0.58826274,0.15334198,1.647988,-0.999282,0.3944061,-0.7750921,0.34596846,-0.6516512,-0.20496285,0.7632305,-0.089769416,1.2380481,-0.5524092,0.69314575,0.05524545,-0.92861587,0.082308486,0.89052427,-0.30174232,0.2668519,0.23720294,1.9277579,-1.7892156,-0.96370614,0.39728397,0.6720995,0.31611133,-0.17248838,-0.051138274,-0.8919501,0.3253524,0.6581877
IND244001AAA,0.67911464,-0.5087624,0.76381016,-0.11597139,0.13768595,-1.2654517,0.17572276,0.42981115,-0.12142951,-0.614113,-0.060947333,0.8341617,-0.67213243,-0.054585353,-0.09847919,-0.33778536,-0.035939623,0.14409438,-0.09836819,-0.26827368,1.2180979,1.1692792,-1.1212181,-1.0440491,0.4226693,-0.8471409,-0.26282373,0.06573916,-0.33258396,-0.43928462,0.6812959,0.113648236
IND281401AAA,0.16177884,0.24809103,0.81825185,-1.2890569,1.5032334,-0.36193,-0.32656986,0.96395504,-0.10132801,-0.5004205,0.14654358,0.37885362,-0.12953506,0.28103048,-0.20003358,-0.3720869,-0.3878686,0.12597343,-0.48381478,0.33147678,0.51022464,0.34138858,-1.6565092,-0.7197782,-0.26877344,-1.0932333,0.24481641,-0.46843034,-0.6622873,1.004393,0.07816453,0.37322322
IND132039AAA,0.7929725,-0.22549601,0.52575594,-1.5809903,0.0669114,-1.1036683,0.34863898,0.3929531,-1.1977354,0.66237193,-1.2034345,1.7487292,0.16368766,-0.23250741,-0.22071925,-0.90539896,-0.079384685,0.31629908,0.011376517,0.17180498,1.6141964,1.4980277,-0.24761023,-0.69412905,0.6031825,-1.1104876,-0.4426037,-0.9482284,-0.35844615,-0.42725545,-0.0639584,-0.25687027
IND643001AAA,1.818842,0.21340953,1.6086968,-1.5931287,-0.52978927,0.64154756,-0.6674933,-1.4974182,-0.4751866,0.87300724,0.32197523,0.41108334,0.9974449,0.89867294,0.8525909,0.45431742,-0.6296621,1.0074885,0.46236366,1.4810597,0.5944899,0.82522774,-0.09082661,-0.26735714,-0.13988557,0.25650895,0.048929818,-0.7660213,-0.070803724,-0.28144404,-0.48023465,0.28044572
IND783129AAA,1.3912616,-0.5624568,1.0057774,-0.6302316,0.27755928,0.15231785,-1.3590963,0.84627527,0.16179301,-1.0570887,-0.08053495,1.5333108,-1.2121911,0.8902332,1.0681366,0.37203592,0.63268167,-0.37725502,0.8590181,0.2726191,0.43350098,0.7756573,0.11201532,-0.63120854,-0.66729075,0.031017028,-0.12470217,-0.6545745,-0.2312055,-0.37675148,-0.80173355,-0.17052305
IND505467AAA,0.46733296,0.4135843,0.96092385,-0.70346075,0.54509276,0.1090351,0.701687,-1.0404726,-0.4593566,-0.34782037,-0.12545101,0.9315915,-0.46327496,1.1109025,0.61635965,0.2750512,0.20795645,-0.79080224,0.71343327,1.7512164,-0.9063539,-0.11783312,0.32060742,0.05338522,0.74623525,-0.32708,-0.04304392,-1.7480551,-1.4991939,-1.0799865,-0.20964493,0.45189518
IND122001AAJ,0.41521984,0.5962371,0.81873757,-0.066579446,0.7203619,0.13104372,0.92369646,-0.9140452,-1.1054324,-0.31996292,0.17289692,0.576964,-0.110456124,1.1565884,0.9981315,0.31063658,0.2149067,-0.40210977,0.70158887,2.0826168,-0.20257224,0.24779896,1.0956844,-0.24287577,0.9034196,-0.6173418,-0.33350798,-1.3250022,-1.2136186,-1.1580299,-0.041796155,0.6365677
IND758035AAA,1.0215937,-0.8363308,1.1430725,-0.37414616,0.11958903,0.023433609,-0.19660778,-0.27549508,0.809078,-0.98475695,0.76708925,0.6171684,1.1927819,0.5033867,0.7233597,0.1841258,0.41416442,-0.23265135,0.1435689,0.867808,-0.038019627,0.44611487,-1.8569293,-0.04568894,0.6496798,0.4163329,0.6883067,-0.53653824,-1.6500598,-1.5571266,-0.11741468,1.020237
IND683511AAB,1.1744606,0.84427094,0.24175,-0.39523432,0.46834475,-0.2810199,0.4781689,-0.26412195,-0.50011873,-1.2417862,0.14946398,-0.04526564,-0.11604013,-0.3327364,0.30854517,0.17717871,0.7827354,0.87381,0.17654085,0.64531225,-0.13157919,-0.14812388,-0.7381459,-0.36654267,0.23207873,-0.6956208,-0.18012352,-1.1858749,-0.39594662,0.021841772,-0.1713046,0.07608814
IND786125AAA,0.93009394,-0.41903618,0.1889446,-1.0790615,-0.2156146,-0.91164285,0.34069198,-0.22478066,-0.47106174,0.30929416,-0.28923044,2.3147905,0.20917368,1.705498,0.84675974,-0.4943651,1.5226543,-0.5240309,0.45759413,1.3768563,0.29067975,1.1433597,0.66720295,-0.23079592,-0.8985293,-0.5882469,0.44592962,-0.5659019,-1.6190807,1.0381533,-0.44960904,0.026718818
IND431203AAA,1.08911,0.09465141,1.440881,-0.82238394,-0.16512595,-0.29004613,-0.020335104,-0.63822925,-0.62959075,-0.1288457,0.7400691,0.30008152,0.05502921,1.4268948,0.05109332,0.19682279,0.6535987,-0.19160445,-1.0533236,1.585474,1.7436703,0.03258777,0.22539708,-0.79003656,0.68211395,0.71256167,0.04167195,0.20522013,-1.791934,0.74269783,0.72947407,0.29150897
IND560060AAB,0.9300719,0.26217672,0.24275203,-0.5388181,0.26597086,-0.27307746,0.2553268,-0.19996062,-0.7537048,-1.0393505,0.13820226,-0.43018216,-0.23436691,-0.09516838,0.2554751,-0.001594325,0.8508722,0.7794977,-0.13516146,0.73778784,0.014852949,-0.40645745,-0.79173076,-0.6150963,-0.06217281,-0.89867973,-0.11299508,-1.0827113,-0.45413637,0.12716751,0.14599825,-0.1659167
IND483770AAA,0.3352082,-0.28826314,0.6121381,-1.0562663,1.2892474,-1.4341849,0.3599939,0.10847367,-0.653137,0.53520864,0.7601613,0.18803784,0.047592748,0.4083308,2.048287,-0.18339506,0.85562825,0.09999526,-0.60655534,0.841425,-0.21507445,0.4219084,-0.75060856,-0.53577197,-0.5050288,-0.03294499,-0.99993557,-0.48656374,-1.0173532,-0.82633615,1.2285634,0.4599366
IND209111AAA,-0.5443427,0.0114585,1.4538674,-1.2271931,1.0730152,-1.3243904,-0.35695595,0.5689103,-0.09776322,-0.41059464,-1.2998501,0.9513315,-0.46637782,0.35421517,0.95987606,0.42239928,-1.144092,1.1981058,0.24889459,1.0071412,1.0554268,0.30605432,-0.11381835,0.12328486,-0.8316382,-1.3631562,0.24488038,0.049312077,-1.4680216,-0.37769923,-0.14275327,-0.28555664
IND365560AAB,0.15422511,0.6173156,1.6002775,-0.7815973,-1.1479506,0.14456941,-0.85503936,0.20556146,-0.26136127,0.42520082,-0.56131285,2.0997183,-0.54274714,-0.03825908,0.75003487,-0.09483264,-0.7495378,1.0800962,0.5722924,1.8158058,0.31197667,1.2445452,0.24492459,-0.9622351,1.1318271,0.2212357,-0.74123126,0.3093427,-2.086488,0.64601326,0.99296856,-0.22604552
IND395023AAD,-0.21590374,0.58616954,0.042427465,-1.931434,-0.3075151,0.46009192,0.043487404,0.44720805,-0.20220682,-0.8780849,1.4386452,0.93195504,0.8993442,1.2516189,0.8510014,0.18381156,-0.15599734,1.0585635,0.2530441,1.5107998,0.29643196,2.322539,0.19801614,-1.0330813,-0.33439493,-1.5516604,-0.43739584,-0.9459986,-1.5358694,0.028660672,0.22359839,1.6314826
IND505425AAA,1.1912013,-0.30492637,1.7452707,-0.17894761,-0.54175746,-0.58109754,0.058106504,-0.122859865,-1.1284639,0.15690485,-0.62945765,0.31523567,0.6367701,1.5495332,0.913078,-0.55081755,0.49847898,-0.23038588,-0.82818586,1.3142173,1.0783416,0.8451204,-0.0534377,0.23791797,-0.5105654,-1.084434,0.14854443,-1.5280226,0.018153831,-0.73638994,0.99830806,1.8101938
IND574211AAA,1.2221203,-0.61215633,0.63763124,-1.3855495,-0.027535874,-0.21109915,0.15416676,0.06842836,-1.3053023,-0.26774597,0.46056315,-0.07796822,-0.27430177,-0.16939612,0.850174,-0.89997894,1.0127623,1.1458672,0.69037575,0.953485,-0.12558162,-0.1442984,-0.5114625,-0.057782546,1.0097568,-0.38406196,-0.20401044,-0.9578244,-0.5396726,0.3191296,-0.30363098,-0.652862
IND571124AAA,1.8856547,0.4677815,1.1977566,-0.5489483,-0.43488377,-0.14073782,-1.0004104,0.022063049,-0.7657524,-1.0701863,1.0367346,-0.13257536,-0.48739582,0.1336246,-0.29864553,-0.61691266,0.97160155,0.9986258,-1.0630184,1.6861336,-0.06261398,0.5356138,-0.88378257,-0.337635,0.08410474,0.0755205,-0.5976126,-0.5216508,-0.09237364,-0.88425845,0.090199694,0.61040926
IND403726AAB,0.47575507,1.4087979,0.9078761,-1.6451494,-0.22452354,-1.0687013,-1.6885458,-0.59125304,-0.5114692,-1.7781005,0.028189676,1.819529,-0.9401088,0.69151676,0.47490194,1.2067075,0.25915557,1.4556563,0.11094744,0.5527287,-0.3600963,2.0313134,-0.7755541,-1.8901476,0.7311065,-0.14351575,1.0901654,-1.0551447,-0.68257064,-1.0419068,-0.4331898,1.0324748
IND531162AAA,0.9439415,0.41679087,-0.14262648,-0.79093766,0.85908914,0.39625716,-0.05514353,-1.1271222,0.17304724,-1.1470783,0.006304083,0.7392775,0.18430144,0.7320939,0.9017054,-0.06688045,0.28765544,0.9057182,-0.32567912,0.40164626,0.3005853,0.1126335,-0.6192225,0.48165044,0.9229323,-1.0487541,0.8072983,-0.3799771,-1.0935061,-0.56933904,0.028173855,0.41629064
IND577522AAA,0.9153271,-0.3643567,0.20925121,-0.1582513,0.14388782,0.36337042,0.48388004,-0.24067675,-0.48347536,-0.017634332,0.3198113,-0.37804857,0.2680445,0.36838186,0.2948856,-0.05717751,0.6632905,0.94085515,-0.34588954,1.435169,-0.60731864,-0.23136316,-1.0243455,-0.6075765,0.547219,-0.7738376,-0.31565034,-0.8022681,-0.59618527,0.09337865,0.42129958,0.18192765
IND852113AAA,0.15368804,-0.0030573031,0.527608,0.53225064,0.57922316,-1.7963555,-1.1412476,-0.28296095,-0.073611185,-0.64025766,0.84112537,0.62549806,0.07396109,0.9903087,0.52290833,-0.37081385,0.39661977,0.029765218,0.31286412,1.8329196,0.8408638,0.5456605,-1.1398174,0.30289719,-0.41245785,0.1943663,0.6392038,-0.018153144,-1.6369338,0.08236757,-0.7460521,-0.30535117
IND524132AAA,1.3473532,0.23384665,0.64126676,-1.2609074,-1.3372202,-0.80734104,-0.26656422,-0.5316948,0.2550647,-0.42100313,0.59218246,0.9416469,-1.1229221,2.1478782,0.4127668,0.15554996,-0.17841855,0.58378184,-0.52471966,1.6227584,0.14781171,2.406239,-0.6227524,0.18647502,0.07501918,-0.6244623,0.46645263,0.5958564,-0.3264661,-0.3557436,0.341139,-0.6061294
IND416510AAA,0.8052662,-0.3109003,0.51486856,-1.0877954,-0.4332737,-1.1113837,-0.20619313,-0.7217467,-0.37821978,-0.17641138,-0.02143628,0.62388253,-0.5512213,0.6523155,0.68811965,-0.791505,0.50104094,0.5775661,-0.36998147,1.0616262,0.6333348,-0.8874529,-0.34095198,-0.8868762,1.4231937,0.0750112,0.6541441,-0.05447984,-0.9636481,0.6556799,0.32186696,-0.16833766
IND700065AAB,1.3999277,1.1873753,1.5631757,-2.0558293,-0.31782907,-0.25930643,-0.10331581,0.68207467,0.6285418,-0.88043576,0.15878025,1.0226899,1.5421501,1.8569646,0.5440846,0.71730775,-0.34961164,0.269105,0.9752932,0.21245494,0.5563367,0.24757971,-0.14308503,-0.03975703,-0.39168808,-0.9671305,-0.7027897,-1.0914794,-1.1545717,0.0017463417,1.4349576,-0.091266505
IND380054AAA,-0.15536295,-0.1012486,0.9332468,-0.13378574,-0.11459608,0.5876381,-0.88639337,0.31950077,-0.18497467,-1.0385498,-0.5077758,0.9202164,-0.43704006,-0.08897073,0.6462963,-0.2764028,0.11076016,-0.016053466,0.2856064,1.1699127,0.030170988,0.49729437,-0.89471877,-1.0670054,0.66916776,-0.31383935,-0.9759395,0.027803436,-1.3562775,0.35927692,0.31491968,-0.103443705
IND263401AAA,1.2522871,-0.703037,0.916065,-0.34291437,-0.41275132,-1.6871274,0.061250467,0.99282247,-0.025308438,-0.8471168,-0.40273306,0.7956894,-1.4006184,0.14445397,-0.41812846,-0.42286423,0.26526147,-0.38024205,0.14768952,0.16822283,1.0866691,1.3056762,-0.90644616,-1.1386758,0.061279435,-1.1217927,-0.23891738,-0.2518985,-0.716076,-0.5171181,1.3181076,0.5699419
IND414203AAB,-0.22578558,0.62618756,0.80463403,-0.9692121,0.2741603,-0.7750358,-0.5660256,-1.2641274,-0.24963845,-0.3784246,0.43780857,-0.1174496,0.23928884,0.9868518,0.2574612,-0.058747668,0.7256462,0.40166712,-0.40291166,0.8737396,0.9031307,-0.45627102,-0.2367596,-1.3094214,1.2145494,-0.77602214,0.14295726,-0.2094399,-1.691341,-0.28430822,-0.015653044,-0.0842669
IND600044AAE,0.6991598,0.35788944,0.2172569,0.02091411,0.38846463,-0.121290796,0.45508876,-0.2927838,0.13510771,-1.4401768,0.14083512,0.97422165,-0.38614058,0.47967657,0.15353954,0.1612159,0.1861862,0.66565144,0.109606504,1.0776,-0.25357446,-0.8275817,-0.61795914,-0.13865061,0.38796458,-1.2555634,0.054865345,-1.2185135,-0.43964583,-0.39154816,-0.47790504,0.37854144
IND110039AAA,0.10350054,-0.89297795,1.1144968,-0.558816,0.5790389,-0.51937425,-0.67076844,-0.5599692,0.6870972,-0.8305918,0.7060987,0.91016114,-0.09608105,0.43096715,-0.21321231,0.9448745,0.28617525,0.42136145,-0.42306152,-0.10923827,0.5519355,0.3300505,-0.900323,-0.41606086,-0.45980427,-0.9700903,-0.15201005,0.14165382,-1.178554,0.29906926,0.71387464,-0.41100052
IND160002AAC,0.4687013,-0.47531176,0.7970599,-0.17968132,0.62096316,-0.48044667,0.3302895,-0.13632332,-0.6563958,-0.29274637,0.5598502,0.25469512,-0.33851373,0.7368283,-0.74752414,0.36622033,0.04722283,0.5166461,0.58062047,0.57867527,0.63924706,0.7064617,-1.2129717,-0.485931,0.28746203,-0.3273856,-0.5832066,-0.65231025,0.31517315,0.13666019,0.016223958,0.10719916
IND620020AAA,0.1352923,0.27925992,0.29209256,-0.8887577,-0.5453374,-1.9752839,1.3628652,-0.075339474,-0.6102918,-0.292303,0.8525298,1.1520337,-0.31704426,0.8904422,0.30696034,0.29742998,-1.190432,0.911302,0.61884,1.0992054,0.58323073,0.7227472,-0.8333353,-0.4917269,-1.1102222,0.39792147,0.7619218,-0.81299263,-1.2644869,-0.9634805,0.66991025,0.5724371
IND425508AAB,0.76194227,0.37004644,-0.27630705,-1.03491,0.17649804,-0.7228711,0.10513995,0.39303094,-1.5265641,-0.51886183,0.81670433,0.86258185,0.5276162,0.5923068,1.4022648,0.14913663,-1.557951,0.50079405,1.6686268,0.34843853,1.0332928,1.1266553,-0.9050579,-1.3618163,0.57424057,-1.2005447,0.057360534,0.6442668,-0.9340354,-0.23438121,0.6856512,-0.76325333
IND362265AAA,0.6019533,-0.6420729,1.3373545,-0.91395915,-0.53739876,-0.84922457,1.2684649,-0.09665224,0.33016434,1.0639821,-0.29975495,0.8725118,1.1367375,0.6215392,1.2398983,0.6073335,0.18177648,-0.027852224,1.2032732,1.5396307,0.32655197,0.818581,-0.29667878,-1.0175291,-0.3429071,-0.9729831,-1.3867038,-1.1926216,-1.667723,-0.27533945,-0.46219838,0.74148095
IND203001AAA,0.52502894,0.13206483,1.692401,-1.4747492,0.88138086,-0.9233769,-1.2304448,-0.58584803,-0.33584678,-0.08546033,1.0461359,0.8540636,-0.8907155,0.16403449,-0.63982666,0.07897781,-0.48735377,-0.6886614,0.29487935,0.8683538,0.402553,0.533575,0.4242752,-0.30621177,-1.0780058,-2.2565806,-1.0049425,-1.1066942,-0.41822588,-0.3326496,0.4421429,0.43737948
IND160002AAD,0.79491603,-0.70146644,1.4036225,-0.22251134,0.87430805,0.10833072,0.26177728,-0.37208298,-0.65278137,-0.68201125,0.98985285,0.08030928,-0.3022364,0.9971542,-0.59911996,0.31913382,0.1577738,0.29827803,0.67387444,0.7486339,1.0021214,0.7148473,-1.5453659,0.009191242,-0.4623476,-0.55269986,-0.41675553,-1.6365478,0.08657606,0.14764006,-0.43827677,-0.3159067
IND521201AAA,1.0825735,0.10077618,0.92703456,-0.23968127,1.0043616,-1.1576576,-0.551863,-0.4576253,-0.1701411,-0.16255943,0.34922978,0.7989872,0.190566,-0.35081643,-0.19795324,0.0035653918,-0.27292055,-0.8363775,-0.6544363,1.3252606,0.5032695,-0.71532017,-0.95158494,0.02682883,1.1591799,-0.8236884,0.9079513,-0.14030223,-0.91512907,0.0016434727,0.47383514,0.31913856
IND768004AAD,2.5260563,1.3258557,0.5565554,-0.9501083,1.6659623,-1.26441,-0.96957636,-0.7598409,0.19709577,-0.44586733,-1.0995526,0.48346943,0.053856812,0.46479505,0.56592596,-0.882014,0.14037503,0.8201236,-0.17484981,1.3344342,-0.5785088,2.3750997,0.042473722,0.35490367,-0.7950345,-1.0651362,0.6075351,-0.6035658,-0.91646814,-0.35827667,0.77203906,-0.23342526
IND342301AAA,0.58922946,-1.3266022,1.1884046,-1.1784122,-0.056644958,-0.20252365,-0.91213995,-0.011940749,-1.1176953,-0.5432601,-0.643183,1.3350855,0.8740879,0.13103089,-0.3144462,-1.0840411,-0.4761474,1.0388364,-0.4300866,1.9453633,-0.031297263,0.13590796,-0.82678664,-0.84317756,-0.23884653,-0.37395388,0.5077509,-0.69684976,0.12997024,-0.2673393,-0.4649672,-0.2297614
IND431001AAA,0.8463564,0.12090864,1.2768134,-0.9979508,0.0047142133,-0.30255866,-0.44617933,-0.2825685,-0.7036088,0.0026325975,0.81191516,0.08799595,-0.07056428,1.7418728,-0.07557787,0.35279557,0.91253555,-0.23338293,-0.68189985,1.3226167,1.5622425,-0.1841708,0.12252341,-1.0131977,0.27968243,0.5917712,0.27152702,0.052050915,-1.8515986,0.4131974,0.7488054,0.2935102
IND410210AAA,-0.013582263,-0.29239547,0.28191382,-0.2824527,-0.12752469,-0.1508551,0.081504196,0.53890586,-0.9634216,-0.41619188,0.6428854,1.7939978,0.20758201,-0.4523618,1.1753296,0.9914602,0.7087401,0.3083994,0.42825738,0.7974747,1.3349329,0.1433785,-0.053164523,-1.3372921,0.94647634,-0.04912114,0.08022208,-0.59542555,-1.4186215,0.17884143,0.40485445,-0.27857363
IND461001AAA,0.36640114,-0.34098023,0.8025017,0.0031054234,1.265991,-0.6126201,0.40337124,0.5682909,-0.26135108,-0.09021187,0.57441515,-0.2029918,-0.3562315,-0.054574776,1.634848,0.32343856,0.20444365,0.51446515,-0.36699262,1.0380436,0.18812358,-0.5549284,-0.6410728,-0.4963616,-0.059178516,-0.5611169,0.057827406,0.10308243,-0.9571481,-0.30380875,0.95616436,-0.059393954
IND591102AAA,1.301319,-0.62409925,0.09810366,-0.7863904,-0.92828506,-0.5292958,-0.2822772,-1.3551238,-0.55176556,-0.11722765,0.009155348,0.60574,0.14053069,0.048650905,0.07687523,-0.36437917,1.6210775,0.906434,0.38016418,1.1365367,0.81188834,-0.47637612,-1.6600609,-0.83337605,0.7031393,0.35246265,0.008421894,-0.8335682,-1.7377187,-0.15749963,0.084502675,0.8761917
IND421302AAF,0.2954001,-0.061173435,-0.07447971,-0.73340124,0.4108619,-0.67155087,-0.4073647,-0.0074564116,0.011616508,-0.2191117,0.68964136,1.8516004,0.9842141,0.68867946,1.660585,-0.012046837,1.0468909,0.67710626,0.054107446,1.1389349,1.7009399,0.81650496,-0.31799152,-1.0945396,1.3078445,0.43435124,-0.4939557,0.39730307,-0.44184193,-0.15492222,0.47022438,0.4598629
IND305624AAA,0.8081358,-0.7960358,0.94001573,-1.0339811,1.0165367,-0.01015544,0.008323996,-0.21519506,-0.77885836,-0.52846366,0.2572492,0.47437638,0.49215204,0.13981287,-0.43105868,-1.3290911,-0.7606574,-0.3775588,-0.07360067,2.1203969,-0.4823549,0.8192511,-0.27809548,-1.7788631,-0.9580023,0.7119837,0.94533116,-1.033572,-1.2924852,-0.7934536,0.54590154,0.93582904
IND242307AAB,0.35668245,0.9004459,1.9689405,-0.50120735,1.7525178,-0.23589401,-1.1507906,-0.2749867,-0.5826149,-0.28545555,0.53321314,1.2992339,0.5692015,0.8005636,0.24861988,0.32441786,-0.16432187,1.18641,-0.7508049,0.23121335,0.8777316,1.2357426,0.24290648,-0.6729983,-1.1069528,-0.5004746,-1.0152886,-0.35187083,-0.6137751,0.1826897,-0.29675427,0.059183937
IND480661AAA,0.2824225,-0.3355435,0.61987007,-1.5801612,1.3709836,-1.1010358,0.45147642,0.29977012,-0.7330958,0.24216938,0.7853811,0.3778239,0.17114395,0.67203873,1.9921315,-0.02582292,0.28524986,0.1826265,-0.6189403,0.6900293,-0.43640363,0.53140163,-0.54176027,0.16399105,-0.42268184,-0.08186762,-0.90159404,-0.43011957,-0.9867764,-1.0469832,1.2904279,0.56700903
IND796321AAB,1.2911221,1.0887874,0.65165305,-1.9654838,1.6779604,-1.2034177,0.029657293,0.51145864,-0.7590113,0.9426469,1.1816223,0.58096063,0.8429535,0.38553327,0.4815806,1.2601173,-0.90498185,0.010197278,-0.38131028,0.8820611,0.6198183,2.521308,-0.9847012,-0.24831529,0.59301484,0.22196364,0.5374445,-1.2407861,-0.5875294,-1.3187767,0.0068906257,0.13284467
IND204101AAA,0.7371409,-0.15907064,1.4925543,0.08566486,1.3376977,-0.37874746,-0.08438225,-0.6458233,-0.42786217,-0.09713513,0.2620923,1.1171025,-0.003768088,0.75885767,0.1614459,0.26357004,-0.47611028,0.60270727,-1.0565673,0.5048146,0.40903234,0.14176428,-0.7283201,-1.1214082,-0.6062363,-0.09628397,-0.4323366,-0.49938682,-0.16916926,0.7659926,-0.70462286,-0.32097447
IND110037AAK,-0.040381964,-0.58854866,1.2974889,0.4625162,0.52219445,-0.3386128,-0.24062057,-0.05384393,-0.17734493,-0.54566014,0.08946375,0.65060824,-0.17673706,0.14323889,0.15046975,-0.104854055,-0.21665089,-0.06441446,-0.46864676,0.55950063,0.23503028,0.054902058,-1.0138482,-0.37378663,0.1331787,-0.671106,0.13773076,0.11345938,-0.58276796,0.62320226,0.18101285,-0.047469992
IND626607AAB,2.3199148,0.5446022,-0.43802625,-1.2158717,0.094585985,-0.32849827,-1.1010548,-0.63402516,0.21975678,0.8604323,0.39506286,0.93170786,-0.15090168,-0.32554245,-0.00246858,0.06155671,-0.2287189,-0.45432758,0.15699539,1.6113719,0.8392581,1.3098627,-0.3739107,-0.6980497,-0.43741086,-0.94472647,0.70850414,-0.9104607,-1.0797322,-0.019205011,0.16024299,1.8201448
IND560064AAD,0.8365137,0.7351802,0.5981829,-0.9732067,0.23796436,-0.8059911,0.5560136,-0.7448173,-0.86757815,-0.8423564,0.38601598,-0.24022222,0.077359915,-0.052224483,0.50021714,-0.09548485,1.2982244,0.53580004,-0.18245408,0.4039637,-0.30897185,-0.18955597,-1.3506716,-0.9649475,0.2549713,-0.25927958,-0.38686195,-1.0630577,-0.26274854,-0.051656064,0.4942212,0.419106
IND581343AAC,1.3851026,-0.2943646,0.78889024,-1.540982,-0.1859875,-1.4372602,-0.7513033,-0.56541485,-0.7446651,-0.5061398,-0.014660979,0.16221566,0.06708251,-0.12066876,0.8172625,-1.1483155,0.7746606,1.5728127,0.89317703,1.2065704,0.4653013,-0.20950529,-0.3065424,-0.081511445,1.4369437,0.58502376,0.14578101,0.030051641,-0.90954804,0.2573681,0.64603084,-0.15264103
IND770017AAB,0.9257916,-0.17852034,1.5172365,-1.1230756,-0.6284138,-0.91735595,-0.8133152,0.2899516,-0.46139693,0.54912394,-0.2949372,1.5939332,0.77300656,0.9557401,-0.3195953,-0.4800768,-0.51271504,1.9436821,1.934082,0.6151468,-0.25388694,1.9792274,-1.1541095,0.9678336,-0.5801967,-0.47510388,0.34638816,-0.3395681,-1.3331378,-0.4720318,0.09660069,0.22560789
IND803108AAB,0.9138623,0.49113888,1.4948223,-1.2914574,-0.5770851,-1.1146433,-0.86340183,0.778567,-0.046450924,1.0304717,0.6726883,0.697332,-0.44653738,1.2659138,1.8587507,-0.08856458,-0.6851316,0.7800043,0.056385934,-0.1337691,0.73161644,0.4582672,-0.67240286,-0.3050802,0.33872223,-0.93110156,0.641477,-1.1541072,-0.87975585,-0.28997037,-0.5005482,0.9789548
IND790114AAA,1.3262806,0.068994306,0.6113911,-1.011246,0.7724656,-0.20548555,-0.3706001,0.70276725,0.27833268,-0.022577792,-0.5547924,1.3973538,-1.3414662,1.5584474,-0.015280487,0.009689495,0.8185738,0.34357575,0.28296092,0.92412853,0.4614889,0.21647006,0.30026388,-0.6613111,-0.7447211,0.23591949,0.4767063,-1.2242973,-0.2344903,-0.12244762,0.3005459,-0.47167912
IND272207AAB,1.1837269,0.12292391,1.051024,-0.99329,0.26071486,-0.6805546,-0.146134,-0.31913382,-0.70627034,-0.2237227,0.2502769,1.2154291,-0.06926523,0.6237577,0.60316527,0.0053102593,0.1024536,0.3877113,0.21156703,1.316872,0.2803361,1.0408957,-0.61922127,-0.36597356,0.047414966,-0.54487145,-0.077703804,-0.47623518,-1.0666826,-0.31968576,0.13050123,0.20824605
IND734214AAB,1.5480003,1.3125654,0.20729724,-1.6731904,0.11383904,-0.81049,-0.68276125,0.050067246,-0.89092606,0.36217645,1.0672402,0.62117517,-0.54745305,1.4103895,0.9723609,-0.37557748,-1.3035595,0.63538486,0.8515584,1.0858982,0.38755232,0.73971343,0.7622977,-0.41871238,-1.0725597,-1.1170346,-1.5224856,-0.8864785,-0.20639472,-1.1795199,0.42572597,-0.4502001
IND160055AAA,0.5839024,-0.50356793,1.0905744,0.17195982,0.6261574,-0.58735013,0.80595696,0.19099651,-1.0974777,-0.19206187,0.8007427,0.319937,-0.73389405,0.72883284,-0.33197102,-0.0139224185,0.34584653,0.41944894,0.68928957,0.78928703,0.94083875,1.1592083,-1.433198,-0.43096626,-0.114193164,0.08023419,-0.2977193,-0.70222306,0.2913215,0.18061405,0.20358112,-0.22853005
IND585222AAA,0.55761445,-0.19620308,0.8480144,-0.78178895,0.7078842,0.3222118,0.33506265,-0.20282671,0.22714265,-0.42857638,0.7617187,0.71196747,-1.6553516,0.15615213,1.7117325,0.12439213,-0.18256593,0.09741152,0.64680386,1.4198617,0.9118029,0.9507891,0.25787815,0.06484131,1.081895,-0.6615846,0.09005956,-0.2837237,-0.15584326,-1.5962055,1.0253106,0.52104783
IND221706AAA,0.49331316,-0.23528732,1.4792016,-1.7577237,0.337799,-0.094185226,-0.34125406,0.520851,-0.22575039,-0.04513494,-0.2244679,0.69242275,-0.47080123,0.31517243,0.6765135,0.6767762,-1.1083859,0.7405274,-0.21985754,2.3207164,0.1750268,1.4934361,0.8956978,0.114132926,-1.0774647,-1.2513157,0.5914963,0.7622966,-0.6106819,-0.11475324,0.23506755,0.46017382
IND606803AAA,1.2079778,-0.31089485,0.6696922,-0.9219602,-0.61467105,-0.011648072,0.67806363,-0.6008924,-0.6800176,-1.390538,0.5808867,0.121965915,-0.26923743,-0.47346807,0.04089774,-0.28300336,0.52933,1.3281876,0.34601375,0.56276006,-0.23482114,-0.29829565,-0.53610307,-0.7672863,0.15405478,-1.7658975,-0.3514171,-0.19099395,-1.1431456,-1.1018214,-0.024481464,1.1245174
IND508252AAB,0.71759367,-0.09750581,0.2473983,0.1589047,1.0690829,0.027998477,-0.18406877,-0.85967845,-0.23662363,-0.7302516,0.43618906,0.4663437,-0.6620433,-0.04962304,0.33470383,0.1827167,0.11340349,-0.3704274,-0.629155,1.2202504,0.43619847,-0.28381512,-0.18973157,0.00041970893,0.68558496,-0.7308757,0.5110634,-0.50965583,-0.3233907,-0.7752955,0.5452242,-0.006269865
IND636102AAA,1.5540627,-0.09407825,-0.31138313,-0.4520742,-0.24803293,-0.20010604,0.7246268,-0.12144294,0.11144293,-0.8590587,1.076329,1.375601,-0.33893844,0.5739798,0.64046353,0.24383314,-0.3656314,0.9610362,0.047922034,1.7948126,-0.15386122,-0.58557266,-0.22606622,0.37184745,-0.5635043,-1.8139635,-0.6398474,-0.8868755,-0.7033444,-0.6129609,-0.35526836,0.6223667
IND121102AAA,0.2726962,-0.084218316,0.5319751,-1.2230223,1.423585,-0.4128179,-0.64400065,0.8068767,-0.30882153,-0.55826056,0.10939262,0.5274083,-0.2405978,0.25090262,-0.24970755,-0.004220386,-0.1980461,-0.3597974,-0.54153496,0.1348044,1.0377944,0.4741556,-1.4445181,-0.48087287,-0.30905807,-0.75091976,0.38027388,-0.43985447,-0.8673441,1.0450779,-0.27925164,0.6181043
IND638001AAA,1.4936802,-0.27115533,0.38247138,-0.62011534,0.096264936,-0.41818488,-0.3298198,1.1914937,-1.6100266,0.06081024,0.9031579,1.7224472,1.1258627,1.3044525,1.1557325,-0.63178205,0.60549873,-0.29724404,1.3358668,1.7374444,-0.29870784,2.328269,-0.07746579,0.12698872,-0.39433968,-1.0105505,-1.6087332,0.38284108,-0.6023277,-1.3163632,0.27284288,-0.5485137
IND000000ABA,1.7069252,0.5056678,-0.016496688,-0.6700764,0.33541825,-1.2729756,0.7407388,0.52215254,-1.3244573,-0.8664381,-0.41986245,0.10169462,0.34628665,-0.04612237,0.2566932,0.83686376,0.60632074,0.5774713,-0.05220296,1.1465845,-0.17011815,-0.23476173,-0.39928126,-0.6852263,0.0885225,-0.17828037,-0.50546986,-0.53383017,-0.6027817,0.03531136,0.7171418,0.5208707
IND751002AAB,0.74613446,-0.20623364,0.93747056,-0.1896655,0.55428797,0.52332383,0.12963189,-0.39765206,0.33304185,-0.8633465,0.11304474,0.14631848,0.19887811,0.38142383,0.78508234,-0.0961033,0.8042698,0.17668138,-0.12780218,0.43595695,0.02155572,0.23206231,-1.1746441,-0.052527726,0.53824615,-0.33065465,0.6660017,-0.053263433,-0.5564278,-0.2586369,-0.32732314,-0.20714225
IND122004AAA,0.38582277,-0.6654281,0.56683534,0.0034652825,0.92407185,-0.5571994,-0.22959265,-0.4674114,-0.25098342,-0.9352229,0.7656663,0.56232876,-0.8414586,0.10116109,0.19846818,-0.15254138,-0.80120856,-0.27657244,-0.030840186,0.35380027,0.15161493,0.10089464,-1.2499664,-0.6495407,0.0953235,-0.37948495,0.21208583,0.07840943,-0.8576571,0.5563737,-0.062304497,-0.75324494
IND140301AAA,0.6151515,-0.34196687,1.2437032,0.07700611,0.71977687,-0.4765476,1.0176475,0.09428367,-0.9385577,0.10103462,0.808195,0.44566992,-0.20062442,0.56594837,-0.6334288,-0.06494591,0.109197766,1.00685,0.572004,0.7093204,1.010823,1.2304182,-1.5984408,-0.22309203,-0.09064905,0.061082102,-0.19663265,-1.1353712,0.23873523,0.063508585,-0.011987648,-0.053321313
IND560048AAB,0.77815455,0.6984611,0.49369672,-1.0332632,-0.0077927676,0.04821927,0.5547663,-0.73491853,-0.46378446,-1.2860606,-0.052090544,-0.050981753,-0.15848097,-0.086498015,0.044999465,0.29672343,0.7494135,1.0763929,0.07047952,0.58504355,-0.089748204,0.1907753,-0.7495943,-0.56486547,0.04926643,-0.90640545,-0.37836397,-0.7609119,-0.4034039,0.33015808,0.33149976,-0.58986336
IND620012AAA,0.20911662,0.38984394,0.20607133,-1.0589446,-0.68761885,-2.1567032,1.5546055,-0.102937646,-0.7110728,-0.20612986,0.85763156,1.2721572,-0.22625904,0.91894984,0.3981461,0.35741112,-1.321198,0.9882748,0.60672724,1.1995972,0.5757422,0.75973177,-0.9375169,-0.50145966,-1.3024461,0.3538964,0.8407569,-0.861192,-1.3938755,-0.9544482,0.68095255,0.6975479
IND175018AAA,0.86211777,-0.20681143,0.7308812,-1.13552,1.2438275,-1.082588,0.18556993,-0.23570289,-0.86008567,0.17677282,0.7099789,0.5113584,0.08974176,1.6417738,-0.5130584,0.34233463,-0.38253677,0.992703,1.0686755,1.1455404,1.1087431,-0.08412965,-1.3804264,-0.21102427,0.2537138,0.38200554,-0.66586906,-1.0252682,0.623001,0.3107657,0.44161278,0.1749315
IND502313AAA,0.6849817,0.66021436,1.9944671,-0.25650167,0.013814818,0.16437863,0.2992608,-1.1077726,-1.2142732,-0.25512764,-0.2650152,0.3367575,-0.120040484,0.49143314,0.84002906,-0.2018492,0.050971143,0.14351049,0.009306757,0.9956632,0.12463409,0.055515002,-0.43345264,0.93424374,0.13621706,-1.3434366,1.0736043,-0.20925185,-0.3193655,-1.4315419,0.2787358,1.1431327
IND364290AAA,0.19136605,0.5795488,1.4083087,-0.7695493,-1.1506313,0.11672971,-0.77259046,0.2884562,-0.31563723,0.3892414,-0.56965953,1.9772382,-0.38150594,0.020291917,0.7297927,-0.066607036,-0.57431084,0.95651364,0.66017586,1.7052833,0.2761139,1.2445748,0.37196478,-0.89840996,0.88831216,0.20367205,-0.6962662,0.31613702,-1.8843737,0.39782175,0.87247396,-0.19299284
IND423109AAA,-0.043273963,0.8070494,0.046347268,-0.7165709,-0.20728084,-0.78030324,-0.42011768,0.69915193,-0.9761223,0.31208503,0.2139678,1.768262,-0.15357019,1.2731874,0.3030436,0.014639825,0.45395273,0.7777771,-0.014091527,0.6455642,0.95480895,-0.21423478,-1.2770389,-1.6659623,0.18925574,-0.7991799,0.28503442,-0.18462645,-0.8083294,-0.42778492,1.7384077,-0.38996083
IND686632AAA,2.0327115,1.1225816,0.29212773,-1.2377802,0.62380445,-1.690963,0.78919894,0.13897967,-0.39129525,-1.1477118,-0.7354957,0.4693967,0.26452622,0.7226307,-0.68608004,0.90187544,0.39859864,0.10485998,-0.4765126,1.3734068,-0.6698532,0.6039497,-0.26255757,-0.87728184,0.046502188,-0.013206808,-0.5953634,-0.25199413,-0.94541645,-0.5125146,0.4164616,0.46768045
IND125104AAA,0.88743955,-0.4633043,1.3755145,0.0528514,1.5808038,-0.38329113,-0.58819866,-0.53324175,0.2960007,0.14658767,1.0307351,0.7356612,0.2505745,0.27767473,-0.5470881,-0.92216516,-0.122844376,0.19306278,0.46890405,1.1565138,0.09908598,0.18625855,-1.2129023,-0.23141332,-0.24029559,-1.4461608,0.12709258,0.70532537,-1.3057228,0.70369905,0.53012705,0.42700613
IND201301AAD,-0.2227593,-0.7073016,0.86112356,-0.8457642,0.95646864,-0.11403991,-0.34771267,0.19892488,-0.5807625,-0.59289193,0.17940561,1.125253,-0.45664707,0.7152822,-0.53462964,0.4275511,0.1998577,0.19029276,-0.08776827,0.53703254,0.57981473,0.14886488,-0.3476595,-0.5290387,-0.40290242,-0.6934502,-0.13842143,0.113234,-0.081608236,0.6867015,-0.36869338,-0.5487023
IND431131AAB,1.1548061,-0.2094672,0.20822085,-1.4789016,-0.22471417,-0.79095495,-0.08633011,-0.9460173,-0.751686,-0.18184683,0.08326692,0.050057303,-0.18177736,0.29924297,0.78724486,1.236504,-0.12301604,-0.38929498,0.029859297,0.98080915,0.8903719,-0.2872333,0.0671856,-1.733879,1.1389084,-0.57178646,-0.21888557,0.19743866,-1.3862349,0.39204812,-0.09469195,0.23663604
IND263002AAA,1.1113518,-0.4051212,1.0385928,-0.43508145,-0.6600308,-1.5531698,0.4280206,0.8711277,-0.31039166,-0.5979945,-0.5561127,0.6039661,-0.93646085,-0.1327375,0.09379402,-0.19282787,0.34942478,-0.19822903,0.0648222,0.24970834,1.0366291,1.2557017,-0.9511746,-1.527423,0.5544526,-0.84379596,0.12947394,0.006842737,-0.51405555,-0.8483854,1.0544127,0.5443621
IND421301AAA,0.24866433,0.018568635,0.08935679,-0.6924839,0.6875279,-0.4081806,-0.45824748,-0.03409314,0.15427274,-0.26788723,0.72541124,1.6364529,0.9469082,0.78969336,1.7280506,0.36204392,0.8200242,0.7391082,-0.282086,1.160127,1.5139742,0.7961051,-0.3859504,-0.9825347,1.1237001,0.49250555,-0.6019717,0.42585245,-0.36357394,-0.13563009,0.3248392,0.61663336
IND723101AAA,1.1073862,-0.975077,-0.042244703,-1.0941992,-0.60403043,0.72212803,-0.32580635,-0.25716686,-1.0767866,-1.4581139,0.015932165,0.46210513,0.14508478,0.14875206,1.5001616,-0.20679918,-0.37064275,-0.04183576,0.34839705,0.38382635,1.4055939,1.1235365,-0.9407396,-0.21031538,-1.2443613,-0.40336514,0.29130128,-1.0191506,-1.1870304,-0.101501636,-0.21341942,0.33754
IND508001AAA,0.6870602,1.0946919,1.063337,-0.25825745,0.71373063,-0.012165341,0.21740766,-0.29982266,0.06300646,0.02813227,0.2752739,0.8663257,-0.71749294,0.28523576,0.6213725,-0.2319653,0.2483983,-0.75035083,-0.3019615,1.044858,0.038403194,-0.35897624,-0.18627706,0.08893133,0.90816665,-0.97672313,1.0516592,-0.6321821,-0.7311908,-0.21295157,0.72861177,0.08302041
IND852131AAA,-0.055294517,0.0259498,0.51684123,0.5849743,0.50616467,-1.5591569,-1.020407,-0.14411469,0.011604693,-0.5538505,0.6975619,0.3931165,-0.4714273,1.0118846,0.36337242,-0.45282543,0.32631338,0.18608114,0.45401913,1.6630855,0.88275766,0.9092814,-1.4346887,0.29019153,-0.29177943,0.1672635,0.43342885,0.237195,-1.5514698,0.11287042,-0.41345087,-0.17641462
IND571430AAA,1.8307902,0.608013,1.0727506,-0.39126456,-0.40163675,0.11255115,-1.1094718,-0.09485062,-1.0726196,-0.7275804,1.5797658,0.08068694,-0.24030562,0.4860328,-0.37416118,-0.3804293,1.2892141,0.99034417,-0.6513663,1.4299781,-0.08672074,0.5640614,-1.1709254,-0.3935532,-0.08626367,0.19142601,-0.56492007,-0.3587015,-0.1427665,-1.0248697,0.32376096,0.604143
IND841226AAB,0.9900929,1.7872906,1.6500732,-2.1530924,-0.23825116,-0.5931962,1.3955055,0.18165872,-0.41024143,0.2418199,0.19539021,0.36290196,0.7709004,1.3526975,0.79769063,-1.6627173,-0.5841585,-0.100507095,0.4774326,1.7051947,1.0404502,0.6849881,-0.83245116,0.23165105,-0.08077035,0.53413475,-0.15589508,-0.79931736,-1.1572117,-0.09705112,0.2757747,-0.00932299
IND742223AAA,1.8597037,0.995237,0.7677298,-0.07977221,0.15025346,-0.13431235,-0.3559058,-0.19233853,-1.4882772,0.08726472,-1.2174996,0.9650348,-0.12840925,0.57158643,0.8558898,0.32627472,-0.2368747,0.14925504,-0.44479218,0.5253247,0.1661261,1.4805511,-1.6843339,0.33403134,-0.48026717,0.6645365,0.09289419,-1.8039942,-1.520996,0.29815578,0.31648967,-0.464085
