center,emb_0,emb_1,emb_2,emb_3,emb_4,emb_5,emb_6,emb_7
IND209625AAA,3.026986,0.0,2.5982106,0.0,3.096112,0.1040275,0.0,2.8506925
IND792001AAA,1.3259027,0.0,0.7926849,0.0,1.1617807,0.0,0.0,1.2381426
IND577535AAC,2.8807592,0.0,2.3044958,0.0,2.851427,0.112803616,0.0,2.6562862
IND273303AAA,2.3423848,0.0,1.9865488,0.0,2.4837291,0.0,0.0,2.1762068
IND742102AAB,5.453124,0.0,3.994836,0.0,4.2560873,0.0,0.0,4.7947445
IND793001AAA,3.3887808,0.0,2.1890883,0.0,3.0290926,0.0,0.0,3.176601
IND244301AAA,1.5888381,0.0,1.0174948,0.0,1.5122857,0.0,0.0,1.5789161
IND403601AAA,2.142995,0.0,1.8045181,0.0,2.5237246,0.0,0.0,2.1634395
IND621306AAA,0.21707267,0.0,0.08634684,0.0,0.20268315,0.0,0.0,0.17418206
IND501401AAC,4.0428348,0.0,3.5939295,0.0,4.105633,0.5553,0.0,3.759505
IND751015AAA,0.9685895,0.0,0.0,0.0,0.0,0.0,0.0,0.5826382
IND574227AAA,3.2916083,0.0,2.628384,0.0,3.3363273,0.0,0.0,3.1010427
IND505326AAB,3.5041432,0.0,2.3516095,0.0,2.7698753,0.0,0.0,3.1163049
IND248001AAD,2.6977046,0.0,1.7515589,0.0,2.6945798,0.0,0.0,2.6871147
IND333001AAA,2.0135672,0.0,1.6278605,0.0,2.1305406,0.0,0.0,1.9396533
IND624619AAA,2.2087896,0.0,1.9256747,0.0,2.3481374,0.0,0.0,2.1505024
IND764071AAB,3.1178896,0.0,2.2390087,0.0,2.8657281,0.0,0.0,2.8571959
IND272001AAA,2.278147,0.0,1.572053,0.0,1.9637578,0.0,0.0,2.037882
IND517325AAA,0.25334165,0.0,0.106706895,0.0,0.13375124,0.0,0.0,0.17890477
IND781354AAA,2.6937928,0.0,1.8219792,0.0,2.7372696,0.0,0.0,2.6550968
IND691574AAA,2.3022606,0.0,1.9670136,0.0,2.22241,0.0,0.0,2.1795762
IND577201AAA,3.0999305,0.0,2.1587257,0.0,2.816234,0.0,0.0,3.0367835
IND282001AAF,0.16538084,0.0,0.17678565,0.0,0.3014592,0.0,0.0,0.10715083
IND370615AAB,2.7223136,0.0,2.63163,0.0,3.167464,0.0,0.0,2.5590734
IND125050AAA,4.216067,0.0,3.3428764,0.0,4.0352817,0.72099733,0.0,3.804313
IND201001AAA,2.7538934,0.0,1.8943008,0.0,2.559519,0.0,0.0,2.6192174
IND302014AAB,8.357337,0.0,4.9332786,0.0,4.425319,0.0,0.0,6.0747766
IND250002AAA,2.7159374,0.0,2.1314838,0.0,2.8597994,0.0,0.0,2.8155248
IND125001AAA,6.448749,0.0,4.195687,0.0,4.252879,0.0,0.0,5.6008816
IND123401AAB,3.4297082,0.0,1.6782452,0.0,2.9796116,0.0,0.0,3.1611965
IND623701AAA,2.2817404,0.0,1.8412206,0.0,2.239848,0.117426075,0.0,2.08306
IND638657AAA,2.4788134,0.0,1.9471246,0.0,2.3326304,0.115548484,0.0,2.26188
IND712311AAA,11.451934,0.0,6.325146,0.0,4.7371182,0.0,0.0,8.570945
IND531116AAA,3.2625284,0.0,2.27054,0.0,3.0162919,0.0,0.0,3.0482273
IND574221AAA,2.88171,0.0,1.1133541,0.0,2.4322636,0.0,0.0,2.5750456
IND507123AAA,1.3404037,0.0,1.0722921,0.0,1.3517078,0.0,0.0,1.2794675
IND673573AAA,0.14423855,0.0,0.07201312,0.0,0.2864118,0.0,0.0,0.14549205
IND518124AAA,3.5904877,0.0,2.860995,0.0,3.6264865,0.0,0.0,3.296739
IND712410AAC,8.059881,0.0,5.9905357,0.0,7.717493,0.0,0.0,7.426614
IND787059AAB,3.2672894,0.0,2.6577265,0.0,3.2381551,0.4726698,0.0,2.941262
IND484446AAA,2.228256,0.0,2.0137913,0.0,2.5092204,0.0,0.0,2.251778
IND385320AAA,2.1089308,0.0,1.6688734,0.0,2.0851161,0.0,0.0,1.965368
IND343001AAA,3.203036,0.0,2.564452,0.0,3.1375282,0.25968435,0.0,2.9372551
IND781022AAA,2.0145802,0.0,0.66973674,0.0,1.8019525,0.0,0.0,1.8852752
IND110035AAC,3.8661134,0.0,1.9635402,0.0,3.5638766,0.0,0.0,3.4860375
IND362225AAA,3.0838785,0.0,2.4398108,0.0,2.967952,0.25968638,0.0,2.8219588
IND742303AAB,3.4419825,0.0,2.884744,0.0,3.5917628,0.0,0.0,3.3436744
IND321022AAA,2.3493676,0.0,1.7507156,0.0,2.3845758,0.0,0.0,2.2933443
IND302026AAA,6.983685,0.0,5.531707,0.0,6.9684615,0.0,0.0,6.4324994
IND385001AAA,3.2237518,0.0,2.690016,0.0,3.2504482,0.0,0.0,3.0730474
IND110030AAD,3.1657753,0.0,1.1249312,0.0,2.7879512,0.0,0.0,2.876523
IND312601AAA,2.2349405,0.0,1.752787,0.0,2.1542218,0.0,0.0,2.0689962
IND768216AAA,0.14168933,0.0,0.13918129,0.0,0.21376505,0.0,0.0,0.16102889
IND787001AAA,5.2061725,0.0,4.3146353,0.73104316,4.835001,1.6786839,0.0,4.520779
IND383315AAC,2.2180438,0.0,1.4569689,0.0,1.8493444,0.0,0.0,1.9812735
IND473001AAA,2.070133,0.0,1.7190139,0.0,2.130095,0.0,0.0,1.9163188
IND721507AAA,3.4741476,0.0,2.8691232,0.0,3.7193365,0.0,0.0,3.3340757
IND110095AAB,4.2651706,0.0,0.21217617,0.0,3.154001,0.0,0.0,3.2198594
IND713130AAA,3.0192764,0.0,2.3065164,0.0,2.8396776,0.0,0.0,2.827934
IND505425AAA,3.747174,0.0,2.9211495,0.0,3.3731344,0.0,0.0,3.4971154
IND391110AAD,2.995609,0.0,2.246334,0.0,2.857486,0.0,0.0,2.7415223
IND602105AAB,4.2176003,0.0,3.613061,0.18798466,4.4287386,1.4181739,0.0,3.7769082
IND382721AAA,3.475307,0.0,2.6916404,0.0,3.4907568,0.0,0.0,3.3945415
IND472001AAA,2.862428,0.0,2.16219,0.0,2.632448,0.0,0.0,2.675067
IND362001AAA,3.81715,0.0,2.6853478,0.0,2.746431,0.0,0.0,3.1535985
IND524003AAA,3.0597277,0.0,0.9707254,0.0,2.5662796,0.0,0.0,2.7161047
IND401501AAA,10.351651,0.0,8.478134,1.8148977,9.655841,4.1988726,0.0,8.8307705
IND506002AAA,4.77962,0.0,3.4292371,0.0,4.0100856,0.0,0.0,4.373424
IND523105AAA,4.58318,0.0,3.858506,0.0,4.5475254,0.88698643,0.0,4.1618667
IND402109AAA,3.4975402,0.0,2.8470747,0.0,3.3884892,0.7777198,0.0,3.087239
IND000000ABA,2.2388437,0.0,1.4194485,0.0,1.8741833,0.0,0.0,2.0298219
IND500039AAD,5.167116,0.0,2.1236653,0.0,4.0341043,0.0,0.0,4.3118033
IND177203AAA,0.21060789,0.0,0.12814334,0.0,0.2890616,0.0,0.0,0.17017591
IND441107AAB,3.8366332,0.0,3.2864745,0.17479835,4.0140476,1.2559277,0.0,3.4530363
IND506164AAA,3.212623,0.0,2.7911413,0.0,3.474453,0.89345866,0.0,2.9498966
IND131021AAA,0.3026144,0.0,0.105129994,0.0,0.13204773,0.0,0.0,0.20751914
IND201301AAM,5.1580386,0.0,0.9576868,0.0,4.0294857,0.0,0.0,4.0641127
IND609602AAA,2.9194047,0.0,2.4343507,0.0,2.9986742,0.35775876,0.0,2.6124346
IND784110AAA,4.164579,0.0,2.9652102,0.0,3.8144374,0.0,0.0,3.8554041
IND208012AAA,2.544927,0.0,1.4898256,0.0,2.933644,0.0,0.0,2.6645162
IND848210AAA,2.7361581,0.0,2.0060666,0.0,2.689301,0.0,0.0,2.5739822
IND458990AAA,2.4374628,0.0,1.9451207,0.0,2.3961248,0.055929102,0.0,2.249459
IND395004AAB,3.3458455,0.0,3.0687287,0.0,3.98513,0.0,0.0,3.2040985
IND531036AAA,4.4099407,0.0,3.5641985,0.0,4.408455,0.0,0.0,4.1765347
IND132103AAA,6.638495,0.0,4.845731,0.0,6.11596,0.0,0.0,6.124682
IND768201AAA,0.14168933,0.0,0.13918129,0.0,0.21376505,0.0,0.0,0.16102889
IND207123AAA,4.102051,0.0,3.4220026,0.0,4.355769,0.0,0.0,3.8632648
IND333031AAA,2.8822913,0.0,2.5320115,0.0,3.0388823,0.0,0.0,2.7477648
IND388620AAB,2.3947332,0.0,1.9774107,0.0,2.5534327,0.0,0.0,2.2817671
IND133004AAA,0.23267165,0.0,0.058657266,0.0,0.1617195,0.0,0.0,0.22040921
IND000000ACT,1.1156191,0.0,0.0,0.0,0.0,0.0,0.0,0.38615713
IND415301AAB,2.3608005,0.0,1.896402,0.0,2.3556244,0.0,0.0,2.1872168
IND691305AAA,2.6594589,0.0,1.9882244,0.0,2.305393,0.0,0.0,2.307977
IND492007AAA,0.27498662,0.0,0.22135277,0.0,0.21952394,0.0,0.0,0.20558867
IND410401AAA,4.4403095,0.0,1.6695732,0.0,3.7406569,0.0,0.0,3.8808844
IND713303AAA,3.975067,0.0,3.266911,0.0,4.1105394,0.0,0.0,3.708307
IND306401AAB,3.8219662,0.0,2.581945,0.0,2.922856,0.0,0.0,3.401474
IND176215AAA,0.18895826,0.0,0.121971674,0.0,0.2172167,0.0,0.0,0.13879517
IND788151AAA,3.9723303,0.0,3.1337302,0.0,3.8127446,0.0,0.0,3.5483882
IND562108AAA,2.1750135,0.0,1.68269,0.0,2.14365,0.0,0.0,2.0434604
IND627401AAA,2.4473636,0.0,1.9327823,0.0,2.4370167,0.0,0.0,2.2841163
IND591302AAB,2.541401,0.0,1.6686717,0.0,2.1856365,0.0,0.0,2.3407314
IND515201AAA,2.8077161,0.0,2.049035,0.0,2.438482,0.0,0.0,2.4729025
IND614018AAA,3.3893278,0.0,2.7327695,0.0,3.2439544,0.7105921,0.0,2.9713876
IND622407AAA,2.3562644,0.0,1.8768986,0.0,2.211615,0.19959483,0.0,2.118268
IND574202AAA,3.751444,0.0,3.0884287,0.0,3.6806338,0.90352076,0.0,3.320812
IND244921AAB,3.9768336,0.0,2.9489322,0.0,3.4843488,0.0,0.0,3.6151855
IND244901AAC,2.0891802,0.0,1.6522473,0.0,2.0898077,0.0,0.0,1.9498004
IND282001AAA,4.1580033,0.0,1.6847719,0.0,3.7156718,0.0,0.0,3.8904994
IND626138AAA,2.105151,0.0,1.5427471,0.0,2.001469,0.0,0.0,1.9936385
IND125051AAA,3.5629134,0.0,3.1287775,0.0,3.6944544,0.0,0.0,3.4482982
IND560099AAA,3.188624,0.0,2.756644,0.5351417,3.1302521,1.1662055,0.0,2.903406
IND126112AAA,0.5977379,0.0,0.0,0.0,0.16718286,0.0,0.0,0.2938026
IND515591AAA,3.2141078,0.0,2.7040298,0.0,3.1799965,0.2738745,0.0,2.9789314
IND341001AAC,3.1254475,0.0,2.390072,0.0,2.6790798,0.0,0.0,2.7636828
IND246424AAA,2.3760517,0.0,1.8452244,0.0,2.192016,0.073943876,0.0,2.1702833
IND521165AAA,6.9332194,0.0,5.7238827,0.0,6.8620043,1.070697,0.0,6.3793635
IND360002AAB,2.3377008,0.0,2.3192415,0.0,2.562804,0.08446541,0.0,2.3775165
IND457661AAA,4.049068,0.0,3.4573503,0.25682014,4.2037287,1.3746095,0.0,3.625656
IND816109AAA,3.6868856,0.0,3.05736,0.0,3.7523355,0.0,0.0,3.5264885
IND571432AAB,2.5428712,0.0,2.1541033,0.0,2.6791856,0.0,0.0,2.3619099
IND524132AAA,3.2473586,0.0,2.6476443,0.0,3.1747236,0.6367982,0.0,2.8838518
IND151506AAA,2.8154738,0.0,2.169031,0.0,2.7937727,0.0,0.0,2.6616573
IND722143AAB,5.626559,0.0,4.530149,0.0,5.51904,0.5223876,0.0,5.128972
IND583121AAA,3.1887877,0.0,2.749038,0.04718469,3.370126,0.9435138,0.0,2.9138753
IND110046AAA,0.27498662,0.0,0.22135277,0.0,0.21952394,0.0,0.0,0.20558867
IND486661AAA,2.2748284,0.0,2.2388003,0.0,2.868738,0.0,0.0,2.2168953
IND345001AAA,1.5570455,0.0,0.9602979,0.0,1.2198931,0.0,0.0,1.3967208
IND781003AAA,3.2979848,0.0,1.7573475,0.0,3.1090536,0.0,0.0,3.1306362
IND204101AAA,3.2093194,0.0,2.3496883,0.0,3.08251,0.0,0.0,2.9971802
IND335701AAA,1.95573,0.0,1.6274925,0.0,1.8551728,0.0,0.0,1.8794682
IND321001AAB,2.9839103,0.0,2.1330826,0.0,2.5910408,0.0,0.0,2.65835
IND680712AAA,2.751189,0.0,1.8849267,0.0,2.5098753,0.0,0.0,2.5947213
IND332404AAA,3.010449,0.0,2.4339304,0.0,3.1219923,0.0,0.0,2.9672751
IND333502AAA,1.7345076,0.0,1.5172067,0.0,2.018185,0.0,0.0,1.7601
IND736146AAA,2.4314587,0.0,1.9596525,0.0,2.2841675,0.35135585,0.0,2.1602461
IND609001AAA,3.5394568,0.0,2.882448,0.24260351,3.32103,0.9845641,0.0,3.080908
IND576101AAA,2.802665,0.0,2.3935392,0.0,2.9673398,0.0,0.0,2.7474055
IND365560AAB,2.9404984,0.0,2.5121877,0.0,2.9801767,0.28263393,0.0,2.6909797
IND768004AAD,3.4731758,0.0,2.670542,0.0,3.127405,0.3388406,0.0,3.0073628
IND679303AAA,2.288804,0.0,1.8741937,0.0,2.2935033,0.11411537,0.0,2.0899527
IND110037AAB,6.154522,0.0,5.313368,1.2304676,5.9602284,2.5213592,0.0,5.526597
IND535001AAA,5.3679347,0.0,4.37144,0.0,5.3666353,0.0,0.0,5.0352697
IND581115AAC,3.7406368,0.0,2.9176662,0.0,3.5848143,0.26279253,0.0,3.4307692
IND124112AAA,3.8322158,0.0,2.010111,0.0,3.1553102,0.0,0.0,3.4662483
IND248122AAB,3.775202,0.0,2.975216,0.1000561,3.4395177,0.88639027,0.0,3.3152785
IND638001AAA,2.9516892,0.0,2.366965,0.1343185,2.707741,0.68938047,0.0,2.570115
IND500035AAA,6.4550242,0.0,5.108816,0.0,6.227194,1.0153736,0.0,5.8591113
IND742225AAA,5.409222,0.0,4.5901766,0.36887997,5.3643208,1.6404389,0.0,4.7424107
IND600073AAA,0.10117857,0.0,0.09924493,0.0,0.24969637,0.0,0.0,0.11206222
IND471001AAA,3.2017787,0.0,2.7771938,0.0,3.3065104,0.16034088,0.0,3.0096128
IND577522AAA,2.9588675,0.0,1.1945134,0.0,2.542086,0.0,0.0,2.6700273
IND000000AFS,0.27498662,0.0,0.22135277,0.0,0.21952394,0.0,0.0,0.20558867
IND560066AAB,4.6108537,0.0,1.2420415,0.0,3.6080143,0.0,0.0,3.682317
IND506169AAB,2.1738193,0.0,1.7675407,0.0,2.1574996,0.06374422,0.0,1.9911221
IND303108AAB,0.20792532,0.0,0.13011897,0.0,0.28874362,0.0,0.0,0.1682789
IND384265AAB,2.5740738,0.0,1.8529911,0.0,2.1012728,0.0,0.0,2.2265384
IND303702AAB,3.667058,0.0,2.5949895,0.0,3.2830682,0.0,0.0,3.3600261
IND741101AAB,3.1763895,0.0,2.6103776,0.0,3.1711347,0.56524646,0.0,2.8303373
IND321408AAB,0.258063,0.0,0.0,0.0,0.105031125,0.0,0.0,0.19464189
IND635001AAA,3.2202523,0.0,1.6339563,0.0,2.7702227,0.0,0.0,3.0102816
IND507167AAA,3.9559348,0.0,3.3243988,0.0,4.2637434,0.0,0.0,3.781736
IND815353AAA,3.425928,0.0,2.3743536,0.0,2.804348,0.0,0.0,3.043425
IND388121AAA,6.3576508,0.0,5.1772213,0.21683948,6.081087,1.8345224,0.0,5.6083384
IND821109AAA,3.3011277,0.0,2.8858373,0.0,3.6783433,0.0,0.0,3.1195118
IND641011AAA,3.1257007,0.0,2.5053804,0.0,3.241972,0.0,0.0,2.9718344
IND341510AAB,3.1753423,0.0,2.6548872,0.0,3.1983755,0.019369848,0.0,3.0016522
IND422011AAD,3.7119677,0.0,2.1745448,0.0,2.701896,0.0,0.0,3.3305614
IND400072AAC,0.10029566,0.0,0.16216266,0.0,0.29575312,0.0,0.0,0.08896782
IND799250AAA,6.147159,0.0,5.05919,0.0,6.124197,1.5817822,0.0,5.475123
IND752050AAA,2.3716311,0.0,1.6385494,0.0,1.9886972,0.0,0.0,2.2295978
IND505327AAA,2.6714716,0.0,2.500733,0.0,2.6680446,0.0,0.0,2.674334
IND591201AAA,2.8538177,0.0,2.1085055,0.0,2.4330728,0.022417627,0.0,2.4765031
IND523316AAB,3.1097145,0.0,2.6370337,0.0,3.1617224,0.070214204,0.0,2.9354665
IND362265AAA,2.6293151,0.0,2.4028537,0.0,2.7344978,0.0,0.0,2.5783198
IND562132AAA,9.522085,0.0,1.3044199,0.0,0.0,0.0,0.0,4.6078677
IND416606AAA,2.9688656,0.0,3.3156326,0.0,3.982301,0.0,0.0,2.196082
IND303106AAA,2.7577624,0.0,1.8228564,0.0,2.2988925,0.0,0.0,2.4814281
IND144527AAA,0.22911012,0.0,0.061078407,0.0,0.16320968,0.0,0.0,0.21924824
IND431136AAC,4.6137905,0.0,3.1803124,0.0,3.2526033,0.0,0.0,4.047183
IND584101AAA,2.9809306,0.0,1.9260498,0.0,2.3249307,0.0,0.0,2.6852095
IND534260AAC,5.33354,0.0,3.9738712,0.0,5.097896,0.0,0.0,4.9322042
IND516115AAA,3.784509,0.0,3.090306,0.0,3.7122023,0.76311886,0.0,3.3916829
IND313324AAA,2.9219124,0.0,2.2865937,0.0,2.8916285,0.0,0.0,2.745478
IND249201AAA,2.7699916,0.0,2.0284016,0.0,2.315818,0.0,0.0,2.5088575
IND364004AAB,2.7445374,0.0,1.7696357,0.0,2.538892,0.0,0.0,2.6191304
IND847103AAA,2.729029,0.0,2.2739787,0.0,2.8207104,0.12007477,0.0,2.5161135
IND673104AAA,3.8592598,0.0,3.4493792,0.0,4.005589,0.38860884,0.0,3.6135638
IND791110AAA,0.12974693,0.0,0.15382323,0.0,0.22016996,0.0,0.0,0.14235565
IND560083AAB,3.4416125,0.0,1.7773591,0.0,2.9650931,0.0,0.0,3.2116942
IND636005AAC,0.27498662,0.0,0.22135277,0.0,0.21952394,0.0,0.0,0.20558867
IND122503AAA,3.4548984,0.0,2.8653529,0.0,3.4475152,0.6650339,0.0,3.0959647
IND176048AAA,3.2565114,0.0,2.6475756,0.1771257,3.0499916,0.8436182,0.0,2.844019
IND000000AEL,3.980852,0.0,0.0,0.0,2.8675053,0.0,0.0,2.9442408
IND148023AAA,2.2287707,0.0,1.6405095,0.0,1.8215739,0.0,0.0,1.9969072
IND636352AAA,0.16724706,0.0,0.0042968765,0.0,0.19064277,0.0,0.0,0.16040772
IND121002AAB,4.125089,0.0,0.09687648,0.0,3.013014,0.0,0.0,3.0841477
IND784125AAA,2.730759,0.0,1.8347166,0.0,2.7562013,0.0,0.0,2.6698365
IND508252AAB,3.6281233,0.0,1.9199939,0.0,3.1685483,0.0,0.0,3.3037636
IND581314AAA,2.7479599,0.0,2.2562916,0.0,2.5468156,0.0,0.0,2.6146147
IND464221AAA,2.8362918,0.0,2.3417985,0.0,2.7496593,0.45317173,0.0,2.5574439
IND679531AAA,3.9215875,0.0,3.201293,0.10580145,3.763345,1.0275309,0.0,3.4480097
IND413307AAB,2.804963,0.0,2.2474082,0.0,2.731088,0.25573987,0.0,2.5580995
IND500008AAD,1.2669362,0.0,0.0,0.0,0.0,0.0,0.0,0.43659768
IND583119AAA,3.5910304,0.0,2.8718624,0.0,3.5789201,0.112227194,0.0,3.330192
IND382715AAA,2.6571066,0.0,1.4917269,0.0,2.3473773,0.0,0.0,2.4722517
IND515301AAA,4.1459813,0.0,3.4031882,0.09539586,4.015846,1.1203504,0.0,3.6452672
IND212601AAA,3.2795954,0.0,2.4495008,0.0,3.5130713,0.0,0.0,3.2540126
IND520011AAA,2.7373283,0.0,2.179195,0.0,2.7085779,0.02444335,0.0,2.5360966
IND603001AAA,4.1624427,0.0,3.2974064,0.0,4.0115623,0.45228305,0.0,3.8015337
IND425401AAA,2.4653761,0.0,2.4738214,0.0,3.1695254,0.0,0.0,2.3402803
IND785634AAA,4.526721,0.0,3.9624794,0.0,4.92713,0.14649507,0.0,4.125694
IND642001AAA,2.4916892,0.0,1.7896836,0.0,2.2616186,0.0,0.0,2.4017727
IND176303AAA,2.1076343,0.0,1.9260954,0.0,2.334892,0.0,0.0,1.986908
IND501101AAB,2.8610227,0.0,1.5183218,0.0,2.3007774,0.0,0.0,2.6236913
IND396321AAA,3.5179894,0.0,2.7699425,0.0,3.088916,0.35207188,0.0,3.0625274
IND425201AAA,4.3198447,0.0,3.4939444,0.0,4.181697,0.9094913,0.0,3.871359
IND311301AAA,0.18454114,0.0,0.35753828,0.0,0.43311983,0.0,0.0,0.14552715
IND521201AAA,2.4403667,0.0,1.844552,0.0,2.5057218,0.0,0.0,2.3771405
IND400015AAA,4.112546,0.0,2.648423,0.0,3.675141,0.0,0.0,3.9279547
IND303301AAB,1.9628608,0.0,1.480841,0.0,2.168047,0.0,0.0,1.9941512
IND000000ABD,2.3899584,0.0,0.74566615,0.0,2.0100794,0.0,0.0,2.1488256
IND245101AAA,3.1976492,0.0,2.294434,0.0,2.832872,0.0,0.0,2.9863002
IND521105AAA,2.9917173,0.0,2.2289817,0.0,2.577882,0.09634512,0.0,2.5936475
IND796321AAB,7.0563416,0.0,5.8292427,0.49924415,6.925888,2.459364,0.0,6.0855374
IND480001AAA,2.9500315,0.0,2.2195125,0.0,2.545542,0.0,0.0,2.652573
IND400612AAA,3.6345375,0.0,2.8927073,0.0,3.6530716,0.0,0.0,3.4190571
IND387001AAA,2.7311935,0.0,2.079914,0.0,2.6430056,0.0,0.0,2.5631773
IND518401AAA,2.836893,0.0,2.0524495,0.0,2.7549734,0.0,0.0,2.7226589
IND224001AAA,0.1660755,0.0,0.22024381,0.0,0.2669175,0.0,0.0,0.080604635
IND788713AAA,5.2671914,0.0,4.2810054,0.0,5.086798,0.73733425,0.0,4.701057
IND563131AAB,2.7011979,0.0,2.081291,0.0,2.3754878,0.0,0.0,2.5239954
IND608001AAA,2.8640163,0.0,2.3501165,0.0,2.8619716,0.41551843,0.0,2.5703185
IND321401AAB,2.1716425,0.0,2.0875914,0.0,2.5163193,0.0039490834,0.0,2.2155929
IND637211AAA,2.4410255,0.0,1.9376537,0.0,2.2874415,0.24570811,0.0,2.1994212
IND262723AAB,3.5639977,0.0,3.0795715,0.0,3.8127632,1.0746871,0.0,3.2400463
IND523230AAA,2.462806,0.0,1.9938947,0.0,2.6176171,0.0,0.0,2.3715284
IND712124AAA,4.7469215,0.0,3.790866,0.0,4.4883647,0.23096004,0.0,4.2959356
IND621802AAA,3.45027,0.0,2.6045263,0.0,2.987036,0.37765574,0.0,2.9684937
IND501359AAE,8.366336,0.0,2.4488513,0.0,0.11147087,0.0,0.0,5.0211005
IND302014AAA,4.678154,0.0,2.8949459,0.0,2.4766812,0.0,0.0,4.270639
IND502286AAB,3.6563952,0.0,2.9754245,0.0,3.5370452,0.86467725,0.0,3.2184596
IND571111AAB,2.9346097,0.0,2.4124339,0.0,2.938729,0.44183233,0.0,2.6285279
IND627005AAA,3.8972623,0.0,2.6788986,0.0,2.694588,0.0,0.0,3.1473844
IND803116AAA,3.5884435,0.0,2.8966954,0.0,3.4398015,0.81117934,0.0,3.1355855
IND562117AAA,3.549568,0.0,1.6228303,0.0,3.01223,0.0,0.0,3.14699
IND362220AAA,3.6036007,0.0,2.648328,0.0,3.1103857,0.10302671,0.0,3.1664965
IND444303AAA,5.7510133,0.0,4.810535,0.0,5.880761,1.3729441,0.0,5.0803056
IND518222AAA,1.7705891,0.0,1.6235447,0.0,2.3256063,0.0,0.0,1.8073424
IND231217AAA,2.845744,0.0,2.3196852,0.006559849,2.7053225,0.61204135,0.0,2.5048115
IND000000ACK,0.2680124,0.0,0.15257245,0.0,0.1613234,0.0,0.0,0.3039785
IND560085AAA,3.141999,0.0,1.8257393,0.0,2.920112,0.0,0.0,3.085179
IND363421AAB,1.9576066,0.0,1.5544728,0.0,1.844496,0.0,0.0,1.7865113
IND560067AAC,5.241576,0.0,4.378766,0.07764448,5.239309,1.5702816,0.0,4.609648
IND124001AAB,2.8881607,0.0,1.814992,0.0,2.8720186,0.0,0.0,2.7929769
IND630002AAA,2.7322853,0.0,2.183726,0.0,2.570781,0.40429753,0.0,2.4434955
IND331023AAA,4.324798,0.0,3.4668934,0.12411766,4.059668,1.1345414,0.0,3.792336
IND742401AAA,3.7762334,0.0,2.7740493,0.0,3.4525564,0.0,0.0,3.4205215
IND732138AAA,4.8457847,0.0,3.5869834,0.0,4.028221,0.7392247,0.0,4.0225663
IND845401AAA,2.9053955,0.0,2.473717,0.0,3.172232,0.0,0.0,2.9117718
IND602001AAA,3.7689433,0.0,3.113056,0.0,3.8285913,0.4880939,0.0,3.4484918
IND361305AAC,3.0789077,0.0,2.2551167,0.0,2.495175,0.3046358,0.0,2.6145127
IND124103AAA,3.42601,0.0,1.184688,0.0,2.9502203,0.0,0.0,3.0125244
IND845418AAB,3.1829174,0.0,2.453674,0.0,3.111317,0.0,0.0,3.0635772
IND495677AAA,0.2503205,0.0,0.10669432,0.0,0.13397038,0.0,0.0,0.17677009
IND460001AAA,2.792908,0.0,2.3914099,0.0,2.9363897,0.1896868,0.0,2.4983938
IND272207AAB,0.19014938,0.0,0.14720151,0.0,0.16101661,0.0,0.0,0.12078377
IND721636AAB,4.3938456,0.0,3.533303,0.0,4.20833,0.9711155,0.0,3.9194481
IND845455AAB,2.8913357,0.0,2.067315,0.0,2.793646,0.0,0.0,2.7326906
IND458664AAA,1.8887815,0.0,1.5422248,0.0,1.9049376,0.0,0.0,1.7492843
IND626607AAB,2.1861591,0.0,1.5757089,0.0,2.029505,0.0,0.0,2.0520306
IND508001AAA,3.5413027,0.0,2.31598,0.0,3.397977,0.0,0.0,3.4356172
IND636402AAA,3.708741,0.0,3.3460786,0.26447502,3.8050811,1.1072949,0.0,3.4531772
IND516227AAA,2.781843,0.0,2.1090019,0.0,2.7151666,0.0,0.0,2.6333747
IND671315AAA,0.12194897,0.0,0.0,0.0,0.31330144,0.0,0.0,0.1739988
IND384170AAA,2.0475008,0.0,1.518218,0.0,2.0448,0.0,0.0,1.9819869
IND621010AAA,2.8902912,0.0,2.2787216,0.0,2.6210449,0.51753324,0.0,2.5583565
IND281401AAA,0.26763687,0.0,0.0,0.0,0.110006325,0.0,0.0,0.23444971
IND411043AAA,7.4664683,0.0,6.1768928,0.0,7.4291577,2.1148543,0.0,6.6499867
IND411057AAF,7.2930093,0.0,6.133066,1.7337635,6.937832,3.11396,0.0,6.362465
IND572201AAB,3.3459635,0.0,2.092118,0.0,2.2730422,0.0,0.0,2.8219826
IND364290AAA,3.911415,0.0,3.1000931,0.0,3.688106,0.74561626,0.0,3.4901311
IND141010AAA,0.7515624,0.0,0.0,0.0,0.09003108,0.0,0.0,0.44831124
IND712602AAA,3.5932312,0.0,2.4603326,0.0,3.31971,0.0,0.0,3.4663835
IND847226AAA,2.6546671,0.0,2.0631652,0.0,2.91669,0.0,0.0,2.6418452
IND312403AAA,3.830891,0.0,3.082408,0.0,3.642317,0.8345986,0.0,3.4044814
IND321606AAA,3.52431,0.0,2.7062,0.0,3.1489441,0.0,0.0,3.1788254
IND852113AAA,5.32427,0.0,4.208695,0.0,5.006016,0.07689183,0.0,4.866256
IND515671AAA,3.2132328,0.0,2.2233171,0.0,2.7588527,0.0,0.0,2.8907473
IND250611AAA,5.198642,0.0,3.7158372,0.0,4.9572744,0.0,0.0,4.8342886
IND783348AAA,3.005771,0.0,2.423141,0.0,2.934756,0.36976808,0.0,2.7184308
IND600013AAA,0.27498662,0.0,0.22135277,0.0,0.21952394,0.0,0.0,0.20558867
IND509324AAA,2.7016718,0.0,2.1677775,0.0,2.6505947,0.19547984,0.0,2.474952
IND247554AAA,3.6597416,0.0,2.711886,0.0,3.0930626,0.31267014,0.0,3.1727161
IND841207AAB,3.6978652,0.0,3.2342775,0.5484178,3.5753329,1.1789736,0.0,3.390433
IND785612AAB,3.8687704,0.0,2.8112469,0.0,3.532992,0.0,0.0,3.6603458
IND854311AAA,3.8686504,0.0,2.7998493,0.0,3.3022835,0.0,0.0,3.4300826
IND504296AAA,2.38237,0.0,1.294382,0.0,1.6734377,0.0,0.0,2.068646
IND638701AAA,2.3443763,0.0,1.8764641,0.0,2.3429945,0.0,0.0,2.172855
IND723133AAA,2.8336036,0.0,2.6177416,0.0,3.2804737,0.0,0.0,2.8238857
IND341503AAB,2.9811318,0.0,2.4014652,0.0,2.9146292,0.34305012,0.0,2.7106175
IND473551AAA,2.1799693,0.0,1.5877417,0.0,2.3789556,0.0,0.0,2.1996748
IND842003AAB,9.366691,0.0,6.6928115,0.0,6.867054,0.55081356,0.0,7.547486
IND275101AAA,4.7392077,0.0,4.286348,0.0,5.1809464,0.48065114,0.0,4.165981
IND400011AAA,5.6003203,0.0,4.3068542,0.0,5.0823493,0.22270525,0.0,5.0688076
IND422103AAC,2.432362,0.0,1.7418383,0.0,2.157393,0.0,0.0,2.161856
IND110014AAA,4.256239,0.0,3.338199,0.0,4.0628595,0.5922758,0.0,3.8406796
IND302006AAA,2.8969162,0.0,2.1123486,0.0,3.0767407,0.0,0.0,2.8434596
IND174103AAA,3.7181976,0.0,2.9924824,0.0,3.9067435,0.0,0.0,3.823272
IND590016AAA,3.0941021,0.0,2.493616,0.0,3.1159894,0.0,0.0,3.004814
IND345021AAA,2.4463866,0.0,2.0148509,0.0,2.403076,0.0,0.0,2.3479095
IND832109AAB,3.5003445,0.0,2.817198,0.0,3.6459417,0.0,0.0,3.3234708
IND483225AAA,4.246743,0.0,3.5476007,0.0,4.441894,0.0452544,0.0,3.9572434
IND461001AAA,3.8654242,0.0,2.9018917,0.0,3.8407545,0.0,0.0,3.693179
IND741156AAA,4.1312118,0.0,3.0708807,0.0,3.8096538,0.0,0.0,3.7471259
IND606201AAC,2.718166,0.0,2.1214547,0.0,2.6243446,0.046084203,0.0,2.5075943
IND303303AAA,3.3934374,0.0,2.8403962,0.0,3.4971056,0.0,0.0,3.2760293
IND783129AAA,2.9223518,0.0,2.3809621,0.0,2.8650093,0.47090384,0.0,2.616814
IND416012AAA,5.220063,0.0,3.567296,0.0,3.9148376,0.0,0.0,4.757269
IND623315AAB,1.7438562,0.0,1.4027587,0.0,1.7225114,0.0,0.0,1.6243337
IND743513AAA,4.4996037,0.0,3.6994407,0.0,4.478721,0.9422592,0.0,4.057284
IND247776AAA,2.9131508,0.0,2.4084175,0.0,2.950136,0.40135583,0.0,2.609933
IND503185AAA,2.928878,0.0,2.294081,0.0,2.8022141,0.16483888,0.0,2.686126
IND605601AAA,2.903964,0.0,2.00993,0.0,2.414871,0.0,0.0,2.7487004
IND141003AAB,0.6996698,0.0,0.0,0.0,0.0,0.0,0.0,0.51722825
IND209101AAA,4.5510206,0.0,3.4116838,0.0,4.5920897,0.0,0.0,4.3532515
IND176061AAA,3.3521235,0.0,1.7045128,0.0,2.9511921,0.0,0.0,3.0690255
IND760003AAB,3.5232673,0.0,2.400387,0.0,2.9649694,0.0,0.0,3.1648314
IND505326AAA,0.16524374,0.0,0.025913753,0.0,0.20870394,0.0,0.0,0.21188095
IND421302AAF,6.0760055,0.0,5.1312566,0.0,6.3434734,1.3829025,0.0,5.61436
IND000000ACN,4.2548623,0.0,3.3923314,0.050412357,3.9928033,1.0622457,0.0,3.714733
IND000000AEM,0.3807508,0.0,0.09757305,0.0,0.081253,0.0,0.0,0.15176773
IND321001AAA,2.5053098,0.0,1.8829876,0.0,2.2258437,0.0,0.0,2.3099658
IND201306AAA,0.31563497,0.0,0.0,0.0,0.06999131,0.0,0.0,0.34965402
IND401208AAA,3.4946961,0.0,3.1858797,0.0,4.113966,0.0,0.0,3.4073303
IND203205AAA,3.3639717,0.0,2.4768336,0.0,3.119379,0.0,0.0,3.006728
IND303503AAA,2.5334773,0.0,2.0265892,0.0,2.7284381,0.0,0.0,2.4729364
IND413002AAA,4.186997,0.0,2.2239983,0.0,2.805943,0.0,0.0,3.8670533
IND403726AAA,4.010548,0.0,2.4316485,0.0,2.5983899,0.0,0.0,3.4333994
IND811213AAA,3.437763,0.0,2.6782074,0.0,3.015609,0.18987796,0.0,3.022731
IND636102AAA,2.6839173,0.0,2.052541,0.0,2.6153953,0.0,0.0,2.5284057
IND160002AAD,3.043115,0.0,2.6812513,0.28826457,3.059102,0.9667718,0.0,2.8495803
IND505001AAA,0.44952148,0.0,0.0,0.0,0.047773235,0.0,0.0,0.31520894
IND000000ADM,3.0276186,0.0,1.5992879,0.0,2.1802828,0.0,0.0,2.4637702
IND125047AAB,3.4159038,0.0,2.6173775,0.0,3.1774828,0.0,0.0,3.1803293
IND126116AAA,3.4348755,0.0,2.8249793,0.0,3.4473717,0.5515645,0.0,3.1140387
IND799008AAA,3.733587,0.0,3.334923,0.0,4.1601872,0.9047701,0.0,3.3847027
IND600008AAC,6.7209144,0.0,5.2249184,0.0,6.676546,0.0,0.0,6.32681
IND251309AAB,2.9782546,0.0,1.860195,0.0,2.8940046,0.0,0.0,2.8588798
IND431107AAB,2.4743652,0.0,1.9448937,0.0,2.5277708,0.0,0.0,2.3674123
IND246174AAA,2.3649285,0.0,1.9856081,0.0,2.291053,0.0,0.0,2.2326858
IND632402AAA,4.495065,0.0,3.6461089,0.0,4.3902106,0.75512666,0.0,4.08062
IND396210AAA,5.5231028,0.0,4.8174005,0.0,5.8916054,1.24267,0.0,5.1230807
IND400016AAA,0.15003087,0.0,0.030882753,0.0,0.21212688,0.0,0.0,0.20464739
IND641654AAA,3.1695316,0.0,2.5129201,0.0,3.0668664,0.277787,0.0,2.8989873
IND243201AAA,3.9492085,0.0,3.1258447,0.0,3.8640223,0.0,0.0,3.7503865
IND641664AAA,2.5799997,0.0,2.2096565,0.0,2.6076694,0.0,0.0,2.4333541
IND764020AAC,6.516764,0.0,5.164805,0.0,6.350041,0.5366157,0.0,5.955477
IND560077AAA,6.8850694,0.0,5.420055,0.0,6.55621,0.0,0.0,6.3257737
IND275503AAA,5.2895436,0.0,4.674173,0.0,5.6448007,1.0095652,0.0,4.6383834
IND442001AAA,0.16450684,0.0,0.2772343,0.0,0.31287223,0.0,0.0,0.04179605
IND679576AAA,2.129703,0.0,1.9013522,0.0,2.399154,0.39413178,0.0,2.0439634
IND495334AAB,2.6665077,0.0,2.122061,0.107082635,2.397728,0.5609709,0.0,2.3303685
IND122101AAC,2.0296924,0.0,1.9770396,0.0,2.4572084,0.0,0.0,2.0054004
IND721212AAA,0.06785528,0.0,0.0,0.0,0.2786356,0.0,0.0,0.11875782
IND852111AAA,4.9227767,0.0,3.6853743,0.0,4.2568135,0.010907732,0.0,4.321122
IND147101AAA,3.4213855,0.0,1.6608831,0.0,2.8401077,0.0,0.0,3.1893742
IND624601AAA,2.3869545,0.0,1.6957268,0.0,2.017977,0.0,0.0,2.1007373
IND639104AAB,2.6506107,0.0,2.1860938,0.0,2.7198434,0.03873016,0.0,2.3908637
IND781102AAA,2.9342816,0.0,2.067994,0.0,2.8656104,0.0,0.0,2.864112
IND246763AAA,3.2667181,0.0,2.273553,0.0,2.8471742,0.0,0.0,2.9590304
IND132001AAA,2.7702916,0.0,1.7670459,0.0,2.4236774,0.0,0.0,2.6793065
IND110043AAC,4.2179646,0.0,0.17312035,0.0,3.1067088,0.0,0.0,3.174234
IND600004AAA,0.27498662,0.0,0.22135277,0.0,0.21952394,0.0,0.0,0.20558867
IND445101AAA,0.17756444,0.0,0.24510777,0.0,0.23802182,0.0,0.0,0.07094092
IND581320AAA,2.9094822,0.0,2.209667,0.0,2.7001774,0.0,0.0,2.7257679
IND722202AAA,5.0821276,0.0,3.8245742,0.0,4.630455,0.0,0.0,4.561686
IND333028AAA,2.445198,0.0,1.8591908,0.0,2.1686885,0.0,0.0,2.218005
IND335001AAA,2.870042,0.0,2.2647884,0.0,2.7938945,0.116864674,0.0,2.6438568
IND483770AAA,2.9591618,0.0,2.504369,0.0,3.215071,0.0,0.0,2.82818
IND788121AAA,5.832792,0.0,4.8718905,0.0,5.944584,1.3492106,0.0,5.24892
IND134203AAA,4.793088,0.0,2.7899525,0.0,4.174028,0.0,0.0,4.419273
IND424304AAC,3.1176674,0.0,2.8566747,0.0,3.435191,0.0,0.0,3.0651062
IND272175AAA,2.5236504,0.0,2.2905562,0.0,2.789671,0.4957485,0.0,2.4132826
IND262701AAA,3.6410327,0.0,2.983441,0.0,3.5900438,0.81509537,0.0,3.2141578
IND606003AAA,3.289193,0.0,2.6742747,0.0,3.1857135,0.67204446,0.0,2.916373
IND401104AAA,8.2666235,0.0,6.238232,0.0,7.189273,0.0,0.0,7.482412
IND515865AAB,2.489152,0.0,1.9812471,0.0,2.4790323,0.0,0.0,2.315822
IND700136AAB,0.65457124,0.0,0.0,0.0,0.23578495,0.0,0.0,0.3593398
IND786181AAC,16.388842,0.0,13.324917,2.3598084,15.014042,5.9677234,0.0,13.916736
IND251001AAA,3.1301553,0.0,2.0061307,0.0,3.071714,0.0,0.0,2.9986458
IND742202AAA,4.127833,0.0,2.7357872,0.0,3.8442528,0.0,0.0,3.91036
IND360410AAA,3.7051423,0.0,3.0368667,0.0,3.6532176,0.84695727,0.0,3.2676795
IND421502AAA,0.07901105,0.0,0.0,0.0,0.2414971,0.0,0.0,0.13380668
IND802212AAA,5.039033,0.0,4.267504,0.0,5.332245,0.4993071,0.0,4.641726
IND571213AAA,2.786308,0.0,2.1457345,0.0,2.603112,0.0,0.0,2.470463
IND341505AAA,3.0150948,0.0,2.2592561,0.0,2.6030679,0.11831445,0.0,2.6066048
IND811201AAB,3.730249,0.0,2.9199681,0.0,3.282742,0.36225694,0.0,3.2674575
IND274509AAB,3.3538098,0.0,2.38105,0.0,2.6960232,0.0,0.0,2.7905335
IND851112AAB,3.1711113,0.0,2.8603067,0.0,3.5155032,0.82062143,0.0,2.9700272
IND243002AAA,3.800789,0.0,2.7945008,0.0,3.6124208,0.0,0.0,3.5798244
IND515401AAB,2.778743,0.0,2.1194286,0.0,2.7720077,0.0,0.0,2.6604683
IND210001AAA,3.4848125,0.0,2.8914466,0.0,3.5336168,0.6594005,0.0,3.0859106
IND241124AAB,2.1852143,0.0,1.7567273,0.0,2.185269,0.0,0.0,2.0293882
IND695614AAA,2.5742223,0.0,2.0122972,0.0,2.3855348,0.18076685,0.0,2.338384
IND600016AAA,0.2052494,0.0,0.078469224,0.0,0.17883053,0.0,0.0,0.21264881
IND176041AAA,2.3906007,0.0,1.096752,0.0,2.3191435,0.0,0.0,2.2814775
IND184121AAA,3.1151333,0.0,1.6357468,0.0,2.1203144,0.0,0.0,2.8742683
IND611001AAA,4.692549,0.0,3.828948,0.04185666,4.540503,1.2523781,0.0,4.1387086
IND854334AAA,4.1345305,0.0,3.4838576,0.0,4.2427273,0.0,0.0,3.92745
IND396001AAA,2.0987184,0.0,1.8949245,0.0,2.4894679,0.0,0.0,2.0666084
IND841424AAA,0.4181147,0.0,0.0,0.0,0.030000158,0.0,0.0,0.25422323
IND110077AAA,0.27498662,0.0,0.22135277,0.0,0.21952394,0.0,0.0,0.20558867
IND305624AAA,9.573798,0.0,7.9717774,1.5920124,9.021847,3.5012267,0.0,8.285191
IND152107AAA,3.2450273,0.0,2.421685,0.0,3.2475355,0.0,0.0,3.0915716
IND560078AAC,3.7708414,0.0,2.278619,0.0,3.3412945,0.0,0.0,3.6198032
IND332715AAB,2.8961241,0.0,2.6318085,0.0,3.2318752,0.6822091,0.0,2.7389753
IND423106AAA,1.9906735,0.0,2.1808078,0.0,2.8144906,0.0,0.0,1.9538405
IND110005AAA,4.168773,0.0,3.6521764,0.0,4.5842896,0.9801727,0.0,3.8925498
IND695012AAB,0.27498662,0.0,0.22135277,0.0,0.21952394,0.0,0.0,0.20558867
IND431401AAA,4.884423,0.0,4.325923,0.0,5.479847,0.50327563,0.0,4.63799
IND813213AAA,4.2198663,0.0,3.770538,0.0,4.5936527,0.991956,0.0,3.9632926
IND361001AAA,0.19421914,0.0,0.13908815,0.0,0.2853512,0.0,0.0,0.15543348
IND303603AAB,2.1794133,0.0,1.5379449,0.0,2.0651426,0.0,0.0,2.1636314
IND203131AAA,5.348045,0.0,4.3859735,0.79617846,4.9843016,1.9304212,0.0,4.623523
IND560300AAB,6.8484054,0.0,5.178256,0.0,5.5669794,1.008318,0.0,5.7985435
IND176110AAB,2.8646948,0.0,2.3246877,0.04846038,2.6949708,0.6299143,0.0,2.515942
IND425109AAA,2.4958131,0.0,2.0024655,0.0,2.3891096,0.26217717,0.0,2.253054
IND174021AAA,0.17968412,0.0,0.1378713,0.0,0.22327706,0.0,0.0,0.12574509
IND503122AAA,2.4863217,0.0,1.9917457,0.0,2.3740373,0.25982842,0.0,2.244519
IND277201AAA,3.8395293,0.0,3.1254697,0.020849198,3.7044022,0.9600994,0.0,3.3677518
IND586101AAA,2.411988,0.0,1.9235808,0.0,2.372007,0.042138867,0.0,2.227357
IND444203AAA,6.5813565,0.0,5.5669656,0.0,6.6864066,1.7840083,0.0,5.856584
IND500084AAB,3.8214476,0.0,3.3832288,0.0,4.125975,1.1699507,0.0,3.5120273
IND411014AAA,6.1079764,0.0,4.6694684,0.0,5.6519194,0.0,0.0,5.7005563
IND221706AAA,3.7874117,0.0,3.072373,0.0,3.8545456,0.0,0.0,3.5401866
IND333042AAA,2.4729621,0.0,2.0011315,0.0,2.5804439,0.0,0.0,2.3518627
IND211008AAA,0.24035357,0.0,0.61149544,0.0,0.8676619,0.0,0.0,0.15347889
IND412210AAC,3.0108569,0.0,1.716778,0.0,2.7295425,0.0,0.0,2.8202274
IND110044AAB,4.734836,0.0,2.4110606,0.0,3.1445606,0.0,0.0,4.151552
IND764059AAA,3.8586292,0.0,3.15482,0.0,3.791033,0.8004061,0.0,3.455739
IND421302AAS,6.5888157,0.0,5.0769706,0.0,6.649767,0.0,0.0,6.17545
IND382421AAA,5.0965705,0.0,3.6514351,0.0,4.5511546,0.0,0.0,4.6345005
IND263139AAA,3.4649153,0.0,2.6304235,0.0,3.4962366,0.0,0.0,3.3009117
IND410503AAA,4.308048,0.0,2.8537104,0.0,4.0850563,0.0,0.0,4.074599
IND425405AAA,2.8530464,0.0,2.591626,0.0,3.1470668,0.0,0.0,2.7177618
IND583201AAA,4.3374753,0.0,3.3557255,0.0,3.662098,0.13457018,0.0,3.750969
IND600044AAE,3.0812812,0.0,1.562883,0.0,3.158232,0.0,0.0,3.0231447
IND518102AAA,3.274896,0.0,2.404052,0.0,3.1612372,0.0,0.0,3.1077442
IND110078AAA,2.6687057,0.0,2.1463077,0.0,2.6852217,0.0,0.0,2.4843426
IND673592AAA,3.7791836,0.0,2.2871487,0.0,3.0077815,0.0,0.0,3.4734774
IND626123AAA,2.9641645,0.0,2.2332282,0.0,2.799124,0.0,0.0,2.7422116
IND243001AAA,0.50492126,0.0,0.0,0.0,0.039379887,0.0,0.0,0.42474332
IND277303AAC,3.0643814,0.0,2.4316769,0.0,3.1072013,0.0,0.0,2.9044101
IND441912AAA,2.827099,0.0,2.2761762,0.0304503,2.6357949,0.6005699,0.0,2.4716957
IND743235AAA,4.0764546,0.0,2.7193022,0.0,4.013211,0.0,0.0,3.9149249
IND713205AAB,5.548835,0.0,2.7075489,0.0,2.2994006,0.0,0.0,3.9865513
IND642126AAA,2.2779605,0.0,1.843202,0.0,2.4176722,0.0,0.0,2.3202264
IND834002AAB,6.0142484,0.0,3.5704563,0.0,4.105248,0.0,0.0,5.3693624
IND507111AAA,0.47506732,0.0,0.0,0.0,0.048115425,0.0,0.0,0.29596722
IND783301AAA,3.6145473,0.0,3.0522962,0.121476874,3.4551673,0.8008546,0.0,3.2291586
IND854335AAA,2.4653397,0.0,1.5799719,0.0,1.9976268,0.0,0.0,2.1484497
IND585307AAB,2.5525105,0.0,1.8870467,0.0,2.3353505,0.0,0.0,2.4120727
IND151505AAA,1.5568843,0.0,1.218808,0.0,1.4887654,0.0,0.0,1.4597424
IND224141AAB,4.486475,0.0,3.6347034,0.51679546,4.1678267,1.4675668,0.0,3.8449912
IND342902AAA,3.0814846,0.0,2.5423832,0.0,3.231173,0.0,0.0,3.037195
IND781124AAA,3.5810502,0.0,2.4942973,0.0,3.4075258,0.0,0.0,3.3533704
IND475661AAB,4.2690372,0.0,3.2868302,0.0,4.3857594,0.0,0.0,4.09941
IND202001AAB,7.1560326,0.0,5.4813113,0.0,6.1607113,0.0,0.0,6.400294
IND201301AAD,7.087142,0.0,4.7079577,0.0,6.7159643,0.0,0.0,6.4346514
IND786125AAA,3.77525,0.0,3.1550913,0.0,3.8377512,0.0,0.0,3.590378
IND389230AAB,3.0833423,0.0,2.6829321,0.0,3.3438618,0.83391505,0.0,2.8414814
IND683572AAA,0.18755443,0.0,0.1442593,0.0,0.28614292,0.0,0.0,0.14740601
IND532421AAA,4.6598616,0.0,3.6734507,0.0,4.4879456,0.5716836,0.0,4.2491584
IND781014AAA,0.40562034,0.0,0.009079881,0.0,0.07259273,0.0,0.0,0.22739935
IND742137AAA,2.80194,0.0,2.3265555,0.0,2.8583639,0.34707448,0.0,2.5434475
IND509216AAC,2.9557612,0.0,1.8797222,0.0,2.7995303,0.0,0.0,2.8818815
IND144601AAA,5.871924,0.0,4.535994,0.0,5.25014,1.244857,0.0,5.1018844
IND784101AAA,10.196765,0.0,8.348985,1.0041597,9.731193,3.7019458,0.0,8.82729
IND305802AAA,3.387445,0.0,2.6542714,0.0,3.299729,0.049300484,0.0,3.1395175
IND821307AAA,2.9914787,0.0,2.3805294,0.0,2.9340932,0.16805449,0.0,2.752072
IND283203AAA,5.357849,0.0,4.052746,0.0,5.023181,0.0,0.0,4.978142
IND271210AAA,36.13123,0.0,29.915056,8.546948,33.55922,15.7041445,0.0,30.797256
IND421302AAN,0.23387092,0.0,0.0,0.0,0.20752555,0.0,0.0,0.24099883
IND825409AAA,4.6201224,0.0,2.2579613,0.0,4.1611586,0.0,0.0,4.1501317
IND621212AAA,2.5625985,0.0,2.209684,0.0,2.5815175,0.093835555,0.0,2.3920197
IND518501AAA,2.4454746,0.0,1.7568097,0.0,2.4421854,0.0,0.0,2.387919
IND484001AAA,3.7524807,0.0,2.9692824,0.0,3.3678026,0.38310382,0.0,3.2867005
IND322001AAC,2.2176569,0.0,1.6844844,0.0,2.3999789,0.0,0.0,2.2185557
IND560099AAH,0.19354974,0.0,0.11436621,0.0,0.21413699,0.0,0.0,0.14503273
IND786001AAB,5.3691177,0.0,3.5170941,0.0,3.4286563,0.0,0.0,4.200563
IND413307AAC,3.1575382,0.0,2.3610027,0.0,3.0996683,0.0,0.0,2.998429
IND421301AAA,6.019121,0.0,4.864942,0.0,5.9035845,1.0344276,0.0,5.468116
IND686540AAA,2.9067364,0.0,2.5173368,0.0,3.0644917,0.029747464,0.0,2.7456923
IND122001AAJ,2.9506717,0.0,2.338361,0.0,2.7027767,0.54625195,0.0,2.612807
IND741123AAB,4.8218904,0.0,4.0020585,0.0,4.8205504,0.55704933,0.0,4.4763236
IND203396AAB,2.5371773,0.0,2.0010505,0.0,2.4180887,0.13051665,0.0,2.3210502
IND758035AAA,3.3979719,0.0,2.5418563,0.0,3.1890638,0.0,0.0,3.1334424
IND803213AAA,0.19181772,0.0,0.11722753,0.0,0.21522254,0.0,0.0,0.14263037
IND711409AAA,1.6295531,0.0,1.4908422,0.0,2.1308343,0.0,0.0,1.7584414
IND759122AAC,5.4958353,0.0,4.477043,0.30538124,5.2586336,1.681433,0.0,4.8007636
IND515134AAA,2.846914,0.0,2.3246446,0.0,2.5444834,0.0,0.0,2.6027908
IND493118AAC,0.19931932,0.0,0.10483492,0.0,0.2105209,0.0,0.0,0.15303537
IND431122AAA,3.4872787,0.0,2.768683,0.0,3.4336698,0.04558205,0.0,3.2351594
IND811399AAA,3.3899794,0.0,2.0794938,0.0,3.2842987,0.0,0.0,3.2530391
IND854105AAA,7.268087,0.0,5.854493,0.0,7.1146994,1.379712,0.0,6.5879703
IND303008AAB,2.9612195,0.0,2.2340343,0.0,3.0074294,0.0,0.0,2.8459322
IND504293AAA,2.9204786,0.0,2.0709991,0.0,2.5265708,0.0,0.0,2.7321398
IND686507AAA,4.5214343,0.0,3.5033805,0.0,4.0600924,0.8823867,0.0,3.8882782
IND506001AAC,0.4427262,0.0,0.009651281,0.0,0.07379978,0.0,0.0,0.26052383
IND627657AAA,2.0972655,0.0,1.6520474,0.0,1.9573206,0.062826194,0.0,1.9108273
IND403726AAB,7.983373,0.0,6.0679817,0.48203027,6.2494507,1.2284907,0.0,6.6054225
IND244601AAB,2.0674007,0.0,1.6061627,0.0,2.0817585,0.0,0.0,2.0869997
IND121004AAB,7.77026,0.0,5.6169305,0.0,5.772521,0.0,0.0,7.0655704
IND302020AAA,3.0465071,0.0,2.2414997,0.0,3.2192938,0.0,0.0,2.9796638
IND311001AAA,3.1946595,0.0,2.6859848,0.0,3.2336016,0.009534933,0.0,3.0272644
IND400701AAA,0.13245483,0.0,0.2106022,0.0,0.26594678,0.0,0.0,0.11374645
IND221010AAA,8.707324,0.0,7.642653,0.59760106,8.806377,3.1359143,0.0,8.000188
IND743395AAA,4.5616107,0.0,3.7553124,0.0,4.5475173,0.97122896,0.0,4.111034
IND580030AAA,3.41483,0.0,3.1367786,0.0,3.7733896,0.8028464,0.0,3.218249
IND530026AAA,0.15479782,0.0,0.11954392,0.0,0.20663258,0.0,0.0,0.18191114
IND400701AAB,4.121123,0.0,2.2422216,0.0,3.8789043,0.0,0.0,3.9337707
IND388320AAA,3.278875,0.0,2.1978393,0.0,2.299394,0.0,0.0,2.9587624
IND614809AAA,2.3469932,0.0,1.8884374,0.0,2.3490264,0.0,0.0,2.1764295
IND364270AAA,0.28482315,0.0,0.10694627,0.0,0.13304609,0.0,0.0,0.19837311
IND247667AAA,3.1927967,0.0,1.9533249,0.0,3.1016364,0.0,0.0,3.080023
IND421302AAH,4.086265,0.0,3.6445892,0.4931689,4.027594,1.3039169,0.0,3.8203962
IND501141AAA,2.9632044,0.0,1.4260315,0.0,2.5662372,0.0,0.0,2.699276
IND000000AFT,5.4723535,0.0,3.452933,0.0,3.6047637,0.0,0.0,4.708498
IND500008AAC,3.4407105,0.0,1.7080823,0.0,2.7558746,0.0,0.0,3.1052306
IND563131AAA,2.5242786,0.0,1.9525498,0.0,2.4727287,0.0,0.0,2.3691142
IND222001AAA,3.8969343,0.0,3.4509666,0.0,4.215002,0.2169711,0.0,3.528248
IND606105AAA,2.5322478,0.0,2.0631433,0.0,2.4978237,0.26314265,0.0,2.2929957
IND246001AAA,0.16277963,0.0,0.007672794,0.0,0.1922831,0.0,0.0,0.15709183
IND742121AAB,8.683032,0.0,7.092522,0.11396597,8.250448,2.3181205,0.0,7.6394897
IND263002AAA,2.290096,0.0,1.6875386,0.0,2.307234,0.0,0.0,2.2328665
IND400705AAA,0.2607818,0.0,0.107065775,0.0,0.12546468,0.0,0.0,0.24090594
IND784168AAB,3.7735054,0.0,2.989141,0.0,3.5808544,0.0,0.0,3.6002555
IND303002AAA,2.8405163,0.0,2.0407553,0.0,2.7578673,0.0,0.0,2.7134337
IND110085AAB,4.6503525,0.0,2.8328269,0.0,3.4683454,0.0,0.0,4.280295
IND462042AAA,5.745951,0.0,3.9585404,0.0,5.2193546,0.0,0.0,5.2671795
IND756029AAA,0.65457124,0.0,0.0,0.0,0.23578495,0.0,0.0,0.3593398
IND531001AAA,2.8143485,0.0,2.0844848,0.0,2.708546,0.0,0.0,2.743461
IND685514AAA,2.6998508,0.0,2.2903793,0.0,2.5521514,0.0,0.0,2.626527
IND625531AAA,2.475951,0.0,1.936953,0.0,2.2615116,0.26415116,0.0,2.2171023
IND416122AAA,2.723791,0.0,2.0552013,0.0,2.7342713,0.0,0.0,2.614603
IND641062AAD,6.3652463,0.0,4.094658,0.0,3.8618476,0.0,0.0,4.9057755
IND609110AAA,4.1443567,0.0,3.3708937,0.13434818,3.976591,1.1268467,0.0,3.6179202
IND621112AAA,2.8041756,0.0,2.2572112,0.0,2.6883986,0.40633133,0.0,2.4895465
IND394221AAA,2.9254737,0.0,2.1511652,0.0,3.1157315,0.0,0.0,2.8691409
IND517644AAA,3.7412183,0.0,3.0533879,0.0,3.6692855,0.74108,0.0,3.3551188
IND276128AAA,14.12806,0.0,11.852171,2.534886,13.342995,5.8841734,0.0,12.303101
IND686028AAB,4.114947,0.0,3.2423465,0.0,3.7591808,0.0,0.0,3.7973607
IND624001AAA,5.173947,0.0,3.8578897,0.0,4.192623,0.6942272,0.0,4.3933597
IND723202AAA,2.7840447,0.0,2.1934361,0.0,2.8545935,0.0,0.0,2.6420443
IND206122AAA,2.4358063,0.0,1.729453,0.0,2.6517484,0.0,0.0,2.4776406
IND582101AAB,3.0745318,0.0,2.5066183,0.0,3.1162794,0.0,0.0,2.9819372
IND484551AAA,4.973535,0.0,4.095825,0.051307544,4.8614016,1.3763927,0.0,4.399481
IND410206AAB,4.7071967,0.0,3.7777936,0.0,4.7301855,0.0,0.0,4.359057
IND181201AAB,4.87377,0.0,3.94122,0.0,4.7831683,0.78614646,0.0,4.4324417
IND585314AAA,3.000107,0.0,2.26815,0.0,2.7658627,0.0,0.0,2.802702
IND413709AAA,3.2159672,0.0,2.4678457,0.0,2.6395812,0.0,0.0,2.944092
IND733129AAB,2.9774659,0.0,2.562106,0.0,3.0218463,0.31209117,0.0,2.7393878
IND577101AAA,2.8310077,0.0,2.2569704,0.0,2.5208156,0.0,0.0,2.6369681
IND209304AAA,13.517293,0.0,9.740174,0.0,9.277174,0.0,0.0,11.180627
IND802213AAB,7.3801208,0.0,6.0491652,0.8478952,7.0444593,2.7037516,0.0,6.337596
IND643001AAA,1.6141609,0.0,1.3057489,0.0,1.6691543,0.0,0.0,1.5338587
IND722101AAB,8.3023405,0.0,6.7277446,0.0,8.156674,0.71332806,0.0,7.535485
IND509103AAC,2.6884143,0.0,2.1888354,0.0,2.8302703,0.0,0.0,2.694781
IND212402AAA,2.3412857,0.0,2.2914093,0.0,2.9215236,0.0,0.0,2.2225134
IND509301AAA,2.8124568,0.0,1.475566,0.0,2.2483516,0.0,0.0,2.5753357
IND212501AAA,5.738707,0.0,4.7212534,0.3112877,5.607571,1.8507525,0.0,4.970294
IND743270AAA,3.3244715,0.0,2.1116652,0.0,3.3242066,0.0,0.0,3.2397435
IND571104AAA,3.2097669,0.0,2.404587,0.0,2.8143246,0.0,0.0,2.8098414
IND410505AAB,4.568276,0.0,3.29471,0.0,4.1992936,0.0,0.0,4.316118
IND148101AAA,1.7140703,0.0,1.4553539,0.0,2.1608205,0.0,0.0,1.8219422
IND400072AAA,4.4009953,0.0,1.6363391,0.0,3.7004242,0.0,0.0,3.842004
IND148028AAA,0.33657095,0.0,0.0,0.0,0.15562025,0.0,0.0,0.21626252
IND853204AAA,4.0211873,0.0,3.4118032,0.0,4.122221,0.68099326,0.0,3.610038
IND411033AAA,7.4633946,0.0,3.1024868,0.0,1.3633312,0.0,0.0,5.2759643
IND344022AAB,2.9544818,0.0,2.193371,0.0,2.6893346,0.0,0.0,2.6382444
IND400016AAB,0.29910815,0.0,0.0,0.0,0.082327,0.0,0.0,0.27632782
IND733134AAA,2.8228714,0.0,2.2877128,0.0,2.8109164,0.24138123,0.0,2.5861955
IND600083AAA,0.27498662,0.0,0.22135277,0.0,0.21952394,0.0,0.0,0.20558867
IND208017AAA,0.0605017,0.0,0.0,0.0,0.39980596,0.0,0.0,0.21592566
IND462011AAA,4.082502,0.0,2.5822546,0.0,3.5690668,0.0,0.0,3.7014315
IND846004AAA,3.463568,0.0,2.5792258,0.0,3.3590643,0.0,0.0,3.2278435
IND792120AAB,6.756081,0.0,6.208995,0.0,7.5281296,0.51434773,0.0,5.984792
IND143001AAA,3.2060795,0.0,1.7250315,0.0,2.8414986,0.0,0.0,3.064297
IND403507AAA,1.9145219,0.0,1.6146679,0.0,2.307377,0.0,0.0,1.958769
IND505209AAA,3.0745857,0.0,2.1765444,0.0,2.6722412,0.0,0.0,2.8794594
IND516101AAA,3.2692347,0.0,2.6786172,0.0,3.2366908,0.6244668,0.0,2.9051666
IND125104AAA,2.8780892,0.0,2.292882,0.0,2.8854814,0.0,0.0,2.6894116
IND465683AAA,2.4072263,0.0,1.9884338,0.0,2.4474514,0.12893522,0.0,2.207277
IND587103AAB,2.956196,0.0,2.2063038,0.0,2.5375779,0.08754956,0.0,2.5560324
IND248001AAA,2.6672199,0.0,2.0728226,0.0,2.7790692,0.0,0.0,2.7615454
IND244235AAA,3.1215427,0.0,1.6251713,0.0,2.7817862,0.0,0.0,2.8855007
IND521225AAB,5.8327584,0.0,3.5950959,0.0,3.5611508,0.0,0.0,5.19143
IND516001AAA,2.5508387,0.0,2.078345,0.0,2.5143607,0.27362362,0.0,2.3083663
IND845305AAA,3.8216743,0.0,2.9470541,0.0,3.949234,0.0,0.0,3.672054
IND723131AAA,1.5443909,0.0,1.5718753,0.0,2.004692,0.0,0.0,1.5137726
IND504208AAB,2.3644693,0.0,1.7730222,0.0,2.085673,0.0,0.0,2.3214624
IND474003AAA,5.180906,0.0,3.6468267,0.0,3.5443087,0.0,0.0,4.6639895
IND425409AAA,3.936364,0.0,2.9296699,0.0,3.3503397,0.0,0.0,3.4652193
IND844505AAB,4.922436,0.0,3.8929014,0.0,5.0238647,0.0,0.0,4.6339917
IND303338AAB,1.9615424,0.0,1.6507038,0.0,1.957918,0.0,0.0,1.9028379
IND695121AAA,1.977257,0.0,1.3291531,0.0,1.6510139,0.0,0.0,1.7596115
IND798601AAA,5.5831394,0.0,5.0062594,0.0,6.3127375,0.0,0.0,5.0698504
IND792121AAB,4.4211836,0.0,4.318397,0.0,5.2998457,0.0,0.0,3.8720818
IND249407AAA,5.3429956,0.0,4.2395625,0.0,4.7488823,0.0,0.0,5.0150886
IND501301AAC,3.6883795,0.0,2.8962417,0.0,3.4936473,0.41461754,0.0,3.3564332
IND000000AFJ,2.9683106,0.0,2.1162395,0.0,2.4864042,0.0,0.0,2.6006777
IND274001AAA,4.123738,0.0,3.2827742,0.0,3.9421556,0.0,0.0,3.7994697
IND465333AAA,1.6943308,0.0,1.2194372,0.0,1.7139581,0.0,0.0,1.7604753
IND176310AAA,1.9813907,0.0,1.7890999,0.0,2.2385328,0.0,0.0,1.8505054
IND342602AAC,3.1826112,0.0,2.4239745,0.0,2.8280706,0.0,0.0,2.8760998
IND000000ADV,0.47251886,0.0,0.09070025,0.0,0.06331081,0.0,0.0,0.38149112
IND127021AAA,3.301904,0.0,1.8443508,0.0,3.1409943,0.0,0.0,3.1801217
IND181152AAB,4.3321238,0.0,2.9590795,0.0,3.7170954,0.0,0.0,4.094442
IND304001AAA,3.2311494,0.0,2.7629545,0.0,3.4286091,0.0,0.0,3.1527276
IND244412AAA,2.8942459,0.0,1.8956369,0.0,2.3644717,0.0,0.0,2.5938907
IND380006AAA,0.815439,0.0,0.0,0.0,0.056405477,0.0,0.0,0.42153463
IND144001AAC,0.93401855,0.0,0.0,0.0,0.0,0.0,0.0,0.3970569
IND723101AAA,2.8910306,0.0,2.5854454,0.0,3.256724,0.0,0.0,2.65742
IND271201AAA,4.571275,0.0,4.701827,0.0,5.593207,0.0,0.0,3.6695044
IND431203AAA,3.7718923,0.0,2.787041,0.0,3.4122922,0.0,0.0,3.3896406
IND505122AAA,2.90724,0.0,2.4838407,0.0,2.8748133,0.15749633,0.0,2.7182264
IND110093AAA,4.9875693,0.0,3.965106,0.0,4.7843976,0.96734864,0.0,4.4970493
IND723130AAA,13.808883,0.0,11.442233,2.1123087,12.823999,4.8992786,0.0,11.935288
IND610001AAA,3.672178,0.0,2.905959,0.0,3.315749,0.32650235,0.0,3.2284448
IND131028AAB,7.7962527,0.0,3.1299803,0.0,1.6728526,0.0,0.0,5.3072333
IND400015AAB,4.4708033,0.0,2.3869472,0.0,3.9414213,0.0,0.0,4.182446
IND431131AAB,0.03450587,0.0,0.13139114,0.0,0.42972094,0.0,0.0,0.1039936
IND322241AAA,2.5230176,0.0,2.0627017,0.0,2.52419,0.23176548,0.0,2.2948203
IND533308AAB,5.0005975,0.0,3.9224265,0.0,4.597421,0.16975725,0.0,4.5360627
IND721602AAB,3.434517,0.0,2.923906,0.0,3.475258,0.40748376,0.0,3.1600502
IND508277AAB,1.7453015,0.0,1.3954788,0.0,1.7915682,0.0,0.0,1.6549404
IND341306AAA,2.7614267,0.0,1.9388225,0.0,2.6295426,0.0,0.0,2.648286
IND614620AAA,2.4379935,0.0,1.9654657,0.0,2.3731015,0.20578766,0.0,2.2109807
IND732204AAB,4.7280116,0.0,3.6496496,0.0,4.24304,0.83882815,0.0,4.095937
IND421601AAB,4.3288436,0.0,2.69211,0.0,4.137008,0.0,0.0,4.07873
IND362560AAA,3.0820868,0.0,2.5164268,0.0,3.0305355,0.5439241,0.0,2.747907
IND127201AAA,2.9009292,0.0,2.3402538,0.0,2.84515,0.30751535,0.0,2.6310194
IND361315AAA,2.732649,0.0,2.1764464,0.0,2.635586,0.22616798,0.0,2.4908378
IND132103AAB,6.4744735,0.0,4.563194,0.0,5.858505,0.0,0.0,5.8813868
IND134102AAA,4.834512,0.0,4.0609727,0.0,4.7673497,1.0282689,0.0,4.366493
IND571313AAB,2.7282836,0.0,2.201966,0.0,2.6237526,0.38878095,0.0,2.449723
IND110043AAA,4.1476784,0.0,1.8181821,0.0,3.4612658,0.0,0.0,3.7539241
IND791102AAA,3.5553992,0.0,2.9841878,0.0,3.4521308,0.585752,0.0,3.235133
IND813102AAA,0.36862886,0.0,0.036369093,0.0,0.06793728,0.0,0.0,0.19480088
IND285001AAD,3.4260497,0.0,2.7472007,0.07981834,3.1845107,0.79846984,0.0,3.012824
IND695582AAA,0.43415442,0.0,0.0,0.0,0.07980459,0.0,0.0,0.2732009
IND210431AAA,3.282174,0.0,2.408941,0.0,3.448247,0.0,0.0,3.2452643
IND184104AAA,3.0959861,0.0,1.5256257,0.0,2.079864,0.0,0.0,2.8070498
IND796081AAA,5.0669646,0.0,4.27528,0.0,5.2657795,0.8963655,0.0,4.599153
IND742147AAA,3.4105823,0.0,2.7970374,0.0,3.3816085,0.6916246,0.0,3.0239794
IND334001AAB,2.529774,0.0,2.040017,0.0,2.6218574,0.0,0.0,2.3986228
IND732139AAA,1.7607927,0.0,1.3394932,0.0,1.6631032,0.0,0.0,1.6769575
IND207001AAA,4.677145,0.0,3.8186646,0.21347259,4.507084,1.3751203,0.0,4.067841
IND380054AAA,3.9821346,0.0,2.18549,0.0,3.324506,0.0,0.0,3.5150652
IND532222AAA,2.9595296,0.0,2.0758336,0.0,2.5460231,0.0,0.0,2.6438708
IND600048AAA,4.5415483,0.0,3.7874653,0.0,4.566386,0.30871636,0.0,4.2556376
IND756045AAB,1.6839008,0.0,1.5211976,0.0,2.0570035,0.0,0.0,1.754726
IND131028AAE,3.8912504,0.0,3.1295736,0.0,3.7521849,0.6650265,0.0,3.5136254
IND700088AAA,5.7538066,0.0,3.3630617,0.0,5.493496,0.0,0.0,5.409005
IND175001AAA,4.3934646,0.0,3.588434,0.12587711,4.254815,1.227539,0.0,3.8321652
IND560064AAD,0.2267023,0.0,0.0,0.0,0.1765486,0.0,0.0,0.23062876
IND262405AAA,0.14316863,0.0,0.0,0.0,0.27644342,0.0,0.0,0.18804279
IND425508AAB,2.9837067,0.0,2.5592,0.0,3.1188204,0.16924985,0.0,2.7635398
IND577501AAA,3.0957768,0.0,1.7591289,0.0,2.8675323,0.0,0.0,2.9729533
IND842001AAA,11.145032,0.0,6.9150453,0.0,6.288115,0.0,0.0,8.516195
IND721401AAA,3.8032825,0.0,3.0644183,0.0,3.765148,0.3913017,0.0,3.486658
IND110020AAB,5.519486,0.0,3.373551,0.0,5.179037,0.0,0.0,5.002729
IND734203AAA,6.6924834,0.0,5.677115,0.68505573,6.793167,2.5880542,0.0,5.87186
IND786184AAA,3.4465938,0.0,2.4896276,0.0,3.0985644,0.0,0.0,3.1127622
IND733128AAA,3.7549355,0.0,2.8333104,0.0,3.3536308,0.16014507,0.0,3.3070047
IND680307AAA,3.2787812,0.0,2.1529412,0.0,2.6742337,0.0,0.0,2.9364083
IND591304AAA,2.5601757,0.0,1.8485423,0.0,2.1290848,0.0,0.0,2.226041
IND415124AAA,2.7799408,0.0,2.2315204,0.0,2.637871,0.4268439,0.0,2.487046
IND624101AAA,1.3817787,0.0,1.0596819,0.0,1.3386612,0.0,0.0,1.3074394
IND123001AAA,3.8495567,0.0,3.2948592,0.0,3.831527,0.7736034,0.0,3.4790728
IND462001AAA,6.874594,0.0,5.4257493,0.0,6.5573072,0.71163136,0.0,6.299614
IND465669AAB,3.4597766,0.0,2.4498699,0.0,3.2501104,0.0,0.0,3.2739742
IND625532AAA,0.5026569,0.0,0.0,0.0,0.051058225,0.0,0.0,0.31134805
IND515411AAA,3.819925,0.0,2.9810019,0.0,3.6990445,0.07956704,0.0,3.530904
IND804401AAA,3.2516134,0.0,2.8490493,0.0,3.567804,0.86025715,0.0,2.9915168
IND516269AAA,2.702212,0.0,2.1518915,0.0,2.5977428,0.2225817,0.0,2.4572551
IND852118AAA,3.278927,0.0,2.4072227,0.0,3.154866,0.0,0.0,3.0640843
IND733202AAB,3.2193475,0.0,2.5400178,0.12428716,2.886943,0.7310249,0.0,2.815349
IND244501AAA,0.82147336,0.0,0.6760857,0.0,0.96987855,0.0,0.0,0.8473458
IND691551AAA,4.214354,0.0,3.616694,0.0,4.237274,0.8328434,0.0,3.825373
IND814133AAB,3.2708268,0.0,2.887458,0.0,3.3284476,0.0,0.0,3.1414464
IND721133AAA,3.3553445,0.0,2.7014594,0.0,3.3578176,0.14476907,0.0,3.1037118
IND625106AAA,2.323683,0.0,1.6819826,0.0,2.0943232,0.0,0.0,2.141134
IND470227AAB,2.428117,0.0,2.2623432,0.0,2.8417404,0.05639994,0.0,2.4279013
IND688009AAA,2.0244794,0.0,1.5547318,0.0,1.9851213,0.0,0.0,1.9176786
IND821115AAB,8.802314,0.0,6.6540217,0.0,7.669427,0.0,0.0,8.154486
IND142026AAA,2.9955866,0.0,1.9425204,0.0,2.4748142,0.0,0.0,2.7101219
IND201001AAC,3.9995372,0.0,0.99720037,0.0,3.1113026,0.0,0.0,3.4170334
IND791125AAB,0.1904405,0.0,0.089707084,0.0,0.19081014,0.0,0.0,0.20917153
IND248197AAA,0.17243493,0.0,0.16249102,0.0,0.23151216,0.0,0.0,0.10991409
IND443201AAA,3.9200625,0.0,3.3195736,0.0,4.074399,0.6199665,0.0,3.511429
IND638452AAA,1.7308847,0.0,1.3777902,0.0,1.6799577,0.0,0.0,1.6105167
IND136027AAA,3.3063624,0.0,2.6398993,0.0,3.0766904,0.70992035,0.0,2.9009826
IND532001AAB,3.8065016,0.0,2.8512223,0.0,2.9206932,0.0,0.0,3.3896706
IND147201AAA,2.198932,0.0,1.8598422,0.0,2.2395473,0.0,0.0,2.1622798
IND581400AAB,2.5304697,0.0,2.1387196,0.0,2.5875635,0.0,0.0,2.4715872
IND843320AAA,6.6827774,0.0,5.6073656,0.0,6.7793894,0.7858451,0.0,6.1979923
IND332713AAA,2.9940898,0.0,2.2722437,0.0,2.60792,0.1487333,0.0,2.5266953
IND401209AAB,0.45262456,0.0,0.0,0.0,0.0,0.0,0.0,0.34376833
IND281004AAA,2.0057988,0.0,1.6092138,0.0,2.3792782,0.0,0.0,2.0968904
IND425412AAA,3.342871,0.0,2.6787162,0.0,2.9991848,0.0,0.0,3.049051
IND487001AAA,2.9534974,0.0,2.4530528,0.0,3.167074,0.0,0.0,2.8226068
IND561203AAB,3.1154985,0.0,2.422974,0.0,2.9922578,0.12294858,0.0,2.8613644
IND312605AAB,3.0592735,0.0,2.3596814,0.0,2.7420585,0.0,0.0,2.7503893
IND508116AAA,3.9381812,0.0,2.8787649,0.0,3.3591356,0.20845363,0.0,3.4599624
IND276129AAA,3.5732443,0.0,2.9655027,0.0,3.6322107,0.57159173,0.0,3.2483766
IND110064AAB,3.0093362,0.0,2.652599,0.2767491,3.0267599,0.94828904,0.0,2.8202238
IND131028AAA,2.5347004,0.0,2.231503,0.33018595,2.5397284,0.841916,0.0,2.3548295
IND754022AAA,3.5638576,0.0,2.7619143,0.0,3.395002,0.0,0.0,3.3681529
IND638401AAA,2.846517,0.0,2.184831,0.0,2.8397744,0.0,0.0,2.711601
IND244001AAA,3.1952293,0.0,1.8941305,0.0,3.132344,0.0,0.0,3.0666666
IND110052AAA,3.6147163,0.0,0.0,0.0,2.4981387,0.0,0.0,2.5890985
IND395023AAD,11.746369,0.0,9.179723,1.5142505,9.796917,3.1535451,0.0,9.729261
IND700053AAA,5.3459287,0.0,4.030557,0.0,4.7179527,0.0,0.0,4.8953266
IND110087AAA,2.8858407,0.0,2.465404,0.0,3.2492979,0.0,0.0,2.8335583
IND683511AAA,4.3356414,0.0,3.1029515,0.0,2.340894,0.0,0.0,3.76526
IND847212AAA,3.2387636,0.0,2.5215847,0.0,3.4290988,0.0,0.0,3.1489258
IND68004AAA,2.9064963,0.0,1.9926692,0.0,2.4679842,0.0,0.0,2.7089531
IND389151AAA,2.711211,0.0,2.1990337,0.0,2.6568491,0.3337096,0.0,2.4150684
IND473331AAA,3.1316936,0.0,2.556781,0.0,3.0657885,0.5729194,0.0,2.7971604
IND506132AAA,1.7970586,0.0,1.4572,0.0,1.9160274,0.0,0.0,1.7321557
IND754160AAA,0.20799413,0.0,0.07661653,0.0,0.17775041,0.0,0.0,0.21369427
IND413401AAA,2.5373814,0.0,1.3363358,0.0,2.2933114,0.0,0.0,2.3867035
IND811307AAA,0.3275017,0.0,0.0,0.0,0.11183869,0.0,0.0,0.18567967
IND412105AAC,4.269914,0.0,3.4922862,0.06670965,4.1547484,1.1547649,0.0,3.7302144
IND573134AAB,2.9521291,0.0,2.2181554,0.0,2.6172981,0.0,0.0,2.7145414
IND585211AAA,2.7908967,0.0,2.081607,0.0,2.551025,0.0,0.0,2.6191146
IND144001AAA,3.0338938,0.0,2.5187848,0.0,3.1076539,0.295054,0.0,2.778281
IND370201AAA,6.3120766,0.0,4.8471684,0.0,5.7579527,0.34826863,0.0,5.716447
IND722154AAA,4.1737866,0.0,2.9454126,0.0,3.8686287,0.0,0.0,3.9920993
IND518002AAA,4.8630686,0.0,3.1070237,0.0,2.740001,0.0,0.0,4.2809005
IND263401AAA,3.1587265,0.0,2.514866,0.0,2.9375618,0.0,0.0,3.0315135
IND586101AAB,2.474242,0.0,2.1161554,0.0,2.491905,0.0,0.0,2.343916
IND521301AAA,2.6863263,0.0,2.0246792,0.0,2.7421372,0.0,0.0,2.613424
IND144001AAB,3.9728343,0.0,2.3821468,0.0,2.605657,0.0,0.0,3.597546
IND210427AAA,5.735806,0.0,4.4460516,0.0,5.78208,0.0,0.0,5.4046226
IND508223AAA,2.2660027,0.0,1.9151645,0.0,2.3467271,0.0,0.0,2.2267365
IND221303AAA,3.6192424,0.0,3.54118,0.0,4.1956844,0.0,0.0,3.0435364
IND851127AAA,3.040106,0.0,2.2344842,0.0,2.9450889,0.0,0.0,2.8429954
IND395023AAA,4.366518,0.0,2.1390083,0.0,2.169029,0.0,0.0,3.919457
IND360311AAA,3.3178666,0.0,2.6584163,0.3301258,2.983115,0.91764873,0.0,2.866702
IND285205AAB,2.2460597,0.0,1.852412,0.0,2.283076,0.07091499,0.0,2.0541425
IND110083AAA,6.0101147,0.0,4.9017367,0.0,5.9224114,0.94691485,0.0,5.4655313
IND364710AAA,2.7554162,0.0,2.394527,0.0,2.935982,0.7453797,0.0,2.5524843
IND431708AAA,3.0295947,0.0,2.5693185,0.0,3.2502344,0.0,0.0,2.8399398
IND282005AAA,22.745663,0.0,19.033728,5.153105,21.493504,10.04088,0.0,19.628527
IND641001AAA,4.409002,0.0,3.7206998,0.0,4.531623,0.0,0.0,4.179217
IND000000AFR,1.0288758,0.0,0.0,0.0,0.10481935,0.0,0.0,0.62110716
IND271001AAA,4.1640663,0.0,4.185036,0.0,4.9184895,0.0,0.0,3.1763663
IND828111AAA,3.647382,0.0,3.0383728,0.0,3.6696482,0.0,0.0,3.4887178
IND563130AAA,2.7026415,0.0,2.4307575,0.0,2.890194,0.0,0.0,2.6723323
IND637001AAA,2.5782235,0.0,2.2665882,0.34463453,2.5792937,0.86376005,0.0,2.3916638
IND843301AAA,4.795598,0.0,4.0278287,0.0,4.973076,0.0,0.0,4.5632806
IND843329AAB,1.9858193,0.0,1.4991285,0.0,2.3426,0.0,0.0,2.0773041
IND301001AAB,7.105059,0.0,5.4712567,0.0,6.4717884,0.0,0.0,6.728474
IND585222AAA,2.5475867,0.0,1.8864129,0.0,2.1813624,0.0,0.0,2.3211334
IND331304AAA,1.8059882,0.0,1.5619056,0.0,2.0090077,0.0,0.0,1.7493864
IND136128AAA,2.228079,0.0,1.827175,0.0,2.2415082,0.07581487,0.0,2.0383947
IND411036AAA,3.5637345,0.0,1.3738397,0.0,2.8114188,0.0,0.0,3.0641735
IND282002AAD,5.2499146,0.0,3.6417246,0.0,4.145133,0.0,0.0,4.9473157
IND500055AAC,0.22580928,0.0,0.0692784,0.0,0.15252948,0.0,0.0,0.26964322
IND403507AAB,1.3368005,0.0,1.1312135,0.0,1.7434285,0.0,0.0,1.4282458
IND606803AAA,3.32173,0.0,2.7152383,0.0,3.2419186,0.68031985,0.0,2.9550805
IND517408AAA,3.1209726,0.0,2.7014213,0.5149071,3.0687988,1.1317836,0.0,2.8466282
IND000000AAQ,0.1563536,0.0,0.27311814,0.0,0.3213819,0.0,0.0,0.09663244
IND560099AAG,0.27498662,0.0,0.22135277,0.0,0.21952394,0.0,0.0,0.20558867
IND621704AAA,2.4861605,0.0,1.9887221,0.0,2.4478612,0.07884497,0.0,2.2920408
IND363310AAB,2.6604855,0.0,1.9673717,0.0,2.6654332,0.0,0.0,2.670381
IND571440AAA,2.229228,0.0,1.7822737,0.0,2.1985276,0.0,0.0,2.063105
IND334001AAC,2.7084906,0.0,1.9561447,0.0,2.429286,0.0,0.0,2.417488
IND261201AAB,0.1704162,0.0,0.18866149,0.0,0.24607483,0.0,0.0,0.09732669
IND505467AAA,2.5823915,0.0,2.0485275,0.0,2.4158366,0.31114224,0.0,2.3144584
IND327001AAB,4.24283,0.0,3.3987224,0.0,4.1328998,0.44578734,0.0,3.8833866
IND140406AAA,2.904725,0.0,1.9715747,0.0,2.7199392,0.0,0.0,2.773733
IND208006AAA,2.2077484,0.0,1.2029469,0.0,2.6059217,0.0,0.0,2.3497953
IND400037AAA,12.683304,0.0,10.3850975,1.9736271,11.936333,5.0986934,0.0,10.837806
IND629001AAA,2.7555664,0.0,2.5797606,0.0,3.1420782,0.14619696,0.0,2.7551453
IND444602AAA,0.107120395,0.0,0.0,0.0,0.2245636,0.0,0.0,0.14235142
IND457001AAA,2.207549,0.0,1.2663326,0.0,1.739257,0.0,0.0,2.0384657
IND577126AAA,3.2936618,0.0,2.6258926,0.0,3.1919177,0.36155272,0.0,3.0051737
IND627756AAA,2.9227245,0.0,2.3695643,0.0,2.8220391,0.49046832,0.0,2.6133754
IND476001AAA,2.5303366,0.0,1.8732263,0.0,2.5349827,0.0,0.0,2.4692473
IND231205AAA,3.232342,0.0,2.6362717,0.0,3.2251196,0.43883443,0.0,2.9126823
IND533262AAA,3.804167,0.0,2.7797444,0.0,3.426244,0.0,0.0,3.5607717
IND140901AAA,3.150023,0.0,1.8045965,0.0,2.6779625,0.0,0.0,2.9893537
IND277211AAA,2.2209046,0.0,1.8368493,0.0,2.2705507,0.046163827,0.0,2.031815
IND431103AAA,2.3158371,0.0,2.0643435,0.0,2.617956,0.44140726,0.0,2.203413
IND333504AAA,3.6853297,0.0,2.985791,0.0,3.5668437,0.7034343,0.0,3.3014834
IND224122AAA,4.0758867,0.0,3.534048,0.0,4.3801804,1.2668856,0.0,3.681121
IND414302AAB,2.8703353,0.0,1.9471048,0.0,2.5326412,0.0,0.0,2.7522423
IND509124AAA,2.9748201,0.0,1.782956,0.0,2.0781648,0.0,0.0,2.55426
IND135001AAA,2.9811316,0.0,1.8855995,0.0,2.8293583,0.0,0.0,2.9088717
IND676306AAA,1.7760463,0.0,1.4953539,0.0,1.893716,0.0,0.0,1.6915601
IND571438AAB,0.22221147,0.0,0.0831661,0.0,0.20012125,0.0,0.0,0.17890745
IND173025AAA,3.9632096,0.0,2.2190175,0.0,3.5793095,0.0,0.0,3.667806
IND201301AAL,2.6413178,0.0,1.7166644,0.0,2.0557103,0.0,0.0,2.3989308
IND140401AAA,2.8180885,0.0,1.7355114,0.0,2.0455415,0.0,0.0,2.5135717
IND492001AAB,0.27498662,0.0,0.22135277,0.0,0.21952394,0.0,0.0,0.20558867
IND362150AAA,2.8017995,0.0,2.2487755,0.0,2.801287,0.017168425,0.0,2.5955234
IND560300AAA,5.9523926,0.0,2.506811,0.0,2.182637,0.0,0.0,4.45153
IND423105AAA,4.243932,0.0,3.6265852,0.0,4.3819704,0.0,0.0,3.8903234
IND274402AAA,4.192307,0.0,3.2598515,0.0,3.8675041,0.463238,0.0,3.686018
IND670643AAA,2.312956,0.0,1.8925797,0.0,2.3839858,0.0,0.0,2.155866
IND360490AAA,4.266872,0.0,3.4919202,0.0,4.218928,0.7980849,0.0,3.8584735
IND332709AAA,4.081793,0.0,3.5858955,0.1009091,4.348966,1.3121885,0.0,3.7294075
IND222136AAA,14.515089,0.0,12.404966,2.5293698,14.144503,6.027214,0.0,12.794563
IND531162AAA,2.5829957,0.0,1.8418995,0.0,3.017124,0.0,0.0,2.6508143
IND423109AAA,4.154201,0.0,3.111177,0.0,3.4196775,0.0,0.0,3.6739156
IND414001AAA,3.273372,0.0,1.8571485,0.0,2.519287,0.0,0.0,2.9705265
IND400064AAB,0.29910815,0.0,0.0,0.0,0.082327,0.0,0.0,0.27632782
IND827013AAA,4.6649694,0.0,3.9933846,0.0,4.7872,0.7128237,0.0,4.3093853
IND603102AAA,3.0714676,0.0,2.0688798,0.0,3.1091688,0.0,0.0,2.9897916
IND680587AAA,2.4874194,0.0,1.562456,0.0,2.026242,0.0,0.0,2.2737505
IND500010AAA,7.3924246,0.0,5.342493,0.0,6.5014706,0.0,0.0,6.806585
IND421302AAR,4.9834332,0.0,3.776676,0.0,4.047598,0.0,0.0,4.3288493
IND410501AAF,6.4436088,0.0,4.5985723,0.0,6.056406,0.0,0.0,5.961189
IND711303AAA,3.7249753,0.0,3.0062468,0.0,3.6739347,0.32733127,0.0,3.417689
IND431717AAA,4.253754,0.0,3.5549798,0.0,4.447767,0.33448872,0.0,3.9410884
IND335501AAA,11.375408,0.0,9.438183,0.6325911,11.00634,3.767336,0.0,10.04331
IND580028AAA,5.0110683,0.0,3.0262363,0.0,2.7234914,0.0,0.0,4.433624
IND203135AAA,2.6145463,0.0,1.9544998,0.0,2.2682478,0.0,0.0,2.2688038
IND175101AAA,3.3231122,0.0,1.771831,0.0,3.1115258,0.0,0.0,3.1470752
IND638501AAB,1.8590537,0.0,1.3819177,0.0,1.9448658,0.0,0.0,1.8452871
IND751021AAA,0.27498662,0.0,0.22135277,0.0,0.21952394,0.0,0.0,0.20558867
IND284001AAA,0.18919492,0.0,0.14297208,0.0,0.28598696,0.0,0.0,0.14942807
IND466001AAA,4.558508,0.0,3.3366761,0.0,4.28772,0.0,0.0,4.2407203
IND761200AAA,2.4148962,0.0,2.023316,0.0,2.5012321,0.0,0.0,2.3692575
IND422605AAA,3.06631,0.0,2.189525,0.0,2.6711211,0.0,0.0,2.7251737
IND500039AAB,0.17342876,0.0,0.15816787,0.0,0.22957069,0.0,0.0,0.11258387
IND176201AAA,2.640032,0.0,2.30289,0.0,2.854756,0.0,0.0,2.4215124
IND363621AAB,2.5248842,0.0,1.9249588,0.0,2.238166,0.19277552,0.0,2.2778866
IND561202AAB,2.7704113,0.0,2.208736,0.0,2.7375016,0.055464305,0.0,2.5585659
IND600016AAB,0.47251886,0.0,0.09070025,0.0,0.06331081,0.0,0.0,0.38149112
IND785675AAA,4.9408913,0.0,3.9599009,0.0,4.85515,0.42200205,0.0,4.5384054
IND721434AAB,4.3589044,0.0,3.5638044,0.09734371,4.233453,1.2026868,0.0,3.804318
IND580002AAA,4.84274,0.0,3.9348888,0.0,4.8254733,0.0,0.0,4.55576
IND847223AAA,3.4708145,0.0,2.789542,0.0,3.8121877,0.0,0.0,3.4030871
IND173212AAA,4.9353228,0.0,3.126414,0.0,3.890823,0.0,0.0,4.484302
IND443301AAA,3.6257803,0.0,2.948553,0.0,3.6092913,0.47410816,0.0,3.31234
IND673506AAA,2.7487833,0.0,2.1680043,0.0,2.6498246,0.08557608,0.0,2.5236452
IND273014AAB,6.8253956,0.0,5.065366,0.0,5.204778,0.0,0.0,5.8350086
IND335513AAA,3.2055233,0.0,2.3364282,0.0,2.597103,0.0,0.0,2.895777
IND247667AAB,3.1400898,0.0,1.9094367,0.0,3.051082,0.0,0.0,3.0317814
IND231216AAA,3.994243,0.0,3.6140184,0.0,4.363248,1.0833569,0.0,3.689942
IND424201AAA,1.9543935,0.0,2.0426102,0.0,2.667184,0.0,0.0,1.8592451
IND263601AAA,3.6393225,0.0,2.4026873,0.0,2.8868663,0.0,0.0,3.146998
IND232327AAA,3.5326393,0.0,3.32088,0.0,4.0450053,0.7434368,0.0,3.3091023
IND491995AAB,2.3068554,0.0,2.0482597,0.0,2.578572,0.4726938,0.0,2.1928985
IND742223AAA,6.742559,0.0,5.5188746,0.52125233,6.483038,2.2702231,0.0,5.853951
IND400072AAI,0.27498662,0.0,0.22135277,0.0,0.21952394,0.0,0.0,0.20558867
IND600076AAB,3.3555155,0.0,2.2186735,0.0,3.1898403,0.0,0.0,3.2738078
IND441614AAA,0.2356605,0.0,0.106632955,0.0,0.13503373,0.0,0.0,0.16641189
IND533003AAA,4.5854335,0.0,3.5795228,0.0,4.2251987,0.0,0.0,4.180262
IND335804AAD,2.4161122,0.0,1.7632828,0.0,1.9799546,0.0,0.0,2.176683
IND148001AAA,2.0108514,0.0,1.7339699,0.0,2.259226,0.0049857125,0.0,1.9952172
IND360575AAA,2.3650153,0.0,1.8818173,0.0,2.391464,0.0,0.0,2.2186444
IND620012AAA,5.5301003,0.0,4.782316,0.6459094,5.6506424,1.974286,0.0,4.923404
IND732202AAA,6.0470486,0.0,4.993114,0.0,6.0216713,1.5569282,0.0,5.4087014
IND506343AAA,2.5222213,0.0,2.0152786,0.0,2.5314972,0.0,0.0,2.356726
IND152024AAA,3.1414566,0.0,2.459341,0.0,3.1172976,0.0,0.0,2.956014
IND122001AAA,5.432444,0.0,3.532746,0.0,4.3889394,0.0,0.0,4.9172287
IND383255AAB,1.9760537,0.0,1.4514157,0.0,1.9635222,0.0,0.0,1.91423
IND505325AAA,1.9283587,0.0,1.4111179,0.0,1.8516697,0.0,0.0,1.842046
IND829122AAA,3.6666873,0.0,2.9941967,0.0,3.733532,0.023260973,0.0,3.4101844
IND574117AAA,3.8624713,0.0,2.8493652,0.0,3.4665542,0.0,0.0,3.454143
IND721102AAA,3.2461379,0.0,1.9199451,0.0,3.1887605,0.0,0.0,3.143198
IND276305AAA,2.8883414,0.0,2.7192862,0.0,3.291931,0.0,0.0,2.5193956
IND792130AAB,0.1505915,0.0,0.0,0.0,0.26905048,0.0,0.0,0.1946741
IND679322AAA,3.3082802,0.0,2.645452,0.0,3.1443293,0.5574793,0.0,2.9615777
IND700065AAB,0.16501512,0.0,0.20639917,0.0,0.22008756,0.0,0.0,0.15829748
IND396445AAA,2.7010844,0.0,2.37939,0.0,3.0658257,0.0,0.0,2.5979283
IND122004AAA,0.7706373,0.0,0.0,0.0,0.026498012,0.0,0.0,0.33615455
IND332001AAB,4.873121,0.0,3.082079,0.0,3.0003264,0.0,0.0,3.7611053
IND000000AAZ,8.431035,0.0,6.842429,0.6403901,7.889677,2.6119156,0.0,7.2441587
IND501359AAG,0.17035821,0.0,0.19985163,0.0,0.2530335,0.0,0.0,0.09275965
IND761020AAA,3.4790394,0.0,3.11495,0.0,3.8271825,0.97824436,0.0,3.22846
IND341512AAA,3.0943959,0.0,2.545021,0.0,3.078777,0.53628397,0.0,2.7773752
IND302033AAB,4.001186,0.0,3.5409718,0.0,4.3694153,1.2211287,0.0,3.664706
IND131301AAA,3.7985106,0.0,2.9157608,0.0,3.815028,0.0,0.0,3.686654
IND736101AAA,2.9419272,0.0,2.6633737,0.0,3.2557428,0.71066314,0.0,2.773788
IND160102AAC,3.6298182,0.0,0.7994245,0.0,2.6784637,0.0,0.0,2.9808085
IND802158AAB,3.392875,0.0,2.9460013,0.0,3.6269114,0.0,0.0,3.2442596
IND000000ACS,4.77475,0.0,3.8565485,0.0,4.9676857,0.0,0.0,4.824923
IND206001AAA,2.9353664,0.0,0.79835165,0.0,2.4776394,0.0,0.0,2.5374029
IND488001AAA,3.1991394,0.0,2.6312544,0.0,3.2578633,0.17009965,0.0,2.9533112
IND342005AAD,6.415626,0.0,4.7348433,0.0,5.1319437,0.9805247,0.0,5.3583355
IND385340AAB,3.0788972,0.0,2.5384817,0.0,3.0637383,0.0,0.0,2.9410784
IND246761AAA,4.4564576,0.0,3.0237708,0.0,3.456932,0.0,0.0,3.8080728
IND530018AAA,0.27498662,0.0,0.22135277,0.0,0.21952394,0.0,0.0,0.20558867
IND790001AAB,0.111212924,0.0,0.12608889,0.0,0.4022557,0.0,0.0,0.11902643
IND486886AAA,2.510931,0.0,2.1063783,0.0,2.5927837,0.16968697,0.0,2.296927
IND561207AAB,2.1294906,0.0,1.4529066,0.0,1.7454114,0.0,0.0,1.8828934
IND712310AAA,6.685458,0.0,5.672671,1.4128641,6.336917,2.602443,0.0,5.889913
IND695572AAB,2.9126656,0.0,2.373422,0.0,2.5610366,0.0,0.0,2.6822407
IND444005AAB,3.821482,0.0,2.7418606,0.0,3.3315609,0.0,0.0,3.6371388
IND574239AAA,2.467427,0.0,2.017664,0.0,2.4560199,0.22068974,0.0,2.2408497
IND441206AAB,0.38997856,0.0,0.0,0.0,0.06073191,0.0,0.0,0.2489056
IND792110AAA,2.5079653,0.0,1.914078,0.0,2.5089877,0.0,0.0,2.3854373
IND605010AAB,3.0802543,0.0,2.0178418,0.0,2.5345962,0.0,0.0,2.844792
IND516360AAB,3.1943233,0.0,2.6025093,0.0,3.11964,0.61196995,0.0,2.8403077
IND573201AAB,3.6759393,0.0,2.1603909,0.0,2.4922297,0.0,0.0,3.2980428
IND591237AAB,3.5837266,0.0,2.8737369,0.0,3.569423,0.05253967,0.0,3.3266306
IND515801AAA,4.120074,0.0,3.1751683,0.0,3.6386921,0.19503397,0.0,3.6849685
IND530012AAA,7.788416,0.0,4.827097,0.0,4.4188952,0.0,0.0,6.40844
IND583231AAA,2.6070487,0.0,2.1196315,0.0,2.678608,0.0,0.0,2.4385564
IND231225AAB,3.685753,0.0,2.9910538,0.022438213,3.5249095,0.8941054,0.0,3.2383802
IND311302AAA,2.9116466,0.0,2.5218883,0.0,3.1289942,0.0,0.0,2.7405136
IND423701AAB,3.5054448,0.0,3.0264962,0.0,3.5794218,0.0,0.0,3.399731
IND562125AAA,2.9385512,0.0,2.258102,0.0,2.6761546,0.24433157,0.0,2.643677
IND204215AAA,4.1932683,0.0,3.432102,0.3347783,3.9915414,1.2868426,0.0,3.6286898
IND415612AAA,4.365623,0.0,3.52837,0.0,4.3272467,0.49488184,0.0,4.0025496
IND360003AAA,0.1792895,0.0,0.13924536,0.0,0.2235992,0.0,0.0,0.12480398
IND246149AAA,3.8236454,0.0,2.962405,0.0,3.7897007,0.0,0.0,3.5874789
IND503187AAA,2.4144063,0.0,1.9462341,0.0,2.3400366,0.21042985,0.0,2.1883497
IND421802AAA,2.143327,0.0,0.9990959,0.0,1.83421,0.0,0.0,1.9731547
IND521001AAA,3.7597306,0.0,2.9220126,0.0,3.518955,0.0,0.0,3.4681292
IND600032AAB,4.2824264,0.0,2.9066374,0.0,3.467534,0.0,0.0,3.915583
IND851204AAA,3.0137374,0.0,2.8013148,0.0,3.4932892,0.4277608,0.0,2.9040387
IND246725AAB,2.0025563,0.0,1.3455428,0.0,1.8596033,0.0,0.0,1.9338795
IND500050AAA,3.2130504,0.0,2.0177572,0.0,2.904003,0.0,0.0,3.1331735
IND487551AAA,2.349923,0.0,2.020593,0.0,2.4083474,0.0,0.0,2.1976807
IND690548AAA,2.409945,0.0,2.0533078,0.0,2.3338852,0.024023749,0.0,2.2598603
IND242001AAA,3.197776,0.0,2.7785373,0.0,3.3857763,0.3459133,0.0,2.8672194
IND770001AAA,4.848649,0.0,3.9742773,0.7302405,4.402748,1.5266465,0.0,4.190462
IND364001AAA,2.7674072,0.0,2.417781,0.40592164,2.7503762,0.9565907,0.0,2.5503824
IND390020AAA,6.1246295,0.0,4.7186656,0.0,5.3487415,1.026037,0.0,5.2563825
IND679329AAA,0.37253988,0.0,0.10074464,0.0,0.10630175,0.0,0.0,0.29098257
IND506314AAA,2.2966802,0.0,1.8006936,0.0,2.283339,0.0,0.0,2.1547258
IND370110AAA,8.6899805,0.0,6.963466,0.660967,8.01659,2.8202453,0.0,7.449185
IND431515AAA,3.114207,0.0,2.5651362,0.0,3.1274645,0.5212493,0.0,2.7788618
IND586211AAA,3.0370836,0.0,2.3079169,0.0,2.6684172,0.0,0.0,2.7386055
IND584128AAA,2.3464105,0.0,1.8870689,0.0,2.2590065,0.1660255,0.0,2.1129148
IND785001AAA,15.626495,0.0,12.964626,1.799298,14.588398,5.131856,0.0,13.534196
IND306902AAA,2.521755,0.0,2.014919,0.0,2.3917668,0.28261936,0.0,2.2717712
IND828205AAA,4.251203,0.0,3.4647052,0.0,4.5882397,0.0,0.0,4.0897965
IND752056AAA,3.4157674,0.0,2.6453173,0.0,3.286108,0.0,0.0,3.2650933
IND626117AAA,2.6510193,0.0,2.1294353,0.0,2.5305395,0.34964517,0.0,2.3820236
IND361335AAA,2.5688004,0.0,2.122284,0.0,2.4780047,0.0,0.0,2.398445
IND754211AAA,4.4975243,0.0,3.6415892,0.0,4.3242908,1.1518974,0.0,3.9555128
IND731237AAB,4.09989,0.0,3.424008,0.0,4.198908,0.0,0.0,3.9096642
IND581110AAE,3.4985135,0.0,2.6897275,0.0,3.089545,0.0,0.0,3.1201708
IND122050AAA,4.545997,0.0,4.1737113,0.0,5.0968127,1.1248938,0.0,4.256204
IND483501AAA,3.4444296,0.0,3.0596142,0.0,3.7286353,0.0,0.0,3.3001535
IND608301AAA,3.860445,0.0,3.1797366,0.0,3.7880013,0.9542078,0.0,3.4112704
IND757001AAA,3.178105,0.0,2.852136,0.0,3.2499006,0.0,0.0,3.0600703
IND628204AAA,2.3525915,0.0,1.8751979,0.0,2.2300956,0.19153233,0.0,2.129571
IND622001AAA,2.1454315,0.0,1.9131774,0.0,2.4058385,0.4073674,0.0,2.0563703
IND734214AAB,0.15922043,0.0,0.23273447,0.0,0.27635744,0.0,0.0,0.06846057
IND480106AAA,2.0166736,0.0,1.8415643,0.0,2.364211,0.25323215,0.0,1.953704
IND402107AAA,3.0823634,0.0,2.5164971,0.0,3.030278,0.54428077,0.0,2.7481117
IND380006AAB,0.815439,0.0,0.0,0.0,0.056405477,0.0,0.0,0.42153463
IND577401AAA,3.016069,0.0,1.473427,0.0,2.5063453,0.0,0.0,2.7786856
IND335803AAA,2.1441085,0.0,1.6304303,0.0,2.111184,0.0,0.0,2.0394988
IND383001AAA,2.4011714,0.0,1.7948772,0.0,2.354685,0.0,0.0,2.2880435
IND486001AAA,11.37272,0.0,9.511274,1.3204007,11.048275,4.222357,0.0,9.90666
IND201307AAA,2.099607,0.0,1.5913144,0.0,2.0236511,0.0,0.0,1.9695566
IND515761AAA,2.9034007,0.0,2.396814,0.0,2.9482355,0.0,0.0,2.8084903
IND485771AAA,4.5898366,0.0,3.800358,0.0,4.5921845,0.2807344,0.0,4.058202
IND500080AAB,5.323349,0.0,3.5131326,0.0,4.8632627,0.0,0.0,4.946705
IND560002AAA,3.4995391,0.0,2.0394146,0.0,3.0694032,0.0,0.0,3.371449
IND177033AAA,3.588752,0.0,1.9476292,0.0,3.2806044,0.0,0.0,3.3484366
IND573103AAA,4.562169,0.0,3.550172,0.0,4.121868,0.21489584,0.0,4.1053686
IND742121AAA,4.928497,0.0,3.8215578,0.0,4.7099867,0.0,0.0,4.4597793
IND201301AAF,3.643673,0.0,3.0660398,0.0,3.224836,0.0,0.0,3.8853114
IND845412AAB,3.3561609,0.0,2.5676415,0.0,3.526687,0.0,0.0,3.2667782
IND242307AAB,9.172778,0.0,7.319852,1.2712281,8.235224,3.3120506,0.0,7.738443
IND571401AAA,2.1851943,0.0,1.7011224,0.020155907,1.8890847,0.3140699,0.0,1.9225298
IND395010AAB,0.24530298,0.0,0.0,0.0,0.1771304,0.0,0.0,0.23263797
IND733140AAA,4.000851,0.0,3.125113,0.0,3.6983116,0.4797193,0.0,3.4950044
IND591126AAA,0.2041239,0.0,0.09695939,0.0,0.20772055,0.0,0.0,0.15987203
IND577598AAC,3.099667,0.0,1.2688543,0.0,2.613397,0.0,0.0,2.7697651
IND431603AAA,8.594567,0.0,6.7020974,0.0,7.3829947,1.1680965,0.0,7.4841957
IND796009AAA,5.7579155,0.0,4.819292,0.0,5.8476133,1.6528801,0.0,4.9911203
IND121001AAA,2.7329745,0.0,1.9323374,0.0,2.849423,0.0,0.0,2.7298388
IND825301AAA,3.0631232,0.0,2.5264018,0.0,3.083123,0.488381,0.0,2.735397
IND636005AAA,0.27498662,0.0,0.22135277,0.0,0.21952394,0.0,0.0,0.20558867
IND524201AAA,2.0112488,0.0,1.6272849,0.0,2.1971095,0.0,0.0,1.9744134
IND686513AAA,3.8724828,0.0,2.9846447,0.0,3.492853,0.50917053,0.0,3.3558109
IND731224AAA,4.527368,0.0,3.6719625,0.0,4.373061,1.1556551,0.0,3.98324
IND600016AAC,4.262921,0.0,2.9835358,0.0,3.9736366,0.0,0.0,4.080886
IND412803AAB,2.0878425,0.0,1.6806418,0.0,2.059875,0.014168948,0.0,1.9215106
IND571426AAA,5.043168,0.0,4.30804,0.21487884,4.991975,1.3892306,0.0,4.4937625
IND233221AAC,3.7623951,0.0,3.5084503,0.0,4.2785435,0.8797234,0.0,3.5108774
IND768028AAB,3.9254894,0.0,3.1537952,0.0,3.7716224,0.6879622,0.0,3.5389388
IND175018AAA,3.7214239,0.0,3.100367,0.0,3.8176515,0.5619598,0.0,3.3175972
IND531163AAA,2.497823,0.0,2.1401591,0.0,2.664196,0.0,0.0,2.3077037
IND607106AAA,3.3528094,0.0,2.6750846,0.0,3.2577665,0.37180686,0.0,3.0608587
IND400072AAD,4.390069,0.0,3.4723752,0.0,4.348604,0.0,0.0,4.2771697
IND591102AAA,2.399203,0.0,1.9673904,0.0,2.3395193,0.2777562,0.0,2.1524408
IND577002AAA,3.4217312,0.0,2.2901409,0.0,2.8158941,0.0,0.0,3.308045
IND380005AAA,3.721783,0.0,2.3348176,0.0,2.98385,0.0,0.0,3.347533
IND515004AAA,3.74096,0.0,2.0979667,0.0,2.2059462,0.0,0.0,3.3917313
IND629179AAA,0.15026778,0.0,0.0,0.0,0.2749499,0.0,0.0,0.16035578
IND110039AAA,2.6578894,0.0,2.0938344,0.0,2.771949,0.0,0.0,2.5609233
IND688524AAA,1.0288758,0.0,0.0,0.0,0.10481935,0.0,0.0,0.62110716
IND151001AAA,6.5567336,0.0,5.0520606,0.0,5.480292,0.0,0.0,6.003184
IND804420AAA,4.43307,0.0,3.620834,0.44038773,4.183938,1.4222698,0.0,3.826187
IND689645AAA,3.4830034,0.0,2.8413384,0.0,3.436526,0.59697044,0.0,3.1424847
IND815301AAA,3.482611,0.0,2.2977688,0.0,2.8031883,0.0,0.0,3.0252874
IND843105AAB,4.4462447,0.0,3.5078776,0.0,4.586549,0.0,0.0,4.22553
IND757037AAA,3.055158,0.0,2.4738264,0.0,2.847966,0.0,0.0,2.8953407
IND600044AAD,4.3449636,0.0,3.0485063,0.0,3.19483,0.0,0.0,3.8781798
IND532127AAA,3.097311,0.0,2.3853326,0.0,2.988558,0.0,0.0,2.8797858
IND742148AAA,4.230291,0.0,3.4805424,0.068987414,4.123311,1.14285,0.0,3.7197714
IND223101AAB,3.1948473,0.0,2.6053784,0.0,3.1291368,0.6072825,0.0,2.8408115
IND841301AAC,3.8283856,0.0,3.0812492,0.21472727,3.5557716,1.0206971,0.0,3.3431468
IND572101AAA,3.522332,0.0,2.4781525,0.0,3.1723387,0.0,0.0,3.40438
IND689101AAA,2.4590034,0.0,1.7241777,0.0,2.0343692,0.0,0.0,2.1658795
IND462021AAA,0.14622697,0.0,0.24684155,0.0,0.2980378,0.0,0.0,0.1075312
IND560058AAD,2.910639,0.0,1.6170658,0.0,2.7666728,0.0,0.0,2.9017494
IND581303AAA,2.8761392,0.0,2.011064,0.0,2.4672408,0.0,0.0,2.5566673
IND577132AAD,3.4345374,0.0,2.6715639,0.0,3.256252,0.2981666,0.0,3.1372893
IND695541AAA,2.6755502,0.0,2.000603,0.0,2.3728912,0.0,0.0,2.4630225
IND450331AAA,4.2187304,0.0,3.4105113,0.0,4.086585,0.8537322,0.0,3.7877648
IND689503AAB,3.5254834,0.0,2.4567065,0.0,3.1416724,0.0,0.0,3.231222
IND251201AAA,5.15027,0.0,3.5979125,0.0,4.531567,0.0,0.0,4.6612654
IND201005AAA,7.8391843,0.0,6.0116587,0.0,7.388385,0.8016241,0.0,7.129434
IND500032AAA,0.18415192,0.0,0.12991235,0.0,0.22023693,0.0,0.0,0.13213274
IND562132AAC,1.3658829,0.0,0.0,0.0,0.18780869,0.0,0.0,0.29618964
IND140118AAA,3.1157496,0.0,1.5370984,0.0,2.7876868,0.0,0.0,2.8845258
IND563125AAB,2.4334536,0.0,2.1591363,0.0,2.4271433,0.0,0.0,2.4226153
IND802301AAA,4.0599313,0.0,3.2779524,0.45000786,3.7324765,1.2643447,0.0,3.4879386
IND341030AAA,3.0281227,0.0,2.3704383,0.0,2.8657048,0.25680718,0.0,2.7664692
IND209111AAA,1.3517734,0.0,1.1896394,0.0,1.4949893,0.0,0.0,1.2801517
IND362720AAA,3.829203,0.0,3.0273902,0.0,3.6014771,0.7043213,0.0,3.419169
IND221401AAA,23.02135,0.0,19.204151,4.93915,21.542416,9.961898,0.0,19.86628
IND562159AAA,0.18649514,0.0,0.126041,0.0,0.21876451,0.0,0.0,0.13538092
IND486889AAA,3.9711182,0.0,3.0405138,0.0,3.48544,0.65262884,0.0,3.394801
IND741121AAA,0.17023215,0.0,0.20399404,0.0,0.2558171,0.0,0.0,0.09113524
IND736135AAA,2.8604803,0.0,2.1413884,0.0,2.4277537,0.13308614,0.0,2.424075
IND473226AAA,3.482354,0.0,2.4800146,0.0,3.0216832,0.0,0.0,3.1100905
IND464668AAA,3.9474018,0.0,2.8086545,0.0,3.6723948,0.0,0.0,3.7063365
IND770017AAB,2.1713111,0.0,1.9834524,0.0,2.6046414,0.0,0.0,2.1337366
IND627811AAA,2.2373426,0.0,1.7690812,0.0,2.2621377,0.0,0.0,2.1068017
IND624703AAA,3.500244,0.0,2.9589832,0.0,3.4939477,0.41497967,0.0,3.2247474
IND335524AAA,2.718903,0.0,2.2052248,0.0,2.8474603,0.0,0.0,2.7182503
IND431517AAB,4.7262597,0.0,3.199074,0.0,4.4269276,0.0,0.0,4.425032
IND518206AAA,17.120316,0.0,14.034513,2.1877134,15.910855,6.2337914,0.0,14.757466
IND145001AAA,9.098245,0.0,7.2441807,1.3421004,8.097474,3.2944915,0.0,7.6560354
IND201304AAA,9.694049,0.0,7.9716334,0.7169085,9.199037,3.0071878,0.0,8.466352
IND721139AAC,2.9551885,0.0,2.289538,0.0,2.5986526,0.0,0.0,2.6216605
IND395006AAA,2.657064,0.0,2.4892843,0.0,3.3200266,0.0,0.0,2.586161
IND152123AAA,2.7091506,0.0,2.1179125,0.0,2.7485814,0.0,0.0,2.5869038
IND733210AAA,2.4518244,0.0,2.3016093,0.0,2.644156,0.47754753,0.0,2.365029
IND477001AAA,3.0907357,0.0,2.318279,0.0,3.0558503,0.0,0.0,2.9589863
IND401104AAB,4.907227,0.0,2.7563608,0.0,4.357652,0.0,0.0,4.5833864
IND712103AAA,4.948219,0.0,3.947553,0.0,4.6665044,0.35224116,0.0,4.4653096
IND533401AAA,3.191388,0.0,2.3029811,0.0,2.9330375,0.0,0.0,2.9183853
IND302022AAD,3.8736262,0.0,0.0,0.0,2.759331,0.0,0.0,2.840233
IND411048AAA,11.708954,0.0,9.654856,0.9758584,11.318914,4.225356,0.0,10.200443
IND344001AAA,2.8269122,0.0,1.8152763,0.0,1.9999646,0.0,0.0,2.3521366
IND781335AAA,4.7183814,0.0,3.8311179,0.34067893,4.472792,1.4369537,0.0,4.093655
IND854105AAB,4.318602,0.0,3.2009256,0.0,3.8947165,0.0,0.0,3.8792028
IND441603AAA,3.6681242,0.0,3.0943775,0.0,3.507971,0.71248597,0.0,3.3107736
IND246701AAA,2.3866897,0.0,1.9269756,0.0,2.337859,0.17566898,0.0,2.1707208
IND577432AAA,3.6801465,0.0,2.9361994,0.0,3.5280411,0.5831657,0.0,3.3257718
IND244713AAA,3.7491624,0.0,2.9824727,0.0,3.4692328,0.0,0.0,3.539708
IND683565AAA,2.039952,0.0,1.2589864,0.0,1.6869808,0.0,0.0,1.8510411
IND305404AAA,2.9856691,0.0,2.258589,0.0,2.7960289,0.0,0.0,2.6865098
IND480886AAA,3.6506398,0.0,2.7559633,0.0,3.4335175,0.0,0.0,3.297079
IND516390AAA,2.5655615,0.0,1.9382387,0.0,2.522728,0.0,0.0,2.4460413
IND844101AAB,0.2858411,0.0,0.10027934,0.0,0.11335755,0.0,0.0,0.25340104
IND635601AAB,3.1636024,0.0,2.3638594,0.0,2.8560953,0.0,0.0,2.8054545
IND500008AAF,0.13045505,0.0,0.0,0.0,0.20020723,0.0,0.0,0.17604738
IND764001AAC,3.742458,0.0,3.1890092,0.0,3.9478664,0.0,0.0,3.623051
IND712310AAE,5.7674646,0.0,4.384372,0.0,4.5957804,0.48899865,0.0,4.8410535
IND628613AAA,1.7059841,0.0,1.325622,0.0,1.7685676,0.0,0.0,1.6456279
IND585104AAA,5.6311193,0.0,3.9097118,0.0,4.177178,0.0,0.0,5.068225
IND532440AAA,2.405076,0.0,1.8438095,0.0,2.3895447,0.0,0.0,2.29548
IND507303AAA,2.9253821,0.0,2.470679,0.0,2.9334838,0.0,0.0,2.8132098
IND801103AAA,0.17040443,0.0,0.19095704,0.0,0.24750203,0.0,0.0,0.0963897
IND144401AAB,3.169847,0.0,2.3632362,0.0,3.097448,0.0,0.0,3.003629
IND226016AAA,5.8661237,0.0,5.0733585,1.14473,5.6946063,2.384019,0.0,5.2831354
IND424101AAA,2.6895702,0.0,2.6653364,0.0,3.3953283,0.0,0.0,2.5538223
IND390018AAB,4.625083,0.0,4.148554,0.0,5.15267,1.12431,0.0,4.3161483
IND713364AAB,6.420518,0.0,4.658701,0.0,6.2207904,0.0,0.0,6.008619
IND395009AAA,3.973461,0.0,3.5877535,0.0,4.5888753,0.0,0.0,3.7639346
IND205135AAA,3.260269,0.0,2.711976,0.0,3.3970673,0.0,0.0,3.044332
IND843126AAA,3.0692074,0.0,2.340378,0.0,3.1149392,0.0,0.0,3.0385277
IND826004AAA,6.343313,0.0,3.9389703,0.0,3.7764385,0.0,0.0,5.214881
IND637301AAA,0.18969461,0.0,0.12073491,0.0,0.21655318,0.0,0.0,0.13968554
IND396105AAA,1.2749904,0.0,1.0732157,0.0,1.4793848,0.0,0.0,1.2887865
IND758034AAA,4.0469112,0.0,2.740906,0.0,3.2053936,0.0,0.0,3.4748337
IND581119AAB,2.9724348,0.0,2.298309,0.0,2.8939502,0.0,0.0,2.777287
IND110092AAC,4.189655,0.0,2.1306276,0.0,3.7162588,0.0,0.0,3.9619458
IND603203AAA,4.506361,0.0,3.5256646,0.0,4.037252,0.4411306,0.0,4.0032163
IND177001AAA,0.19158211,0.0,0.11763669,0.0,0.21556807,0.0,0.0,0.14243254
IND735224AAA,0.2047179,0.0,0.096023,0.0,0.2072196,0.0,0.0,0.16065612
IND841428AAA,4.3148723,0.0,3.8200536,0.29612714,4.449811,1.330009,0.0,3.9600446
IND741316AAA,2.244045,0.0,2.125585,0.0,2.64571,0.27749154,0.0,2.1903656
IND465333A1B,2.0038002,0.0,1.1622087,0.0,1.6090595,0.0,0.0,1.8731092
IND600056AAD,3.1225288,0.0,2.8598444,0.0,3.5631099,0.7370407,0.0,2.9387753
IND794101AAA,3.2409537,0.0,2.2248394,0.0,3.1588256,0.0,0.0,3.1064703
IND673632AAA,4.0148163,0.0,2.60982,0.0,2.8100953,0.0,0.0,3.4061708
IND581402AAA,2.4914396,0.0,1.6340175,0.0,2.154923,0.0,0.0,2.2969482
IND500055AAA,2.9657884,0.0,2.2571242,0.0,2.796207,0.0,0.0,2.6680584
IND678583AAA,1.7275615,0.0,1.6594744,0.0,2.062283,0.01466804,0.0,1.7338473
IND722122AAA,3.289882,0.0,2.8040173,0.0,3.4291077,0.0,0.0,3.2073286
IND454001AAA,0.23985435,0.0,0.10619358,0.0,0.29033816,0.0,0.0,0.19782558
IND148102AAA,0.093772635,0.0,0.0,0.0,0.24002686,0.0,0.0,0.21183807
IND365560AAA,3.098816,0.0,2.4736135,0.0,2.9495184,0.44443035,0.0,2.7872775
IND174001AAA,7.1118064,0.0,5.39144,0.0,6.8445816,0.0,0.0,6.637982
IND829121AAA,2.9409688,0.0,2.4099076,0.0,3.1244516,0.0,0.0,2.8164394
IND387620AAB,3.3428395,0.0,2.26935,0.0,3.0926507,0.0,0.0,3.1671307
IND613104AAA,2.8304486,0.0,2.4882936,0.0,3.1225946,0.6874973,0.0,2.6357944
IND532201AAA,3.9198692,0.0,3.0359466,0.0,3.502095,0.14444706,0.0,3.5001128
IND741201AAC,4.484814,0.0,3.0112276,0.0,4.289765,0.0,0.0,4.2250113
IND233001AAA,15.90551,0.0,12.955671,2.6908631,14.64967,6.4191036,0.0,13.511351
IND282001AAC,3.9962747,0.0,1.0339292,0.0,3.3321965,0.0,0.0,3.3181283
IND686141AAA,3.2837965,0.0,3.1710944,0.0,3.8986301,0.27298036,0.0,2.977484
IND147301AAA,2.8498962,0.0,1.8203483,0.0,2.4027476,0.0,0.0,2.7139666
IND602001AAB,0.17409544,0.0,0.15576279,0.0,0.22840974,0.0,0.0,0.113992
IND606801AAB,2.1411436,0.0,1.724328,0.0,2.2717943,0.0,0.0,2.0648053
IND751002AAB,4.1094027,0.0,3.0632951,0.0,2.6197598,0.0,0.0,4.2150235
IND504201AAA,2.5149176,0.0,1.6032599,0.0,2.1109653,0.0,0.0,2.3260248
IND415409AAB,2.860875,0.0,2.2657044,0.0,2.887277,0.0,0.0,2.7019265
IND803108AAB,3.1233592,0.0,2.7288542,0.0,3.4111717,0.82626665,0.0,2.8810892
IND331022A1B,0.20664848,0.0,0.11741195,0.0,0.13829641,0.0,0.0,0.1433284
IND384355AAB,2.8884935,0.0,1.9576705,0.0,2.4932854,0.0,0.0,2.6308024
IND410210AAA,4.152092,0.0,3.5123217,0.0,4.486224,0.0,0.0,3.9588854
IND690573AAA,1.6439884,0.0,1.5639116,0.0,1.9677066,0.0,0.0,1.6707908
IND413531AAA,4.138546,0.0,3.4619892,0.0,4.3397264,0.26500365,0.0,3.840147
IND415003AAA,3.2947814,0.0,2.009109,0.0,2.8555515,0.0,0.0,3.078528
IND743347AAA,3.2481296,0.0,2.7100713,0.0,3.374045,0.19832575,0.0,3.000854
IND757024AAA,0.26436615,0.0,0.16047427,0.0,0.41484085,0.0,0.0,0.21848169
IND614715AAA,2.6870449,0.0,2.1546981,0.0,2.6353328,0.18899998,0.0,2.4624984
IND785682AAA,4.642348,0.0,3.8648703,0.0,4.742147,0.0,0.0,4.2842298
IND283122AAB,3.5925148,0.0,3.0886726,0.0,3.6707177,0.0,0.0,3.041054
IND767001AAA,2.4357257,0.0,2.0052538,0.0,2.2507362,0.0,0.0,2.2420723
IND631501AAA,3.7789462,0.0,2.5295372,0.0,3.5560732,0.0,0.0,3.5803378
IND721306AAA,3.7750697,0.0,2.6658204,0.0,2.887746,0.0,0.0,3.430764
IND221010AAB,4.459273,0.0,4.035373,0.0,4.646617,0.0,0.0,3.6416743
IND464001AAA,0.19015823,0.0,0.119989194,0.0,0.21646354,0.0,0.0,0.14045921
IND733102AAA,2.8192961,0.0,2.5131075,0.0,3.067726,0.0,0.0,2.7215123
IND431001AAB,0.098021895,0.0,0.0,0.0,0.21348986,0.0,0.0,0.15987113
IND754142AAA,3.0100353,0.0,2.7353394,0.0,3.306755,0.08456996,0.0,2.6829178
IND854326AAB,6.864504,0.0,4.7215633,0.0,4.7363667,0.0,0.0,5.9361525
IND470113AAA,3.4028623,0.0,2.6482751,0.0,3.0139809,0.1018158,0.0,3.0106444
IND700026AAC,3.8833334,0.0,2.4418738,0.0,3.593156,0.0,0.0,3.7558174
IND281121AAB,0.42703748,0.0,0.0,0.0,0.21151942,0.0,0.0,0.17736754
IND415408AAC,3.9833815,0.0,3.2278192,0.0,4.0002456,0.27523527,0.0,3.6788902
IND502110AAA,2.515519,0.0,2.0094178,0.0,2.3856924,0.2798854,0.0,2.2666414
IND502313AAA,2.2421837,0.0,1.7308756,0.0,2.1936033,0.0,0.0,2.099542
IND673121AAA,3.0803282,0.0,2.5028389,0.0,3.1039429,0.17641929,0.0,2.8443968
IND523201AAA,2.445551,0.0,1.9576575,0.0,2.526815,0.0,0.0,2.323634
IND614804AAA,2.4689703,0.0,1.9586204,0.005621955,2.2349298,0.4246617,0.0,2.1743855
IND600119AAA,3.2425923,0.0,2.7552888,0.0,3.139119,0.4705946,0.0,2.9627092
IND689650AAA,2.2558658,0.0,1.765195,0.0,2.1605282,0.0,0.0,2.0848303
IND562114AAA,4.4836946,0.0,3.4454224,0.0,4.0517106,0.5164323,0.0,3.9342933
IND160055AAA,2.7149367,0.0,1.2280859,0.0,2.4090443,0.0,0.0,2.563688
IND585330AAE,2.8594491,0.0,2.278574,0.0,2.9097111,0.0,0.0,2.7045112
IND122002AAD,0.17435044,0.0,0.15480301,0.0,0.22833416,0.0,0.0,0.114726044
IND581343AAC,3.5856812,0.0,2.8201077,0.0,3.4292676,0.3382787,0.0,3.2753088
IND691001AAB,3.8116899,0.0,2.3535373,0.0,2.6188636,0.0,0.0,3.276179
IND458001AAB,2.8559053,0.0,2.2793248,0.0,2.7523901,0.29188323,0.0,2.5950453
IND826001AAC,0.18358533,0.0,0.09448496,0.0,0.19414657,0.0,0.0,0.20680699
IND334803AAA,2.782202,0.0,2.3718314,0.0,2.7705395,0.11658318,0.0,2.6047852
IND506167AAB,3.2668467,0.0,1.6974924,0.0,2.8555782,0.0,0.0,2.9849324
IND494334AAB,2.357341,0.0,1.8844697,0.0,2.17783,0.35268363,0.0,2.0876954
IND733202AAC,0.40299833,0.0,0.10181514,0.0,0.104116745,0.0,0.0,0.3054451
IND509001AAA,2.892529,0.0,1.3597636,0.0,2.4361653,0.0,0.0,2.6016734
IND148024AAB,2.940976,0.0,2.5229914,0.0,3.1422641,0.50923604,0.0,2.801204
IND722151AAA,1.3474531,0.0,1.4180459,0.0,1.8153317,0.0,0.0,1.3380071
IND160002AAC,10.222897,0.0,3.3475506,0.0,0.92212313,0.0,0.0,5.971979
IND342301AAA,3.0326178,0.0,2.8744023,0.0,3.122926,0.0,0.0,3.0068576
IND421401AAC,4.1839633,0.0,2.572531,0.0,4.0081353,0.0,0.0,3.9516761
IND242221AAA,2.1097064,0.0,1.9508349,0.0,2.4268835,0.0,0.0,1.9498456
IND244901AAB,4.0553746,0.0,2.4773562,0.0,1.9293909,0.0,0.0,3.0527432
IND423601AAA,3.1282203,0.0,2.4648726,0.0,2.8004992,0.0,0.0,2.9211695
IND803101AAA,4.2294974,0.0,3.4712322,0.0,4.1599884,1.1106166,0.0,3.7024317
IND635802AAB,4.2816143,0.0,3.0610096,0.0,4.052256,0.0,0.0,4.222463
IND160102AAD,0.6656256,0.0,0.0,0.0,0.0,0.0,0.0,0.36115453
IND502295AAA,3.1408467,0.0,2.5126243,0.0,2.9372878,0.615807,0.0,2.7804787
IND500039AAC,4.6777067,0.0,3.4234335,0.0,3.6764638,0.0,0.0,4.287082
IND676509AAA,3.0125172,0.0,2.226726,0.0,2.4820516,0.27002338,0.0,2.563078
IND790114AAA,2.7521288,0.0,2.803281,0.0,3.5129716,0.0,0.0,2.6890724
IND301705AAA,5.556667,0.0,3.7734995,0.0,5.314867,0.0,0.0,5.219204
IND125121AAA,5.0579357,0.0,4.0486856,0.0,4.9432163,0.5000022,0.0,4.631349
IND678683AAA,3.771406,0.0,3.02628,0.0,3.5708797,0.8060726,0.0,3.3510373
IND363001AAA,2.0126584,0.0,1.5724634,0.0,1.7986386,0.17306006,0.0,1.7921244
IND732103AAA,5.371119,0.0,4.632515,0.08944681,5.469669,1.4875115,0.0,4.7955766
IND600116AAB,4.6816354,0.0,3.5426571,0.0,4.163774,0.0,0.0,4.3242016
IND521333AAA,3.1360943,0.0,2.633687,0.0,3.2520382,0.0,0.0,3.043987
IND534001AAA,3.2454455,0.0,2.3216414,0.0,2.9145777,0.0,0.0,2.939472
IND363641AAA,0.5845226,0.0,0.023802795,0.0,0.029390745,0.0,0.0,0.35705185
IND209206AAB,1.2037051,0.0,0.74967414,0.0,1.4910823,0.0,0.0,1.341998
IND816107AAA,2.3874516,0.0,1.8237168,0.0,2.455178,0.0,0.0,2.3056161
IND000000ACA,4.993345,0.0,3.0642028,0.0,2.24675,0.0,0.0,3.969156
IND607801AAA,3.3075535,0.0,2.699372,0.0,3.2426841,0.663739,0.0,2.934704
IND306304AAB,3.4060357,0.0,2.704826,0.0,3.2617905,0.4378663,0.0,3.0940855
IND121002AAA,4.386629,0.0,3.2787735,0.0,4.4236846,0.0,0.0,4.2147136
IND000000ABG,0.2680124,0.0,0.15257245,0.0,0.1613234,0.0,0.0,0.3039785
IND791111AAC,4.0142927,0.0,3.6481316,0.0,4.5466156,0.46349382,0.0,3.9130702
IND000000ACB,12.395959,0.0,0.4300941,0.0,0.0,0.0,0.0,4.8094482
IND403002AAA,1.8547409,0.0,1.5646276,0.0,2.249055,0.0,0.0,1.9039007
IND695012AAA,6.4771047,0.0,5.4463696,0.15790485,5.9997997,1.3162543,0.0,5.771198
IND637408AAA,0.29932284,0.0,0.105466045,0.0,0.13223241,0.0,0.0,0.20582701
IND122413AAE,2.5730035,0.0,2.2736285,0.11694364,2.6017327,0.7068486,0.0,2.438
IND804452AAA,0.1670925,0.0,0.21855277,0.0,0.26558945,0.0,0.0,0.08230796
IND342601AAA,3.5044863,0.0,2.6616623,0.0,3.1770923,0.09377887,0.0,3.0925584
IND722140AAA,2.207867,0.0,1.7276857,0.0,2.130555,0.0,0.0,1.9322735
IND523002AAA,4.925151,0.0,3.2156987,0.0,3.577363,0.0,0.0,4.4033675
IND125005AAA,4.2035217,0.0,2.6060944,0.0,2.9799907,0.0,0.0,3.7713175
IND262122AAB,3.840674,0.0,2.80528,0.0,3.6244245,0.0,0.0,3.5942361
IND207302AAA,2.477809,0.0,2.1375685,0.0,2.7278423,0.0,0.0,2.352351
IND140301AAA,2.6384075,0.0,1.319627,0.0,2.1924565,0.0,0.0,2.4656763
IND757025AAA,3.4816103,0.0,2.7698233,0.0,3.4007013,0.24124864,0.0,3.1996272
IND562160AAB,1.4928347,0.0,1.3667253,0.0,1.7403919,0.054474458,0.0,1.5021554
IND465001AAA,2.810671,0.0,1.619039,0.0,2.009913,0.0,0.0,2.425559
IND221313AAA,3.5316927,0.0,2.6542609,0.0,3.0720556,0.0,0.0,2.465748
IND151302AAA,1.3810159,0.0,1.0323902,0.0,1.4554316,0.0,0.0,1.3969063
IND486771AAA,6.9918113,0.0,6.082189,0.17312598,7.188075,1.9733938,0.0,6.237956
IND245304AAA,3.813215,0.0,2.7708774,0.0,3.3702018,0.0,0.0,3.5172741
IND231208AAA,0.19169897,0.0,0.11742372,0.0,0.21529773,0.0,0.0,0.1424661
IND363520AAC,0.23165044,0.0,0.07898251,0.0,0.19852841,0.0,0.0,0.18571553
IND400052AAA,5.26473,0.0,4.573345,0.25519952,5.5593534,1.8615395,0.0,4.7291384
IND485001AAC,4.439405,0.0,3.053443,0.0,3.301504,0.0,0.0,3.5431464
IND136118AAA,3.276858,0.0,2.0931203,0.0,3.136365,0.0,0.0,3.1117342
IND600056AAB,10.301175,0.0,5.886742,0.0,4.777541,0.0,0.0,8.062585
IND262001AAA,3.403455,0.0,2.5121055,0.0,3.0008447,0.0,0.0,3.1233165
IND691506AAA,2.166514,0.0,1.7956241,0.0,2.2486525,0.0,0.0,2.0332441
IND421004AAA,4.997855,0.0,4.214392,0.0,5.282247,0.77980685,0.0,4.6770644
IND360050AAA,1.9675696,0.0,1.7955762,0.0,2.3072941,0.24173489,0.0,1.9132904
IND741126AAB,4.4581113,0.0,3.778441,0.0,4.4941697,0.901888,0.0,4.0334225
IND121102AAA,2.9169724,0.0,2.0811415,0.0,3.02404,0.0,0.0,2.895658
IND783370AAC,2.7489283,0.0,2.2367847,0.0,2.757016,0.19883141,0.0,2.5104082
IND415605AAA,1.7664804,0.0,1.4829473,0.0,1.847829,0.0,0.0,1.6512879
IND221005A1A,0.27498662,0.0,0.22135277,0.0,0.21952394,0.0,0.0,0.20558867
IND570020AAA,7.1296144,0.0,5.58474,0.0,6.437482,0.0,0.0,6.523565
IND700028AAB,7.3592906,0.0,5.537713,0.0,7.0740166,0.0,0.0,6.8658743
IND480334AAA,3.4707482,0.0,2.7750638,0.03619036,3.2342885,0.7968132,0.0,3.0368993
IND147001AAB,3.442035,0.0,2.0472348,0.0,2.907877,0.0,0.0,3.2262237
IND416404AAA,3.335482,0.0,2.75055,0.0,3.3252108,0.020984344,0.0,3.1468832
IND575004AAB,6.263898,0.0,4.224992,0.0,4.2181015,0.0,0.0,5.311973
IND507159AAA,2.6776366,0.0,2.0102267,0.0,2.5236082,0.0,0.0,2.5603023
IND201007AAA,4.72345,0.0,3.5289304,0.0,3.7280772,0.0,0.0,4.668283
IND462022AAA,5.064827,0.0,3.2900338,0.0,2.630101,0.0,0.0,4.6980495
IND147105AAA,3.2838953,0.0,1.5482262,0.0,2.7092865,0.0,0.0,3.0611656
IND767017AAA,3.023513,0.0,2.354847,0.0,2.7387428,0.0,0.0,2.710884
IND123106AAB,2.7521307,0.0,2.5252469,0.0,3.1157186,0.59199727,0.0,2.62136
IND524101AAB,2.6164677,0.0,2.122966,0.0,2.624008,0.12352561,0.0,2.4117668
IND533242AAA,4.1714177,0.0,3.299731,0.0,4.121589,0.0,0.0,3.9774268
IND722101AAA,4.2427077,0.0,3.349279,0.0,4.1935945,0.0,0.0,3.929878
IND563101AAB,3.1737192,0.0,2.3192976,0.0,2.7601326,0.0,0.0,2.8235939
IND505001AAB,4.7006345,0.0,2.98081,0.0,2.3869493,0.0,0.0,3.8691785
IND480661AAA,2.6377504,0.0,2.2201998,0.0,2.5830364,0.0,0.0,2.5539033
IND445001AAB,3.0261714,0.0,2.7413023,0.0,3.4469159,0.5803482,0.0,2.7915552
IND742101AAC,5.463124,0.0,3.893368,0.0,3.9413478,0.0,0.0,4.6971555
IND132039AAA,2.5817935,0.0,2.2841291,0.0,2.880484,0.56698936,0.0,2.4272134
IND736165AAA,3.5850155,0.0,3.1863396,0.0,3.8731153,1.0607624,0.0,3.3130481
IND389001AAA,2.8469887,0.0,1.8463472,0.0,2.622154,0.0,0.0,2.7067854
IND852118A1B,4.1929145,0.0,3.5336063,0.0,4.2986546,0.0,0.0,3.9780374
IND781005AAA,2.5638757,0.0,1.1345855,0.0,2.3630607,0.0,0.0,2.420616
IND400072AAB,6.4191413,0.0,3.8082483,0.0,3.263333,0.0,0.0,5.2203226
IND141109AAA,2.0222437,0.0,1.5056132,0.0,2.0052478,0.0,0.0,2.0405924
IND470004AAA,3.2633457,0.0,1.8471264,0.0,2.1624532,0.0,0.0,2.6854925
IND625516AAA,2.1834311,0.0,1.7043381,0.0,2.0744426,0.0,0.0,2.1153548
IND783370AAB,0.18632016,0.0,0.09292597,0.0,0.1946592,0.0,0.0,0.20837313
IND571124AAA,2.4700463,0.0,2.023698,0.0,2.6266806,0.0,0.0,2.358706
IND756100AAC,4.1942453,0.0,2.7678428,0.0,2.9500666,0.0,0.0,3.644888
IND627117AAA,2.6279132,0.0,2.0405283,0.0,2.568241,0.0,0.0,2.4552286
IND530043AAA,4.64471,0.0,3.4345675,0.0,4.271282,0.0,0.0,4.2362504
IND591115AAB,2.942784,0.0,2.1346762,0.0,2.5979223,0.0,0.0,2.7563665
IND126102AAA,4.1238647,0.0,3.1741362,0.0,3.6568677,0.73493177,0.0,3.5355263
IND413517AAA,4.179294,0.0,3.4014275,0.0,4.050529,0.23612478,0.0,3.7352836
IND686632AAA,8.801608,0.0,7.142212,1.0130261,8.284962,3.2198262,0.0,7.559886
IND852139AAB,4.6120753,0.0,3.8556187,0.0,4.6958036,0.12238001,0.0,4.354047
IND477001AAB,3.4155936,0.0,2.581847,0.0,3.3562443,0.0,0.0,3.2410352
IND591307AAC,3.5196266,0.0,2.3531816,0.0,2.7855766,0.0,0.0,3.0258243
IND174307AAA,2.658433,0.0,1.0798179,0.0,2.1557531,0.0,0.0,2.3531063
IND721253AAC,4.1117287,0.0,3.2145534,0.0,3.7493136,0.12372329,0.0,3.6963024
IND411017AAA,3.4923093,0.0,2.8880646,0.0,3.5196977,0.6851129,0.0,3.0930438
IND583101AAA,4.7715497,0.0,3.443611,0.0,4.4060836,0.0,0.0,4.554416
IND431001AAA,4.606181,0.0,3.779706,0.0,4.8165236,0.20837545,0.0,4.3431563
IND505503AAA,3.3328986,0.0,2.6697142,0.0,3.1333268,0.70735174,0.0,2.9232876
IND792103AAB,3.329323,0.0,2.7434103,0.0,3.3656633,0.0,0.0,3.1943438
IND600044AAC,2.9511802,0.0,2.6756535,0.10531396,2.8938494,0.51338553,0.0,2.8169532
IND752055AAA,3.3789504,0.0,2.2679963,0.0,2.8290682,0.0,0.0,3.0391753
IND110085AAA,2.9999588,0.0,2.5592606,0.0,3.3596158,0.0,0.0,2.932571
IND695609AAA,2.0536768,0.0,1.6752898,0.0,2.1740682,0.0,0.0,1.9674592
IND741502AAB,3.7588365,0.0,3.2334788,0.07924199,3.981459,1.1882746,0.0,3.396949
IND623704AAA,1.8368373,0.0,1.4254762,0.0,1.6944159,0.0,0.0,1.6884991
IND786171AAA,4.414948,0.0,3.9304237,0.0,4.9534736,0.0,0.0,4.1454873
IND841405AAA,0.1709016,0.0,0.16933036,0.0,0.23435009,0.0,0.0,0.10557569
IND110064AAA,5.814429,0.0,3.4256876,0.0,5.256684,0.0,0.0,5.370725
IND841101AAA,0.2858411,0.0,0.10027934,0.0,0.11335755,0.0,0.0,0.25340104
IND625008AAA,2.915826,0.0,2.241398,0.0,2.1730528,0.0,0.0,2.5876458
IND201204AAA,3.4416811,0.0,2.1709614,0.0,3.2522776,0.0,0.0,3.271408
IND571301AAA,4.4240985,0.0,3.6196008,0.0,4.425405,0.725657,0.0,4.031201
IND244221AAA,2.0108056,0.0,0.6838323,0.0,1.655939,0.0,0.0,1.8107325
IND507117AAB,2.4104035,0.0,2.0476458,0.0,2.4651568,0.0,0.0,2.3744352
IND505172AAA,2.8408706,0.0,1.8499194,0.0,2.7196827,0.0,0.0,2.6586132
IND484224AAA,2.306472,0.0,1.803301,0.0,2.2600908,0.0,0.0,2.1516893
IND313001AAB,3.9512112,0.0,2.4884238,0.0,2.5794265,0.0,0.0,3.443081
IND263153AAB,5.565854,0.0,3.6501203,0.0,3.5055935,0.0,0.0,4.605078
IND177101AAA,2.7701995,0.0,2.0074193,0.0,2.1484983,0.2704418,0.0,2.3085368
IND335523AAB,3.3705227,0.0,2.9172537,0.0,3.5558612,0.0,0.0,3.37539
IND413304AAA,3.525951,0.0,2.694701,0.0,3.1163032,0.0,0.0,3.177536
IND793150AAA,3.6553729,0.0,2.5829659,0.0,3.570721,0.0,0.0,3.474424
IND250609AAA,4.7618384,0.0,2.7939177,0.0,4.6800475,0.0,0.0,4.462557
IND421302AAG,9.653695,0.0,3.013162,0.0,0.6928913,0.0,0.0,6.1917915
IND431514AAA,3.1879864,0.0,2.59811,0.0,3.119625,0.6071681,0.0,2.8358476
IND848114AAA,3.3023434,0.0,2.5881753,0.0,3.488927,0.0,0.0,3.19446
IND382345AAA,3.7938666,0.0,2.19157,0.0,3.4148765,0.0,0.0,3.3847666
IND508248AAB,3.3031614,0.0,2.8149247,0.0,3.2585542,0.5114894,0.0,3.0131514
IND416602AAC,3.6389582,0.0,2.7763352,0.0,4.224885,0.0,0.0,3.7095933
IND305601AAC,2.2893503,0.0,1.7768556,0.0,2.3341715,0.0,0.0,2.2049346
IND276140AAA,3.2131238,0.0,2.6961353,0.0,3.3109298,0.4674815,0.0,2.8539808
IND424006AAA,21.162233,0.0,16.501766,2.5112066,17.53198,6.031667,0.0,17.5788
IND125033AAA,3.4568784,0.0,1.9914788,0.0,3.1303194,0.0,0.0,3.2811296
IND384205AAA,3.8126183,0.0,2.29117,0.0,2.0985456,0.0,0.0,3.1178906
IND243301AAB,1.5094604,0.0,0.819481,0.0,1.1700984,0.0,0.0,1.3976223
IND805110AAD,3.40831,0.0,2.8056164,0.0,3.4064817,0.6720046,0.0,3.023576
IND602024AAA,4.2294126,0.0,3.2738137,0.0,3.8705218,0.49638,0.0,3.7103984
IND533201AAA,3.7059505,0.0,2.9435217,0.0,3.4513922,0.0,0.0,3.5067399
IND576201AAA,3.472369,0.0,2.935257,0.0,3.4672844,0.39986634,0.0,3.2013361
IND122001AAD,4.7316084,0.0,3.9116342,0.0,4.7643247,1.0183986,0.0,4.258109
IND403401AAA,3.086386,0.0,2.5803628,0.0,3.4089468,0.0,0.0,3.0009692
IND211013AAA,6.787857,0.0,6.0925503,0.0,7.664853,0.6176879,0.0,6.2563686
IND210301AAA,3.2175398,0.0,2.7509885,0.19013964,3.304385,1.0083821,0.0,2.9268787
IND232104AAB,4.783191,0.0,4.071457,0.0,4.762577,0.0,0.0,3.8586085
IND401602AAA,2.8315747,0.0,2.7853634,0.0,3.33099,0.0,0.0,2.4155324
IND673305AAA,6.671669,0.0,5.608704,0.33361083,6.5604606,1.9858655,0.0,5.913183
IND700065AAA,4.0888057,0.0,2.6125085,0.0,3.7778268,0.0,0.0,3.9382527
IND496001AAA,3.1538525,0.0,2.7282069,0.5248049,3.0986254,1.1485721,0.0,2.8742244
IND758001AAA,3.2283685,0.0,2.7676697,0.0,3.0032918,0.0,0.0,3.079234
IND302006AAC,3.465665,0.0,2.5954247,0.0,3.6146772,0.0,0.0,3.3560889
IND495004AAA,0.21223925,0.0,0.116647966,0.0,0.13938591,0.0,0.0,0.14836884
IND500010AAB,5.3755608,0.0,2.3001301,0.0,4.247403,0.0,0.0,4.5147014
IND631003AAA,4.132074,0.0,2.992878,0.0,4.173473,0.0,0.0,3.9530785
IND673639AAA,2.70027,0.0,2.5075889,0.0,2.891658,0.6084533,0.0,2.5725634
IND000000AFG,0.40134233,0.0,0.12413762,0.0,0.28788173,0.0,0.0,0.26347813
IND110037AAK,4.0422406,0.0,0.028863765,0.0,2.9294326,0.0,0.0,3.0037858
IND501218AAC,7.8051763,0.0,6.571407,0.8208718,7.7469926,2.9314094,0.0,6.8907332
IND226024AAA,3.825803,0.0,3.3546817,0.5530113,3.8039215,1.3939105,0.0,3.5347424
IND787057AAA,4.1374907,0.0,3.3728592,0.0,4.069881,0.9116544,0.0,3.664993
IND305901AAA,3.2656574,0.0,2.4806108,0.0,3.0811214,0.0,0.0,2.951191
IND768028AAA,4.3226447,0.0,3.48333,0.0,4.1476836,0.90353584,0.0,3.870476
IND415709AAA,4.0420566,0.0,3.0194128,0.0,3.5416775,0.31843856,0.0,3.5475295
IND174101AAB,0.6100732,0.0,0.0,0.0,0.0,0.0,0.0,0.35259542
IND786190AAA,3.6692235,0.0,2.9648523,0.0,3.409148,0.0,0.0,3.408279
IND621211AAA,0.19319925,0.0,0.11494533,0.0,0.21435755,0.0,0.0,0.14454713
IND643217AAA,2.7781775,0.0,2.3362684,0.0,2.8874142,0.0,0.0,2.7148354
IND671323AAD,2.71093,0.0,2.125782,0.0,2.7621453,0.0,0.0,2.5976849
IND124507AAA,3.1339588,0.0,1.9471523,0.0,2.8129108,0.0,0.0,3.0191581
IND484661AAE,2.8951495,0.0,2.2909477,0.0,2.8482206,0.0,0.0,2.6271553
IND521185AAA,3.2964957,0.0,2.4504375,0.0,3.0118356,0.0,0.0,3.105775
IND211002AAB,14.511656,0.0,11.872448,1.5899619,13.2046585,4.471308,0.0,12.4537525
IND581334AAA,2.9128435,0.0,1.9998091,0.0,2.1851137,0.0,0.0,2.5111885
IND302023AAA,3.9445176,0.0,3.143692,0.0,4.321655,0.0,0.0,3.85231
IND577598AAB,2.9509528,0.0,2.3280153,0.0,2.844798,0.18773457,0.0,2.707413
IND400706AAA,7.7307234,0.0,6.3619285,0.0,7.6428022,1.3839873,0.0,6.9864726
IND461111AAA,6.9421573,0.0,5.668678,0.8640847,6.558242,2.539667,0.0,5.955175
IND603301AAA,2.217824,0.0,1.7584577,0.0,2.3346658,0.0,0.0,2.1523578
IND466116AAA,2.8423026,0.0,2.0043745,0.0,2.7423599,0.0,0.0,2.7468123
IND307001AAA,2.2989836,0.0,1.8322531,0.0,2.183469,0.16210899,0.0,2.0851872
IND306001AAA,2.7802057,0.0,2.4246168,0.0,3.0062852,0.7261403,0.0,2.5808828
IND731204AAB,4.2952456,0.0,3.5409,0.0,4.295247,0.9695495,0.0,3.8295245
IND390022AAA,5.063629,0.0,3.346503,0.0,4.1446204,0.0,0.0,4.8025155
IND416510AAA,20.547724,0.0,16.830404,3.8638144,18.95372,8.309948,0.0,17.550383
IND312001AAA,3.1097486,0.0,2.3767307,0.0,2.7601273,0.0,0.0,2.802651
IND440014AAA,5.878498,0.0,4.97066,1.3208447,5.620124,2.448566,0.0,5.1701136
IND791109AAA,0.12974693,0.0,0.15382323,0.0,0.22016996,0.0,0.0,0.14235565
IND509203AAA,2.4698067,0.0,1.9947706,0.0,2.4118927,0.22112271,0.0,2.239153
IND400072AAJ,4.3570104,0.0,3.0677207,0.0,4.6332293,0.0,0.0,4.360277
IND670645AAB,4.20313,0.0,3.5812075,0.0,4.2164145,0.8179837,0.0,3.816343
IND274304AAA,3.683718,0.0,3.2389226,0.0,3.923901,0.43726024,0.0,3.4265444
IND342902A1B,2.7230642,0.0,2.2458422,0.0,2.891578,0.0,0.0,2.724434
IND680012AAA,2.6208816,0.0,1.7534853,0.0,2.2875993,0.0,0.0,2.408857
IND732103AAB,6.146153,0.0,4.796506,0.0,5.465785,0.0,0.0,5.584534
IND824101AAA,3.2047403,0.0,2.5312119,0.0,3.1150825,0.0,0.0,2.988126
IND560043AAC,3.152857,0.0,2.0635867,0.0,2.5893714,0.0,0.0,3.0977275
IND571430AAA,3.398091,0.0,2.8604457,0.0,3.4520879,0.23112264,0.0,3.1595738
IND828401AAB,1.5195489,0.0,1.0074322,0.0,1.7178068,0.0,0.0,1.5799454
IND370001AAA,6.4085,0.0,5.0639715,0.0,5.8242326,1.2664754,0.0,5.463183
IND250221AAA,0.19707355,0.0,0.25808275,0.0,0.37839222,0.0,0.0,0.09312878
IND802119AAA,4.2195964,0.0,3.4511495,0.0,4.128876,0.98683953,0.0,3.7530754
IND380015AAB,3.9661815,0.0,2.337818,0.0,3.588881,0.0,0.0,3.5499828
IND335703AAA,1.8688099,0.0,1.3800076,0.0,1.7444514,0.0,0.0,1.7555866
IND625218AAA,2.5171082,0.0,1.9747039,0.0,2.3575084,0.14026523,0.0,2.2929163
IND425406AAA,3.836108,0.0,2.7274666,0.0,3.1478634,0.0,0.0,3.3720682
IND202001AAC,0.17022558,0.0,0.20513517,0.0,0.25652754,0.0,0.0,0.09066974
IND263645AAA,2.3904223,0.0,1.9412515,0.0,2.217481,0.0,0.0,2.3277192
IND414203AAB,2.836334,0.0,2.3155127,0.0,2.8492465,0.19317174,0.0,2.6041906
IND481001AAA,3.3125656,0.0,2.8584754,0.5714325,3.2433474,1.2285442,0.0,3.0074103
IND756019AAA,4.116937,0.0,2.80266,0.0,2.8732479,0.0,0.0,3.3310378
IND582209AAA,2.9963129,0.0,2.409558,0.0,2.917089,0.3548378,0.0,2.7206438
IND382430AAB,6.09802,0.0,3.2966447,0.0,2.1375039,0.0,0.0,4.6156154
IND509358AAA,2.8606133,0.0,1.5328231,0.0,2.3308551,0.0,0.0,2.6389854
IND452001AAC,3.8721993,0.0,3.3457706,0.0,4.0069056,0.0,0.0,3.5377135
IND508207AAB,3.0426896,0.0,2.201243,0.0,2.5880058,0.0,0.0,2.8510525
IND573142AAA,2.8588297,0.0,2.6053262,0.0,2.9674633,0.0,0.0,2.8151238
IND124141AAA,4.2888722,0.0,1.9690801,0.0,3.8244035,0.0,0.0,3.8318067
IND121004AAA,2.6442611,0.0,1.8608289,0.0,2.7655752,0.0,0.0,2.6490557
IND495671AAA,3.664912,0.0,3.1486576,0.6698614,3.563699,1.3988441,0.0,3.3045373
IND535558AAA,3.2913055,0.0,2.6867456,0.0,3.2073905,0.666169,0.0,2.9284186
IND250002AAC,10.592071,0.0,8.008159,0.0,10.477182,0.0,0.0,9.832473
IND305001AAC,4.3079753,0.0,3.2354748,0.0,3.3288815,0.0,0.0,3.8277762
IND695101AAB,3.0644448,0.0,2.321347,0.0,2.669236,0.0,0.0,2.7513406
IND788806AAA,4.2655544,0.0,3.4777613,0.0,4.1566105,0.13086468,0.0,3.855199
IND591123AAC,3.0558631,0.0,2.2715847,0.0,2.9977188,0.0,0.0,2.905236
IND522647AAA,2.6686842,0.0,2.1216338,0.0,2.5581453,0.20549926,0.0,2.4276893
IND614602AAA,0.20511691,0.0,0.09541146,0.0,0.2070064,0.0,0.0,0.1612688
IND631102AAA,2.3416765,0.0,1.5219165,0.0,2.5276043,0.0,0.0,2.3767316
IND732123AAC,3.5513616,0.0,3.1330569,0.0,3.7057326,0.0057752654,0.0,3.3971026
IND451666AAA,0.12798607,0.0,0.0,0.0,0.32403666,0.0,0.0,0.23864958
IND802101AAA,3.5448382,0.0,2.7187374,0.0,3.3357232,0.0,0.0,3.1818383
IND144514AAA,3.210632,0.0,2.0425353,0.0,2.6543915,0.0,0.0,2.948523
IND604303AAA,2.239624,0.0,1.8060969,0.0,2.2730713,0.0,0.0,2.0892553
IND785690AAB,5.170661,0.0,4.262761,0.0,5.1531267,1.2716255,0.0,4.6206584
IND272153AAC,4.335494,0.0,3.7015724,0.8664887,4.182954,1.7189778,0.0,3.8705428
IND273304AAA,5.2197337,0.0,4.3578467,0.0,5.2324324,0.6762594,0.0,4.838634
IND641008AAA,4.2025805,0.0,3.1614377,0.0,3.834202,0.0,0.0,3.7529209
IND752030AAA,0.19859788,0.0,0.08344457,0.0,0.18382633,0.0,0.0,0.21095726
IND814101AAB,1.7008631,0.0,1.4508208,0.0,1.8081683,0.0,0.0,1.5854589
IND620020AAA,0.19335207,0.0,0.114692815,0.0,0.21426088,0.0,0.0,0.14475855
IND600008AAA,0.47251886,0.0,0.09070025,0.0,0.06331081,0.0,0.0,0.38149112
IND635207AAA,4.7667375,0.0,3.8385262,0.0,4.617923,0.983402,0.0,4.2896705
IND413501AAA,3.676423,0.0,2.3919742,0.0,3.2070978,0.0,0.0,3.4736297
IND712612AAA,3.900501,0.0,3.2007487,0.0,3.8633244,0.7864227,0.0,3.5030024
IND176001AAB,1.785866,0.0,1.6936798,0.0,2.092369,0.062093936,0.0,1.7839936
IND274304AAB,6.072128,0.0,4.86252,0.07970284,5.59265,1.4106971,0.0,5.2725983
IND343029AAB,2.1465442,0.0,1.7325007,0.0,2.1034448,0.06009286,0.0,1.9651954
IND482002AAA,31.922781,0.0,26.784204,4.9371705,30.475407,13.159422,0.0,27.906672
IND518422AAB,3.0203009,0.0,2.456381,0.0,2.940345,0.52809656,0.0,2.6961262
IND505184AAC,3.1673725,0.0,2.2519991,0.0,2.7582202,0.0,0.0,2.96044
IND175015AAA,3.0228732,0.0,2.5249674,0.0,3.1265528,0.22051123,0.0,2.7347143
IND812002AAA,3.1359637,0.0,2.550945,0.0,3.0476625,0.5881507,0.0,2.7908168
IND473443AAA,3.1325924,0.0,2.6074734,0.0,3.1925974,0.29472026,0.0,2.8717039
IND508377AAB,3.2173877,0.0,1.6211294,0.0,2.746669,0.0,0.0,2.9076066
IND396191AAB,0.90607965,0.0,0.0,0.0,0.095447235,0.0,0.0,0.28110918
IND144040AAA,2.7360938,0.0,2.3648462,0.0,2.8932257,0.0,0.0,2.652024
IND713103AAA,3.5106647,0.0,2.0274851,0.0,3.5206025,0.0,0.0,3.389351
IND731301AAA,4.718884,0.0,4.079853,0.0,4.8531713,0.40854517,0.0,4.424974
IND441904AAB,0.19263187,0.0,0.11588261,0.0,0.21471226,0.0,0.0,0.14375964
IND140501AAA,2.7307355,0.0,1.2673444,0.0,2.5483625,0.0,0.0,2.5950954
IND140001AAA,2.6352448,0.0,2.1371481,0.0,2.5818207,0.30675766,0.0,2.3795836
IND573116AAA,3.709719,0.0,2.570135,0.0,2.9474247,0.0,0.0,3.151255
IND680104AAA,2.7110083,0.0,1.8119099,0.0,2.318761,0.0,0.0,2.4438822
IND147001AAD,3.53975,0.0,2.113472,0.0,2.746074,0.0,0.0,3.2425072
IND232101AAB,37.99278,0.0,31.653816,8.773135,35.471104,16.542526,0.0,32.641724
IND600056AAA,3.4091885,0.0,2.7983525,0.0,3.4498904,0.35164043,0.0,3.1244612
IND401209AAA,3.970725,0.0,3.391362,0.0,4.3138213,0.0,0.0,3.7426198
IND396191AAC,4.7055163,0.0,2.8941514,0.0,3.3810813,0.0,0.0,4.17794
IND431127AAA,3.2129056,0.0,2.6245058,0.0,3.161188,0.6092673,0.0,2.8566349
IND843109AAB,4.240976,0.0,3.2574146,0.0,4.13914,0.0,0.0,4.0398817
IND623526AAA,1.5913908,0.0,1.230522,0.0,1.4826301,0.0,0.0,1.4829934
IND431112AAB,4.4157076,0.0,3.7297623,0.0,4.465582,0.3853292,0.0,4.1310534
IND410206AAA,6.197524,0.0,5.2157903,0.0,6.068101,1.4773977,0.0,5.604403
IND400078AAB,4.3676653,0.0,1.7014314,0.0,3.8826969,0.0,0.0,3.8186104
IND733129AAA,3.0234165,0.0,2.4135497,0.0,3.0542305,0.0,0.0,2.83072
IND751014AAA,0.9928693,0.0,0.0,0.0,0.098765306,0.0,0.0,0.63564205
IND575014AAA,3.8422444,0.0,3.017768,0.0,3.8687246,0.0,0.0,3.6091328
IND274301AAB,3.960737,0.0,3.5526264,0.0,4.263705,0.0,0.0,3.828367
IND396232AAA,4.045322,0.0,3.3580246,0.0,4.1505704,0.11642777,0.0,3.7346585
IND442605AAA,3.4714832,0.0,2.9363148,0.0,3.3330472,0.6011592,0.0,3.1492875
IND785112AAC,3.107566,0.0,2.6827023,0.0,3.3204134,0.0,0.0,2.7257078
IND303901AAA,4.74942,0.0,3.750562,0.0,4.7216125,0.0,0.0,4.4108114
IND209721AAB,3.5100176,0.0,2.8251998,0.0,3.4759717,0.21174222,0.0,3.2341337
IND847404AAB,4.7798924,0.0,4.0108557,0.0,4.9238305,0.0,0.0,4.5245194
IND574104AAA,2.7690604,0.0,2.2582848,0.0,2.7879944,0.19726413,0.0,2.5451932
IND222125AAB,3.2130828,0.0,2.6079187,0.0,3.1681507,0.45476943,0.0,2.8942769
IND841226AAB,3.2876003,0.0,2.7883146,0.0,3.2423775,0.5063174,0.0,2.9794092
IND636705AAB,2.869811,0.0,1.4376563,0.0,2.3289382,0.0,0.0,2.675824
IND110037AAM,8.6951885,0.0,2.9444942,0.0,1.2965223,0.0,0.0,5.8553667
IND395001AAA,3.3558276,0.0,3.077126,0.0,3.994769,0.0,0.0,3.2130535
IND181152AAA,2.66231,0.0,1.6519161,0.0,2.6015966,0.0,0.0,2.7038987
IND509103AAB,6.971665,0.0,5.483604,0.0,6.3743,0.97567075,0.0,6.242332
IND632301AAA,3.2156384,0.0,2.387927,0.0,2.9218297,0.0,0.0,2.8660228
IND335051AAA,1.8160574,0.0,1.3392395,0.0,1.7583019,0.0,0.0,1.7363142
IND000000AFF,4.6815114,0.0,3.825382,0.37532508,4.4951572,1.503324,0.0,4.0175595
IND414502AAA,3.2606864,0.0,2.6493957,0.0,3.1520483,0.6604075,0.0,2.8923323
IND614616AAA,2.117092,0.0,1.6986403,0.0,2.0504286,0.05064168,0.0,1.9369467
IND500018AAA,0.14256974,0.0,0.13788196,0.0,0.2135506,0.0,0.0,0.16247958
IND722101AAC,2.9378607,0.0,2.7254636,0.0,3.3171647,0.0,0.0,2.9772966
IND845438AAA,3.367317,0.0,2.8163729,0.0,3.5771825,0.0,0.0,3.3099868
IND574216AAA,4.0222034,0.0,2.6493018,0.0,3.6247258,0.0,0.0,3.8014011
IND507002AAA,5.3440237,0.0,3.3588784,0.0,3.2306674,0.0,0.0,4.2567005
IND600110AAA,4.1687293,0.0,2.8246953,0.0,3.8613122,0.0,0.0,3.9141512
IND134109AAA,1.0776765,0.0,0.0,0.0,0.032291584,0.0,0.0,0.35634837
IND641006AAD,0.13673264,0.0,0.0,0.0,0.27761704,0.0,0.0,0.19094583
IND160003AAA,3.952098,0.0,1.0821818,0.0,3.0120049,0.0,0.0,3.3014503
IND360510AAB,2.7775366,0.0,2.2289867,0.0,2.6326358,0.42516857,0.0,2.4843087
IND207247AAB,3.8024614,0.0,3.3639886,0.0,4.088305,0.40270114,0.0,3.5524347
IND577116AAA,2.4601502,0.0,2.22346,0.0,2.5835354,0.0,0.0,2.484553
IND000000AAS,3.774253,0.0,3.065096,0.03801793,3.6193373,0.938257,0.0,3.3126118
IND639001AAA,0.12923367,0.0,0.14362016,0.0,0.345314,0.0,0.0,0.12666959
IND152116AAA,2.343098,0.0,1.6907848,0.0,2.4106722,0.0,0.0,2.3016546
IND508213AAB,2.825121,0.0,2.2282677,0.0,2.880058,0.0,0.0,2.69158
IND385535AAA,3.2730014,0.0,2.4789956,0.0,3.1627443,0.0,0.0,3.070946
IND781001AAA,0.46398383,0.0,0.0,0.0,0.17100924,0.0,0.0,0.28525576
IND638052AAA,3.0707185,0.0,2.6668046,0.0,3.3131459,0.8443138,0.0,2.8272097
IND211010AAB,0.27498662,0.0,0.22135277,0.0,0.21952394,0.0,0.0,0.20558867
IND400102AAC,4.4308243,0.0,2.654455,0.0,4.0104957,0.0,0.0,4.138481
IND624202AAA,1.2959013,0.0,0.99616224,0.0,1.2261595,0.0,0.0,1.2307442
IND173220AAA,5.2889414,0.0,4.0573974,0.0,4.7808976,0.75582206,0.0,4.6598296
IND243503AAB,4.887131,0.0,4.076672,0.0,4.7882624,0.41540635,0.0,4.578389
IND110024AAA,4.5932193,0.0,2.6141555,0.0,4.3686867,0.0,0.0,4.399452
IND733201AAA,0.18326944,0.0,0.1313492,0.0,0.22058016,0.0,0.0,0.13077357
IND584123AAA,2.490221,0.0,1.9794335,0.0,2.4460073,0.062022142,0.0,2.2917435
IND000000ACO,2.242297,0.0,1.9977505,0.0,2.5284433,0.42836517,0.0,2.1402192
IND403702AAA,2.9912896,0.0,2.1181479,0.0,2.7483714,0.0,0.0,2.7561636
IND713128AAB,4.1526484,0.0,3.2828865,0.0,3.8825626,0.58599776,0.0,3.558921
IND331001A1C,3.7365234,0.0,3.2078211,0.6887304,3.6286244,1.4319488,0.0,3.3652413
IND504251AAA,3.3713298,0.0,2.434614,0.0,2.9381125,0.0,0.0,3.1201065
IND262501AAA,3.037674,0.0,2.5414736,0.0,3.1425657,0.0,0.0,2.9555688
IND713145AAB,3.6019928,0.0,2.3619468,0.0,3.2372813,0.0,0.0,3.3856637
IND803212AAB,3.8505297,0.0,3.2984478,0.17488615,4.0293975,1.2617071,0.0,3.4648833
IND209801AAA,3.874343,0.0,2.6122544,0.0,4.2171288,0.0,0.0,3.900769
IND491001AAA,0.20849612,0.0,0.09055922,0.0,0.2047159,0.0,0.0,0.16449073
IND331701AAA,2.4303758,0.0,2.2109258,0.0,2.8980937,0.0,0.0,2.3720179
IND490023AAA,19.648829,0.0,16.335728,4.5079966,18.488556,8.608175,0.0,16.849659
IND400102AAB,4.221936,0.0,1.4849738,0.0,3.517185,0.0,0.0,3.6649196
IND690537AAA,0.18013647,0.0,0.13654646,0.0,0.22276023,0.0,0.0,0.12656656
IND244715AAA,2.5098314,0.0,1.8197726,0.0,2.2662466,0.0,0.0,2.3854766
IND140603AAA,2.8984637,0.0,0.2431682,0.0,2.1440823,0.0,0.0,2.2599938
IND210501AAB,0.0605017,0.0,0.0,0.0,0.39980596,0.0,0.0,0.21592566
IND535501AAB,2.7174761,0.0,1.9213845,0.0,2.331519,0.0,0.0,2.4081895
IND211011AAA,6.537519,0.0,5.57779,0.0,6.85804,1.2795988,0.0,5.8522215
IND563116AAA,2.8517072,0.0,2.462044,0.0,3.053401,0.0,0.0,2.7961624
IND571105AAA,0.30177945,0.0,0.096522965,0.0,0.14106193,0.0,0.0,0.10194252
IND530012AAC,0.7814692,0.0,0.0,0.0,0.0,0.0,0.0,0.3625519
IND246444AAB,2.0530627,0.0,1.5929289,0.0,1.9232644,0.0,0.0,1.9009469
IND741165AAB,4.673086,0.0,3.8760035,0.0,4.751647,0.92028695,0.0,4.183214
IND560060AAB,2.7902775,0.0,1.3207074,0.0,2.3662393,0.0,0.0,2.695183
IND363330AAB,2.1929004,0.0,1.8106279,0.0,2.314422,0.0,0.0,2.06864
IND636016AAA,0.4515969,0.0,0.00926546,0.0,0.039937668,0.0,0.0,0.257124
IND700144AAA,3.4616683,0.0,2.8838189,0.0,3.5750024,0.32283568,0.0,3.1870182
IND226004AAC,3.1153626,0.0,1.4475332,0.0,3.0650074,0.0,0.0,2.8319016
IND560048AAB,3.3889158,0.0,2.3657389,0.0,3.123107,0.0,0.0,3.4244266
IND341303AAA,2.3961926,0.0,2.0338643,0.0,2.4010336,0.0,0.0,2.2630403
IND848101AAA,4.3097043,0.0,3.6794612,0.0,4.5528665,0.0,0.0,4.1412663
IND560027AAA,0.24711676,0.0,0.10668085,0.0,0.13420272,0.0,0.0,0.17450641
IND508206AAA,3.330716,0.0,2.4579108,0.0,2.7802892,0.0,0.0,3.0634964
IND535591AAA,2.6236746,0.0,2.1472478,0.0,2.6080332,0.3039919,0.0,2.3711438
IND517501AAB,3.5674183,0.0,2.8438115,0.0,3.2217202,0.35003257,0.0,3.1130943
IND815351AAA,5.166218,0.0,4.1542783,0.0,5.0636687,0.51605743,0.0,4.7222414
IND205001AAB,4.259376,0.0,2.725584,0.0,3.0480034,0.0,0.0,3.6738198
IND756032AAA,2.502135,0.0,1.3726653,0.0,2.5636172,0.0,0.0,2.4815671
IND784176AAA,4.0128145,0.0,2.8028421,0.0,3.871454,0.0,0.0,3.805723
IND380021AAA,0.815439,0.0,0.0,0.0,0.056405477,0.0,0.0,0.42153463
IND643231AAA,3.8504937,0.0,2.9946573,0.0,3.7889202,0.0,0.0,3.6011107
IND411033AAB,0.20166118,0.0,0.34341803,0.0,0.33770186,0.0,0.0,0.04644025
IND632006AAA,4.508491,0.0,2.8016183,0.0,3.3432255,0.0,0.0,4.1452117
IND152101AAA,1.864028,0.0,1.2996794,0.0,1.9628824,0.0,0.0,1.8788227
IND388220AAA,2.90155,0.0,2.3966718,0.0,2.8985596,0.0,0.0,2.7758627
IND571602AAA,3.6885378,0.0,3.2389534,0.0,4.2368584,0.0,0.0,3.5761447
IND781018AAB,7.290165,0.0,3.7194605,0.0,2.720106,0.0,0.0,5.27242
IND585401AAA,2.7869446,0.0,2.2815263,0.0,2.771351,0.38443452,0.0,2.5067637
IND754202AAA,4.185376,0.0,3.0970266,0.0,3.942829,0.0,0.0,3.8976605
IND121004AAC,2.7887645,0.0,1.9773864,0.0,2.9022667,0.0,0.0,2.7803657
IND583227AAA,3.359739,0.0,2.4991126,0.0,2.955941,0.044934206,0.0,2.9541636
IND501359AAF,5.7816195,0.0,5.025573,0.8509676,5.6519103,1.9330282,0.0,5.185839
IND628801AAA,2.586435,0.0,2.0476427,0.0,2.564061,0.0,0.0,2.4035084
IND273155AAA,3.7801163,0.0,2.8048568,0.0,3.4574034,0.0,0.0,3.4002578
IND176001AAA,2.4216292,0.0,2.224135,0.0,2.7269845,0.42941612,0.0,2.3321233
IND814112AAA,2.61355,0.0,2.1444347,0.0,2.4836836,0.0,0.0,2.5463302
IND261001AAA,4.0121546,0.0,3.2706234,0.35940713,3.7676811,1.2188609,0.0,3.4746702
IND811105AAA,2.852722,0.0,2.2972567,0.037530787,2.6603422,0.6135385,0.0,2.4927483
IND322201AAA,3.8290277,0.0,2.8549917,0.0,3.5351596,0.0,0.0,3.4524329
IND493445AAB,2.407359,0.0,2.4485373,0.0,2.9211535,0.0,0.0,1.9962517
IND322230AAA,2.1810806,0.0,1.7394524,0.0,2.14484,0.0,0.0,2.021422
IND700136AAG,0.16501512,0.0,0.20639917,0.0,0.22008756,0.0,0.0,0.15829748
IND785621AAA,2.6038725,0.0,2.121194,0.0,3.0253165,0.0,0.0,2.7384555
IND504215AAA,5.577803,0.0,4.0909247,0.0,4.943371,0.11898952,0.0,4.984776
IND852131AAA,3.6267884,0.0,2.814448,0.0,3.4575455,0.0,0.0,3.395416
IND141115AAA,2.907029,0.0,2.2356484,0.0,2.8223448,0.0,0.0,2.8265388
IND757041AAA,2.602668,0.0,1.9574472,0.0,2.3289301,0.0,0.0,2.4051688
IND721501AAC,2.9942346,0.0,2.161734,0.0,2.6905856,0.0,0.0,2.6949718
IND231001AAA,2.28031,0.0,2.0834844,0.0,2.657643,0.32208693,0.0,2.1715972
IND742226AAA,2.4713929,0.0,1.8077133,0.0,2.4081864,0.0,0.0,2.3106372
IND788026AAC,8.352547,0.0,6.6066136,0.0,7.362376,1.1963856,0.0,7.266651
IND506143AAA,3.1042628,0.0,2.5076644,0.0,3.1034029,0.20436132,0.0,2.8624592
IND505302AAB,2.9459465,0.0,1.8660245,0.0,2.1367457,0.0,0.0,2.6063387
IND301019AAA,0.3292308,0.0,0.022478797,0.0,0.08986687,0.0,0.0,0.20615804
IND275303AAA,6.2733145,0.0,5.1123896,0.40150744,6.0340796,2.0313203,0.0,5.438106
IND733124AAA,2.7836442,0.0,2.6838188,0.0,3.2476242,0.3438064,0.0,2.654482
IND203390AAA,2.409722,0.0,1.888402,0.0,2.3297985,0.0,0.0,2.3297248
IND852201AAA,5.736525,0.0,4.4543614,0.0,5.108464,0.0,0.0,5.146953
IND410209AAA,3.2859526,0.0,2.797763,0.0,3.6360888,0.0,0.0,3.2076206
IND142001AAB,3.2262216,0.0,1.7414179,0.0,2.7470195,0.0,0.0,3.0668848
IND502220AAC,3.628855,0.0,2.0230515,0.0,3.2565973,0.0,0.0,3.3537812
IND457226AAA,1.9841583,0.0,1.0949535,0.0,1.7613695,0.0,0.0,1.8774418
IND470117AAA,3.5360932,0.0,2.9959967,0.0,3.5255768,0.4241209,0.0,3.2621205
IND476111AAA,3.844073,0.0,2.9373937,0.0,3.4130595,0.0,0.0,3.464566
IND764073AAA,2.3917818,0.0,2.230499,0.0,2.7593727,0.38750616,0.0,2.3165262
IND360530AAB,2.2729242,0.0,1.8072065,0.0,2.3098571,0.0,0.0,2.1400282
IND272155AAA,0.22809283,0.0,0.115618415,0.0,0.29086766,0.0,0.0,0.18577534
IND533106AAA,4.58021,0.0,2.6771598,0.0,2.4133759,0.0,0.0,3.8546727
IND000000AAL,4.816558,0.0,2.4365878,0.0,4.087702,0.0,0.0,4.2738805
IND203001AAA,0.16313642,0.0,0.27105406,0.0,0.30733335,0.0,0.0,0.047971822
IND762001AAA,3.3824308,0.0,2.7342515,0.0,3.3517416,0.3705058,0.0,3.0926383
IND208019AAA,7.077113,0.0,5.23011,0.0,7.271763,0.0,0.0,6.785115
IND500035AAD,3.9329374,0.0,3.1925364,0.0,4.150808,0.0,0.0,3.7654955
IND152026AAA,4.954285,0.0,2.9672103,0.0,2.8890202,0.0,0.0,4.2455225
IND284403AAA,3.153049,0.0,2.1700735,0.0,2.668399,0.0,0.0,2.815584
IND481661AAA,2.222658,0.0,1.9381834,0.0,2.4791453,0.0,0.0,2.2717514
IND142401AAA,2.908034,0.0,2.0537527,0.0,2.7647684,0.0,0.0,2.8463192
IND630561AAA,3.271172,0.0,2.4540808,0.0,2.7755115,0.3901574,0.0,2.7917767
IND560064AAA,2.3435094,0.0,1.891127,0.0,2.5578513,0.0,0.0,2.3317163
IND306116AAA,2.4701676,0.0,1.9772617,0.0,2.3442342,0.24533486,0.0,2.213614
IND411021AAA,4.1143765,0.0,1.8384141,0.0,3.3732336,0.0,0.0,3.5982478
IND262802AAA,3.3537776,0.0,2.722771,0.0,3.2713273,0.6656229,0.0,2.9442418
IND125111AAA,1.6568081,0.0,1.3826555,0.0,1.7856771,0.0,0.0,1.5907573
IND754103AAA,14.534168,0.0,11.74753,0.7091259,13.737644,4.546263,0.0,12.639811
IND331507AAA,0.4243679,0.0,0.0,0.0,0.1505183,0.0,0.0,0.2915379
IND423301AAB,2.0730445,0.0,1.9338691,0.0,2.532353,0.0,0.0,2.0852122
IND560058AAB,3.0344133,0.0,1.6947268,0.0,2.4412653,0.0,0.0,2.888137
IND122015AAC,4.876621,0.0,0.79930246,0.0,3.9594676,0.0,0.0,3.8070288
IND523226AAA,2.6310594,0.0,2.0814002,0.0,2.684539,0.0,0.0,2.504882
IND302004AAA,3.850936,0.0,2.8962493,0.0,3.7006235,0.0,0.0,3.5503125
IND813203AAA,5.3188634,0.0,4.630975,0.71697116,5.3132668,1.9036937,0.0,4.7878885
IND623407AAA,2.8084352,0.0,2.2724197,0.0,2.7214015,0.40711194,0.0,2.5198781
IND517583AAA,3.3226326,0.0,2.703255,0.0,3.2767117,0.5099769,0.0,3.0063787
IND360370AAA,3.211398,0.0,2.605511,0.0,3.2152045,0.22543281,0.0,2.9531155
IND712406AAA,2.679834,0.0,2.1244094,0.0,2.5346124,0.0,0.0,2.3246224
IND641607AAA,3.465511,0.0,2.4178,0.0,2.7636797,0.0,0.0,3.0386093
IND586128AAA,3.055351,0.0,2.313816,0.0,2.8164103,0.0,0.0,2.8507078
IND402301AAA,2.9390314,0.0,2.404999,0.0,2.910335,0.4627598,0.0,2.630648
IND487001AAB,2.711311,0.0,2.2565687,0.0,2.9381967,0.0,0.0,2.6104152
IND673027AAB,3.0626745,0.0,2.316558,0.0,2.7307868,0.0,0.0,2.680515
IND000000AET,2.743638,0.0,2.2875972,0.0,2.8229945,0.2746402,0.0,2.465955
IND442101AAB,5.485866,0.0,4.424975,0.86346775,5.0199447,1.9957714,0.0,4.6566186
IND581325AAA,2.1305928,0.0,1.6863862,0.0,2.1820042,0.0,0.0,2.1544516
IND571114AAA,7.079336,0.0,5.955754,0.57407576,6.9207315,2.2803493,0.0,6.240931
IND574211AAA,3.455356,0.0,2.5914323,0.0,3.2007806,0.0,0.0,3.107182
IND721134AAB,1.5340804,0.0,1.0448837,0.0,1.3836199,0.0,0.0,1.396148
IND784001AAA,6.760175,0.0,5.0642,0.0,5.616165,0.47758096,0.0,5.832505
IND328001AAA,2.8718812,0.0,1.294691,0.0,2.2259219,0.0,0.0,2.737695
IND607001AAA,2.7549798,0.0,2.2235305,0.0,2.734434,0.19055972,0.0,2.5293233
IND623503AAA,2.0052888,0.0,1.5693883,0.0,1.858908,0.016639464,0.0,1.8315175
IND781018AAA,0.27498662,0.0,0.22135277,0.0,0.21952394,0.0,0.0,0.20558867
IND503111AAC,3.1705024,0.0,1.7510854,0.0,2.3299875,0.0,0.0,2.945633
IND742149AAA,0.31896448,0.0,0.09155268,0.0,0.12115622,0.0,0.0,0.15024859
IND562101AAA,3.127345,0.0,2.63102,0.0,3.09423,0.22404385,0.0,2.905051
IND786602AAA,2.2329712,0.0,1.7824019,0.0,2.5980577,0.0,0.0,2.2830896
IND814133AAA,3.604759,0.0,2.8220932,0.0,3.432268,0.4066755,0.0,3.2807214
IND560099AAB,7.3068237,0.0,2.6708016,0.0,1.6238767,0.0,0.0,5.097967
IND226004AAA,0.37166712,0.0,0.115393765,0.0,0.094836794,0.0,0.0,0.14073792
IND825102AAA,4.791391,0.0,3.9204462,0.0,4.8228455,0.46336114,0.0,4.4101353
IND683511AAB,2.676248,0.0,1.7564871,0.0,2.5030138,0.0,0.0,2.4188712
IND713148AAA,6.592478,0.0,5.454866,0.0,6.545485,1.1227959,0.0,5.9754086
IND643212AAA,3.9042957,0.0,3.0564594,0.0,3.8185148,0.0,0.0,3.6242115
IND151103AAA,2.2568533,0.0,1.7237103,0.0,2.3978496,0.0,0.0,2.246463
IND396580AAB,2.9372904,0.0,2.3495014,0.0,2.9064367,0.12742853,0.0,2.7095578
IND201007AAB,8.656066,0.0,6.4501576,0.0,7.4857874,1.2615703,0.0,7.5400195
