center,name,betweenness,in_degree,out_degree,in_degree_weighted,out_degree_weighted,clustering,avg_incoming_delay_factor,bottleneck_score
IND000000ACB,Gurgaon_Bilaspur_HB (Haryana),0.21390322353584604,41,48,87.70513783131398,92.3360668123512,0.03822055137844611,2.1391497032027798,0.4575710171408229
IND712311AAA,Kolkata_Dankuni_HB (West Bengal),0.08403981868577484,21,20,67.94671006981189,48.05219630786207,0.04187192118226601,3.2355576223719944,0.27191567593151916
IND562132AAA,Bangalore_Nelmngla_H (Karnataka),0.11999410836716036,36,35,66.79135664139791,64.26969888719908,0.050170068027210885,1.855315462261053,0.22262692463382103
IND501359AAE,Hyderabad_Shamshbd_H (Telangana),0.08833972918261122,30,26,71.16496682300406,50.65036497676305,0.041025641025641026,2.372165560766802,0.2095564632144564
IND209304AAA,Kanpur_Central_H_6 (Uttar Pradesh),0.032177658067077265,15,13,84.22927420769729,27.40140178333533,0.021645021645021644,5.615284947179818,0.1806867189795582
IND160002AAC,Chandigarh_Mehmdpur_H (Punjab),0.04970854469722433,30,28,84.6530951406615,52.14184897164588,0.030197444831591175,2.8217698380220506,0.14026607211859854
IND842001AAA,Muzaffrpur_Bbganj_I (Bihar),0.024432179356501642,11,15,61.74005528541207,34.4739004429065,0.05138339920948617,5.6127322986738255,0.13713128220122864
IND421302AAG,Bhiwandi_Mankoli_HB (Maharashtra),0.054239531307540986,27,27,64.75897794470742,61.03223303794519,0.062388591800356503,2.3984806646187935,0.13009246709912275
IND131028AAB,Sonipat_Kundli_H (Haryana),0.04347675050039033,19,18,40.94777497749649,35.08587319377603,0.034482758620689655,2.155146051447184,0.0936987471706706
IND211002AAB,Allahabad_Central_H_1 (Uttar Pradesh),0.007964667352532288,4,4,45.22291033632721,14.07461588754495,0.0,11.305727584081803,0.09004635938556008
IND781018AAB,Guwahati_Hub (Assam),0.04273040456912619,14,14,28.752694919810885,27.66816132199813,0.03333333333333333,2.053763922843635,0.08775816331258418
IND411033AAA,Pune_Tathawde_H (Maharashtra),0.041015355315157966,22,19,45.9630655958083,38.86703390648441,0.06084656084656084,2.089230254354923,0.08569052121754502
IND600056AAB,MAA_Poonamallee_HB (Tamil Nadu),0.03906446502165172,18,18,36.753087740071535,38.51541455654601,0.05928853754940711,2.0418382077817525,0.07976331724776231
IND302014AAA,Jaipur_Hub (Rajasthan),0.03626160122019561,10,7,20.20903786443469,14.318602370534986,0.06593406593406594,2.0209037864434696,0.07328120720839644
IND382430AAB,Ahmedabad_East_H_1 (Gujarat),0.030416097565277724,16,12,38.23141416325908,21.980691374457958,0.043478260869565216,2.389463385203692,0.07267815145301429
IND110037AAM,Delhi_Airport_H (Delhi),0.030810624099468012,18,22,38.9769710973515,47.87819676963028,0.06436781609195402,2.1653872831861944,0.06671693361201812
IND462022AAA,Bhopal_Trnsport_H (Madhya Pradesh),0.02547287421979889,13,9,31.897452984078562,20.664236360962292,0.0718954248366013,2.4536502295445044,0.06250152367656783
IND821115AAB,Sasaram_Central_I_2 (Bihar),0.006366185662449492,4,5,30.160015446596212,10.109863830542386,0.09523809523809523,7.540003861649053,0.048001064478844
IND854326AAB,Purnia_Central_H_2 (Bihar),0.01826790925649102,6,8,14.823614274623534,16.951081925404292,0.1282051282051282,2.4706023791039224,0.045132740070341286
IND683511AAA,Aluva_Peedika_H (Kerala),0.018915465741329324,11,7,21.469537216184513,11.253347947831468,0.03333333333333333,1.9517761105622284,0.036918754154084826
IND530012AAA,Visakhapatnam_Gajuwaka_IP (Andhra Pradesh),0.017010141088581808,9,10,19.275170205254504,20.987621751824893,0.05128205128205128,2.1416855783616118,0.03643037385531195
IND575004AAB,Mangalore_Kuntikna_H (Karnataka),0.01463650188379039,6,7,13.211331919228156,14.37152347122416,0.07692307692307693,2.201888653204693,0.03222794742052717
IND751002AAB,Bhubaneshwar_Hub (Orissa),0.015498746413029563,11,6,22.7669489649442,20.487567820428687,0.13186813186813187,2.0697226331767453,0.032078106236914185
IND786001AAB,Dibrugarh_Bokule_H (Assam),0.011854167426244348,6,5,14.373246380465526,11.058173288930105,0.09090909090909091,2.395541063410921,0.028397144842116487
IND713205AAB,Durgapur_Central_I_1 (West Bengal),0.013865000721268545,6,10,12.12568739712126,28.962096358925628,0.054945054945054944,2.0209478995202104,0.02802044408449387
IND580028AAA,Hubli_Adargchi_IP (Karnataka),0.013330786436346878,8,7,16.142441912043076,15.320764489981809,0.07692307692307693,2.0178052390053844,0.026898930711322648
IND842003AAB,Jabalpur_Adhartal_IP (Madhya Pradesh),0.011135276689710273,4,8,9.655578862432488,16.544771810751627,0.06060606060606061,2.413894715608122,0.02687938555812593
IND416012AAA,Kolhapur_Shivaji_I (Maharashtra),0.00836843242717698,5,5,15.963881527136811,10.751563951780224,0.1111111111111111,3.1927763054273623,0.02671853276706065
IND742101AAC,Baharampur_Chuanpur_I (West Bengal),0.009452316751554357,6,6,16.632195420329516,14.299489464229655,0.05454545454545454,2.7720325700549195,0.026202129897784393
IND573201AAB,Hassan_Pandrnga_I (Karnataka),0.01379160570230155,4,5,7.386342623465538,11.151553894571204,0.14285714285714285,1.8465856558663845,0.025467381261235076
IND785682AAA,Sivasagar_Babupaty_D (Assam),0.007931179884375104,2,2,6.351082251082252,4.271777701465202,0.0,3.175541125541126,0.025185787896897655
IND305001AAC,Ajmer_FoySGRRD_I (Rajasthan),0.009911894273127754,4,4,9.765800228606805,8.253914823556837,0.09523809523809523,2.4414500571517013,0.024199394839609374
IND521225AAB,Vijayawada_Rynapadu_H (Andhra Pradesh),0.011121406140769428,7,7,14.759655429890891,13.071454336393279,0.09090909090909091,2.1085222042701273,0.023449731790518482
IND395023AAA,Surat_HUB (Gujarat),0.011682428170874799,7,8,13.777375351205148,16.281319856249333,0.2,1.9681964787435926,0.022993313989090727
IND244901AAB,Rampur_RoshnBgh_I (Uttar Pradesh),0.012677681731932225,9,6,16.281530807276173,9.66191571826866,0.06666666666666667,1.809058978586241,0.022934673964810758
IND306401AAB,Pali_Nayagaon_I (Rajasthan),0.0108788696850038,3,4,5.992537197531325,8.57160902302523,0.2,1.9975123991771084,0.021730677084827052
IND273014AAB,Gorakhpur_Matriprm_IP (Uttar Pradesh),0.005990293786152595,5,5,16.866139907673293,11.198849849337655,0.0,3.373227981534659,0.020206626617063128
IND585104AAA,Gulbarga_Nehrugnj_I (Karnataka),0.006382830321178506,5,5,15.513117790170028,9.99838667402927,0.0,3.1026235580340056,0.019803519721422188
IND424006AAA,Dhule_MIDCAvdn_I (Maharashtra),0.00321340988819545,5,9,29.86202058104497,18.367340383194044,0.09090909090909091,5.972404116208994,0.019191782443325187
IND342005AAD,Jodhpur_Basni_I (Rajasthan),0.005188774208070916,2,4,7.323305477740763,8.254015376967413,0.2,3.6616527388703815,0.018999489290362864
IND518002AAA,Kurnool_AbbasNgr_I (Andhra Pradesh),0.009937257562619584,9,7,17.11602350600436,12.50211334524959,0.09090909090909091,1.9017803895560401,0.01889848155855738
IND826004AAA,Dhanbad_Kalynpur_I (Jharkhand),0.00879403811221741,7,5,14.965904046832476,11.229058881497908,0.07272727272727272,2.1379862924046393,0.018801532938804794
IND506002AAA,Warangal_HunterRd_I (Telangana),0.006779131719488359,3,3,8.312075169932028,5.034619792838245,0.0,2.770691723310676,0.01878288414641927
IND785001AAA,Jorhat_RicMilRd_D (Assam),0.008759053505444389,5,3,10.339956791176304,6.331501831501832,0.13333333333333333,2.0679913582352603,0.01811364695557926
IND313001AAB,Udaipur_Mangri_I (Rajasthan),0.00868265980589686,4,5,8.002230923548302,10.145024727918841,0.14285714285714285,2.0005577308870754,0.017370162199349438
IND515004AAA,Anantapur_KamaStrt_I (Andhra Pradesh),0.009519159587402688,4,4,7.06223677888552,7.733462919959022,0.06666666666666667,1.76555919472138,0.016806639735558994
IND505001AAB,Karimnagar_KamnHbRD_I (Telangana),0.008358987243850593,8,7,15.66650785719904,13.101921655580194,0.08888888888888889,1.95831348214988,0.01636951741675148
IND474003AAA,Gwalior_HrihrNgr_I (Madhya Pradesh),0.007454627452907505,8,6,16.882815843241065,11.986970777172207,0.09090909090909091,2.1103519804051336,0.01573188780842583
IND000000ACA,Ludhiana_MilrGanj_HB (Punjab),0.007350003883753704,12,9,25.485570382128433,17.36505304123708,0.10833333333333334,2.123797531844036,0.015609920107360196
IND785612AAB,Bokakhat_MlnprDPP_D (Assam),0.0077900965865767965,2,2,3.8784183296378423,3.8784183296378423,0.3333333333333333,1.9392091648189211,0.015106626695514318
IND403726AAA,Goa_Hub (Goa),0.007145087281797401,4,6,8.243154506605473,11.199573988548368,0.1111111111111111,2.060788626651368,0.014724514606759423
IND834002AAB,Ranchi_Hub (Jharkhand),0.004596737661986311,5,5,15.998915725593339,13.7538138415327,0.17857142857142858,3.199783145118668,0.014708563693355992
IND785675AAA,Moranhat_TiloiDPP_D (Assam),0.007402910120428069,1,1,1.9392091648189211,1.9392091648189211,0.0,1.9392091648189211,0.014355791151864854
IND384205AAA,Mehsana_Panchot_IP (Gujarat),0.008349277859592,5,5,8.583161397751164,8.383814640704642,0.08333333333333333,1.716632279550233,0.014332639884709704
IND125001AAA,Hisar_ModelTwn_P (Haryana),0.0070941682135631234,5,7,9.846471816821289,15.15585493589316,0.08888888888888889,1.969294363364258,0.013970505475727747
IND431136AAC,Aurangabad_Central_H_1 (Maharashtra),0.005573582865829784,5,5,12.253537277356127,11.780887783895302,0.047619047619047616,2.4507074554712256,0.013659221082975731
IND507002AAA,Khammam_NSTRoad_I (Telangana),0.0047893023985745835,4,6,11.306737900451106,11.704050735522019,0.10714285714285714,2.826684475112776,0.013537846736671156
IND742102AAB,Berhampore_Central_I_2 (West Bengal),0.0051834901894267345,5,4,12.848492212688926,9.20015913696131,0.0,2.5696984425377853,0.01332000666667977
IND532001AAB,Srikakulam_Kuslpram_I (Andhra Pradesh),0.00715561804788272,5,4,9.271843485562998,9.052701228310985,0.14285714285714285,1.8543686971125997,0.013269154116487684
IND263153AAB,Rudrapur_UdhamNgr_H (Uttarakhand),0.007148484622713143,6,5,11.085662267397945,9.282143235087457,0.05555555555555555,1.8476103778996575,0.013207614375180922
IND303702AAB,Chomu_ShsmlDPP_D (Rajasthan),0.0060416148172337215,1,2,2.1842105263157894,3.480875831485588,0.3333333333333333,2.1842105263157894,0.013196158679747338
IND400072AAB,Mumbai Hub (Maharashtra),0.004996699358341033,11,9,28.77270604201329,22.339741075917548,0.07692307692307693,2.6157005492739356,0.013069869256169363
IND605010AAB,Pondicherry_Vasanthm_I (Pondicherry),0.0071587884590691995,2,3,3.503083247687564,5.671521777913704,0.0,1.751541623843782,0.012538915962352192
IND244235AAA,Gajraula_JawaharN_D (Uttar Pradesh),0.006770413088725543,1,1,1.8429752066115703,0.8786407766990292,0.0,1.8429752066115703,0.012477703461039637
IND788026AAC,Silchar_Sirikona_H (Assam),0.004790095001371203,4,4,10.349904273412943,8.821953000471956,0.19047619047619047,2.5874760683532356,0.012394256181186447
IND533106AAA,Rajamundry_AtoNgrRd_I (Andhra Pradesh),0.0061768357576439835,8,8,16.0140913751626,16.675002053050836,0.15555555555555556,2.001761421895325,0.012364551529035308
IND487551AAA,Gadarwara_MPward_D (Madhya Pradesh),0.005853371653036541,2,1,3.8784183296378423,1.9392091648189211,0.0,1.9392091648189211,0.011350911954659738
IND464668AAA,Bareli_SourvDPP_D (Madhya Pradesh),0.005843860419477105,1,1,1.9392091648189211,1.9392091648189211,0.0,1.9392091648189211,0.011332467683372547
IND332001AAB,Sikar_FatehpRd_I (Rajasthan),0.006418101145628082,3,6,5.2838237350432475,10.7762850890541,0.08333333333333333,1.7612745783477493,0.011304038389059308
IND560300AAA,Bengaluru_KGAirprt_HB (Karnataka),0.005563873481571193,4,12,8.037383890372412,22.678122661529873,0.21794871794871795,2.009345972593103,0.011179746772212644
IND174001AAA,BilaspurHP_Indsarea_D (Himachal Pradesh),0.0023932641443932074,2,1,9.306323362362741,2.566951566951567,0.0,4.653161681181371,0.011136245009635792
IND500039AAC,Hyderabad_Uppal_I (Telangana),0.00477226143844726,5,4,11.468242389794113,15.112840862840862,0.047619047619047616,2.293648477958823,0.010945890184716141
IND125005AAA,Hisar_IndstlAr_I (Haryana),0.00563806896645778,4,5,7.7568366592756846,9.683843958545758,0.14285714285714285,1.9392091648189211,0.010933395011636069
IND691001AAB,Kollam_Central_H_1 (Kerala),0.005568827249050066,2,4,3.810166441745389,6.557447633667146,0.0,1.9050832208726944,0.010609079352103926
IND431603AAA,Nanded_Aswningr_I (Maharashtra),0.00479841733073571,4,4,8.725513616817965,8.483277591973245,0.09523809523809523,2.1813784042044913,0.010467163939627436
IND583101AAA,Bellary_Dc (Karnataka),0.003992340286573468,3,2,7.6613239224803,4.503875968992247,0.16666666666666666,2.5537746408267665,0.010195537381402388
IND570020AAA,Mysore_Yadvgiri_IP (Karnataka),0.002851784862237708,3,3,10.716953242835595,7.330385635407157,0.06666666666666667,3.5723177476118653,0.010187481675742622
IND444005AAB,Akola_Gaurkshn_I (Maharashtra),0.0043759600401374055,3,3,6.9596320725086365,6.624727702375948,0.1,2.319877357502879,0.010151690614452155
IND121004AAB,FBD_Balabhgarh_DPC (Haryana),0.004059181078009753,8,6,19.972397883241257,11.747061854173923,0.07142857142857142,2.496549735405157,0.01013394744626687
IND523002AAA,Ongole_SubhVRTL_I (Andhra Pradesh),0.006298993703940814,3,5,4.821700279652044,9.1614197950686,0.14285714285714285,1.6072334265506811,0.010123953234605961
IND422011AAD,Nashik_TgrniaRD_I (Maharashtra),0.004774639246837119,2,3,4.183007713935549,5.479458437047723,0.0,2.0915038569677744,0.009986176400389544
IND784176AAA,Bishwanath_ChrliDPP_D (Assam),0.003940821104793186,1,1,2.5272938443670148,1.9392091648189211,1.0,2.5272938443670148,0.009959612919895437
IND502286AAB,Narayankhed_Datatrya_D (Telangana),0.00393051726843713,1,1,2.4285714285714284,2.1875,0.0,2.4285714285714284,0.00954554193763303
IND335513AAA,Hanumangarh_DC (Rajasthan),0.004786924590184725,3,3,5.804687712673706,6.0982085141749005,0.06666666666666667,1.9348959042245688,0.009262200783380296
IND431517AAB,Ambajogai_BnsllNgr_D (Maharashtra),0.0031426700885971407,1,1,2.933333333333333,2.768272113943029,0.0,2.933333333333333,0.009218498926551612
IND390022AAA,Vadodara_Karelibaug_DPC (Gujarat),0.0044821444392031855,5,4,9.927785927081306,7.604627190990827,0.26666666666666666,1.9855571854162608,0.008899554097333421
IND611001AAA,Nagapttinm_Sttyapar_D (Tamil Nadu),0.0027820358161351737,1,1,3.1944444444444446,2.34375,0.0,3.1944444444444446,0.008887058857098472
IND000000AFT,Mumbai_Sanpada_I (Maharashtra),0.003594057381272064,5,7,12.24769536019536,16.48165124349335,0.047619047619047616,2.449539072039072,0.00880378398257635
IND754103AAA,Jagatsghpr_Markndpr_D (Orissa),0.0008100400581453412,1,1,10.703832752613243,1.9392091648189211,0.0,10.703832752613243,0.00867053330530484
IND502220AAC,Zahirabad_Mohim_D (Telangana),0.003921006034877693,1,1,2.1875,1.317829457364341,0.0,2.1875,0.008577200701294953
IND202001AAB,Aligarh_KhirByps_I (Uttar Pradesh),0.0031710320586695036,4,4,10.770677057816055,8.360896725225995,0.26666666666666666,2.6926692644540138,0.00853854056097771
IND201007AAA,GZB_Mohan_Nagar_DPC (Uttar Pradesh),0.003736099351024373,7,4,15.719755819627942,8.677754677754677,0.19047619047619047,2.2456794028039915,0.008390081359424794
IND721306AAA,Kharagpur_DC (West Bengal),0.00398599946420051,3,3,6.2664133138052485,5.923872875092387,0.06666666666666667,2.088804437935083,0.008325973370428888
IND205001AAB,Mainpuri_Agraroad_I (Uttar Pradesh),0.003643595056060796,3,4,6.815811728921485,8.918237250554323,0.19047619047619047,2.2719372429738285,0.008278019306179838
IND783301AAA,Dhubri_Tetultol_D (Assam),0.0035690903931785436,2,1,4.595459164818921,1.9090909090909087,0.0,2.2977295824094606,0.008200804578699752
IND610001AAA,Thiruvarur_Bypasrd_D (Tamil Nadu),0.003562353269407276,2,2,4.59612843551797,3.7775824175824173,0.16666666666666666,2.298064217758985,0.008186516579441595
IND600044AAD,Chennai_Chrompet_DPC (Tamil Nadu),0.0031902262563943233,5,5,12.799698577284785,13.861508989095196,0.2,2.5599397154569568,0.008166786895037397
IND784168AAB,Gohpur_Central_D_1 (Assam),0.004153634955685578,3,2,5.817627494456763,4.466503009185936,0.3,1.9392091648189211,0.008054766973377706
IND605601AAA,Villupuram_Thirumtr_IP (Tamil Nadu),0.0047778096580235975,3,3,4.971483358635061,5.5217194416070825,0.0,1.6571611195450204,0.007917600401863395
IND000000AAS,Bongaigaon_Chpaguri_D (Assam),0.0031926040647841823,1,1,2.4646938775510203,1.7666666666666666,0.0,2.4646938775510203,0.007868791691918075
IND341001AAC,Nagaur_KisanCo_D (Rajasthan),0.003949936036954313,2,2,3.8784183296378423,3.8784183296378423,0.3333333333333333,1.9392091648189211,0.007659752163310333
IND609110AAA,Sirkazhi_Pngktgudi_D (Tamil Nadu),0.002801058283254047,1,1,2.7333333333333334,1.9655172413793107,0.0,2.7333333333333334,0.007656225974227728
IND341303AAA,Didwana_KatlaDPP_D (Rajasthan),0.00393091356983544,2,1,3.8784183296378423,1.6733333333333333,0.3333333333333333,1.9392091648189211,0.0076228636207359484
IND695012AAA,Trivandrum_Mnanthla_H (Kerala),0.0035976240938568535,4,2,8.400747626357383,3.7008547008547006,0.0,2.1001869065893453,0.0075556830167485215
IND249407AAA,Haridwar (Uttarakhand),0.0019910182251087058,4,3,14.95737310916254,7.167443210518776,0.16666666666666666,3.739343277290635,0.007445100615023371
IND503111AAC,Kamareddy_Devenply_I (Telangana),0.003982829053014031,3,3,5.592704043923557,5.955552206890118,0.16666666666666666,1.8642346813078523,0.007424928050349267
IND585401AAA,Bidar (Karnataka),0.003940028501996567,1,1,1.8823529411764703,2.4285714285714284,0.0,1.8823529411764703,0.007416524239052359
IND175001AAA,Mandi_PlaceCol_D (Himachal Pradesh),0.0023742416772743343,1,1,3.117647058823529,1.933859649122807,0.0,3.117647058823529,0.00740204758209057
IND585330AAE,Humnabad_EBroad_D (Karnataka),0.003949539735556003,1,1,1.837209302325581,1.8823529411764703,0.0,1.837209302325581,0.007256131142068005
IND144001AAB,Jalandhar_DPC (Punjab),0.003582960942119388,5,5,10.046989863734595,9.27410549535117,0.26666666666666666,2.009397972746919,0.007199594453526089
IND600116AAB,Chennai_Porur_DPC (Tamil Nadu),0.002404360583545883,3,3,8.852785145888593,7.831501831501832,0.16666666666666666,2.950928381962864,0.007095095886458341
IND515671AAA,Dharmavram_SaiNgr_D (Andhra Pradesh),0.00281889184617799,1,2,2.5161290322580645,3.355875831485588,0.3333333333333333,2.5161290322580645,0.007092695612963975
IND500010AAA,Hyderabad_Alwal_I (Telangana),0.0019906219237103956,3,2,10.609294871794871,4.545738045738046,0.3333333333333333,3.5364316239316236,0.007039698322301047
IND244001AAA,Moradabad_DC (Uttar Pradesh),0.00360594642322136,1,1,1.944099378881988,2.010989010989011,1.0,1.944099378881988,0.007010318201666373
IND723130AAA,Hura_Central_D_1 (West Bengal),0.003984017957208961,3,2,5.211751662971175,4.272542498152254,0.1,1.737250554323725,0.006921237404596942
IND506143AAA,Ghanpur_Palakrty_D (Telangana),0.0035334232673306567,1,1,1.9565217391304348,1.8006535947712417,0.0,1.9565217391304348,0.006913219436081719
IND794101AAA,Tura_Sracmplx_D (Meghalaya),0.003540556692500234,1,1,1.9392091648189211,2.408805031446541,0.0,1.9392091648189211,0.006865879986657421
IND783348AAA,Bilasipara_Wardno5_D (Assam),0.003559579159619107,1,1,1.9090909090909087,1.8764044943820224,0.0,1.9090909090909087,0.006795560213818295
IND485001AAC,Satna_Central_I_2 (Madhya Pradesh),0.0028282049290382716,2,5,4.787979997587836,15.162119422282023,0.23809523809523808,2.393989998793918,0.006770694314657285
IND783129AAA,Lakhipur_WrdN4DPP_D (Assam),0.0035500679260596704,1,1,1.8764044943820224,1.9392091648189211,0.0,1.8764044943820224,0.006661363411819831
IND413002AAA,Solapur_Central_I_2 (Maharashtra),0.0032502229855867946,5,4,10.107148395105913,8.075127102478366,0.26666666666666666,2.0214296790211823,0.006570097206501983
IND341306AAA,Sujangarh_LdnunDPP_D (Rajasthan),0.003921402336276004,1,1,1.6733333333333333,1.9392091648189211,0.0,1.6733333333333333,0.006561813242701846
IND431514AAA,Gangakher_Busstand_D (Maharashtra),0.003161692555716014,1,1,2.0689655172413794,2.0454545454545454,0.0,2.0689655172413794,0.006541432873895202
IND334001AAC,Bikaner_ITICollg_L (Rajasthan),0.0033719304475193913,1,2,1.9392091648189211,3.8784183296378423,0.3333333333333333,1.9392091648189211,0.00653887842696157
IND244221AAA,Amroha_SamitiRd_D (Uttar Pradesh),0.0066087221182151235,1,1,0.9802436125965538,1.9054054054054055,0.0,0.9802436125965538,0.006478157643805942
IND282002AAD,IND282002AAD,0.003328420171021555,4,4,7.7568366592756846,7.7568366592756846,0.2857142857142857,1.9392091648189211,0.00645450290001316
IND431515AAA,Parli_JirgeNgr_D (Maharashtra),0.0031521813221565774,1,1,2.0454545454545454,2.933333333333333,0.0,2.0454545454545454,0.00644764361350209
IND723101AAA,Purulia_GariDPP_D (West Bengal),0.002761824444821371,1,1,2.333333333333333,1.8461538461538465,0.0,2.333333333333333,0.006444257037916532
IND431708AAA,Loha_SivjiCWK_D (Maharashtra),0.00317120378927545,1,1,2.0217391304347827,2.0689655172413794,0.0,2.0217391304347827,0.006411346791361236
IND506167AAB,Jangaon_Hanmkond_D (Telangana),0.0035239120337712195,1,1,1.8006535947712417,2.1298701298701297,0.0,1.8006535947712417,0.006345344871267784
IND781335AAA,Nalbari_Bhgtpura_D (Assam),0.0032116265319030554,1,1,1.9392091648189211,1.9392091648189211,0.0,1.9392091648189211,0.006228015604642013
IND000000AET,Barpeta_ShivBari_D (Assam),0.003202115298343619,1,1,1.9392091648189211,2.4646938775510203,0.0,1.9392091648189211,0.00620957133335482
IND151001AAA,Bhatinda_DPC (Punjab),0.0037872543129481183,5,4,8.091103325640832,6.295186622320769,0.10714285714285714,1.6182206651281663,0.00612861319330842
IND686028AAB,Kottayam_Central_H_1 (Kerala),0.002442801819181939,3,2,7.518965703775831,3.273055318665075,0.0,2.5063219012586107,0.00612244769985007
IND175018AAA,SundarNgr_Bhogpur_D (Himachal Pradesh),0.0023837529108337707,1,1,2.566951566951567,3.117647058823529,0.0,2.566951566951567,0.006118978269690107
IND632006AAA,Vellore_GndhiNgr_IP (Tamil Nadu),0.0032289316929625857,3,5,5.661797026502909,10.551431812139278,0.23809523809523808,1.8872656755009698,0.0060938519526655245
IND401104AAA,Mumbai_MiraRd_IP (Maharashtra),0.0012049544015611106,4,4,20.15649738156132,10.14565170940171,0.2,5.039124345390331,0.006071915059991829
IND382715AAA,Kadi_KaranNGR_D (Gujarat),0.004298284966068674,1,1,1.4125000000000003,2.0,1.0,1.4125000000000003,0.0060713275145720036
IND577002AAA,Davangere_Central_I_1 (Karnataka),0.003179922420038267,4,3,7.581685809621147,6.603729045361112,0.26666666666666666,1.8954214524052868,0.006027293171925067
IND110044AAB,Del_Okhla_PC (Delhi),0.0025572668730604355,2,6,4.698754789272031,11.39781748953201,0.39285714285714285,2.3493773946360155,0.006007984983619716
IND301001AAB,Alwar_Central_I_1 (Rajasthan),0.003188244749402774,4,3,7.413977403332509,5.574270864200054,0.3,1.8534943508331272,0.005909393632091421
IND732103AAB,Malda_Central_I_3 (West Bengal),0.0028422736286782715,2,2,4.093055318665074,4.3076923076923075,0.0,2.046527659332537,0.00581679159648154
IND783370AAC,Kokrajhar_PigonDPP_D (Assam),0.003183092831224746,1,1,1.7666666666666666,2.65625,0.0,1.7666666666666666,0.005623464001830385
IND608001AAA,Chidambaram_ARBNorth_DC (Tamil Nadu),0.0028105695168134832,1,1,1.9999999999999996,2.7333333333333334,0.0,1.9999999999999996,0.005621139033626966
IND786181AAC,Margherita_CivilHPL_D (Assam),0.0019910182251087058,3,3,8.441480562448305,11.055316091954023,0.16666666666666666,2.813826854149435,0.005602380548911821
IND742223AAA,Jangipur_Central_D_1 (West Bengal),0.001187715290734632,1,1,4.666666666666667,1.5795454545454546,0.0,4.666666666666667,0.005542671356761616
IND781354AAA,Rangia_HosptlRd_D (Assam),0.003221137765462492,1,1,1.7037037037037037,1.9392091648189211,0.0,1.7037037037037037,0.00548786434115832
IND609602AAA,Karaikal_Thalthru_DC (Pondicherry),0.0027915470496946105,1,1,1.9655172413793107,3.1944444444444446,0.0,1.9655172413793107,0.005486833856296305
IND305624AAA,Bijainagar_Central_DPP_1 (Rajasthan),0.002775694993762216,2,1,3.8784183296378423,1.9392091648189211,0.0,1.9392091648189211,0.005382653170645688
IND388320AAA,Anand_Vaghasi_IP (Gujarat),0.0032060783123267172,4,3,6.695652173913043,5.9582456140350875,0.2,1.673913043478261,0.005366696305416462
IND305404AAA,Kekri_LxmntDPP_D (Rajasthan),0.00276618376020278,1,1,1.9392091648189211,1.4545454545454546,0.0,1.9392091648189211,0.005364208899358495
IND487001AAB,Narsinghpur_KndliDPP_D (Madhya Pradesh),0.0027338851962405266,1,1,1.9392091648189211,1.9392091648189211,0.0,1.9392091648189211,0.005301575228112404
IND487001AAA,Narsingpur_JrjolDPP_D (Madhya Pradesh),0.0027338851962405266,1,1,1.9392091648189211,1.9392091648189211,0.0,1.9392091648189211,0.005301575228112404
IND560099AAB,Bengaluru_Bomsndra_HB (Karnataka),0.0025084047977983457,10,15,21.099608438058286,27.08963200450868,0.16911764705882354,2.109960843805829,0.005292635903769187
IND786190AAA,DoomDooma_Pthrgoan_D (Assam),0.001998151650278283,2,2,5.216346153846153,4.538230538230538,0.5,2.6081730769230766,0.005211525337865233
IND508001AAA,Nalgonda_HydRoad_DC (Telangana),0.002748746498677146,2,1,3.783338719474792,1.754310344827586,0.3333333333333333,1.891669359737396,0.005199719529233005
IND731224AAA,Rampurhat_SrifoDPP_D (West Bengal),0.001605020663154908,1,1,3.238095238095238,2.168202764976958,0.0,3.238095238095238,0.005197209766406368
IND581320AAA,Bhatkal_KmkshBul_D (Karnataka),0.00266305528525284,2,2,3.8784183296378423,3.8784183296378423,0.0,1.9392091648189211,0.005164221215581774
IND723202AAA,Jhalda_GMukrDPP_D (West Bengal),0.0027523132112619348,1,1,1.8461538461538465,2.2275862068965515,0.0,1.8461538461538465,0.005081193620791265
IND607001AAA,Cuddalore_KtsiGrsm_D (Tamil Nadu),0.0028200807503729196,1,1,1.793103448275862,1.9999999999999996,0.0,1.793103448275862,0.005056696517910063
IND583201AAA,Hospet (Karnataka),0.0020001331572698324,2,3,5.0233860342556,6.272542498152254,0.3333333333333333,2.5116930171278,0.005023720484440417
IND125104AAA,Sirsa_AnprnDPP_D (Haryana),0.002748746498677146,1,1,1.824264705882353,1.9392091648189211,0.0,1.824264705882353,0.005014441222954411
IND246761AAA,Dhampur_NaginaRD_D (Uttar Pradesh),0.0019886404167188463,1,2,2.5161290322580645,2.401322723113526,0.0,2.5161290322580645,0.005003675887228065
IND335001AAA,Ganga Nagar_DC (Rajasthan),0.0027582577322365826,1,1,1.790516206482593,1.824264705882353,0.0,1.790516206482593,0.004938705171225526
IND515591AAA,Kadiri_GVManu_D (Andhra Pradesh),0.002771335678380808,2,1,3.4853401171998737,1.6307692307692307,0.3333333333333333,1.7426700585999368,0.0048295237090439785
IND110085AAB,Delhi_Rohini_DPC (Delhi),0.002404756884944193,4,5,8.027343486188965,11.313797313797313,0.06666666666666667,2.006835871547241,0.004825952379056209
IND312001AAA,Chittaurgarh_DC (Rajasthan),0.0023932641443932074,2,2,4.015158531907529,3.504426556123269,0.16666666666666666,2.0075792659537646,0.0048046674742343795
IND342602AAC,Bilara_Central_DPP_2 (Rajasthan),0.0024087198989272917,2,2,3.8784183296378423,3.8784183296378423,0.3333333333333333,1.9392091648189211,0.004671011703481509
IND576201AAA,Kundapura_DC (Karnataka),0.0023980197611729254,2,1,3.8784183296378423,1.9392091648189211,0.3333333333333333,1.9392091648189211,0.004650261898283417
IND311302AAA,Badnaur_BhmrdDPP_D (Rajasthan),0.0023896974318084185,2,1,3.8784183296378423,1.9392091648189211,0.3333333333333333,1.9392091648189211,0.004634123160907124
IND791102AAA,Pasighat_MissonRd_D (Arunachal Pradesh),0.002373052773079405,2,1,3.8784183296378423,1.9392091648189211,0.0,1.9392091648189211,0.004601845686154537
IND721102AAA,Midnapore_Talkui_D (West Bengal),0.00235878592274025,1,1,1.9392091648189211,8.320652173913043,1.0,1.9392091648189211,0.0045741792792237486
IND175101AAA,Kullu_AkhraBzr_D (Himachal Pradesh),0.002364730443714898,1,1,1.933859649122807,1.9392091648189211,0.0,1.933859649122807,0.004573056786152513
IND421302AAR,Mumbai_East_I_21 (Maharashtra),0.001624043130273781,4,4,11.188888888888888,12.875815850815851,0.0,2.7972222222222225,0.00454280953384916
IND201007AAB,Ghaziabad_MohanNgr_C (Uttar Pradesh),0.0021088858095641137,1,3,2.1538461538461537,6.841489832007073,0.6666666666666666,2.1538461538461537,0.0045422155898303986
IND731237AAB,Morgram_Kntgorya_D (West Bengal),0.0016145318967143445,2,1,5.598850574712644,3.238095238095238,0.0,2.799425287356322,0.004519761418905501
IND516269AAA,Rayachoti_Madnpali_D (Andhra Pradesh),0.002761824444821371,1,1,1.6307692307692307,1.5921052631578947,0.0,1.6307692307692307,0.004503898325401005
IND486771AAA,Churhat_Central_DPP_1 (Madhya Pradesh),0.001209115566243364,3,1,11.088294872847719,1.6875,0.5,3.696098290949239,0.0044690099779522196
IND756100AAC,Bhadrak_Central_I_2 (Orissa),0.0020266853509565926,3,4,6.508762388612912,8.112150362892676,0.2,2.1695874628709704,0.004397071128619676
IND516390AAA,Pulivendula_RTCStand_D (Andhra Pradesh),0.0027523132112619348,1,1,1.5921052631578947,1.9651162790697674,0.0,1.5921052631578947,0.004381972349509133
IND577535AAC,Molakalmuru_KnsgraRD_D (Karnataka),0.0023679008549013767,1,1,1.837209302325581,1.5823717948717948,0.0,1.837209302325581,0.004350329477609506
IND209101AAA,Akbarpur_NehruNGR_D (Uttar Pradesh),0.0016145318967143445,1,1,2.6666666666666665,0.9015873015873015,0.0,2.6666666666666665,0.004305418391238252
IND515134AAA,Puttaprthi_Gokulam_D (Andhra Pradesh),0.0023932641443932074,3,2,5.38301282051282,3.195897170966575,0.16666666666666666,1.7943376068376067,0.00429432385738076
IND423701AAB,Vaijiapur_YeolaRD_D (Maharashtra),0.001968429045405044,2,1,4.324136008918618,2.4510489510489513,0.3333333333333333,2.162068004459309,0.004255877458118626
IND573116AAA,Channaraya_patna_D (Karnataka),0.002017174117397156,1,3,2.090909090909091,5.640323091542604,0.3333333333333333,2.090909090909091,0.004217727700012235
IND396191AAC,Vapi_IndEstat_I (Gujarat),0.001597094635188711,3,4,7.918367071524965,9.202991826601583,0.16666666666666666,2.639455690508322,0.004215460523129155
IND802213AAB,Dinara_Wardno7_D (Bihar),0.0007985473175943555,1,1,5.077651515151516,3.5,0.0,5.077651515151516,0.004054744997103158
IND764059AAA,Nabarangpr_PhdofDPP_D (Orissa),0.0015959057309937812,1,1,2.5333333333333337,2.1538461538461537,0.0,2.5333333333333337,0.004042961185184247
IND305601AAC,Nasirabad_Central_DPP_2 (Rajasthan),0.002756672526643343,1,1,1.4545454545454546,1.9705882352941175,0.0,1.4545454545454546,0.004009705493299408
IND246763AAA,Najibabad_KotdwrRD_D (Uttar Pradesh),0.001998151650278283,1,1,2.0,2.5161290322580645,0.0,2.0,0.003996303300556566
IND122001AAA,GGN_DPC (Haryana),0.0020017183628630716,2,3,3.9773755656108594,5.83710407239819,0.0,1.9886877828054297,0.003980792852843076
IND700053AAA,CCU_New Alipore_DPC (West Bengal),0.001596698333790401,2,2,4.953846153846154,9.680282935455349,0.3333333333333333,2.476923076923077,0.00395489894985007
IND741165AAB,Nazirpur_Central_D_1 (West Bengal),0.0012019821410737866,1,1,3.2837837837837838,1.4285714285714286,0.0,3.2837837837837838,0.003947049463255813
IND742202AAA,Dhulian_RatanDPP_D (West Bengal),0.0020231186383718037,1,2,1.9392091648189211,3.8784183296378423,0.3333333333333333,1.9392091648189211,0.003923250205046578
IND786171AAA,Digboi_JyotiNgr_D (Assam),0.0012103044704382935,1,1,3.169642857142857,2.4166666666666665,1.0,3.169642857142857,0.0038362329196928056
IND573134AAB,Sakleshpur_RgvdrDPP_D (Karnataka),0.001987847813922227,2,2,3.84830007390983,4.032959164818921,0.3333333333333333,1.924150036954915,0.0038249174446191997
IND211011AAA,Allahabad_Central_D_5 (Uttar Pradesh),0.0008080585511537919,1,1,4.714285714285714,3.904761904761905,0.0,4.714285714285714,0.0038094188840107337
IND573142AAA,Ramanathapura_Central_D_2 (Karnataka),0.0019696179495999736,2,1,3.7988582876259382,1.868421052631579,0.3333333333333333,1.8994291438129691,0.003741149735647334
IND577522AAA,Challakere_Shivangr_D (Karnataka),0.0023583896213419404,1,1,1.5823717948717948,1.4928571428571429,0.0,1.5823717948717948,0.0037318492181298586
IND285001AAD,Orai_Ajnari_D (Uttar Pradesh),0.0015955094295954716,1,1,2.333333333333333,1.4933712121212122,0.0,2.333333333333333,0.0037228553357227666
IND411014AAA,PNQ Vadgaon Sheri DPC (Maharashtra),0.001597094635188711,3,3,6.986263736263735,6.718704543509882,0.0,2.3287545787545785,0.003719241444400084
IND313324AAA,Rajsamand_kankroli_D (Rajasthan),0.0019672401412101147,1,1,1.8461538461538463,1.798758865248227,1.0,1.8461538461538463,0.003631827953003289
IND571301AAA,Nanjangud_RPRoad_D (Karnataka),0.0012233824165825188,1,1,2.95,1.9148550724637683,0.0,2.95,0.0036089781289184307
IND312605AAB,Pratapgarh_Nimachrd_D (Rajasthan),0.0019906219237103956,2,2,3.6177805933903495,4.069603753910323,0.3333333333333333,1.8088902966951748,0.003600816682188417
IND305802AAA,Kishangarh_Central_D_2 (Rajasthan),0.0016145318967143445,1,1,2.197037037037037,1.9392091648189211,0.0,2.197037037037037,0.0035471863745590707
IND600016AAC,Chennai_Perungudi_DPC (Tamil Nadu),0.0011932635103109699,2,2,5.942577030812325,4.11738782051282,0.0,2.9712885154061626,0.003545530164040228
IND572101AAA,Tumkur_Veersagr_I (Karnataka),0.0016224579246805414,2,1,4.3076923076923075,2.0,0.0,2.1538461538461537,0.0034945247608503967
IND607801AAA,Neyveli_NJVNgr_D (Tamil Nadu),0.001605020663154908,1,1,2.16025641025641,2.1277173913043477,0.0,2.16025641025641,0.0034672561761743843
IND311001AAA,Bhilwara_DC (Rajasthan),0.001976751374769551,2,1,3.504426556123269,1.8461538461538463,0.6666666666666666,1.7522132780616344,0.0034636900062977975
IND341510AAB,Merta_Central_DPP_1 (Rajasthan),0.0015764869624765984,2,1,4.393754619364376,2.336363636363637,0.3333333333333333,2.196877309682188,0.003463348436874634
IND742147AAA,Khargram_BoiDPP_D (West Bengal),0.0015955094295954716,1,1,2.168202764976958,2.1538461538461537,0.0,2.168202764976958,0.0034593879567957108
IND764001AAC,Jeypore_Kelasahi_D (Orissa),0.0016054169645532178,2,1,4.3076923076923075,2.5333333333333337,0.3333333333333333,2.1538461538461537,0.003457821154422315
IND335804AAD,Suratgarh_Central_DPP_2 (Rajasthan),0.001605020663154908,2,2,4.3076923076923075,4.3076923076923075,0.3333333333333333,2.1538461538461537,0.0034569675821798014
IND607106AAA,Panruti_GandhiRd_D (Tamil Nadu),0.0016145318967143445,1,1,2.1363636363636362,2.16025641025641,0.0,2.1363636363636362,0.0034492272338897357
IND363310AAB,Dhrangadhra_NvygRDPP_D (Gujarat),0.0019719957579898326,2,1,3.4947647203744765,1.4097222222222223,0.6666666666666666,1.7473823601872382,0.0034458306018754956
IND413304AAA,Pandharpur_RajCmplx_D (Maharashtra),0.001596698333790401,2,2,4.3076923076923075,4.3076923076923075,0.3333333333333333,2.1538461538461537,0.0034390425650870173
IND465669AAB,Narsinghgarh_Central_D_1 (Madhya Pradesh),0.0016145318967143445,1,1,2.125,1.5277777777777777,0.0,2.125,0.003430880280517982
IND370201AAA,Gandhidham_Sector1A_IP (Gujarat),0.0019910182251087058,2,2,3.4329591648189206,3.36778059339035,0.3333333333333333,1.7164795824094603,0.003417542131604216
IND574211AAA,Bantwal_Trmltmpl_D (Karnataka),0.0016149281981126544,1,2,2.116013071895425,4.412893375345237,0.3333333333333333,2.116013071895425,0.003417209177378901
IND764071AAB,Pappadahandi_Central_DPP_2 (Orissa),0.0015863944974343449,1,2,2.1538461538461537,4.3076923076923075,0.0,2.1538461538461537,0.003416849686781666
IND335701AAA,Anupgarh_PrmNrDPP_D (Rajasthan),0.001585998196036035,2,1,4.3076923076923075,2.1538461538461537,0.3333333333333333,2.1538461538461537,0.003415996114539152
IND742137AAA,Kandi_DohalDPP_D (West Bengal),0.001585998196036035,1,1,2.1538461538461537,2.1538461538461537,0.0,2.1538461538461537,0.003415996114539152
IND563131AAB,Bangarapet_KolarRd_D (Karnataka),0.0018557473478189423,3,3,5.501384032634032,6.196581196581196,0.5,1.8337946775446774,0.0034030596092980278
IND335051AAA,RaisingNgr_BisnolDPP_D (Rajasthan),0.0015764869624765984,1,1,2.1538461538461537,2.118811881188119,0.0,2.1538461538461537,0.003395510380718827
IND742401AAA,Ghanashyampur_NditaDPP_D (West Bengal),0.0015764869624765984,1,2,2.1538461538461537,6.128402670775553,0.0,2.1538461538461537,0.003395510380718827
IND606003AAA,Virudhchlm_SelamRd_D (Tamil Nadu),0.0015955094295954716,1,1,2.1277173913043477,1.6,0.0,2.1277173913043477,0.0033947931613403644
IND787059AAB,Silapathar_Hejunagr_D (Assam),0.0015836203876461758,1,1,2.12,1.9392091648189211,0.0,2.12,0.0033572752218098928
IND679531AAA,Shoranur_KdrShrRd_D (Kerala),0.00119247090751435,1,1,2.8125,1.36,0.0,2.8125,0.0033538244273841095
IND518124AAA,Bngnpalle_Enkndla_D (Andhra Pradesh),0.0012019821410737866,1,2,2.7857142857142856,3.5892091648189206,0.3333333333333333,2.7857142857142856,0.003348378821562691
IND844505AAB,HazratJandaha_HajiprRD_D (Bihar),0.0007890360840349189,1,1,4.222222222222222,12.259999999999998,1.0,4.222222222222222,0.0033314856881474357
IND787057AAA,Dhemaji_WardNo3_D (Assam),0.0011889041949295614,1,1,2.7429787234042555,2.12,0.0,2.7429787234042555,0.0032611389108578525
IND713128AAB,Guskhara_Itachnda_D (West Bengal),0.0012019821410737866,1,2,2.7043650793650795,4.739209164818921,0.3333333333333333,2.7043650793650795,0.003250598528340419
IND125051AAA,Ratia_SchdvDPP_D (Haryana),0.0015955094295954716,3,1,6.062628855953632,1.9392091648189211,0.3333333333333333,2.020876285317877,0.0032243271692705415
IND147001AAD,Patiala_GainMrkt_L (Punjab),0.0016113614855278657,2,3,3.9918407437662897,8.071966716734616,0.16666666666666666,1.9959203718831449,0.0032161492154329546
IND301705AAA,Neemrana_Rcocmplx_D (Rajasthan),0.001215060087218012,2,1,5.215804909499772,1.9392091648189211,0.3333333333333333,2.607902454749886,0.0031687581841244638
IND732103AAA,Malda_krshnPly_DC (West Bengal),0.001620872719087302,2,1,3.8784183296378423,1.9392091648189211,0.3333333333333333,1.9392091648189211,0.003143211231859061
IND484661AAE,Umaria_Central_DPP_3 (Madhya Pradesh),0.001615324499510964,1,2,1.9392091648189211,3.8784183296378423,0.3333333333333333,1.9392091648189211,0.0031324520736081985
IND344022AAB,Balotra_BsnoiHPL_D (Rajasthan),0.0016145318967143445,1,2,1.9392091648189211,3.8784183296378423,0.6666666666666666,1.9392091648189211,0.003130915051000933
IND212501AAA,Soraon_BypassRD_D (Uttar Pradesh),0.0007985473175943555,1,1,3.904761904761905,1.72,0.0,3.904761904761905,0.0031181371448922453
IND341512AAA,Parbatsar_AjmhwDPP_D (Rajasthan),0.001605020663154908,1,1,1.9392091648189211,1.9392091648189211,0.0,1.9392091648189211,0.0031124707797137397
IND484001AAA,Shahdol_Sohagpur_D (Madhya Pradesh),0.0015963020323920911,2,2,3.8784183296378423,3.8784183296378423,0.16666666666666666,1.9392091648189211,0.0030955635310338137
IND535558AAA,Bobbili_ColegRd_D (Andhra Pradesh),0.0015955094295954716,1,1,1.9392091648189211,1.565217391304348,0.0,1.9392091648189211,0.0030940265084265475
IND000000AAZ,Buldhana_Thsil3PL_D (Maharashtra),0.0015955094295954716,2,2,3.8784183296378423,3.8784183296378423,0.3333333333333333,1.9392091648189211,0.0030940265084265475
IND341505AAA,Makrana_Mwalibad_D (Rajasthan),0.0015955094295954716,1,2,1.9392091648189211,3.946668670360268,0.3333333333333333,1.9392091648189211,0.0030940265084265475
IND125111AAA,Fatehabad_BhunaDPP_D (Haryana),0.001585998196036035,1,1,1.9392091648189211,1.9392091648189211,0.0,1.9392091648189211,0.003075582237139355
IND416404AAA,Jath_Shivprsad_D (Maharashtra),0.0015820351820529362,2,1,3.8784183296378423,4.77,0.0,1.9392091648189211,0.0030678971241030243
IND741156AAA,Plassey_BtaiRoad_D (West Bengal),0.0011829596739549137,1,2,2.588235294117647,5.193181818181818,0.0,2.588235294117647,0.003061777979648012
IND722154AAA,MirzapurWB_VidyaDPP_D (West Bengal),0.001578072168069838,2,1,3.8784183296378423,1.9392091648189211,0.0,1.9392091648189211,0.0030602120110666945
IND444203AAA,Shegaon_SChwkDPP_D (Maharashtra),0.0015764869624765984,2,1,3.8784183296378423,2.5,0.6666666666666666,1.9392091648189211,0.0030571379658521623
IND125121AAA,Barwala_Central_DPP_1 (Haryana),0.0015764869624765984,1,1,1.9392091648189211,1.9392091648189211,0.0,1.9392091648189211,0.0030571379658521623
IND210431AAA,Rath_Mughlpra_D (Uttar Pradesh),0.0015764869624765984,1,1,1.9392091648189211,1.9392091648189211,0.0,1.9392091648189211,0.0030571379658521623
IND532127AAA,Rajam_SamathBv_D (Andhra Pradesh),0.0016145318967143445,1,1,1.8833333333333333,1.6705426356589148,0.0,1.8833333333333333,0.0030407017388120153
IND246701AAA,Bijnor_NaginaRd_D (Uttar Pradesh),0.0020076628838377195,1,1,1.5142857142857142,2.0,0.0,1.5142857142857142,0.003040175224097118
IND210427AAA,Mahoba_Mlkpura_D (Uttar Pradesh),0.000789036084034919,1,1,3.8157894736842106,3.3761045922062873,0.0,3.8157894736842106,0.003010795583817454
IND577201AAA,Shimoga_DC (Karnataka),0.0017934619780512434,3,2,5.003418329637842,3.733601688183407,0.3,1.6678061098792807,0.002991146844830044
IND852139AAB,Triveninganj_Central_D_1 (Bihar),0.0011817707697599838,2,1,4.980875831485587,2.986842105263158,0.6666666666666666,2.4904379157427936,0.002943126732726811
IND221706AAA,Ratanpura_MubarDPP_D (Uttar Pradesh),0.001198415428488998,1,1,2.4545454545454546,4.164634146341463,0.0,2.4545454545454546,0.002941565142654813
IND503185AAA,Bodhan_SuryaDPP_D (Telangana),0.0016145318967143445,1,1,1.7833333333333334,1.5357142857142858,0.0,1.7833333333333334,0.002879248549140581
IND342301AAA,Phalodi_PalikDPP_D (Rajasthan),0.0015764869624765984,4,1,7.299511552427778,5.63099778543307,0.5,1.8248778881069445,0.0028768961987124266
IND515801AAA,Guntakal_Verpatem_D (Andhra Pradesh),0.0012019821410737866,1,2,2.3861283643892337,3.5234788277402695,0.3333333333333333,2.3861283643892337,0.002868083680305464
IND181152AAB,Jammu_Central_I_1 (Jammu & Kashmir),0.0007989436189926653,2,3,7.119811171507884,6.032264483483996,0.5,3.559905585753942,0.002844163851954458
IND342902AAA,Gotan_DKLogDPP_D (Rajasthan),0.0013729861944444886,2,1,4.141336824393389,2.3870967741935485,0.3333333333333333,2.0706684121966945,0.0028429991432183514
IND415709AAA,Khed_Mahad_D (Maharashtra),0.0011829596739549135,1,1,2.4,1.9392091648189211,0.0,2.4,0.0028391032174917923
IND784001AAA,Tezpur_Mhbhirab_D (Assam),0.0014052847584067416,3,4,6.032264483483996,8.186110637330149,0.19047619047619047,2.0107548278279985,0.002825683112439458
IND742303AAB,Domkal_Central_D_2 (West Bengal),0.0012114933746332232,2,1,4.642857142857142,3.2837837837837838,0.0,2.321428571428571,0.002812395333969982
IND815351AAA,Jamtara_D (Jharkhand),0.0008080585511537919,1,1,3.4722222222222228,1.092783505154639,0.0,3.4722222222222228,0.0028057588581728893
IND848114AAA,DalsinghSarai_Wardno13_D (Bihar),0.001211889676031533,1,1,2.3125,1.7083333333333333,0.0,2.3125,0.00280249487582292
IND802212AAA,Bikramgang_Dehrird_D (Bihar),0.000789036084034919,1,1,3.5,23.73809523809524,0.0,3.5,0.0027616262941222167
IND843320AAA,Pupri_SngihiRD_D (Bihar),0.00119247090751435,2,1,4.579209164818922,2.15,0.6666666666666666,2.289604582409461,0.002730286854234824
IND741126AAB,Nakashipara_MaxDPP_D (West Bengal),0.00119247090751435,2,1,4.547785547785548,2.588235294117647,0.3333333333333333,2.273892773892774,0.002711550979674239
IND431122AAA,Beed_JalnaRd_D (Maharashtra),0.0012114933746332232,1,1,2.224489795918368,2.095238095238096,0.0,2.224489795918368,0.0026949546496943134
IND535591AAA,Salur_ward9_D (Andhra Pradesh),0.001605020663154908,1,1,1.6705426356589148,1.9392091648189211,0.0,1.6705426356589148,0.0026812554489138193
IND816109AAA,Sahebganj_BaraLoha_D (Jharkhand),0.0011833559753532236,2,1,4.517334164818921,1.8813469927769435,0.0,2.2586670824094606,0.002672807188302867
IND342902A1B,IND342902A1B,0.0013729861944444886,2,1,3.8784183296378423,2.497253938430409,0.3333333333333333,1.9392091648189211,0.0026625074114366054
IND606201AAC,Chinnasalem_VkotRoad_D (Tamil Nadu),0.0015764869624765984,1,1,1.6730769230769231,2.273293029871977,0.0,1.6730769230769231,0.0026375839564512322
IND733128AAA,Itahar_NatunDPP_D (West Bengal),0.0012174378956078709,1,2,2.1538461538461537,4.3076923076923075,0.3333333333333333,2.1538461538461537,0.0026221739290015677
IND508248AAB,Devarakonda_DindiRD_D (Telangana),0.00119247090751435,2,1,4.395537525354969,1.8125,0.3333333333333333,2.1977687626774847,0.0026207753109367105
IND731301AAA,Nanoor_Central_DPP_1 (West Bengal),0.0011829596739549137,2,1,4.36778059339035,1.8714285714285712,0.3333333333333333,2.183890296695175,0.002583454153331824
IND262001AAA,Pilibhit_ViksClny_D (Uttar Pradesh),0.0011924709075143503,2,2,4.3076923076923075,4.3076923076923075,0.6666666666666666,2.1538461538461537,0.0025683988777232157
IND847223AAA,Benipatti_WardNo1_D (Bihar),0.0011829596739549135,1,1,2.15,10.584615384615384,1.0,2.15,0.002543363299003064
IND742225AAA,Ragunthgnj_GopalDPP_D (West Bengal),0.0007926027966197076,2,1,6.403846153846153,4.666666666666667,0.3333333333333333,3.2019230769230766,0.0025378531853304095
IND606105AAA,Pennadam_EastmnRD_D (Tamil Nadu),0.001585998196036035,1,1,1.6,1.6730769230769231,0.0,1.6,0.002537597113657656
IND431127AAA,Georai_Bazarrd_D (Maharashtra),0.0012019821410737866,1,1,2.095238095238096,2.107142857142857,0.0,2.095238095238096,0.002518438771773649
IND414502AAA,Shevgaon_VidyaNgr_D (Maharashtra),0.00119247090751435,1,1,2.107142857142857,1.5769230769230769,0.0,2.107142857142857,0.0025127065551195232
IND423601AAA,Kopargaon_NkshtrPz_D (Maharashtra),0.0009988776744399865,1,2,2.513888888888889,4.324136008918618,0.6666666666666666,2.513888888888889,0.002511067487133855
IND504208AAB,Mancherial_Hitech_D (Telangana),0.0014084551695932204,3,2,5.345084996304509,4.0820663076760635,0.6666666666666666,1.7816949987681696,0.002509437531653415
IND742226AAA,Sagardighi_UtBzrDPP_D (West Bengal),0.0015820351820529364,1,2,1.5795454545454546,3.8723723723723724,0.0,1.5795454545454546,0.0024988964807427065
IND673592AAA,SultnBthry_Kollgpra_D (Kerala),0.0011877152907346321,2,3,4.200682794416269,6.232321490169024,0.16666666666666666,2.1003413972081346,0.002494607593227043
IND274301AAB,Kaptanganj_Subshngr_D (Uttar Pradesh),0.001198415428488998,3,1,6.231359506108431,4.583333333333334,0.3333333333333333,2.077119835369477,0.0024892524575273085
IND532201AAA,Tekkali_AmvdiDPP_D (Andhra Pradesh),0.0012019821410737866,2,1,4.139209164818921,1.7349999999999999,0.6666666666666666,2.0696045824094607,0.0024876277471406437
IND207001AAA,Etah_CivlLine_D (Uttar Pradesh),0.0007918101938230879,1,1,3.1363636363636367,1.6667682926829268,0.0,3.1363636363636367,0.002483404698808776
IND535501AAB,Parvathipuram_Central_D_2 (Andhra Pradesh),0.001585998196036035,1,2,1.565217391304348,3.439209164818921,0.3333333333333333,1.565217391304348,0.0024824319590129244
IND503187AAA,Banswada_Menagrdn_D (Telangana),0.001605020663154908,1,1,1.5357142857142858,1.538461538461538,0.0,1.5357142857142858,0.0024648531612736085
IND502110AAA,Medak_Dwaraka_D (Telangana),0.001585998196036035,1,1,1.5526315789473684,1.3472222222222225,0.0,1.5526315789473684,0.0024624708833191067
IND416510AAA,Sawantwadi_LaxmiNgr_D (Maharashtra),0.0012027747438704064,2,2,4.093055318665074,4.761081560283689,0.0,2.046527659332537,0.0024615117812773948
IND503122AAA,Yellareddy_JKRoad_D (Telangana),0.0015955094295954716,1,1,1.538461538461538,1.5526315789473684,0.0,1.538461538461538,0.0024546298916853404
IND465683AAA,Pachore_Shop3DPP_D (Madhya Pradesh),0.001605020663154908,1,1,1.5277777777777777,1.4492753623188404,0.0,1.5277777777777777,0.0024521149020422205
IND263601AAA,Almora_SuzkiSrv_D (Uttarakhand),0.0011924709075143503,1,3,2.054054054054054,5.80451235483768,0.3333333333333333,2.054054054054054,0.002449399701921368
IND561203AAB,Doddablpur_ChikaDPP_D (Karnataka),0.0012174378956078709,1,1,2.0,1.52,0.0,2.0,0.0024348757912157418
IND136118AAA,Kurukshetra_DC (Haryana),0.001215060087218012,1,1,1.9893617021276595,1.3703703703703705,0.0,1.9893617021276595,0.0024171940032954066
IND471001AAA,Chhatarpur_Busstand_D (Madhya Pradesh),0.001176420700882801,2,1,4.073824549434306,1.622626582278481,0.6666666666666666,2.036912274717153,0.002396265765859534
IND582101AAB,Gadag_Cdosclrd_D (Karnataka),0.0011829596739549137,2,1,4.050320275930032,3.00024154589372,0.3333333333333333,2.025160137965016,0.002395682776513583
IND854334AAA,Raniganj_Central_DPP_1 (Bihar),0.0012110970732349133,2,1,3.9333612116025467,1.9392091648189211,0.6666666666666666,1.9666806058012734,0.0023818411256737886
IND591123AAC,Ramdurg_GndhiNGR_D (Karnataka),0.0012114933746332232,1,1,1.9655172413793105,1.7058823529411764,0.0,1.9655172413793105,0.0023812111156584046
IND246725AAB,Chandpur_NorprRD_D (Uttar Pradesh),0.002017174117397156,1,1,1.176,1.5142857142857142,0.0,1.176,0.002372196762059055
IND285205AAB,Konch_Central_D_2 (Uttar Pradesh),0.001585998196036035,1,1,1.4933712121212122,1.9392091648189211,0.0,1.4933712121212122,0.0023684840484363896
IND574117AAA,Uchila_Busstand_D (Karnataka),0.0010064074010078738,1,2,2.3448275862068964,3.8784183296378423,0.6666666666666666,2.3448275862068964,0.0023598518368460487
IND732138AAA,Bamangola_Central_D_1 (West Bengal),0.0012166452928112513,1,3,1.9392091648189211,6.175355809502151,0.3333333333333333,1.9392091648189211,0.0023593297021533783
IND343001AAA,Jalore_RoopNgr_D (Rajasthan),0.001215060087218012,1,1,1.9392091648189211,1.9392091648189211,0.0,1.9392091648189211,0.0023562556569388464
IND506343AAA,Mulugu_LaxmiNGR_D (Telangana),0.001215060087218012,1,1,1.9392091648189211,1.9392091648189211,0.0,1.9392091648189211,0.0023562556569388464
IND713148AAA,Panagarh_Central_D_1 (West Bengal),0.0012114933746332232,1,1,1.9392091648189211,2.7043650793650795,0.0,1.9392091648189211,0.0023493390552061493
IND414001AAA,AhmedNagar_DC (Maharashtra),0.0012114933746332232,1,3,1.9392091648189211,5.817627494456763,0.6666666666666666,1.9392091648189211,0.0023493390552061493
IND415409AAB,Islampur_Shantanu_D (Maharashtra),0.0012114933746332232,1,1,1.9392091648189211,1.7391304347826086,0.0,1.9392091648189211,0.0023493390552061493
IND384170AAA,Unjha_DC (Gujarat),0.0012114933746332232,1,1,1.9392091648189211,1.9392091648189211,0.0,1.9392091648189211,0.0023493390552061493
IND712410AAC,Tarkeshwar_Naraynpr_D (West Bengal),0.0012110970732349133,1,1,1.9392091648189211,1.9392091648189211,0.0,1.9392091648189211,0.002348570543902516
IND523316AAB,Markapur_VidyaNgr_D (Andhra Pradesh),0.0012019821410737866,2,1,3.9052805933903496,1.6545454545454543,0.3333333333333333,1.9526402966951748,0.0023470387645686203
IND327001AAB,Banswara_KhandDPP_D (Rajasthan),0.0012103044704382935,1,1,1.9392091648189211,1.9392091648189211,1.0,1.9392091648189211,0.0023470335212952497
IND415003AAA,Satara_DC (Maharashtra),0.001224599628020185,1,2,1.9114583333333335,3.218278932260781,0.3333333333333333,1.9114583333333335,0.002340771163976083
IND521105AAA,HanumanJNC_VijywdRD_D (Andhra Pradesh),0.0012019821410737866,1,2,1.9392091648189211,3.8784183296378423,0.3333333333333333,1.9392091648189211,0.0023308947839189562
IND384265AAB,Patan_Central_D_2 (Gujarat),0.0012019821410737866,1,2,1.9392091648189211,3.232542498152254,0.3333333333333333,1.9392091648189211,0.0023308947839189562
IND854335AAA,Narpatganj_Central_DPP_1 (Bihar),0.0012015858396754767,1,3,1.9392091648189211,6.128418329637842,0.3333333333333333,1.9392091648189211,0.002330126272615323
IND712406AAA,Khanakul_Ramnagar_D (West Bengal),0.0012015858396754767,1,1,1.9392091648189211,1.9392091648189211,0.0,1.9392091648189211,0.002330126272615323
IND127021AAA,Bhiwani_DC (Haryana),0.0012019821410737866,2,1,3.8622860878958445,1.9392091648189211,0.3333333333333333,1.9311430439479222,0.0023211994506842732
IND500050AAA,Patancheru_Ameenpur_I (Telangana),0.0011940561131075895,2,2,3.8836848635235732,4.307338800904978,0.0,1.9418424317617866,0.0023186688263368686
IND127201AAA,Loharu_BstndDPP_D (Haryana),0.00119247090751435,1,1,1.9392091648189211,1.9392091648189211,0.0,1.9392091648189211,0.0023124505126317636
IND465001AAA,Shajapur_MhpraRD_D (Madhya Pradesh),0.0015955094295954716,1,3,1.4492753623188404,5.817627494456763,0.5,1.4492753623188404,0.0023123325066601035
IND712602AAA,Arambag_BalibDPP_D (West Bengal),0.0011920746061160404,1,1,1.9392091648189211,1.9392091648189211,0.0,1.9392091648189211,0.002311682001328131
IND574216AAA,Dhrmsthala_Beltngdi_D (Karnataka),0.0011825633725566038,2,2,3.9066004691667473,4.093055318665074,0.3333333333333333,1.9533002345833737,0.0023099013130245196
IND577598AAB,Madikeri_MuthpTmp_D (Karnataka),0.001182959673954914,1,1,1.947368421052632,1.8596491228070173,0.0,1.947368421052632,0.002303658312438517
IND124141AAA,ChrkhiDdri_PuranDPP_D (Haryana),0.0011829596739549135,1,1,1.9392091648189211,1.9746835443037976,0.0,1.9392091648189211,0.002294006241344571
IND581402AAA,Sirsi_Vidygiri_D (Karnataka),0.001613342992519415,1,2,1.4216867469879515,3.564209164818921,0.3333333333333333,1.4216867469879515,0.002293668350810734
IND481661AAA,Mandla_Mharajpr_D (Madhya Pradesh),0.001182563372556604,2,1,3.8784183296378423,3.1780821917808217,0.6666666666666666,1.9392091648189211,0.0022932377300409388
IND484446AAA,Dola_ChainDPP_D (Madhya Pradesh),0.0011817707697599842,1,1,1.9392091648189211,1.9392091648189211,0.0,1.9392091648189211,0.0022917007074336727
IND571104AAA,Koppa_BMRd_D (Karnataka),0.00119247090751435,1,1,1.9112179487179486,1.947368421052632,0.0,1.9112179487179486,0.002279071801765407
IND584101AAA,Raichur_LSRoad_DC (Karnataka),0.0012138711830230822,2,3,3.752066634505492,5.583964409574166,0.3333333333333333,1.876033317252746,0.002277262782204308
IND635802AAB,Ambur_Central_D_2 (Tamil Nadu),0.0007989436189926653,3,2,8.496065388461371,3.6124570480154565,0.5,2.8320217961537906,0.0022626257428852176
IND521333AAA,Kaikaluru_Atapaka_D (Andhra Pradesh),0.0011829596739549135,2,1,3.746901472511229,2.587929915639195,0.3333333333333333,1.8734507362556145,0.0022162166721315345
IND122001AAJ,Mahbubabad_Yellanda_D (Telangana),0.0012019821410737866,1,1,1.8403361344537812,0.7758620689655172,0.0,1.8403361344537812,0.002212051167186212
IND851127AAA,Manjhaul_Purbari_D (Bihar),0.00119286720891266,1,2,1.8461538461538465,6.178792498152254,0.0,1.8461538461538465,0.002202216385684911
IND515761AAA,Kalyandurg_Shankrpa_D (Andhra Pradesh),0.0011829596739549137,2,1,3.6361788617886184,1.7641509433962264,0.3333333333333333,1.8180894308943092,0.0021507264803916066
IND515401AAB,Gooty_StatonRd_D (Andhra Pradesh),0.0012114933746332232,1,1,1.775,2.3861283643892337,0.0,1.775,0.002150400739973971
IND508377AAB,Haliya_PeroorRD_D (Telangana),0.0011829596739549135,1,1,1.8125,1.8913043478260867,0.0,1.8125,0.002144114409043281
IND400011AAA,LowerParel_CP (Maharashtra),0.0007981510161960456,2,2,5.3670814479638,5.273809523809524,0.0,2.6835407239819,0.0021418707558496252
IND825409AAA,JhumriTlya_RadhaCpx_D (Jharkhand),0.0007890360840349188,1,1,2.7045731707317073,1.979261101123973,0.0,2.7045731707317073,0.00213400582362005
IND502313AAA,Narsapur_Xroad_D (Telangana),0.0015764869624765984,1,1,1.3472222222222225,1.7142857142857142,0.0,1.3472222222222225,0.0021238782688920844
IND476111AAA,Ambah_MrenTirh_D (Madhya Pradesh),0.0008084548525521018,1,2,2.623263888888889,3.8784183296378423,0.6666666666666666,2.623263888888889,0.00212079042049692
IND416602AAC,Kankavali_NrdawDPP_D (Maharashtra),0.0007886397826366091,1,1,2.6625,2.243150684931507,0.0,2.6625,0.002099753421269972
IND691551AAA,Adoor_Town_D (Kerala),0.001196037620099139,1,1,1.75,2.263157894736842,0.0,1.75,0.002093065835173493
IND415124AAA,Karad_Mundhe_D (Maharashtra),0.0012019821410737866,1,1,1.7391304347826086,1.1017964071856288,0.0,1.7391304347826086,0.0020904037236065855
IND472001AAA,Tikamgarh_MndiRoad_D (Madhya Pradesh),0.0011732502896963225,2,2,3.561835747097402,4.253504951880441,0.3333333333333333,1.780917873548701,0.002089462411066372
IND423109AAA,Shirdi_SaiBansi_D (Maharashtra),0.001008388907999423,2,1,4.136650386650387,2.513888888888889,0.3333333333333333,2.0683251933251934,0.0020856761830848874
IND532222AAA,Palasa_Central_DPP_1 (Andhra Pradesh),0.00119247090751435,1,2,1.7349999999999999,4.068241422883437,0.6666666666666666,1.7349999999999999,0.002068937024537397
IND173212AAA,Solan_MohanPrk_D (Himachal Pradesh),0.0010050203461137892,2,3,4.109663710273466,7.18611063733015,0.0,2.054831855136733,0.002065147822255159
IND788151AAA,Hailakandi_kalibari_D (Assam),0.000807662249755482,1,2,2.545454545454546,4.629336242042772,1.0,2.545454545454546,0.0020558675448321363
IND848210AAA,Rusera_Wardno4_D (Bihar),0.0012023784424720965,1,1,1.7083333333333333,1.8461538461538465,0.0,1.7083333333333333,0.0020540631725564982
IND587103AAB,Bagalkot_Sector4_D (Karnataka),0.0012019821410737866,1,2,1.7058823529411764,3.8408485090812166,0.3333333333333333,1.7058823529411764,0.002050440123008224
IND829122AAA,Ramgarh_HotelPrk_D (Jharkhand),0.0008080585511537919,1,1,2.5161290322580645,2.054054054054054,0.0,2.5161290322580645,0.002033179580322444
IND845305AAA,Raxaul_KairiyaT_D (Bihar),0.0007890360840349189,1,1,2.571428571428572,6.03125,1.0,2.571428571428572,0.002028949930375506
IND486661AAA,Sidhi_Padra_D (Madhya Pradesh),0.0011996043326839274,1,1,1.6875,5.236024844720497,0.0,1.6875,0.0020243323114041275
IND505302AAB,Vemulawada_Central_DPP_2 (Telangana),0.0012162489914129414,2,2,3.3215621059953917,3.068241422883437,0.16666666666666666,1.6607810529976959,0.0020199232806661703
IND574202AAA,Puttur_Darbe_DC (Karnataka),0.0008080585511537919,1,1,2.473684210526316,1.5620723362658844,0.0,2.473684210526316,0.0019988816791699066
IND207247AAB,Aliganj_KaimgnjRD_D (Uttar Pradesh),0.0007910175910264682,2,1,5.049099274709031,2.333333333333333,0.3333333333333333,2.5245496373545153,0.0019969631725669126
IND521185AAA,Nandigama_Chndrlpd_D (Andhra Pradesh),0.0007989436189926653,2,2,4.972027972027972,4.3076923076923075,0.0,2.486013986013986,0.001986185010852395
IND364004AAB,Bhavnagar_ChtrGIDC_IP (Gujarat),0.001215060087218012,1,1,1.6335877862595423,1.9473684210526323,0.0,1.6335877862595423,0.0019849073180507985
IND207302AAA,Jalesar_ChngiDPP_D (Uttar Pradesh),0.0011865263865397024,1,1,1.6667682926829268,5.019807923169267,0.0,1.6667682926829268,0.001977664559516022
IND522647AAA,Vinukonda_Kothapet_D (Andhra Pradesh),0.00119247090751435,1,1,1.6545454545454543,1.5799999999999998,0.0,1.6545454545454543,0.001972997319705561
IND521201AAA,Nuzvid_Ward17_D (Andhra Pradesh),0.0012114933746332232,1,1,1.6226415094339623,1.9392091648189211,0.0,1.6226415094339623,0.0019658194380840982
IND248001AAA,Dehradun (Uttarakhand),0.0011843467288489985,2,1,3.315775690010696,2.042654028436019,0.0,1.657887845005348,0.0019635140460305994
IND571426AAA,Krishnarajpet_MuruPost_D (Karnataka),0.0012019821410737866,2,1,3.251709164818921,1.9112179487179486,0.3333333333333333,1.6258545824094606,0.0019542481720391507
IND263401AAA,Kashipur_BajprDPP_D (Uttarakhand),0.0009909516464737898,2,2,3.939209164818921,3.7597219853317414,0.0,1.9696045824094606,0.001951782903840976
IND576101AAA,Udupi (Karnataka),0.0010064074010078738,2,1,3.8784183296378423,1.9392091648189211,0.6666666666666666,1.9392091648189211,0.00195163445557606
IND184104AAA,Kathua_BOB_D (Jammu & Kashmir),0.0010091815107960427,2,4,3.843773480171618,7.7568366592756846,0.8333333333333334,1.921886740085809,0.0019395325639386782
IND110043AAA,Delhi_Nangli_IP (Delhi),0.0007989436189926653,2,2,4.854185257503335,6.747826086956522,0.0,2.4270926287516676,0.0019391101684452787
IND792103AAB,Namsai_HelipadRD_D (Arunachal Pradesh),0.0008080585511537919,1,1,2.3843843843843846,0.6956521739130435,0.0,2.3843843843843846,0.001926722191039372
IND518422AAB,Atmakur_IndraNgr_D (Andhra Pradesh),0.0007985473175943555,1,1,2.3782051282051277,2.019230769230769,0.0,2.3782051282051277,0.001899109325817345
IND244412AAA,Chandausi_Ganesh_D (Uttar Pradesh),0.0012023784424720965,1,2,1.5727370689655173,2.689209164818921,0.6666666666666666,1.5727370689655173,0.001891025147400889
IND509358AAA,Kadthal_GndhiDPP_D (Telangana),0.0012114933746332232,1,2,1.5555555555555556,3.893358876117497,0.3333333333333333,1.5555555555555556,0.0018845452494294583
IND523201AAA,Addanki_Oilmilrd_D (Andhra Pradesh),0.0011829596739549137,1,1,1.5799999999999998,1.9392091648189211,0.0,1.5799999999999998,0.0018690762848487634
IND431107AAB,Paithan_SantaNGR_D (Maharashtra),0.0011829596739549137,1,1,1.5769230769230769,1.87,0.0,1.5769230769230769,0.0018654364089289023
IND263645AAA,Ranikhet_Subhash_D (Uttarakhand),0.0012019821410737866,2,1,3.1037661268442376,2.054054054054054,0.0,1.5518830634221188,0.0018653357272682654
IND680012AAA,Arimbur_Veluthur_D (Kerala),0.0012114933746332232,1,1,1.526315789473684,1.4385964912280702,0.0,1.526315789473684,0.0018491214665454457
IND210001AAA,Banda_GayatriN_D (Uttar Pradesh),0.0007985473175943555,1,1,2.312937062937063,3.8157894736842106,0.0,2.312937062937063,0.0018469896873729585
IND263002AAA,Nainital_Sookhtal_D (Uttarakhand),0.0012110970732349133,1,1,1.5238702817650185,1.1645569620253164,0.0,1.5238702817650185,0.0018455548382352767
IND563125AAB,Chintamani_Central_D_2 (Karnataka),0.0009199476459432742,2,2,3.9910554561717344,6.115384615384615,0.5,1.9955277280858672,0.0018357810358671236
IND152026AAA,Muktsar_DPC (Punjab),0.00101631493596562,2,4,3.6085640035285986,9.616777911736705,0.5,1.8042820017642993,0.0018337187470870047
IND518501AAA,Nandyal_SrnvsNgr_D (Andhra Pradesh),0.0012114933746332232,1,1,1.5080645161290323,2.7857142857142856,1.0,1.5080645161290323,0.0018270101698097802
IND173025AAA,PaontSahib_Gurudwar_D (Himachal Pradesh),0.0007894323854332288,1,1,2.311111111111111,2.239009900990099,1.0,2.311111111111111,0.001824465957445684
IND245304AAA,Pilkhuwa_HapurRD_D (Uttar Pradesh),0.0007989436189926653,2,2,4.549549549549549,4.357475490196078,0.0,2.2747747747747744,0.0018174167909517833
IND846004AAA,Darbhanga (Bihar),0.0008080585511537919,1,1,2.2448979591836733,1.7916666666666667,0.0,2.2448979591836733,0.0018140089923860635
IND689645AAA,Pthnmthitt_Klskhrpt_D (Kerala),0.0008021140301791443,1,1,2.259259259259259,1.75,0.0,2.259259259259259,0.0018121835496639925
IND786184AAA,Chabua_CollgeRD_D (Assam),0.0008064733455605525,1,2,2.230769230769231,4.3076923076923075,1.0,2.230769230769231,0.001799055924712002
IND827013AAA,Bokaro_KSClny_DC (Jharkhand),0.0004042274262760509,1,1,4.447315855181024,2.1538461538461537,1.0,4.447315855181024,0.0017977270419764998
IND212601AAA,Fatehpur_Kotwali_D (Uttar Pradesh),0.0008080585511537919,1,1,2.2164179104477615,2.312937062937063,0.0,2.2164179104477615,0.001790995445467733
IND802101AAA,Buxar_Sarswati_D (Bihar),0.0008080585511537919,1,2,2.215675675675676,4.4776707032804595,0.6666666666666666,2.215675675675676,0.0017903956763131858
IND201301AAF,Noida_Sec 02_DPC (Uttar Pradesh),0.0008163808805182989,8,2,17.421024114774116,3.9729166666666664,0.1388888888888889,2.1776280143467646,0.0017777738757937265
IND483501AAA,Katni_Bargawan_DC (Madhya Pradesh),0.0007985473175943555,2,1,4.421967785508577,1.9392091648189211,0.6666666666666666,2.2109838927542884,0.001765575256803263
IND400072AAD,Mumbai_Chndivli_PC (Maharashtra),0.0005649614404229334,3,1,9.343223443223444,2.727272727272727,0.0,3.1144078144078144,0.0017595203248922785
IND732202AAA,Manikchak_Enayetpr_D (West Bengal),0.0008140030721284397,1,1,2.1538461538461537,3.0,0.0,2.1538461538461537,0.0017532373861227932
IND695541AAA,Nedumangad_Arsprmbu_D (Kerala),0.0011996043326839277,1,2,1.4545454545454546,4.3076923076923075,0.0,1.4545454545454546,0.0017448790293584403
IND584123AAA,Manvi_APMCYard_D (Karnataka),0.0008100400581453412,1,1,2.1538461538461537,2.1538461538461537,0.0,2.1538461538461537,0.001744701663697658
IND560048AAB,Bengaluru_Hoodi_IP (Karnataka),0.0007902249882298486,4,2,8.812008153137185,3.612367021276596,0.5,2.2030020382842963,0.0017408672597735405
IND563101AAB,Kolar_Ambedkar_D (Karnataka),0.000938970113062147,2,2,3.7074810052600817,3.719063545150502,0.5,1.8537405026300409,0.0017406069293424108
IND786125AAA,Tinusukia_Chrwpaty_D (Assam),0.0008064733455605525,2,1,4.3076923076923075,3.0625,1.0,2.1538461538461537,0.001737019513515036
IND385340AAB,Radhanpur_Santalpr_D (Gujarat),0.0011829596739549137,2,1,2.9256956513054075,1.9392091648189211,0.3333333333333333,1.4628478256527038,0.0017304899868797769
IND424201AAA,Pachora_PcrrdDPP_D (Maharashtra),0.0008033029343740737,1,1,2.1538461538461537,2.1538461538461537,0.0,2.1538461538461537,0.0017301909355749278
IND679303AAA,Sankaramangalam_Central_D_1 (Kerala),0.0012019821410737866,1,1,1.4385964912280702,2.8125,0.0,1.4385964912280702,0.0017291672906675527
IND273304AAA,Nichlaul_Wardno13_D (Uttar Pradesh),0.0007993399203909752,1,1,2.1538461538461537,4.239754098360656,0.0,2.1538461538461537,0.0017216552131497926
IND531001AAA,Anakapalle_Kothuru_D (Andhra Pradesh),0.0007989436189926653,2,2,4.3076923076923075,4.3076923076923075,0.0,2.1538461538461537,0.001720801640907279
IND413517AAA,Udgir_NlgaonRd_D (Maharashtra),0.0007985473175943555,2,2,4.3076923076923075,4.3076923076923075,0.6666666666666666,2.1538461538461537,0.0017199480686647655
IND501101AAB,Vikarabad_Central_DPP_2 (Telangana),0.0007985473175943555,1,2,2.1538461538461537,4.3076923076923075,0.6666666666666666,2.1538461538461537,0.0017199480686647655
IND695609AAA,Pangodu_Central_D_1 (Kerala),0.0007977547147977359,1,1,2.1538461538461537,2.1538461538461537,0.0,2.1538461538461537,0.0017182409241797388
IND606803AAA,Polur_StationRD_D (Tamil Nadu),0.0007985473175943555,1,1,2.15,1.4166666666666665,0.0,2.15,0.0017168767328278641
IND742121AAB,Nowda_ArhamDPP_D (West Bengal),0.00119247090751435,1,2,1.4285714285714286,5.615384615384615,0.3333333333333333,1.4285714285714286,0.001703529867877643
IND577132AAD,Mudigere_HesglDPP_D (Karnataka),0.0007886397826366092,1,1,2.136363636363636,1.9090909090909087,1.0,2.136363636363636,0.0016848213538145738
IND380005AAA,Amd_Chandkheda_Dc (Gujarat),0.0008080585511537919,1,3,2.083333333333333,6.461538461538462,1.0,2.083333333333333,0.001683455314903733
IND177033AAA,Nadaun_Ward6_D (Himachal Pradesh),0.0007910175910264682,1,1,2.1,2.2345211740341355,0.0,2.1,0.0016611369411555833
IND713364AAB,Rupnarayanpur_Salanpur_D (West Bengal),0.0003947161927166144,1,1,4.166666666666666,4.624161073825503,0.0,4.166666666666666,0.0016446508029858932
IND695572AAB,Kallikkad_Mutyvila_D (Kerala),0.0008017177287808344,3,2,6.153846153846154,3.6083916083916083,0.3333333333333333,2.051282051282051,0.001644549187242737
IND590016AAA,Belgaum_Dc (Karnataka),0.0007985473175943555,2,1,4.112542498152255,1.9392091648189211,0.6666666666666666,2.0562712490761275,0.0016420298901961364
IND825301AAA,Hazaribag_BodomBzr_DC (Jharkhand),0.0007985473175943554,1,1,2.054054054054054,2.7045731707317073,0.0,2.054054054054054,0.0016402593550586759
IND689101AAA,Tiruvalla_TKRoad_D (Kerala),0.0012210046081926596,1,2,1.333846153846154,4.3076923076923075,0.3333333333333333,1.333846153846154,0.001628632300466209
IND507303AAA,Sathupally_VidyaNGR_D (Telangana),0.0007894323854332287,1,1,2.053363074811256,2.4,1.0,2.053363074811256,0.001620991310308759
IND760003AAB,Berhampur_Khajuria_I (Orissa),0.0008088511539504116,1,2,2.000082927908005,3.8784183296378423,0.3333333333333333,2.000082927908005,0.0016177693842349078
IND591307AAC,Gokak_Bsavangr_D (Karnataka),0.0007910175910264682,1,2,2.0375,3.8784183296378423,0.3333333333333333,2.0375,0.001611698341716429
IND824101AAA,AurngbadBR_Mahindra_D (Bihar),0.0007989436189926653,2,2,4.034447260057017,3.8784183296378423,0.0,2.0172236300285085,0.0016116479472924978
IND854105AAB,Katihar_Central_D_2 (Bihar),0.000607530043609006,1,2,2.65,4.959617328084227,0.3333333333333333,2.65,0.0016099546155638658
IND680587AAA,Pazhayannur_AlathurRD_D (Kerala),0.001182959673954914,1,2,1.36,3.831964547080826,0.3333333333333333,1.36,0.001608825156578683
IND506314AAA,Rayaparthi_Perkadrd_D (Telangana),0.0011829596739549135,1,1,1.357754890081357,4.0,0.0,1.357754890081357,0.0016061692820813316
IND175015AAA,JognderNgr_Dhelu_D (Himachal Pradesh),0.0007910175910264682,1,1,2.021505376344086,7.263157894736842,0.0,2.021505376344086,0.001599046313042753
IND413709AAA,Shrirampur_DavkharRd_D (Maharashtra),0.0007894323854332288,2,2,4.045150501672241,4.136650386650387,0.3333333333333333,2.0225752508361206,0.0015966864049857697
IND518102AAA,Srisailam_Sishumdr_D (Andhra Pradesh),0.000789036084034919,1,1,2.019230769230769,1.9694656488549618,0.0,2.019230769230769,0.0015932459389166632
IND110092AAC,Delhi_Patparganj_DPC (Delhi),0.0007989436189926653,3,2,5.96522655426765,4.350085305244418,0.3333333333333333,1.98840885142255,0.0015886265637925809
IND508116AAA,Bhuvanagiri_HBColny_D (Telangana),0.0008080585511537919,1,2,1.9642857142857144,3.007390983000739,0.6666666666666666,1.9642857142857144,0.0015872578683378056
IND581334AAA,Honnavar_Prbhtngr_D (Karnataka),0.0008151919763233693,2,3,3.8784183296378423,5.817627494456763,0.3333333333333333,1.9392091648189211,0.0015808277515731268
IND365560AAA,Amreli_MrktYrd_DC (Gujarat),0.0008108326609419609,1,1,1.9473684210526323,1.7142857142857142,0.0,1.9473684210526323,0.0015789899186764507
IND847404AAB,Jhanjharpur_Nagar_D (Bihar),0.0007890360840349189,1,1,2.0,8.48,0.0,2.0,0.0015780721680698378
IND123001AAA,Narnaul_DC (Haryana),0.0008116252637385806,2,1,3.8784183296378423,1.9558823529411768,0.3333333333333333,1.9392091648189211,0.0015739111498404294
IND209625AAA,Farrukhbad_Pnchlght_D (Uttar Pradesh),0.0008108326609419609,2,1,3.8784183296378423,1.3587412587412588,0.3333333333333333,1.9392091648189211,0.0015723741272331635
IND343029AAB,Bhinmal_RwStnDPP_D (Rajasthan),0.0008108326609419609,1,1,1.9392091648189211,1.9392091648189211,0.0,1.9392091648189211,0.0015723741272331635
IND506169AAB,Bhupalpally_JwahrNGR_D (Telangana),0.0008108326609419609,1,1,1.9392091648189211,1.9392091648189211,0.0,1.9392091648189211,0.0015723741272331635
IND370001AAA,Bhuj_DC (Gujarat),0.0007914138924247781,2,3,3.9731458164026314,5.651145602365115,0.3333333333333333,1.9865729082013157,0.0015722013978652146
IND473226AAA,Guna_Raghogrh_D (Madhya Pradesh),0.0007914138924247782,1,2,1.9817073170731707,3.3707036285433496,0.3333333333333333,1.9817073170731707,0.001568350701451542
IND132103AAA,Panipat (Haryana),0.0008080585511537919,2,2,3.8784183296378423,3.8784183296378423,1.0,1.9392091648189211,0.0015669945481077323
IND312601AAA,Nimbahera_MsjidDPP_D (Rajasthan),0.0008080585511537919,1,1,1.9392091648189211,1.9392091648189211,0.0,1.9392091648189211,0.0015669945481077323
IND144601AAA,Kapurthala_DC (Punjab),0.0008080585511537919,1,2,1.9392091648189211,3.8784183296378423,0.6666666666666666,1.9392091648189211,0.0015669945481077323
IND821109AAA,Mohania_Bhabua_D (Bihar),0.0008080585511537919,1,1,1.9392091648189211,5.077651515151516,0.0,1.9392091648189211,0.0015669945481077323
IND124001AAB,Rohtak (Haryana),0.0008080585511537919,1,1,1.9392091648189211,1.9392091648189211,0.0,1.9392091648189211,0.0015669945481077323
IND250611AAA,Baraut_SrnprHwy_D (Uttar Pradesh),0.0008080585511537919,1,1,1.9392091648189211,1.9028213166144199,0.0,1.9392091648189211,0.0015669945481077323
IND721133AAA,Keshiary_MdnprDPP_D (West Bengal),0.0008080585511537919,1,1,1.9392091648189211,1.9392091648189211,0.0,1.9392091648189211,0.0015669945481077323
IND504251AAA,Bellmpalli_BasthDPP_D (Telangana),0.0008080585511537919,1,2,1.9392091648189211,3.8784183296378423,1.0,1.9392091648189211,0.0015669945481077323
IND723131AAA,Manbazar_Central_DPP_1 (West Bengal),0.0008080585511537919,1,1,1.9392091648189211,1.3331653225806452,0.0,1.9392091648189211,0.0015669945481077323
IND344001AAA,Barmer_Nehru3PL_D (Rajasthan),0.0008080585511537919,1,3,1.9392091648189211,4.651013276488972,0.6666666666666666,1.9392091648189211,0.0015669945481077323
IND632301AAA,Arani_KrthiKyn_D (Tamil Nadu),0.0008080585511537919,1,1,1.9375,2.15,0.0,1.9375,0.0015656134428604718
IND571111AAB,Gundlupet_Swamylyt_D (Karnataka),0.0008175697847132284,1,1,1.9148550724637683,1.7096774193548387,0.0,1.9148550724637683,0.0015655276493512363
IND518401AAA,Nandikotkr_UmarDPP_D (Andhra Pradesh),0.0008080585511537919,1,1,1.935483870967742,2.3782051282051277,0.0,1.935483870967742,0.0015639842925557264
IND848101AAA,Samastipur_Haripur_D (Bihar),0.0007985473175943555,2,1,3.9142091648189212,4.222222222222222,0.6666666666666666,1.9571045824094606,0.001562840614534696
IND277201AAA,Bariya_BgnprDPP_D (Uttar Pradesh),0.0008040955371706935,1,1,1.9392091648189211,2.4545454545454546,0.0,1.9392091648189211,0.0015593094350714021
IND251001AAA,Muzaffrngr_MhmodNgr_D (Uttar Pradesh),0.0008072659483571722,1,1,1.930565088080531,1.8958333333333328,0.0,1.930565088080531,0.0015584794566945775
IND328001AAA,Dholpur_GtRoad_D (Rajasthan),0.0008170413828488153,3,3,5.696600147819661,5.460387938053973,0.5,1.8988667159398869,0.0015514526874371136
IND581110AAE,Haveri_GuttalRD_D (Karnataka),0.0007985473175943555,2,2,3.8846153846153846,4.0174825174825175,0.6666666666666666,1.9423076923076923,0.0015510245976351905
IND577101AAA,Chikmagalur_DC (Karnataka),0.0007993399203909752,2,2,3.8784183296378423,4.075572801182557,0.3333333333333333,1.9392091648189211,0.0015500872994278058
IND126102AAA,Jind_DC (Haryana),0.0007985473175943556,1,1,1.9392091648189211,1.9392091648189211,0.0,1.9392091648189211,0.0015485502768205401
IND414302AAB,Parner_Hindcwk_D (Maharashtra),0.0007985473175943555,2,2,3.8784183296378423,3.8784183296378423,0.5,1.9392091648189211,0.00154855027682054
IND458664AAA,Neemuch_KarjuDPP_D (Madhya Pradesh),0.0007985473175943555,1,1,1.9392091648189211,1.9392091648189211,0.0,1.9392091648189211,0.00154855027682054
IND721434AAB,Manglamaro_Bypassrd_D (West Bengal),0.0007985473175943555,1,1,1.9392091648189211,1.9392091648189211,0.0,1.9392091648189211,0.00154855027682054
IND787001AAA,LakhimpurN_SashPhkn_D (Assam),0.0007933953994163274,2,1,3.8784183296378423,2.7429787234042555,0.0,1.9392091648189211,0.0015385596298733105
IND470004AAA,Sagar_Bahreya_I (Madhya Pradesh),0.0007933953994163274,1,2,1.9392091648189211,3.8784183296378423,0.0,1.9392091648189211,0.0015385596298733105
IND533262AAA,Draksharamam_Anaipeta_D (Andhra Pradesh),0.000788639782636609,2,2,3.900410244441054,3.768996398861474,1.0,1.950205122220527,0.001538009343684798
IND756032AAA,Jaleswar_NaturDPP_D (Orissa),0.0007910175910264682,1,1,1.9392091648189211,2.762962962962963,0.0,1.9392091648189211,0.0015339485620515124
IND131301AAA,Gohana_DvlalDPP_D (Haryana),0.0007890360840349191,1,1,1.9392091648189211,1.9392091648189211,0.0,1.9392091648189211,0.0015301060055333475
IND722151AAA,Simlapal_Central_D_1 (West Bengal),0.000789036084034919,1,1,1.9392091648189211,1.9392091648189211,0.0,1.9392091648189211,0.0015301060055333473
IND483770AAA,Barhi_Central_DPP_1 (Madhya Pradesh),0.000789036084034919,1,1,1.9392091648189211,1.9392091648189211,1.0,1.9392091648189211,0.0015301060055333473
IND591302AAB,Khanapur_StatinRD_D (Karnataka),0.000789036084034919,1,1,1.9392091648189211,1.8518518518518519,1.0,1.9392091648189211,0.0015301060055333473
IND721401AAA,Contai_Kanakpur_D (West Bengal),0.000789036084034919,1,1,1.9392091648189211,1.9392091648189211,0.0,1.9392091648189211,0.0015301060055333473
IND312403AAA,BariSadri_BhmprDPP_D (Rajasthan),0.000789036084034919,1,1,1.9392091648189211,1.9392091648189211,0.0,1.9392091648189211,0.0015301060055333473
IND247776AAA,Shamli_KarnalRd_D (Uttar Pradesh),0.0007985473175943556,1,1,1.9028213166144199,1.8055555555555554,0.0,1.9028213166144199,0.001519492858243805
IND845401AAA,Motihari_RajaBzr_D (Bihar),0.0007985473175943555,2,1,3.791061016670773,2.571428571428572,0.6666666666666666,1.8955305083353866,0.001513670802849488
IND247554AAA,Deoband_Ramvlg_D (Uttar Pradesh),0.0007977547147977359,1,2,1.8958333333333328,3.133007614431324,0.0,1.8958333333333328,0.001512409980137374
IND802158AAB,Jagdishpur_Wardno13_D (Bihar),0.000789036084034919,2,1,3.804074029683786,2.408450704225352,0.6666666666666666,1.902037014841893,0.0015007758378803144
IND144040AAA,Nakodar_ChowkDPP_D (Punjab),0.000789036084034919,2,1,3.7892091648189212,2.25,0.6666666666666666,1.8946045824094606,0.0014949113804989737
IND250002AAA,Meerut (Uttar Pradesh),0.0007898286868315388,3,1,5.640323091542604,2.0,0.3333333333333333,1.8801076971808681,0.0014849629935662335
IND480661AAA,Seoni_Kidwai_D (Madhya Pradesh),0.000802510331577454,3,2,5.434540778617435,3.8784183296378423,0.6666666666666666,1.8115135928724782,0.0014537583740731573
IND560043AAC,HBR Layout PC (Karnataka),0.0007993399203909752,4,3,7.253142789373815,5.648015873015873,0.3,1.8132856973434537,0.0014494316449606102
IND209111AAA,Pukhrayan_Arulimod_D (Uttar Pradesh),0.001605020663154908,1,1,0.9015873015873015,2.333333333333333,0.0,0.9015873015873015,0.0014470662486856945
IND814112AAA,Deoghar_Barmasia_D (Jharkhand),0.0007400268111105899,3,2,5.817627494456763,4.497582370560548,0.5,1.9392091648189211,0.0014350667743173765
IND847103AAA,Benipur_Javahar_D (Bihar),0.0007985473175943555,1,1,1.7916666666666667,2.0,0.0,1.7916666666666667,0.001430730610689887
IND135001AAA,YamunaNagar_DC (Haryana),0.0007989436189926653,2,1,3.5755728011825574,2.311111111111111,0.3333333333333333,1.7877864005912787,0.001428340536874267
IND251309AAB,Budhana_Busstand_D (Uttar Pradesh),0.0007890360840349191,1,1,1.8055555555555554,1.9718253968253971,0.0,1.8055555555555554,0.0014246484850630483
IND602024AAA,Chennai_Vepmpttu_DC (Tamil Nadu),0.0004042274262760509,1,2,3.523809523809524,4.608391608391608,1.0,3.523809523809524,0.0014244204544965606
IND507117AAB,Manuguru_AskNagar_D (Telangana),0.0007989436189926653,2,1,3.564209164818921,2.053363074811256,0.3333333333333333,1.7821045824094606,0.0014238010844936269
IND505122AAA,Jammikunta_ConduDPP_D (Telangana),0.0007910175910264681,2,1,3.5696439474276165,2.5365853658536586,0.3333333333333333,1.7848219737138082,0.0014118255780582027
IND151506AAA,Jhunir_BhaRDDPP_D (Punjab),0.000789036084034919,1,1,1.7692307692307694,1.4594594594594594,0.0,1.7692307692307694,0.0013959869179079338
IND140401AAA,Rajpura_DC (Punjab),0.0007894323854332288,2,3,3.522542498152254,5.817627494456763,0.5,1.761271249076127,0.0013904045635531295
IND506132AAA,Khanpur_Nrsampt_D (Telangana),0.0012114933746332232,1,1,1.1388888888888888,1.8403361344537812,0.0,1.1388888888888888,0.0013797563433322819
IND212402AAA,Phulpur_Shekhpur_D (Uttar Pradesh),0.000789036084034919,1,1,1.72,29.083333333333332,0.0,1.72,0.0013571420645400608
IND389001AAA,Godhra_DC (Gujarat),0.0008100400581453412,1,1,1.673469387755102,1.78,0.0,1.673469387755102,0.0013555772401615913
IND523105AAA,Kandukur_LICOffce_D (Andhra Pradesh),0.0007985473175943555,2,1,3.3874121246497877,1.3194444444444444,0.6666666666666666,1.6937060623248938,0.0013525044328628422
IND843301AAA,Sitamari_Durma_D (Bihar),0.00039471619271661435,2,1,6.7940503432494275,2.64,0.6666666666666666,3.3970251716247137,0.0013408608423062104
IND515201AAA,Hindupur_Parigi_D (Andhra Pradesh),0.0008080585511537919,1,2,1.6497662185856228,4.835664335664335,0.0,1.6497662185856228,0.0013331077003327684
IND174103AAA,Baddi_ByePass_D (Himachal Pradesh),0.0005916779876766118,3,1,6.664132615352128,1.9392091648189211,0.0,2.2213775384507093,0.001314340191820541
IND415605AAA,Chiplun_LxmiNiws_D (Maharashtra),0.00119247090751435,1,1,1.1017964071856288,2.4,0.0,1.1017964071856288,0.001313860161572697
IND508223AAA,Thirumalagiri_Xroad_D (Telangana),0.0007890360840349189,2,1,3.3238245494343057,1.804597701149425,0.6666666666666666,1.6619122747171529,0.0013113087532523866
IND501141AAA,Tandur_SnthiNGR_D (Telangana),0.0008080585511537919,1,1,1.6170212765957446,2.1538461538461537,1.0,1.6170212765957446,0.0013066478699508123
IND205135AAA,Shikohabad_Katrmira_D (Uttar Pradesh),0.0004042274262760509,1,1,3.100609756097561,2.3157894736842106,0.0,3.100609756097561,0.001253351501593731
IND574239AAA,Sullia_Srirampt_D (Karnataka),0.0007985473175943555,1,1,1.5620723362658844,1.5128205128205128,0.0,1.5620723362658844,0.00124738867401347
IND68004AAA,Thrissur_Poothole_D (Kerala),0.0008080585511537919,2,2,3.0781183932346723,4.788892637576849,0.3333333333333333,1.5390591966173361,0.0012436499445585237
IND148023AAA,Malerkotla_DC (Punjab),0.0008108326609419609,2,2,3.0604212860310422,3.8784183296378423,0.16666666666666666,1.5302106430155211,0.001240744767477984
IND562101AAA,Chikblapur_ShntiSgr_D (Karnataka),0.0008124178665352003,1,1,1.52,1.1430499325236168,0.0,1.52,0.0012348751571335044
IND581325AAA,Dandeli_RKComplx_D (Karnataka),0.000789036084034919,2,1,3.111936437546194,1.9196504688832055,0.3333333333333333,1.555968218773097,0.0012277150702235127
IND732204AAB,Paranpur_Nijgan_D (West Bengal),0.0004073978374625297,1,1,3.0,2.1538461538461537,0.0,3.0,0.001222193512387589
IND815353AAA,Madhupur_Sitarmrd_D (Jharkhand),0.0006282698167872146,2,3,3.8784183296378423,5.817627494456763,0.8333333333333334,1.9392091648189211,0.0012183465866928709
IND383001AAA,Himmatnagar_DC (Gujarat),0.0008080585511537919,1,1,1.5046610169491526,1.2526132404181185,0.0,1.5046610169491526,0.0012158542013335234
IND509203AAA,Bijnapally_nagar_D (Telangana),0.0007985473175943555,1,1,1.514705882352941,1.49,0.0,1.514705882352941,0.0012095643192973323
IND530043AAA,Visakhapatnam_VislkNgr_DC (Andhra Pradesh),0.0004042274262760509,1,2,2.9879227053140096,3.881118881118881,0.0,2.9879227053140096,0.0012078003050808575
IND400072AAJ,Mumbai_Tejpal_I (Maharashtra),0.0004050200290726706,2,1,5.933333333333334,2.1538461538461537,0.0,2.966666666666667,0.0012015594195822561
IND574221AAA,Kadaba_AnugrDPP_D (Karnataka),0.000789036084034919,1,1,1.5128205128205128,2.5903247038174637,0.0,1.5128205128205128,0.0011936699732835955
IND632402AAA,Ranipet_MBTRd_DC (Tamil Nadu),0.0004042274262760509,1,1,2.9523809523809526,1.5199999999999998,0.0,2.9523809523809526,0.0011934333537673885
IND509001AAA,Mahabubnagar_DC (Telangana),0.0008080585511537919,1,1,1.4736842105263155,1.514705882352941,0.0,1.4736842105263155,0.0011908231280161141
IND509301AAA,Jadcherla_Badeplly_D (Telangana),0.0007890360840349189,1,1,1.49,1.836734693877551,0.0,1.49,0.0011756637652120291
IND816107AAA,Pakur_Hatpada_D (Jharkhand),0.000789036084034919,1,1,1.488372093023256,1.9744897959183676,0.0,1.488372093023256,0.0011743792878659261
IND140301AAA,Chandigarh_Kharar_DC (Chandigarh),0.0008080585511537919,1,2,1.4468085106382975,3.800595238095238,0.3333333333333333,1.4468085106382975,0.0011691059889033582
IND713130AAA,Katwa_BSarani_D (West Bengal),0.0005383093993708819,2,2,4.306421741752089,4.216346153846153,0.3333333333333333,2.1532108708760447,0.0011590936506201371
IND603001AAA,Chennai_Chnglptu_DC (Tamil Nadu),0.0004042274262760509,1,1,2.8632183908045974,1.4285714285714286,1.0,2.8632183908045974,0.0011573914009811986
IND321606AAA,Kherli_GodamDPP_D (Rajasthan),0.0005968299058546399,2,2,3.8784183296378423,3.8784183296378423,0.3333333333333333,1.9392091648189211,0.0011573780232713316
IND572201AAB,Tiptur_YTRd_D (Karnataka),0.0005948483988630906,2,2,3.8784183296378423,3.8784183296378423,0.6666666666666666,1.9392091648189211,0.0011535354667531663
IND466001AAA,Sehore_Mangalam_D (Madhya Pradesh),0.0004042274262760509,1,1,2.8488372093023253,1.7575757575757576,1.0,2.8488372093023253,0.0011515781329957263
IND415612AAA,Ratnagiri_MjgaonRd_D (Maharashtra),0.0004042274262760509,1,1,2.845360824742268,2.5568181818181817,1.0,2.845360824742268,0.0011501728830122686
IND504293AAA,Asifabad_PaikjNGR_D (Telangana),0.0005910835355791468,2,2,3.8784183296378423,3.8784183296378423,0.6666666666666666,1.9392091648189211,0.0011462346093686524
IND606801AAB,Chetpet_Blmrgnst_D (Tamil Nadu),0.000789036084034919,1,1,1.4166666666666665,2.576923076923077,0.0,1.4166666666666665,0.0011178011190494685
IND136128AAA,Pehowa_WdN14DPP_D (Haryana),0.0008108326609419609,1,1,1.3703703703703705,2.1,0.0,1.3703703703703705,0.001111141053883428
IND110024AAA,Delhi_Lajpat_IP (Delhi),0.0004050200290726706,3,1,8.225155138978668,2.723214285714286,0.3333333333333333,2.7417183796595563,0.001110450857838789
IND244301AAA,Sambhal_Khwssrai_D (Uttar Pradesh),0.001211889676031533,1,1,0.9090909090909092,1.5727370689655173,1.0,0.9090909090909092,0.0011017178873013937
IND562114AAA,Hoskote_DC (Karnataka),0.00039550879551323415,1,2,2.7777777777777777,6.661477411477412,0.0,2.7777777777777777,0.0010986355430923171
IND852113AAA,Madhepura_Krishnpr_D (Bihar),0.00039887735739886783,2,2,5.453915047171861,4.980875831485587,0.6666666666666666,2.7269575235859307,0.0010877216107469168
IND515301AAA,Madakasira_RTCStand_D (Andhra Pradesh),0.0004042274262760509,1,1,2.6818181818181817,1.7573529411764703,0.0,2.6818181818181817,0.001084064461376682
IND142001AAB,Moga_DPC (Punjab),0.000604557783121682,2,2,3.575135593220339,3.6085640035285986,0.8333333333333334,1.7875677966101695,0.001080688024298354
IND713303AAA,Asansol_DC (West Bengal),0.0004042274262760509,1,1,2.6538461538461537,4.166666666666666,0.0,2.6538461538461537,0.0010727574005018274
IND814133AAB,Godda_Central_D_2 (Jharkhand),0.0004999342139678806,3,1,6.436791535379469,2.578125,0.5,2.145597178459823,0.001072657438905014
IND422605AAA,Sangamner_JawanChk_D (Maharashtra),0.000596235453757175,1,1,1.7931034482758623,1.8913043478260871,0.0,1.7931034482758623,0.001069111848116314
IND600110AAA,Chennai_Madhavaram_L (Tamil Nadu),0.00040462372767436077,1,2,2.64015444015444,4.4241164241164235,0.0,2.64015444015444,0.0010682691312113046
IND400102AAC,Mumbai_Jogshwri_I (Maharashtra),0.00040462372767436077,1,2,2.6333333333333333,5.087179487179487,0.0,2.6333333333333333,0.0010655091495424833
IND722140AAA,Khatra_KoralDPP_D (West Bengal),0.0007985473175943555,1,1,1.3331653225806452,1.9392091648189211,0.0,1.3331653225806452,0.001064595592256588
IND248122AAB,Mussoorie_BrlwgDPP_D (Uttarakhand),0.0003955087955132342,1,1,2.677419354838709,2.121977240398293,0.0,2.677419354838709,0.0010589429041160784
IND274001AAA,Deoria_CCRoad_D (Uttar Pradesh),0.0004131442077380226,2,2,5.12579453067258,4.047904816992834,0.0,2.56289726533629,0.001058846160201306
IND400015AAA,Mumbai_CottonGreen_DPC (Maharashtra),0.0003951124941149242,3,2,7.924066742081448,5.557440925087984,0.3333333333333333,2.641355580693816,0.0010436325913323076
IND524201AAA,Kavali_Kacheri_D (Andhra Pradesh),0.000789036084034919,1,1,1.3194444444444444,1.1666666666666667,1.0,1.3194444444444444,0.0010410892775460736
IND421401AAC,Murbad_SnkunDPP_D (Maharashtra),0.0004042274262760509,1,1,2.5710685483870965,2.486842105263158,1.0,2.5710685483870965,0.0010392964220938183
IND321001AAB,Bharatpur_NraynDPP_D (Rajasthan),0.0006051522352191468,1,2,1.6958525345622117,3.8784183296378423,0.6666666666666666,1.6958525345622117,0.0010262489518923779
IND415408AAC,Shirala_Central_DPP_3 (Maharashtra),0.00039471619271661435,1,1,2.5568181818181817,6.0,1.0,2.5568181818181817,0.0010092175381958889
IND283122AAB,Kirauli_AchneraRD_D (Uttar Pradesh),0.000395905096911544,1,2,2.5482456140350878,4.093055318665074,0.0,2.5482456140350878,0.0010088634267789783
IND383315AAC,Modasa_Central_D_1 (Gujarat),0.0007985473175943555,1,1,1.2526132404181185,1.1980676328502415,0.0,1.2526132404181185,0.001000270943119062
IND421601AAB,Asangaon_Shahapur_D (Maharashtra),0.0003947161927166144,1,1,2.486842105263158,4.264705882352941,1.0,2.486842105263158,0.0009815968476768438
IND678683AAA,Vadakkencherry_Robinson_D (Kerala),0.0004042274262760509,1,1,2.419590643274854,1.2121212121212122,0.0,2.419590643274854,0.0009780648983726088
IND631501AAA,Kanchipuram_DC (Tamil Nadu),0.0004042274262760509,1,2,2.417112299465241,4.8076923076923075,1.0,2.417112299465241,0.0009770630838330217
IND443301AAA,Mehkar_SagarDPP_D (Maharashtra),0.0004042274262760509,1,1,2.375,1.9392091648189211,0.0,2.375,0.000960040137405621
IND581314AAA,Ankola_Kakrmath_D (Karnataka),0.0005216227515651452,2,2,3.668039809980212,3.7410109666207227,0.3333333333333333,1.834019904990106,0.0009566665092661853
IND383255AAB,Khedbrahma_Patelfli_D (Gujarat),0.000789036084034919,1,1,1.1980676328502415,1.3904761904761904,0.0,1.1980676328502415,0.0009453185934331397
IND507123AAA,Yellandu_Sudimala_D (Telangana),0.00119247090751435,1,1,0.7758620689655172,1.357754890081357,0.0,0.7758620689655172,0.0009251929454852716
IND283203AAA,Firozabad_Sudmpuri_D (Uttar Pradesh),0.0003947161927166144,1,1,2.3157894736842106,2.2280612244897964,0.0,2.3157894736842106,0.0009140796041858439
IND847212AAA,Madhubani_Bardivan_D (Bihar),0.0004042274262760509,1,1,2.2054794520547945,1.7817460317460316,1.0,2.2054794520547945,0.0008915152826088246
IND852131AAA,Supaul_SadrHsptl_D (Bihar),0.00039887735739886783,2,2,4.4339460069241845,4.78769401330377,0.6666666666666666,2.2169730034620923,0.0008843003330455904
IND690548AAA,Haripad_Kumrpurm_D (Kerala),0.0004101719472506987,2,1,4.3076923076923075,1.21875,0.3333333333333333,2.1538461538461537,0.0008834472710015049
IND733129AAB,Kaliyaganj_Central_DPP_1 (West Bengal),0.00040977564585238885,2,1,4.3076923076923075,2.1538461538461537,0.3333333333333333,2.1538461538461537,0.0008825936987589913
IND535001AAA,Vizianagaram_NcsRd_DC (Andhra Pradesh),0.0003947161927166144,2,1,4.453846153846154,3.150460898007731,0.0,2.226923076923077,0.0008790025983958452
IND584128AAA,Sindhanur_VasaviNg_D (Karnataka),0.00040541633047098046,1,1,2.1538461538461537,2.1538461538461537,0.0,2.1538461538461537,0.0008732044040913425
IND814101AAB,Dumka_Dudhani_D (Jharkhand),0.0007985473175943555,1,1,1.092783505154639,1.488372093023256,0.0,1.092783505154639,0.0008726393367525946
IND273303AAA,Maharajganj_PakriDPP_D (Uttar Pradesh),0.0004050200290726706,1,1,2.1538461538461537,2.1538461538461537,0.0,2.1538461538461537,0.000872350831848829
IND600056AAA,Chennai_Poonamallee (Tamil Nadu),0.0004050200290726706,1,1,2.1538461538461537,2.1538461538461537,0.0,2.1538461538461537,0.000872350831848829
IND122001AAD,Gurgaon_Kadipur (Haryana),0.0004050200290726706,1,1,2.1538461538461537,2.113095238095238,0.0,2.1538461538461537,0.000872350831848829
IND425109AAA,Erandol_BsStdDPP_D (Maharashtra),0.00040462372767436077,1,1,2.1538461538461537,2.1538461538461537,0.0,2.1538461538461537,0.0008714972596063154
IND410505AAB,Rajgurunagar_Chakan_D (Maharashtra),0.0004042274262760509,1,1,2.1538461538461537,2.1538461538461537,1.0,2.1538461538461537,0.000870643687363802
IND743513AAA,Fatepur_NH117_D (West Bengal),0.0004042274262760509,1,1,2.1538461538461537,1.9861111111111112,1.0,2.1538461538461537,0.000870643687363802
IND722101AAA,Bankura_KeranDPP_D (West Bengal),0.0004042274262760509,1,1,2.1538461538461537,1.9444444444444444,1.0,2.1538461538461537,0.000870643687363802
IND388121AAA,Anand_VUNagar_DC (Gujarat),0.0004042274262760509,1,1,2.1538461538461537,1.5517970401691332,1.0,2.1538461538461537,0.000870643687363802
IND574227AAA,Moodbidri_MrdiVlge_D (Karnataka),0.0004042274262760509,1,1,2.1538461538461537,1.7857142857142858,0.0,2.1538461538461537,0.000870643687363802
IND390020AAA,Vadodara (Gujarat),0.0004042274262760509,1,2,2.1538461538461537,4.3076923076923075,1.0,2.1538461538461537,0.000870643687363802
IND134203AAA,Naraingarh_Ward2DPP_D (Haryana),0.0004042274262760509,1,1,2.1538461538461537,1.5875,1.0,2.1538461538461537,0.000870643687363802
IND785112AAC,Teok_Wardno3_D (Assam),0.0004042274262760509,1,2,2.1538461538461537,4.3076923076923075,1.0,2.1538461538461537,0.000870643687363802
IND415301AAB,Atapadi_Vidyangr_D (Maharashtra),0.0004042274262760509,1,1,2.1538461538461537,2.1538461538461537,1.0,2.1538461538461537,0.000870643687363802
IND500055AAA,Hyd_Trimulgherry_Dc (Telangana),0.000403831124877741,1,2,2.1538461538461537,4.3076923076923075,1.0,2.1538461538461537,0.0008697901151212883
IND244921AAB,Bilaspur_GrmNgriya_D (Uttar Pradesh),0.0004036329741785861,1,2,2.1538461538461537,4.3076923076923075,1.0,2.1538461538461537,0.0008693633290000316
IND243201AAA,Baheri_HoliCDPP_D (Uttar Pradesh),0.0004036329741785861,2,1,4.3076923076923075,2.1538461538461537,1.0,2.1538461538461537,0.0008693633290000316
IND670645AAB,Mananthavady_Central_D_1 (Kerala),0.000395905096911544,2,1,4.361003411910669,2.598752598752599,1.0,2.1805017059553347,0.0008632717392120338
IND410206AAA,Jasai_JNPT_D (Maharashtra),0.0003951124941149242,2,1,4.364372469635628,2.4452380952380954,0.0,2.182186234817814,0.000862209045862122
IND204215AAA,SikandraRao_JydevNGR_D (Uttar Pradesh),0.0003963013983098538,1,1,2.1538461538461537,3.1363636363636367,0.0,2.1538461538461537,0.0008535722425135312
IND136027AAA,Kaithal_DC (Haryana),0.0004058126318692903,1,1,2.1,1.926470588235294,0.0,2.1,0.0008522065269255097
IND531036AAA,Chodavaram_BaljiDPP_D (Andhra Pradesh),0.0003955087955132341,1,1,2.1538461538461537,2.1538461538461537,0.0,2.1538461538461537,0.0008518650980285042
IND828111AAA,Dhanbad_Jharia_DC (Jharkhand),0.0003955087955132341,1,1,2.1538461538461537,2.1538461538461537,0.0,2.1538461538461537,0.0008518650980285042
IND501301AAC,Ghatkesar_Central_D_1 (Telangana),0.00039550879551323404,1,1,2.1538461538461537,2.1538461538461537,0.0,2.1538461538461537,0.0008518650980285041
IND122503AAA,Pataudi_DC (Haryana),0.00039550879551323404,1,1,2.1538461538461537,2.1538461538461537,0.0,2.1538461538461537,0.0008518650980285041
IND502295AAA,Sangareddy_Pothredy_D (Telangana),0.00039550879551323404,1,1,2.1538461538461537,2.1538461538461537,0.0,2.1538461538461537,0.0008518650980285041
IND462001AAA,Bhopal_Old City (Madhya Pradesh),0.0003951124941149243,2,1,4.3076923076923075,3.916666666666667,0.0,2.1538461538461537,0.0008510115257859907
IND410501AAF,Talegaon_Central_DPP_4 (Maharashtra),0.0003947161927166144,1,1,2.1538461538461537,2.1538461538461537,1.0,2.1538461538461537,0.0008501579535434772
IND413307AAB,Sangola_Central_DPP_2 (Maharashtra),0.0003947161927166144,1,1,2.1538461538461537,2.1538461538461537,1.0,2.1538461538461537,0.0008501579535434772
IND829121AAA,Peterbar_GagiDPP_D (Jharkhand),0.00039471619271661424,1,1,2.1538461538461537,7.232462877624168,1.0,2.1538461538461537,0.0008501579535434767
IND852111AAA,Simrahi_Bazar_D (Bihar),0.0004050200290726706,2,3,4.189209164818921,7.914562907951095,0.5,2.0946045824094606,0.0008483568088632288
IND422103AAC,Sinnar_Central_D_1 (Maharashtra),0.0006057466873166116,1,1,1.3971471471471473,1.7931034482758623,0.0,1.3971471471471473,0.000846317256078239
IND176048AAA,Jahu_Sulgwan_D (Himachal Pradesh),0.00039590509691154395,1,1,2.1333333333333333,2.021505376344086,0.0,2.1333333333333333,0.0008445975400779604
IND501401AAC,Medchal_MROoffce_D (Telangana),0.0003951124941149242,2,1,4.244755244755245,6.404166666666667,0.3333333333333333,2.1223776223776225,0.0008385779158313251
IND845438AAA,Bettiah_BypassRd_D (Bihar),0.0004042274262760509,2,1,4.112530398938703,2.0615530303030303,1.0,2.0562651994693515,0.0008311987893225065
IND125047AAB,Hisar_AgrohDPP_D (Haryana),0.00041552201612788173,2,2,3.9816694822792384,4.1234196911347105,0.3333333333333333,1.9908347411396192,0.0008272356654157641
IND508252AAB,Choutuppal_Nagaram_D (Telangana),0.0004042274262760509,1,1,2.0434782608695654,1.3634293270643552,0.0,2.0434782608695654,0.000826029958042365
IND500080AAB,Hyderabad_Chikdply_I (Telangana),0.0003951124941149242,2,1,4.153846153846153,3.0487012987012987,0.0,2.0769230769230766,0.0008206182570079194
IND793001AAA,Shillong (Meghalaya),0.0004042274262760509,1,2,2.0251020408163267,3.8784183296378423,1.0,2.0251020408163267,0.000818601785905562
IND425409AAA,Shahada_Nandrbar_D (Maharashtra),0.0004016514671870368,3,4,6.104224781250745,8.138334565163834,0.6,2.0347415937502484,0.000817256946476277
IND586128AAA,Sindagi_KalyanNg_D (Karnataka),0.0003990755080980228,2,2,4.086278586278587,3.81342062193126,0.0,2.0431392931392933,0.0008153668515245986
IND845455AAB,Narktiganj_Central_DPP_2 (Bihar),0.00039471619271661435,1,2,2.0615530303030303,4.427398141196874,1.0,2.0615530303030303,0.0008137283632046112
IND600119AAA,Chennai_Sholinganallur_Dc (Tamil Nadu),0.00039511249411492425,2,1,4.11738782051282,3.619047619047619,0.0,2.05869391025641,0.0008134156855006163
IND585211AAA,Chittapur_GlbrgaRD_D (Karnataka),0.0003990755080980228,2,2,4.074898785425102,3.6538461538461537,0.0,2.037449392712551,0.0008130961516207692
IND385535AAA,Deesa_HawaiPlr_DC (Gujarat),0.0003947161927166144,1,1,2.05,1.9809335443037976,1.0,2.05,0.0008091681950690594
IND583227AAA,Gangavathi_PhrmPlza_D (Karnataka),0.0004042274262760509,1,1,2.0,1.6958333333333333,1.0,2.0,0.0008084548525521018
IND509103AAB,Wanaparthy_VallaDPP_D (Telangana),0.0004042274262760509,2,2,3.9869655750753314,3.8784183296378423,0.6666666666666666,1.9934827875376657,0.0008058204165319583
IND585314AAA,Aland_RazaviRd_D (Karnataka),0.0003990755080980228,2,2,3.988897700237906,7.435897435897436,0.0,1.994448850118953,0.0007959356882367384
IND123401AAB,Rewari_YuktiDPP_D (Haryana),0.00040620893326760016,1,1,1.9558823529411768,1.9600000000000002,0.0,1.9558823529411768,0.0007944968841851593
IND413501AAA,Osmanabad_Kakdepot_D (Maharashtra),0.00045350090013257613,2,2,3.5030389520529637,3.324923450533207,0.6666666666666666,1.7515194760264818,0.0007943156589777477
IND686632AAA,Kothanalloor_Majoor_D (Kerala),0.00040819044025914946,1,1,1.9392091648189211,1.9392091648189211,0.0,1.9392091648189211,0.000791566642742013
IND505327AAA,Jagtial_Aravind_D (Telangana),0.00040620893326760016,2,1,3.8784183296378423,1.9392091648189211,0.3333333333333333,1.9392091648189211,0.0007877240862238478
IND758001AAA,Kendujhar_Sirjudin_D (Orissa),0.00040620893326760016,3,1,5.817627494456763,1.9392091648189211,0.3333333333333333,1.9392091648189211,0.0007877240862238478
IND307001AAA,Sirohi_Ricco_D (Rajasthan),0.0004058126318692903,1,1,1.9392091648189211,1.9392091648189211,0.0,1.9392091648189211,0.0007869555749202147
IND505503AAA,Mahadevpur_Kataram_D (Telangana),0.0004058126318692903,1,1,1.9392091648189211,1.9392091648189211,0.0,1.9392091648189211,0.0007869555749202147
IND333028AAA,Sultana_Central_DPP_1 (Rajasthan),0.00040541633047098046,2,1,3.8784183296378423,1.9392091648189211,0.3333333333333333,1.9392091648189211,0.0007861870636165818
IND754142AAA,Paradip_Udyabata_D (Orissa),0.00040541633047098046,1,1,1.9392091648189211,1.9392091648189211,0.0,1.9392091648189211,0.0007861870636165818
IND152024AAA,Jalalabad_Muktsar_D (Punjab),0.0004050200290726706,1,1,1.9392091648189211,1.9392091648189211,0.0,1.9392091648189211,0.0007854185523129487
IND713145AAB,Manteswar_MemariRD_D (West Bengal),0.0004050200290726706,1,1,1.9392091648189211,1.9392091648189211,0.0,1.9392091648189211,0.0007854185523129487
IND799250AAA,Dharmanagr_Ranakant_D (Tripura),0.0004050200290726706,1,1,1.9392091648189211,1.9392091648189211,0.0,1.9392091648189211,0.0007854185523129487
IND671323AAD,Manjeshwar_Central_D_1 (Kerala),0.0004050200290726706,1,1,1.9392091648189211,1.9392091648189211,0.0,1.9392091648189211,0.0007854185523129487
IND124507AAA,Bahadurgarh_DC (Haryana),0.00040462372767436077,1,2,1.9404761904761905,4.200078730036312,0.0,1.9404761904761905,0.0007851627096538191
IND743347AAA,Kakdwip_KlngrDPP_D (West Bengal),0.0003947161927166144,1,1,1.9861111111111112,2.1538461538461537,1.0,1.9861111111111112,0.0007839502160899425
IND577432AAA,Thirthahalli_NadthiCx_D (Karnataka),0.0004042274262760509,1,1,1.9392091648189211,1.9392091648189211,1.0,1.9392091648189211,0.0007838815297056827
IND788121AAA,Kabuganj_Jantaclg_D (Assam),0.0004042274262760509,1,1,1.9392091648189211,1.9392091648189211,1.0,1.9392091648189211,0.0007838815297056827
IND604303AAA,Marakkanam_MJRDPP_D (Tamil Nadu),0.0004042274262760509,1,1,1.9392091648189211,1.9392091648189211,0.0,1.9392091648189211,0.0007838815297056827
IND743235AAA,Bongaon_SukntDPP_D (West Bengal),0.0004042274262760509,1,1,1.9392091648189211,1.9392091648189211,1.0,1.9392091648189211,0.0007838815297056827
IND784125AAA,Mangaldoi_LNBRoad_D (Assam),0.0004042274262760509,1,1,1.9392091648189211,1.9392091648189211,1.0,1.9392091648189211,0.0007838815297056827
IND132001AAA,Karnal (Haryana),0.0004042274262760509,1,3,1.9392091648189211,5.817627494456763,0.6666666666666666,1.9392091648189211,0.0007838815297056827
IND505209AAA,Ramagundam_Pdmavati_D (Telangana),0.0004042274262760509,2,2,3.8784183296378423,3.8784183296378423,0.6666666666666666,1.9392091648189211,0.0007838815297056827
IND635001AAA,Krishnagiri_BnglorRd_D (Tamil Nadu),0.000403831124877741,2,2,3.8784183296378423,3.8784183296378423,0.6666666666666666,1.9392091648189211,0.0007831130184020496
IND272001AAA,Basti_GndhiNgr_D (Uttar Pradesh),0.00040066071369126223,1,1,1.9392091648189211,1.9392091648189211,0.0,1.9392091648189211,0.0007769649279729856
IND274304AAB,Padrauna_BawliDPPP_D (Uttar Pradesh),0.0004004625629921073,2,2,3.8784183296378423,4.29215034128951,0.3333333333333333,1.9392091648189211,0.0007765806723211689
IND464221AAA,GanjBasoda_MnRDDPP_D (Madhya Pradesh),0.0003970940011064736,1,1,1.9392091648189211,1.9392091648189211,0.0,1.9392091648189211,0.0007700483262402884
IND756019AAA,Balasore_Ganeshwr_D (Orissa),0.0003963013983098538,1,4,1.9392091648189211,7.7568366592756846,0.3333333333333333,1.9392091648189211,0.0007685113036330222
IND586101AAB,Bijapur_Central_D_2 (Karnataka),0.00039590509691154395,1,1,1.9392091648189211,1.9392091648189211,0.0,1.9392091648189211,0.0007677427923293891
IND591102AAA,Bailhongal_NamoNagr_D (Karnataka),0.00039590509691154395,1,1,1.9392091648189211,2.0375,0.0,1.9392091648189211,0.0007677427923293891
IND722122AAA,Bishnupur_StnRdDPP_D (West Bengal),0.0003947161927166144,1,1,1.9444444444444444,1.8785714285714288,1.0,1.9444444444444444,0.0007675037080600835
IND689503AAB,Manthuka_Central_D_1 (Kerala),0.00039550879551323415,1,1,1.9392091648189211,1.9392091648189211,0.0,1.9392091648189211,0.0007669742810257563
IND184121AAA,Samba_Wardno13_D (Jammu & Kashmir),0.0003955087955132341,3,3,5.817627494456763,5.817627494456763,0.8333333333333334,1.9392091648189211,0.0007669742810257562
IND331701AAA,Sidhmukh_MnbzrDPP_D (Rajasthan),0.0003955087955132341,1,1,1.9392091648189211,1.9392091648189211,0.0,1.9392091648189211,0.0007669742810257562
IND176061AAA,Palampur_Cnsrvila_D (Himachal Pradesh),0.0003955087955132341,1,1,1.9392091648189211,1.9392091648189211,0.0,1.9392091648189211,0.0007669742810257562
IND321001AAA,Bharatpur_DC (Rajasthan),0.00039511249411492425,2,2,3.8784183296378423,3.198695088931528,0.5,1.9392091648189211,0.0007662057697221231
IND533201AAA,Amalapuram_Vijdurg_D (Andhra Pradesh),0.0003949143434157693,3,2,5.817627494456763,3.900410244441054,0.6666666666666666,1.9392091648189211,0.0007658215140703066
IND577126AAA,Koppa_Sangetha_D (Karnataka),0.00039471619271661446,1,1,1.9392091648189211,1.9392091648189211,1.0,1.9392091648189211,0.0007654372584184903
IND784110AAA,Dhekiajuli_Wardno5_D (Assam),0.0003947161927166144,1,2,1.9392091648189211,3.8784183296378423,0.6666666666666666,1.9392091648189211,0.0007654372584184902
IND334803AAA,Nokha_DeVDPP_D (Rajasthan),0.0003947161927166144,2,1,3.8784183296378423,1.9392091648189211,0.3333333333333333,1.9392091648189211,0.0007654372584184902
IND603102AAA,Kalpakkam_Sadras_D (Tamil Nadu),0.0003947161927166144,1,1,1.9392091648189211,1.8582089552238807,0.0,1.9392091648189211,0.0007654372584184902
IND743270AAA,Helencha_ColnyDPP_D (West Bengal),0.0003947161927166144,1,1,1.9392091648189211,1.9392091648189211,1.0,1.9392091648189211,0.0007654372584184902
IND421802AAA,Khandala_Satara_D (Maharashtra),0.0003947161927166144,1,1,1.9392091648189211,1.6933333333333334,0.0,1.9392091648189211,0.0007654372584184902
IND443201AAA,Chikhli_KKndrDPP_D (Maharashtra),0.0003947161927166144,1,1,1.9392091648189211,1.9392091648189211,0.0,1.9392091648189211,0.0007654372584184902
IND796081AAA,Kolasib_Diakkawn_D (Mizoram),0.0003947161927166144,1,1,1.9392091648189211,1.9392091648189211,1.0,1.9392091648189211,0.0007654372584184902
IND518222AAA,Dhone_RmNyrDPP_D (Andhra Pradesh),0.0003947161927166144,1,1,1.9392091648189211,1.9392091648189211,0.0,1.9392091648189211,0.0007654372584184902
IND505184AAC,Manthani_Chaitnya_D (Telangana),0.00039471619271661435,2,2,3.8784183296378423,3.7498649025238393,0.6666666666666666,1.9392091648189211,0.00076543725841849
IND754022AAA,Tangi_SriDPP_D (Orissa),0.0003943198913183045,1,1,1.9392091648189211,1.9392091648189211,1.0,1.9392091648189211,0.000764668747114857
IND248001AAD,Dehradun_Nirjanpur_L (Uttarakhand),0.0003941217406191497,2,1,3.8784183296378423,2.1978576570970114,0.0,1.9392091648189211,0.0007642844914630408
IND562117AAA,Kanakapura_VaniThtr_D (Karnataka),0.00039550879551323415,1,1,1.9259259259259258,1.1562812187812188,0.0,1.9259259259259258,0.0007617206432106731
IND521001AAA,Machilipatnam_DC (Andhra Pradesh),0.00039471619271661435,2,2,3.859209164818921,3.8784183296378423,0.6666666666666666,1.9296045824094605,0.0007616461742171948
IND110064AAA,Delhi_Mayapuri_PC (Delhi),0.00040462372767436077,2,2,3.7622095881334556,6.654571843251089,0.3333333333333333,1.8811047940667278,0.0007611396339213902
IND854311AAA,Araria_Wardn13_D (Bihar),0.0004042274262760509,2,3,3.7389866954084647,5.872570376421468,0.3333333333333333,1.8694933477042324,0.0007557004843826802
IND147001AAB,Patiala (Punjab),0.00039867920669971294,2,2,3.788265768592506,8.411471032160687,0.0,1.894132884296253,0.0007551513956950693
IND140901AAA,Chandigarh_Mullanpr_DC (Chandigarh),0.0003939235899199947,2,2,3.7935030395136775,3.665653495440729,0.6666666666666666,1.8967515197568388,0.0007471751678488197
IND577501AAA,Chitradurga_DC (Karnataka),0.0003947161927166144,2,1,3.777918842238276,1.6927648578811367,0.6666666666666666,1.888959421119138,0.0007456028709003261
IND585307AAB,Chincholi_Mainroad_D (Karnataka),0.0003990755080980228,2,2,3.6943866943866945,6.407577497129736,0.0,1.8471933471933473,0.0007371696235864725
IND458001AAB,Mandsaur_YashDPP_D (Madhya Pradesh),0.0004042274262760509,1,1,1.8214285714285716,1.4378306878306877,1.0,1.8214285714285716,0.0007362713835742357
IND151505AAA,Mansa_GreenVly_D (Punjab),0.0007985473175943555,1,1,0.9210526315789471,1.7692307692307694,0.0,0.9210526315789471,0.0007355041083105904
IND721253AAC,ChandroknaRD_Central_DPP_3 (West Bengal),0.0003955087955132341,1,1,1.8586956521739133,2.238095238095238,0.0,1.8586956521739133,0.0007351304786169895
IND500008AAC,Hyderabad_Tolichwk_I (Telangana),0.00040462372767436077,1,2,1.8149350649350648,7.517482517482517,0.0,1.8149350649350648,0.000734365791460934
IND144514AAA,Nawanshahr_DC (Punjab),0.000403831124877741,1,2,1.8174603174603172,3.689209164818921,1.0,1.8174603174603172,0.0007339470444206562
IND680307AAA,Chalakudy_SurbhiTh_D (Kerala),0.000395905096911544,1,2,1.8461538461538465,4.3076923076923075,0.3333333333333333,1.8461538461538465,0.0007309017173751582
IND141115AAA,Machhiwara_MnBzrDPP_D (Punjab),0.00039511249411492425,2,1,3.689209164818921,1.4488095238095238,0.3333333333333333,1.8446045824094606,0.0007288263172116203
IND389151AAA,Dahod_DC (Gujarat),0.00040541633047098046,1,1,1.78,2.7162298387096775,0.0,1.78,0.0007216410682383453
IND333031AAA,Pilani (Rajasthan),0.00040541633047098046,2,1,3.547396299321845,1.9392091648189211,0.3333333333333333,1.7736981496609225,0.0007190861951986992
IND176110AAB,Sujanpur_SainkSCL_D (Himachal Pradesh),0.00039590509691154395,1,1,1.809523809523809,2.1,0.0,1.809523809523809,0.0007163996991732698
IND473331AAA,Ashokngr_Bypassrd_D (Madhya Pradesh),0.000395905096911544,1,1,1.7863247863247862,1.9817073170731707,1.0,1.7863247863247862,0.0007072150876454076
IND574104AAA,Karkala_MarketRd_D (Karnataka),0.0003947161927166144,1,1,1.7857142857142858,1.9673913043478262,0.0,1.7857142857142858,0.0007048503441368114
IND571313AAB,Chamarjngr_BrDbleRd_D (Karnataka),0.00041175715284393814,1,1,1.7096774193548387,1.288888888888889,0.0,1.7096774193548387,0.0007039719064751201
IND533003AAA,Kakinada_DC (Andhra Pradesh),0.0004042274262760509,2,2,3.4821824516946474,3.910333784879711,1.0,1.7410912258473237,0.0007037968251360782
IND847226AAA,Jaynagar_Wardno6_D (Bihar),0.00039471619271661435,1,1,1.7817460317460316,9.011904761904763,1.0,1.7817460317460316,0.0007032840100387295
IND636705AAB,Dharmapuri_Central_D_2 (Tamil Nadu),0.0003951124941149243,2,2,3.5392091648189212,3.7768715024812587,0.3333333333333333,1.7696045824094606,0.0006991928801530011
IND385001AAA,Palanpur_DC (Gujarat),0.0004042274262760509,2,1,3.4557671830718544,2.05,0.6666666666666666,1.7278835915359272,0.0006984579371111871
IND365560AAB,Amreli_Rajula_DC (Gujarat),0.0004058126318692903,1,1,1.7142857142857142,2.4827586206896552,0.0,1.7142857142857142,0.0006956787974902119
IND140118AAA,AnandprShb_PnjPiara_D (Punjab),0.0003947161927166144,1,1,1.7611408199643492,1.6952380952380952,0.0,1.7611408199643492,0.0006951507992941444
IND388220AAA,Umreth_Dakor_DC (Gujarat),0.0003947161927166144,1,1,1.76,1.7692307692307692,1.0,1.76,0.0006947004991812414
IND466116AAA,Ashta_ShantiNg_D (Madhya Pradesh),0.00039471619271661446,1,1,1.7575757575757576,2.4794520547945207,1.0,1.7575757575757576,0.0006937436114413224
IND561202AAB,Pavagada_PnukndRD_D (Karnataka),0.0003947161927166144,1,1,1.7573529411764703,1.8125,0.0,1.7573529411764703,0.0006936556622005208
IND387001AAA,Nadiad_DC (Gujarat),0.0004042274262760509,1,1,1.712820512820513,1.76,1.0,1.712820512820513,0.0006923690275702616
IND614715AAA,Thirthurpondi_Madaprum_D (Tamil Nadu),0.0004042274262760509,1,1,1.7061538461538461,1.4804318488529014,1.0,1.7061538461538461,0.0006896741780617546
IND695101AAB,Attingal_Central_D_2 (Kerala),0.00041136085144562824,2,2,3.2872453633323198,3.4205128205128204,0.3333333333333333,1.6436226816661599,0.0006761220257855383
IND140001AAA,RoopNagar_ChotiHvl_DC (Punjab),0.0004042274262760509,1,1,1.6666666666666667,1.7611408199643492,0.0,1.6666666666666667,0.0006737123771267515
IND206122AAA,Auraiya_AryaNagr_D (Uttar Pradesh),0.0004042274262760509,1,1,1.663265306122449,1.4893617021276595,0.0,1.663265306122449,0.0006723374539081255
IND151302AAA,TalwandiSabo_Wardno3_D (Punjab),0.0008080585511537919,1,1,0.8292682926829268,0.9210526315789471,0.0,0.8292682926829268,0.0006700973351031445
IND583231AAA,Koppal_Banikatt_D (Karnataka),0.00039471619271661446,1,1,1.6958333333333333,2.3567193675889326,1.0,1.6958333333333333,0.0006693728768152586
IND518206AAA,Betamcherla_CmtNgRod_D (Andhra Pradesh),0.0004042274262760509,1,1,1.6499999999999997,1.9392091648189211,0.0,1.6499999999999997,0.0006669752533554839
IND723133AAA,Rghunthpur_barkarRd_D (West Bengal),0.0003947161927166144,2,1,3.3509738707012744,1.3333333333333333,0.6666666666666666,1.6754869353506372,0.0006613418240680318
IND691305AAA,Punalur_PostofJN_D (Kerala),0.00040819044025914946,1,1,1.54093567251462,2.259259259259259,0.0,1.54093567251462,0.0006289952105747713
IND284403AAA,Lalitpur_RjghatRd_D (Uttar Pradesh),0.00039550879551323415,1,2,1.5844155844155845,3.8784183296378423,0.3333333333333333,1.5844155844155845,0.0006266502993846048
IND140501AAA,Lalru_OnkarDPP_D (Punjab),0.0003947161927166144,1,1,1.5875,2.5294117647058822,1.0,1.5875,0.0006266119559376253
IND571430AAA,Malavalli_SulthnRd_D (Karnataka),0.0004137386598354874,2,1,2.999209164818921,1.53125,0.3333333333333333,1.4996045824094606,0.0006204443902092459
IND695614AAA,Kilimanoor_Krvnkuzy_D (Kerala),0.00040383112487774107,1,1,1.525,2.1538461538461537,0.0,1.525,0.0006158424654385551
IND388620AAB,Khambhat_MotvdDPP_D (Gujarat),0.0003947161927166144,1,1,1.5517970401691332,1.6956521739130435,1.0,1.5517970401691332,0.0006125194195644714
IND303106AAA,Paota_SmClyDPP_D (Rajasthan),0.00039590509691154395,1,2,1.5408602150537636,3.8784183296378423,0.3333333333333333,1.5408602150537636,0.0006100344127680027
IND680104AAA,Guruvayoor_ManhrBld_D (Kerala),0.0004050200290726706,1,1,1.5,1.4705882352941178,0.0,1.5,0.000607530043609006
IND631102AAA,Sholinghur_ArkonmRD_D (Tamil Nadu),0.0003947161927166144,1,1,1.5199999999999998,2.0707196029776673,0.0,1.5199999999999998,0.0005999686129292538
IND586101AAA,Bijapur_KirtiNgr_D (Karnataka),0.00039590509691154395,1,1,1.5010332950631458,1.9392091648189211,0.0,1.5010332950631458,0.0005942667321494288
IND206001AAA,Etawah_MhraChng_D (Uttar Pradesh),0.00039471619271661435,1,1,1.4893617021276595,1.9446808510638296,0.0,1.4893617021276595,0.000587875180641766
IND614809AAA,Pushpavanam_Thmpulam_D (Tamil Nadu),0.0003947161927166144,1,1,1.4804318488529014,2.2523784355179703,1.0,1.4804318488529014,0.0005843504229556355
IND277211AAA,Sahatwar_PnchmDPP_D (Uttar Pradesh),0.00040977564585238885,1,1,1.4142156862745099,1.9392091648189211,0.0,1.4142156862745099,0.0005795111462177166
IND814133AAA,Godda_PushPlza_D (Jharkhand),0.00029782050082985515,1,1,1.9392091648189211,1.9392091648189211,0.0,1.9392091648189211,0.0005775362446802162
IND591304AAA,Athani_VikrmMah_D (Karnataka),0.00039669769970816364,1,2,1.4344262295081966,3.440242459882067,0.0,1.4344262295081966,0.000569033585646956
IND741123AAB,Chapra_NagarDPP_D (West Bengal),0.00026935285038459585,2,1,4.216346153846153,2.393939393939394,0.6666666666666666,2.1081730769230766,0.0005678424273732946
IND458990AAA,Sitamau_Central_DPP_1 (Madhya Pradesh),0.00039471619271661446,1,1,1.4378306878306877,1.6785714285714284,1.0,1.4378306878306877,0.0005675350548716401
IND244713AAA,Kashipur_Vaishali_D (Uttarakhand),0.0003947161927166145,2,1,2.8622860878958445,2.0,0.0,1.4311430439479222,0.0005648953335399904
IND603301AAA,Malemruvathur_Achipkam_D (Tamil Nadu),0.0003947161927166144,1,1,1.4285714285714286,2.396551724137931,1.0,1.4285714285714286,0.0005638802753094492
IND792001AAA,Tezu_Farmnala_D (Arunachal Pradesh),0.0007985473175943555,1,2,0.6956521739130435,4.3076923076923075,0.3333333333333333,0.6956521739130435,0.0005555111774569429
IND241124AAB,Shahabad_KDRoad_D (Uttar Pradesh),0.0004058126318692903,1,1,1.3587412587412588,1.9392091648189211,0.0,1.3587412587412588,0.0005513943662391826
IND811399AAA,Noida_Sector02_C (Uttar Pradesh),0.0002586187439389478,1,2,2.1052631578947367,4.567583408188878,0.6666666666666666,2.1052631578947367,0.0005444605135556795
IND508207AAB,Miryalguda_Ragvendr_D (Telangana),0.00039471619271661435,1,1,1.3634293270643552,2.1695652173913045,0.0,1.3634293270643552,0.0005381676330170178
IND244601AAB,Thakurdwara_Fathuluh_D (Uttar Pradesh),0.0003947161927166145,1,1,1.3099206349206352,1.2107253086419751,0.0,1.3099206349206352,0.0005170468857768034
IND412803AAB,Wai_Central_DPP_3 (Maharashtra),0.0004042274262760509,1,1,1.2790697674418603,1.9392091648189211,0.0,1.2790697674418603,0.0005170350801205302
IND788806AAA,Badarpur_Konapara_D (Assam),0.00019715994565915228,2,2,4.8622860878958445,5.689209164818921,1.0,2.4311430439479222,0.00047932403043439843
IND000000ABD,Pallakad_ChndrNgr_D (Kerala),0.00039471619271661446,1,1,1.2121212121212122,1.704054054054054,0.0,1.2121212121212122,0.0004784438699595327
IND000000ABA,Cochin_Chtrpuza_D (Kerala),0.0004042274262760509,1,1,1.1668520578420467,1.0,1.0,1.1668520578420467,0.00047167360418640423
IND561207AAB,Bagepalli_TBCross_D (Karnataka),0.0004073978374625297,1,1,1.1430499325236168,1.326086956521739,0.0,1.1430499325236168,0.00046567607062181194
IND457001AAA,Ratlam_Khjurwli_DC (Madhya Pradesh),0.00039590509691154395,1,2,1.1555555555555554,3.0142091648189213,0.3333333333333333,1.1555555555555554,0.00045749033420889516
IND788713AAA,Karimganj_Alngjuri_D (Assam),0.00019715994565915228,2,2,4.629336242042772,4.8622860878958445,1.0,2.314668121021386,0.00045635984095954857
IND815301AAA,Giridih_Shivalya_D (Jharkhand),0.00023513882966384609,1,3,1.9392091648189211,5.817627494456763,0.8333333333333334,1.9392091648189211,0.0004559833734889255
IND480886AAA,Lakhnadon_Central_DPP_1 (Madhya Pradesh),0.0002019155624388705,1,2,2.212121212121212,3.504865730475487,0.6666666666666666,2.212121212121212,0.00044666169872841047
IND781102AAA,Hajo_Sardala_D (Assam),0.00019775439775661705,1,1,2.1538461538461537,2.1538461538461537,0.0,2.1538461538461537,0.0004259325490142521
IND781124AAA,Chhaygaon_GwhRDDPP_D (Assam),0.00019775439775661705,1,1,2.0434782608695654,2.1538461538461537,0.0,2.0434782608695654,0.0004041068128070001
IND683565AAA,Kunnathund_Pringla_D (Kerala),0.00039471619271661446,1,1,1.0,1.8947368421052628,1.0,1.0,0.00039471619271661446
IND854105AAA,Katihar_Shyndco_D (Bihar),0.0002025100145363353,1,1,1.9392091648189211,1.9392091648189211,0.0,1.9392091648189211,0.00039270927615647435
IND147301AAA,Mandi_Gobindgarh_DC (Punjab),0.0002019155624388705,2,1,3.8784183296378423,1.9392091648189211,1.0,1.9392091648189211,0.0003915565092010248
IND140406AAA,SirhindFatehgarh_DC (Punjab),0.0002019155624388705,1,1,1.9392091648189211,1.5833333333333333,1.0,1.9392091648189211,0.0003915565092010248
IND181152AAA,Jammu_TrnptNgr_L (Jammu & Kashmir),0.00020151926104056066,3,1,5.817627494456763,1.9392091648189211,1.0,1.9392091648189211,0.0003907879978973918
IND425405AAA,Shirpur_KrantiNgr_D (Maharashtra),0.00020132111034140574,2,2,3.8784183296378423,23.15920916481892,0.6666666666666666,1.9392091648189211,0.0003904037422455753
IND573103AAA,Arsikere_HsnRdDPP_D (Karnataka),0.00020132111034140574,1,2,1.9392091648189211,3.8784183296378423,0.6666666666666666,1.9392091648189211,0.0003904037422455753
IND424304AAC,Sakri_DhuleRoad_D (Maharashtra),0.00020033035684563112,3,2,5.817627494456763,3.8784183296378423,1.0,1.9392091648189211,0.0003884824639864928
IND477001AAA,Bhind_BhrolDPP_D (Madhya Pradesh),0.0001971599456591523,1,1,1.9392091648189211,1.9392091648189211,1.0,1.9392091648189211,0.0003823343735574286
IND477001AAB,Bhind_EtwahDPP_D (Madhya Pradesh),0.0001971599456591523,1,1,1.9392091648189211,3.924528301886793,1.0,1.9392091648189211,0.0003823343735574286
IND480001AAA,Chhindwara_NagpurRd_D (Madhya Pradesh),0.0001971599456591523,2,2,3.504865730475487,3.4953316137985135,0.6666666666666666,1.7524328652377434,0.00034550956848158605
IND581400AAB,Mallapur_ShtDRDPP_D (Karnataka),0.0002019155624388705,2,1,3.3374561160384335,1.1727272727272728,0.6666666666666666,1.6687280580192168,0.0003369421643924743
IND581303AAA,Karwar_Central_D_1 (Karnataka),0.0002019155624388705,1,2,1.6585365853658536,3.3374561160384335,0.6666666666666666,1.6585365853658536,0.0003348843474595901
IND334001AAB,Bikaner_DC (Rajasthan),0.0002019155624388705,1,1,1.65359477124183,1.9392091648189211,0.0,1.65359477124183,0.0003338865182812695
IND209206AAB,Ghatampur_StatinRD_D (Uttar Pradesh),0.0004050200290726706,1,1,0.8173018753781004,2.2,0.0,0.8173018753781004,0.00033102362932678643
IND577401AAA,Sagara_Vardhard_D (Karnataka),0.00019676364426084246,1,2,1.625,3.064209164818921,0.6666666666666666,1.625,0.000319740921923869
IND244715AAA,Ramnagar_BhwniGnj_D (Uttarakhand),0.0002019155624388705,1,1,1.5483870967741935,0.9230769230769232,0.0,1.5483870967741935,0.0003126434515182511
IND243301AAB,Aonla_KdidmCLY_D (Uttar Pradesh),0.00040462372767436077,1,2,0.75,3.2333268118777445,0.3333333333333333,0.75,0.0003034677957557706
IND563130AAA,Malur_NharuExt_D (Karnataka),0.00013110971260751002,2,1,4.045571922167667,1.4308712121212122,0.6666666666666666,2.0227859610838337,0.0002652068860242074
IND563116AAA,Bethamangala_FshryOFC_D (Karnataka),0.00013110971260751002,2,1,4.042735042735043,1.9166666666666665,1.0,2.0213675213675213,0.0002650209148006506
IND641062AAD,Coimbatore_Karayam_H (Tamil Nadu),9.550863699267477e-05,7,6,16.292130131202054,11.76344377245984,0.045454545454545456,2.327447161600293,0.00022229130607691365
IND302014AAB,Jaipur_Central_I_7 (Rajasthan),7.490096428056237e-05,7,11,18.737521403469678,26.148491525636835,0.02564102564102564,2.67678877192424,0.00020049406019250791
IND244501AAA,Kanth_Dayanand_D (Uttar Pradesh),0.0004042274262760509,1,1,0.46211355829460493,1.3099206349206352,0.0,0.46211355829460493,0.00018679897431669596
IND575014AAA,Surathkal_DC (Karnataka),6.0898314873614214e-05,1,1,1.9392091648189211,1.9392091648189211,1.0,1.9392091648189211,0.00011809457032494111
IND395023AAD,Surat_Central_I_4 (Gujarat),1.9418768517182838e-05,5,5,26.88376068376068,10.678288623141563,0.0,5.3767521367521365,0.00010440990511785794
IND641607AAA,Tirupur_Koliplm_I (Tamil Nadu),4.359315381408392e-05,2,3,3.9386363636363635,7.060409001454607,0.16666666666666666,1.9693181818181817,8.584879040887208e-05
IND362001AAA,Junagadh_DPC (Gujarat),4.3989455212393776e-05,3,4,5.625701607791161,7.59546043706599,0.0,1.8752338692637203,8.249051630474031e-05
IND322201AAA,Gangapur_Ward6DPP_D (Rajasthan),2.615589228845035e-05,1,2,2.3363636363636364,3.9205128205128204,0.3333333333333333,2.3363636363636364,6.110967561937945e-05
IND221010AAB,Varanasi_MahmurGj_IP (Uttar Pradesh),2.4570686695210938e-05,2,3,4.093055318665074,6.032264483483996,0.1,2.046527659332537,5.028458993054316e-05
IND625008AAA,Madurai_Kappalur_H (Tamil Nadu),2.9326303474929184e-05,5,1,7.7287895303048755,1.824829931972789,0.0,1.5457579060609752,4.5331365451915234e-05
IND785621AAA,Golaghat_BaruaRd_D (Assam),2.318363180112645e-05,2,1,3.8784183296378423,1.9392091648189211,0.6666666666666666,1.9392091648189211,4.49579112625318e-05
IND362720AAA,Kodinar_NCplxDPP_D (Gujarat),1.783356292394342e-05,1,1,2.4444444444444446,2.035714285714286,0.0,2.4444444444444446,4.359315381408392e-05
IND626123AAA,Sivakasi_Msstreet_DC (Tamil Nadu),2.2589179703661667e-05,1,1,1.824829931972789,1.8775510204081636,0.0,1.824829931972789,4.122141126195403e-05
IND322241AAA,Karauli_HnsChowk_D (Rajasthan),2.4570686695210938e-05,1,1,1.6071428571428572,2.3363636363636364,0.0,1.6071428571428572,3.9488603617303295e-05
IND303303AAA,Dausa_IndraCln_D (Rajasthan),2.1400275508732105e-05,2,1,3.6193223443223443,1.3506493506493509,0.3333333333333333,1.8096611721611722,3.8727247661704164e-05
IND204101AAA,Hathras (Uttar Pradesh),1.8801513363069267e-05,1,1,1.9392091648189211,1.9392091648189211,1.0,1.9392091648189211,3.6460067026129337e-05
IND362560AAA,Una_Mamlatdr_DC (Gujarat),1.783356292394342e-05,1,1,2.035714285714286,1.8101092896174862,0.0,2.035714285714286,3.6304038809456256e-05
IND643212AAA,Gudalur_kalmpuza_D (Tamil Nadu),1.664465872901386e-05,1,1,2.1538461538461537,2.1538461538461537,0.0,2.1538461538461537,3.5850034185568314e-05
IND362265AAA,Veraval_DC (Gujarat),1.783356292394342e-05,2,1,3.9038461538461537,2.4444444444444446,0.0,1.9519230769230769,3.480974301500495e-05
IND641664AAA,Tirpur_Palladam_DC (Tamil Nadu),1.8229864322253276e-05,2,1,3.753846153846154,1.4473684210526316,0.3333333333333333,1.876923076923077,3.421605303561384e-05
IND627005AAA,Tirunelveli_VdkkuSrt_I (Tamil Nadu),1.7040960127323715e-05,3,4,6.005566736949715,6.60090683748956,0.09523809523809523,2.0018555789832386,3.41135411021139e-05
IND362150AAA,Talala_SsnRdDPP_D (Gujarat),1.783356292394342e-05,1,1,1.8101092896174862,1.6492537313432836,0.0,1.8101092896174862,3.2280697915607965e-05
IND322230AAA,Hindaun_MndwrRod_D (Rajasthan),2.2985481101971522e-05,1,1,1.3506493506493509,1.6071428571428572,0.0,1.3506493506493509,3.104532512474076e-05
IND643217AAA,Kotagiri_CroslySRT_D (Tamil Nadu),1.8229864322253276e-05,2,1,3.3891402714932126,0.9591836734693876,0.3333333333333333,1.6945701357466063,3.089178365920295e-05
IND276129AAA,Chiraiyakot_KamalDPP_D (Uttar Pradesh),1.5852055932394153e-05,1,1,1.9392091648189211,1.9392091648189211,0.0,1.9392091648189211,3.074045214532089e-05
IND277303AAC,Sikandarpur_Central_D_3 (Uttar Pradesh),1.54557545340843e-05,1,1,1.98,1.4142156862745099,0.0,1.98,3.060239397748691e-05
IND712310AAE,Kolkata_North_I_4 (West Bengal),1.1096439152675908e-05,3,3,8.20867374005305,8.109118951224213,0.13333333333333333,2.736224580017683,3.036234956022241e-05
IND627756AAA,Sankaran_Kovil_D (Tamil Nadu),1.5852055932394153e-05,1,1,1.8775510204081636,1.6490147783251234,0.0,1.8775510204081636,2.9763043791433925e-05
IND452001AAC,Jalgaon_DC (Maharashtra),1.3077946144225176e-05,2,1,4.482204362801378,2.6666666666666665,0.0,2.241102181400689,2.930901363206377e-05
IND276140AAA,Jiyanpur_Central_DPP_1 (Uttar Pradesh),1.4663151737464592e-05,1,1,1.9392091648189211,1.9392091648189211,0.0,1.9392091648189211,2.8434918234421823e-05
IND275303AAA,Dohrighat_AzmrdDPP_D (Uttar Pradesh),1.347424754253503e-05,1,1,1.9392091648189211,1.9392091648189211,0.0,1.9392091648189211,2.6129384323522757e-05
IND630561AAA,Sivaganga_Wardno3_D (Tamil Nadu),1.3077946144225176e-05,1,2,1.9797297297297298,3.2555147058823533,0.0,1.9797297297297298,2.589079878552687e-05
IND638657AAA,Dharapuram_Techrcly_D (Tamil Nadu),1.743726152563357e-05,1,1,1.4473684210526316,1.4747126436781608,0.0,1.4473684210526316,2.5238141681838063e-05
IND638501AAB,Anthiyour_TherSRT_D (Tamil Nadu),1.1492740550985761e-05,1,1,2.1538461538461537,1.4473684210526316,0.0,2.1538461538461537,2.4753595032892406e-05
IND638701AAA,Kangayam_Thvlrsrt_D (Tamil Nadu),1.664465872901386e-05,1,1,1.4747126436781608,2.2386363636363633,0.0,1.4747126436781608,2.4546088677384804e-05
IND425201AAA,Bhusawal_Samarth_D (Maharashtra),9.114932161126638e-06,1,1,2.6666666666666665,2.1538461538461537,0.0,2.6666666666666665,2.4306485763004366e-05
IND275503AAA,Ghosi_Jamalpur_D (Uttar Pradesh),1.2285343347605469e-05,2,1,3.8784183296378423,1.9392091648189211,0.3333333333333333,1.9392091648189211,2.382385041262369e-05
IND638401AAA,Sathyamangalam_Mlydpthr_D (Tamil Nadu),1.3077946144225176e-05,1,1,1.8139534883720931,1.02,0.0,1.8139534883720931,2.372278602905962e-05
IND273155AAA,Anandnagar_LohiaDPP_D (Uttar Pradesh),1.0700137754366053e-05,1,1,2.1538461538461537,2.1538461538461537,0.0,2.1538461538461537,2.3046450547865342e-05
IND303603AAB,Renwal_ChomuRD_D (Rajasthan),1.4465001038309664e-05,2,2,3.101214574898785,4.626819126819127,0.0,1.5506072874493926,2.2429536022965995e-05
IND396321AAA,Bilimora_DC (Gujarat),9.907534957746346e-06,2,2,4.274679487179487,3.334478021978022,0.0,2.1373397435897434,2.1175768226195995e-05
IND517501AAB,Tirupati_Balajicly_I (Andhra Pradesh),9.511233559436491e-06,2,2,4.370384917517674,4.601465201465201,0.0,2.185192458758837,2.0783875847574592e-05
IND691506AAA,Kottarakkara_Amankovl_D (Kerala),1.4266850339154737e-05,1,1,1.4230769230769231,1.54093567251462,0.0,1.4230769230769231,2.030282548264328e-05
IND626607AAB,Narikkudi_MukkuRD_D (Tamil Nadu),1.5852055932394153e-05,1,1,1.2708333333333333,1.52,0.0,1.2708333333333333,2.0145321080750903e-05
IND623701AAA,Paramakudi_VagaiNgr_D (Tamil Nadu),1.4266850339154737e-05,1,1,1.411764705882353,1.1777777777777778,0.0,1.411764705882353,2.0141435772924336e-05
IND274509AAB,Salempur_Banjaria_D (Uttar Pradesh),9.511233559436491e-06,1,2,2.108695652173913,3.8784183296378423,0.0,2.108695652173913,2.005629685359434e-05
IND233001AAA,Ghazipur_Kaithwal_D (Uttar Pradesh),9.907534957746346e-06,1,2,1.9392091648189211,3.8784183296378423,0.3333333333333333,1.9392091648189211,1.9212782590825556e-05
IND623503AAA,Ramnthpurm_TnhbBlkC_D (Tamil Nadu),1.5852055932394153e-05,1,1,1.1777777777777778,0.9014084507042254,0.0,1.1777777777777778,1.8670199209264226e-05
IND623704AAA,Muthukulathur_VaiklSRT_D (Tamil Nadu),1.664465872901386e-05,1,1,1.0607789142407553,1.2708333333333333,0.0,1.0607789142407553,1.7656303014471233e-05
IND303901AAA,Chaksu_TonkRoad_D (Rajasthan),5.548219576337954e-06,1,1,3.119047619047619,2.1538461538461537,0.0,3.119047619047619,1.7305161059530284e-05
IND691574AAA,Kalluvathukal_Pariplly_D (Kerala),9.907534957746346e-06,2,1,3.4205128205128204,1.525,0.3333333333333333,1.7102564102564102,1.694442517132516e-05
IND643001AAA,Ooty_Davisdle_D (Tamil Nadu),1.743726152563357e-05,1,1,0.9591836734693876,2.1538461538461537,0.0,0.9591836734693876,1.6725536565403626e-05
IND360370AAA,Jetpur_DC (Gujarat),8.32232936450693e-06,1,1,1.9782608695652175,1.9392091648189211,0.0,1.9782608695652175,1.6463738525437624e-05
IND360490AAA,Upleta_AdrshSt_DC (Gujarat),8.32232936450693e-06,1,1,1.9392091648189211,2.1621621621621623,0.0,1.9392091648189211,1.6138737376293465e-05
IND360410AAA,Dhoraji_JmnvadRd_DC (Gujarat),8.32232936450693e-06,1,1,1.9392091648189211,1.9392091648189211,0.0,1.9392091648189211,1.6138737376293465e-05
IND626117AAA,Rajpalayam_AshkTalk_D (Tamil Nadu),9.114932161126638e-06,1,1,1.6490147783251234,1.24,0.0,1.6490147783251234,1.5030657837128781e-05
IND623526AAA,Rameswram_Kdthdstrt_D (Tamil Nadu),1.664465872901386e-05,1,1,0.9014084507042254,1.0607789142407553,0.0,0.9014084507042254,1.5003636037420945e-05
IND641008AAA,Cjb_Kovaipudur_Dc (Tamil Nadu),6.737123771267515e-06,1,1,2.1538461538461537,2.1538461538461537,1.0,2.1538461538461537,1.4510728122730032e-05
IND232104AAB,Chandauli_ShubsNGR_D (Uttar Pradesh),6.737123771267515e-06,1,2,2.1538461538461537,4.3076923076923075,0.3333333333333333,2.1538461538461537,1.4510728122730032e-05
IND360510AAB,Bhanvad_Mainroad_D (Gujarat),8.32232936450693e-06,1,1,1.7375,1.5192307692307692,0.0,1.7375,1.4460047270830791e-05
IND711303AAA,Bagnan_Harop_D (West Bengal),6.340822372957661e-06,1,1,2.271062271062271,0.8108108108108109,1.0,2.271062271062271,1.4400402458731684e-05
IND560300AAB,Bangalore_East_I_20 (Karnataka),4.557466080563319e-06,2,3,6.115384615384615,5.786951232512495,0.3,3.0576923076923075,1.393532897710707e-05
IND614620AAA,Manamelkudi_TmpleSrt_D (Tamil Nadu),9.114932161126638e-06,1,1,1.5086206896551724,1.9797297297297298,0.0,1.5086206896551724,1.375097524307898e-05
IND403726AAB,Goa_ZuariNgr_IP (Goa),6.340822372957661e-06,4,5,8.615384615384615,9.152930402930401,0.0,2.1538461538461537,1.36571558802165e-05
IND641001AAA,Coimbatore_Ukkadam_D (Tamil Nadu),5.944520974647807e-06,1,1,2.1538461538461537,2.1538461538461537,1.0,2.1538461538461537,1.2803583637702968e-05
IND733129AAA,Kaliyaganj_FatprDPP_D (West Bengal),5.944520974647807e-06,1,1,2.1538461538461537,2.1538461538461537,0.0,2.1538461538461537,1.2803583637702968e-05
IND425401AAA,Amalner_Murtingr_D (Maharashtra),5.944520974647807e-06,1,1,2.1538461538461537,2.1538461538461537,0.0,2.1538461538461537,1.2803583637702968e-05
IND360530AAB,Jamjodhpur_Court_D (Gujarat),8.32232936450693e-06,1,1,1.5192307692307692,1.8142857142857145,0.0,1.5192307692307692,1.264353884223168e-05
IND638452AAA,Gobicheti_Ward25_D (Tamil Nadu),1.2285343347605469e-05,1,1,1.02,2.1538461538461537,0.0,1.02,1.2531050214557578e-05
IND396445AAA,Navsari_DC (Gujarat),6.737123771267515e-06,1,1,1.8198529411764703,2.1208333333333336,0.0,1.8198529411764703,1.2260574510211102e-05
IND571124AAA,Tirumakudalu_Narasipr_D (Karnataka),7.926027966197077e-06,1,1,1.53125,5.096666666666667,1.0,1.53125,1.2136730323239274e-05
IND232101AAB,MughalSarai_Central_D_2 (Uttar Pradesh),5.548219576337954e-06,1,1,2.1538461538461537,2.1538461538461537,1.0,2.1538461538461537,1.1950011395189438e-05
IND686540AAA,Karukachal_MnimlaRd_D (Kerala),5.548219576337954e-06,2,1,4.3076923076923075,2.1538461538461537,0.3333333333333333,2.1538461538461537,1.1950011395189438e-05
IND360575AAA,Porbandar_DC (Gujarat),8.32232936450693e-06,1,1,1.4216867469879515,1.7375,0.0,1.4216867469879515,1.1831745361588162e-05
IND303338AAB,Phulera_NarenaRD_D (Rajasthan),6.340822372957661e-06,2,1,3.6871794871794874,0.9473684210526316,0.0,1.8435897435897437,1.1689875092709124e-05
IND685514AAA,Kattappana_Palikval_D (Kerala),5.944520974647807e-06,2,1,3.751709164818921,1.5558823529411763,0.0,1.8758545824094606,1.1151056910522241e-05
IND425508AAB,Raver_Truptingr_D (Maharashtra),5.1519181780281e-06,1,1,2.1538461538461537,3.0294117647058822,0.0,2.1538461538461537,1.1096439152675906e-05
IND621802AAA,Jayamkondan_Chithbrm_D (Tamil Nadu),5.1519181780281e-06,1,2,2.032795698924731,4.4947647203744765,0.3333333333333333,2.032795698924731,1.0472797113507659e-05
IND274304AAA,Kushinagar_KasyaDPP_D (Uttar Pradesh),5.350068877183026e-06,2,1,3.8784183296378423,1.9392091648189211,0.0,1.9392091648189211,1.03749025990458e-05
IND125033AAA,Hansi_DelRdDPP_D (Haryana),5.350068877183026e-06,2,2,3.8784183296378423,3.8784183296378423,0.6666666666666666,1.9392091648189211,1.03749025990458e-05
IND396001AAA,Valsad_DC (Gujarat),6.737123771267515e-06,1,1,1.521978021978022,2.1538461538461537,0.0,1.521978021978022,1.0253754311214844e-05
IND608301AAA,Lalpet_PriyrNGR_D (Tamil Nadu),3.963013983098538e-06,1,1,2.555555555555556,1.9411764705882355,0.0,2.555555555555556,1.0127702401251821e-05
IND571114AAA,HDKote_BegurRD_D (Karnataka),6.340822372957661e-06,1,1,1.5895522388059706,4.13499245852187,0.0,1.5895522388059706,1.0079068398805838e-05
IND642126AAA,Udumalpet_Artclgrd_D (Tamil Nadu),6.737123771267515e-06,1,1,1.482781582952816,1.370967741935484,1.0,1.482781582952816,9.98968305010909e-06
IND721139AAC,Panskura_Central_D_3 (West Bengal),5.1519181780281e-06,2,2,3.7455128205128205,4.3076923076923075,0.3333333333333333,1.8727564102564103,9.648287793018649e-06
IND628801AAA,Eral_Busstand_D (Tamil Nadu),5.944520974647807e-06,1,1,1.620771670190275,1.4375,0.0,1.620771670190275,9.634711188561048e-06
IND628204AAA,Tirchchndr_Shnmgprm_D (Tamil Nadu),6.340822372957661e-06,1,1,1.4375,1.238095238095238,0.0,1.4375,9.114932161126638e-06
IND516115AAA,Rajampet_RSRoad_D (Andhra Pradesh),3.5667125847886842e-06,1,1,2.511904761904762,2.238805970149253,0.0,2.511904761904762,8.959242326076338e-06
IND362220AAA,Junagadh_keshod_DC (Gujarat),4.359315381408392e-06,1,1,2.0416666666666665,1.923076923076923,0.0,2.0416666666666665,8.9002689037088e-06
IND517644AAA,Sriklahsti_SDKNgr_D (Andhra Pradesh),3.5667125847886842e-06,1,1,2.447619047619048,2.1142857142857143,0.0,2.447619047619048,8.729953659911352e-06
IND424101AAA,Chalisgaon_BhadgDPP_D (Maharashtra),3.963013983098538e-06,1,1,2.1538461538461537,2.1538461538461537,0.0,2.1538461538461537,8.535722425135313e-06
IND362225AAA,Mangrol_JilRDDPP_D (Gujarat),4.359315381408392e-06,1,1,1.923076923076923,1.75,0.0,1.923076923076923,8.383298810400754e-06
IND627657AAA,Thisayanvilai_UdnkdiRD_D (Tamil Nadu),6.737123771267515e-06,1,1,1.238095238095238,1.0285714285714285,0.0,1.238095238095238,8.341200859664542e-06
IND642001AAA,Pollachi_Venkatsa_DC (Tamil Nadu),5.944520974647807e-06,1,1,1.370967741935484,1.619517543859649,1.0,1.370967741935484,8.149746497501027e-06
IND712103AAA,Hoogly_Bandel_D (West Bengal),2.774109788168977e-06,1,1,2.844444444444444,3.7281609195402297,1.0,2.844444444444444,7.8908011752362e-06
IND203390AAA,Anupshahar_DcntCLY_D (Uttar Pradesh),4.755616779718246e-06,2,1,3.29818352379328,2.5729166666666665,0.3333333333333333,1.64909176189664,7.842448454170787e-06
IND425412AAA,Nandurbar_DhuleRd_D (Maharashtra),3.963013983098538e-06,4,3,7.7568366592756846,6.104224781250745,0.6666666666666666,1.9392091648189211,7.685113036330223e-06
IND517583AAA,Puttur_Artmclny_D (Andhra Pradesh),3.5667125847886842e-06,1,1,2.1538461538461537,2.152173913043478,0.0,2.1538461538461537,7.682150182621781e-06
IND516101AAA,Koduru_MGRoad_D (Andhra Pradesh),3.5667125847886842e-06,1,1,2.152173913043478,2.511904761904762,0.0,2.152173913043478,7.67618578030608e-06
IND600032AAB,Chennai_Hub (Tamil Nadu),3.1704111864788306e-06,3,4,7.256707946336429,8.1118006993007,0.5,2.41890264877881,7.668916016691613e-06
IND571440AAA,Kollegala_NarsipuraRd_D (Karnataka),5.944520974647807e-06,1,1,1.288888888888889,1.06,0.0,1.288888888888889,7.661827033990508e-06
IND486889AAA,Singrauli_Ward8DPP_D (Madhya Pradesh),3.1704111864788306e-06,1,2,2.4,3.8784183296378423,0.3333333333333333,2.4,7.608986847549193e-06
IND231225AAB,Anpara_Parasi_D (Uttar Pradesh),3.1704111864788306e-06,1,1,2.4,1.6296296296296295,0.0,2.4,7.608986847549193e-06
IND621212AAA,Perambalur_goplpurm_D (Tamil Nadu),4.359315381408392e-06,2,1,3.4686209295248034,1.5454545454545454,0.3333333333333333,1.7343104647624017,7.5604062851762755e-06
IND423105AAA,Malegaon_Rawlgaon_D (Maharashtra),4.359315381408392e-06,2,2,3.4668589344041747,3.586267988348333,0.3333333333333333,1.7334294672020873,7.556565738960614e-06
IND524132AAA,Venktagiri_TirupthiRd_D (Andhra Pradesh),3.5667125847886842e-06,1,1,2.1142857142857143,1.6571428571428575,0.0,2.1142857142857143,7.541049464981789e-06
IND621704AAA,Ariyalur_Kmrajngr_D (Tamil Nadu),4.755616779718246e-06,1,1,1.5454545454545454,2.032795698924731,1.0,1.5454545454545454,7.349589568655471e-06
IND145001AAA,Pathankot_DC (Punjab),1.1889041949295614e-06,1,2,6.177514792899408,3.596947260057016,0.6666666666666666,6.177514792899408,7.344473251517527e-06
IND628613AAA,Peikulam_SriVnktpm_D (Tamil Nadu),7.1334251695773685e-06,1,1,1.0285714285714285,1.7446808510638303,0.0,1.0285714285714285,7.337237317279578e-06
IND222001AAA,Jaunpur_Katghara_D (Uttar Pradesh),3.5667125847886842e-06,1,1,1.9392091648189211,1.9392091648189211,0.0,1.9392091648189211,6.9166017326971995e-06
IND624001AAA,Dindigul_Central_D_1 (Tamil Nadu),3.963013983098538e-06,1,2,1.709090909090909,2.9342948717948714,0.0,1.709090909090909,6.773151171113865e-06
IND803101AAA,BiharSarif_Soghra_D (Bihar),2.377808389859123e-06,1,1,2.8421052631578947,2.260869565217391,0.0,2.8421052631578947,6.757981739599612e-06
IND203135AAA,Jewar_SJRoad_D (Uttar Pradesh),3.963013983098538e-06,1,2,1.5675675675675675,3.490933302749956,0.3333333333333333,1.5675675675675675,6.212292189722033e-06
IND470113AAA,Bina_Srvdycwk_D (Madhya Pradesh),3.1704111864788306e-06,2,1,3.8784183296378423,1.9392091648189211,0.0,1.9392091648189211,6.1480904290641775e-06
IND571213AAA,Gonikoppal_Thomas_D (Karnataka),3.5667125847886842e-06,1,1,1.721794871794872,1.5895522388059706,0.0,1.721794871794872,6.141147437655389e-06
IND721134AAB,Kolaghat_Central_DPP_2 (West Bengal),7.5297265678872226e-06,1,2,0.8108108108108109,3.7455128205128205,0.3333333333333333,0.8108108108108109,6.105183703692343e-06
IND524101AAB,Gudur_Bngisheb_D (Andhra Pradesh),3.5667125847886842e-06,1,1,1.6571428571428575,2.131578947368421,0.0,1.6571428571428575,5.910552283364107e-06
IND712124AAA,Hooghly_DC (West Bengal),1.5852055932394153e-06,1,1,3.6842105263157885,2.844444444444444,1.0,3.6842105263157885,5.840231132987318e-06
IND486886AAA,Singrauli_Waidhan_D (Madhya Pradesh),3.5667125847886842e-06,1,1,1.6296296296296295,2.4,0.0,1.6296296296296295,5.812420508544522e-06
IND688009AAA,Alappuzha_Pazhvedu_D (Kerala),4.755616779718246e-06,1,1,1.21875,3.3777777777777787,0.0,1.21875,5.795907950281612e-06
IND805110AAD,Nawada_Central_DPP_2 (Bihar),2.377808389859123e-06,1,1,2.260869565217391,2.333333333333333,0.0,2.260869565217391,5.37591462055106e-06
IND623315AAB,Oriyur_Vllyaprm_D (Tamil Nadu),5.1519181780281e-06,1,1,1.0416666666666667,1.5086206896551724,0.0,1.0416666666666667,5.3665814354459375e-06
IND624619AAA,Oddnchtram_Palani_D (Tamil Nadu),3.1704111864788306e-06,1,1,1.5384615384615383,1.3103448275862069,0.0,1.5384615384615383,4.8775556715058925e-06
IND627401AAA,Ambasamdrm_Solaiprm_D (Tamil Nadu),2.774109788168977e-06,1,1,1.7125237191650855,2.219219219219219,1.0,1.7125237191650855,4.750728811807404e-06
IND804420AAA,Jehanabad_Madarpur_D (Bihar),1.5852055932394153e-06,1,1,2.9621212121212124,2.8421052631578947,0.0,2.9621212121212124,4.695571113307662e-06
IND624601AAA,Palani_RjndraRd_D (Tamil Nadu),3.5667125847886842e-06,1,1,1.3103448275862069,0.7798507462686568,0.0,1.3103448275862069,4.673623386964483e-06
IND639104AAB,Kulithalai_AnnaNGR_D (Tamil Nadu),2.377808389859123e-06,1,1,1.9411764705882355,1.9392091648189211,0.0,1.9411764705882355,4.615745697961827e-06
IND203131AAA,Khurja_Pnjbiyon_D (Uttar Pradesh),2.377808389859123e-06,1,1,1.9392091648189211,1.5675675675675675,0.0,1.9392091648189211,4.6110678217981336e-06
IND621010AAA,Thuraiyur_Mthrapuri_D (Tamil Nadu),2.377808389859123e-06,1,1,1.7727272727272727,1.529411764705882,0.0,1.7727272727272727,4.21520578202299e-06
IND303008AAB,Dudu_NrainaRD_D (Rajasthan),2.179657690704196e-06,1,1,1.923076923076923,1.5333333333333334,0.0,1.923076923076923,4.191649405200377e-06
IND742121AAA,Nowda_AmtlaDPP_D (West Bengal),1.1889041949295614e-06,1,2,3.4615384615384617,7.24703557312253,0.3333333333333333,3.4615384615384617,4.115437597833097e-06
IND673104AAA,Vadakara_Mandodi_D (Kerala),2.377808389859123e-06,2,1,3.4206445728184858,1.6875,0.3333333333333333,1.7103222864092429,4.066818681986935e-06
IND630002AAA,Karaikudi_Sbrmnprm_D (Tamil Nadu),2.377808389859123e-06,1,1,1.6875,1.4583333333333333,0.0,1.6875,4.01255165788727e-06
IND262701AAA,Lakhimpur_Maheva_D (Uttar Pradesh),1.5852055932394153e-06,1,1,2.4787234042553195,2.145833333333333,0.0,2.4787234042553195,3.929286204518976e-06
IND470117AAA,Khurai_Talaiya_D (Madhya Pradesh),1.981506991549269e-06,1,1,1.9392091648189211,1.9392091648189211,0.0,1.9392091648189211,3.842556518165112e-06
IND803116AAA,Rajgir_PnditNGR_D (Bihar),1.5852055932394153e-06,1,1,2.333333333333333,2.2285714285714286,0.0,2.333333333333333,3.6988130508919686e-06
IND450331AAA,Burhanpur_StRoad_D (Madhya Pradesh),1.1889041949295614e-06,1,1,3.0294117647058822,2.328358208955224,0.0,3.0294117647058822,3.601680355227789e-06
IND231217AAA,Renukoot_Govind_D (Uttar Pradesh),1.981506991549269e-06,1,1,1.807065217391304,2.4,0.0,1.807065217391304,3.580712362446369e-06
IND627811AAA,Tenkasi_RailwyRd_D (Tamil Nadu),2.377808389859123e-06,1,1,1.4067796610169492,1.7125237191650855,1.0,1.4067796610169492,3.3450524806492744e-06
IND562108AAA,Gauribidanur_Gurukrpa_D (Karnataka),2.377808389859123e-06,1,1,1.326086956521739,2.1538461538461537,0.0,1.326086956521739,3.153180690900141e-06
IND261001AAA,Sitapur_Chowk_D (Uttar Pradesh),1.1889041949295614e-06,1,1,2.636363636363636,2.4787234042553195,0.0,2.636363636363636,3.1343837866324794e-06
IND577116AAA,IND577116AAA,1.5852055932394153e-06,3,1,5.817627494456763,1.9392091648189211,0.3333333333333333,1.9392091648189211,3.0740452145320888e-06
IND673027AAB,Kozhikode_Feroke_H (Kerala),1.5852055932394153e-06,1,2,1.9392091648189211,4.3076923076923075,0.3333333333333333,1.9392091648189211,3.0740452145320888e-06
IND767017AAA,Sonepur_BrezeDPP_D (Orissa),1.5852055932394153e-06,1,1,1.9392091648189211,1.9392091648189211,0.0,1.9392091648189211,3.0740452145320888e-06
IND625516AAA,Cumbum_LFRoad_D (Tamil Nadu),2.377808389859123e-06,1,1,1.2826086956521738,1.8125,0.0,1.2826086956521738,3.049797717428005e-06
IND626138AAA,Maharajapuram_Krsnakcl_D (Tamil Nadu),2.377808389859123e-06,1,1,1.24,1.5396825396825398,0.0,1.24,2.9484824034253122e-06
IND614616AAA,Aranthangi_HsptlRod_D (Tamil Nadu),2.377808389859123e-06,1,1,1.2354497354497354,1.6875,0.0,1.2354497354497354,2.9376627462016146e-06
IND361315AAA,Bhatiya_Kalyanpr_D (Gujarat),1.5852055932394153e-06,1,1,1.7239089184060719,1.5555555555555556,0.0,1.7239089184060719,2.732750059692616e-06
IND673506AAA,Kallachi_ZamQuatr_D (Kerala),1.5852055932394153e-06,1,1,1.6875,1.4900362318840579,0.0,1.6875,2.675034438591513e-06
IND625106AAA,Melur_MduraiRD_D (Tamil Nadu),1.981506991549269e-06,1,1,1.3373538011695907,1.7173913043478264,0.0,1.3373538011695907,2.6499759071925352e-06
IND736135AAA,Dinhata_WrdN4DPP_D (West Bengal),1.5852055932394153e-06,1,2,1.6315789473684212,4.6416584940612395,0.0,1.6315789473684212,2.586388073180099e-06
IND262802AAA,Gola_BkgnRoad_D (Uttar Pradesh),1.1889041949295614e-06,1,1,2.145833333333333,2.536231884057971,0.0,2.145833333333333,2.5511902516196835e-06
IND624101AAA,Kodaikanal_Athithnr_DC (Tamil Nadu),3.1704111864788306e-06,1,1,0.7798507462686568,0.706599713055954,0.0,0.7798507462686568,2.4724475297540137e-06
IND614804AAA,Peravurani_SH71_D (Tamil Nadu),1.5852055932394153e-06,1,1,1.5,1.2354497354497354,0.0,1.5,2.377808389859123e-06
IND622407AAA,Ponnamaravathi_Puduvalvu_D (Tamil Nadu),1.5852055932394153e-06,1,1,1.4583333333333333,1.4848484848484849,0.0,1.4583333333333333,2.3117581568074806e-06
IND768004AAD,Sambalpur_Central_H_2 (Orissa),1.1889041949295614e-06,1,1,1.9392091648189211,1.9392091648189211,0.0,1.9392091648189211,2.3055339108990668e-06
IND767001AAA,Balangir_Rjndpara_D (Orissa),1.1889041949295614e-06,1,1,1.9392091648189211,1.9392091648189211,0.0,1.9392091648189211,2.3055339108990668e-06
IND623407AAA,Thiruvadanai_RamnadRD_D (Tamil Nadu),1.1889041949295614e-06,1,1,1.84375,1.0416666666666667,0.0,1.84375,2.192042109401379e-06
IND176303AAA,Dalhousie_Banikhet_D (Himachal Pradesh),1.1889041949295614e-06,2,1,3.541948890846318,1.335704291044776,0.6666666666666666,1.770974445423159,2.1055189472766475e-06
IND361305AAC,Khambhalia_JdswarRD_D (Gujarat),1.1889041949295614e-06,1,1,1.6666666666666667,1.7239089184060719,0.0,1.6666666666666667,1.981506991549269e-06
IND147201AAA,Nabha_Sahni_D (Punjab),1.1889041949295614e-06,2,1,3.2597711060705175,1.121212121212121,0.3333333333333333,1.6298855530352587,1.9377777712587074e-06
IND361335AAA,Dwarka_StnRoad_DC (Gujarat),1.1889041949295614e-06,1,1,1.5555555555555556,1.9392091648189211,0.0,1.5555555555555556,1.8494065254459845e-06
IND609001AAA,Mylduthuri_Thiruviz_D (Tamil Nadu),7.926027966197076e-07,1,1,2.2962962962962963,2.1880479251899474,0.0,2.2962962962962963,1.8200508663119212e-06
IND736146AAA,Mathabhang_Pshimpra_D (West Bengal),1.1889041949295614e-06,1,1,1.5091185410334347,1.6315789473684212,0.0,1.5091185410334347,1.79419736408063e-06
IND852201AAA,Saharsa_Gangjala_D (Bihar),7.926027966197076e-07,3,2,6.726903178122691,5.453915047171861,0.6666666666666666,2.2423010593742303,1.777254090523348e-06
IND201301AAL,Dadri_ICDCant_D (Uttar Pradesh),1.1889041949295614e-06,1,2,1.4931818181818182,2.8048245614035086,0.0,1.4931818181818182,1.7752501274289133e-06
IND480334AAA,Pandhurna_Mataward_D (Madhya Pradesh),7.926027966197076e-07,1,1,2.1893939393939394,1.4444444444444444,0.0,2.1893939393939394,1.735319759265875e-06
IND614018AAA,Mannargudi_Vadasari_D (Tamil Nadu),7.926027966197076e-07,1,1,2.1880479251899474,2.0083333333333333,0.0,2.1880479251899474,1.7342529046435012e-06
IND679322AAA,Printhlmna_EmsPnmbi_D (Kerala),7.926027966197076e-07,1,1,2.1538461538461537,2.1538461538461537,0.0,2.1538461538461537,1.7071444850270625e-06
IND000000AFJ,Trivandrum_Pettah_D (Kerala),7.926027966197076e-07,1,2,2.1538461538461537,3.2279202279202277,1.0,2.1538461538461537,1.7071444850270625e-06
IND841301AAC,IND841301AAC,7.926027966197076e-07,1,1,2.1538461538461537,2.1538461538461537,0.0,2.1538461538461537,1.7071444850270625e-06
IND560058AAB,Bengaluru_Peenya_IP (Karnataka),1.0568037288262768e-06,3,3,4.830316742081449,4.874989540624216,0.8333333333333334,1.6101055806938163,1.7015655814812226e-06
IND841226AAB,Siwan_HnmntNgr_D (Bihar),7.926027966197076e-07,2,1,4.093055318665074,2.046527659332537,0.3333333333333333,2.046527659332537,1.6220835461465534e-06
IND176310AAA,Chamba_Bangotu_D (Himachal Pradesh),1.1889041949295614e-06,1,1,1.335704291044776,6.177514792899408,1.0,1.335704291044776,1.5880244348085501e-06
IND223101AAB,Shahganj_KcharaRD_D (Uttar Pradesh),7.926027966197076e-07,1,1,1.9392091648189211,1.9392091648189211,0.0,1.9392091648189211,1.5370226072660444e-06
IND276305AAA,Saraimeer_MsmcyDPP_D (Uttar Pradesh),7.926027966197076e-07,1,1,1.9392091648189211,1.9392091648189211,0.0,1.9392091648189211,1.5370226072660444e-06
IND332713AAA,NeemKaThana_War5DPP_D (Rajasthan),7.926027966197076e-07,1,2,1.9392091648189211,3.8784183296378423,0.0,1.9392091648189211,1.5370226072660444e-06
IND460001AAA,Betul_PatelWrd_D (Madhya Pradesh),7.926027966197076e-07,1,1,1.8548387096774197,2.1893939393939394,0.0,1.8548387096774197,1.470150348568813e-06
IND624202AAA,Batlagundu_RTOofice_D (Tamil Nadu),1.981506991549269e-06,1,1,0.706599713055954,1.5217391304347827,0.0,0.706599713055954,1.4001322716470802e-06
IND676509AAA,Malappuram_Munduprm_D (Kerala),7.926027966197076e-07,1,1,1.625,2.1538461538461537,0.0,1.625,1.287979544507025e-06
IND425406AAA,Shindkheda_KakaCplx_D (Maharashtra),5.944520974647807e-07,2,3,4.259916235525992,5.817627494456763,0.6666666666666666,2.129958117762996,1.2661580706163494e-06
IND271001AAA,Gonda_KotwaliN_D (Uttar Pradesh),3.963013983098538e-07,1,2,3.125,5.653846153846153,1.0,3.125,1.2384418697182933e-06
IND224141AAB,Gosainganj_Pakrela_D (Uttar Pradesh),3.963013983098538e-07,1,1,3.037962962962963,3.0,0.0,3.037962962962963,1.2039489702357689e-06
IND000000ACN,Hyderabad_Mhdiptnm_C (Telangana),3.963013983098538e-07,1,1,2.822368421052632,1.9411764705882355,0.0,2.822368421052632,1.1185085518087322e-06
IND442605AAA,Gadchiroli_Central_DPP_1 (Maharashtra),3.963013983098538e-07,1,1,2.7333333333333334,2.1538461538461537,0.0,2.7333333333333334,1.0832238220469338e-06
IND802301AAA,Arrah_Katira_D (Bihar),3.963013983098538e-07,1,1,2.6666666666666665,2.333091436865022,0.0,2.6666666666666665,1.0568037288262768e-06
IND853204AAA,Naugchia_Vijayght_D (Bihar),3.963013983098538e-07,2,1,4.959617328084227,2.0434782608695654,0.3333333333333333,2.4798086640421135,9.827516411007801e-07
IND363001AAA,Surendranagar_DC (Gujarat),7.926027966197076e-07,1,1,1.196003401360544,1.1515151515151516,0.0,1.196003401360544,9.479556406850498e-07
IND402109AAA,Roha_DataSagr_D (Maharashtra),3.963013983098538e-07,1,1,2.333333333333333,1.9583333333333333,1.0,2.333333333333333,9.247032627229922e-07
IND363421AAB,Limbdi_Busstand_D (Gujarat),7.926027966197076e-07,1,1,1.1515151515151516,1.897435897435897,0.0,1.1515151515151516,9.126941294408755e-07
IND402107AAA,Pen_BljiMrkt_D (Maharashtra),3.963013983098538e-07,1,1,2.273046532045654,2.333333333333333,1.0,2.273046532045654,9.008115190730567e-07
IND271210AAA,Tulsipur_Central_DPP_1 (Uttar Pradesh),3.963013983098538e-07,2,1,4.52051282051282,3.125,1.0,2.26025641025641,8.95742775923426e-07
IND721602AAB,Haldia_Central_D_2 (West Bengal),3.963013983098538e-07,2,1,4.3076923076923075,2.1538461538461537,1.0,2.1538461538461537,8.535722425135313e-07
IND360311AAA,Gondal_DC (Gujarat),3.963013983098538e-07,1,1,2.1538461538461537,2.1538461538461537,0.0,2.1538461538461537,8.535722425135313e-07
IND733140AAA,Gangarampr_FulbaDPP_D (West Bengal),3.963013983098538e-07,1,2,2.1538461538461537,4.029486942596698,0.6666666666666666,2.1538461538461537,8.535722425135313e-07
IND402301AAA,Mahad_Govndsgr_D (Maharashtra),3.963013983098538e-07,1,1,1.9583333333333333,2.273046532045654,1.0,1.9583333333333333,7.76090238356797e-07
IND442101AAB,Deoli_Central_DPP_2 (Maharashtra),3.963013983098538e-07,1,1,1.9392091648189211,2.210526315789474,0.0,1.9392091648189211,7.685113036330222e-07
IND757037AAA,Karanjia_Sarubali_D (Orissa),3.963013983098538e-07,2,2,3.8784183296378423,4.695511685827325,0.6666666666666666,1.9392091648189211,7.685113036330222e-07
IND733202AAB,Islampure_ShbdnDPP_D (West Bengal),3.963013983098538e-07,1,1,1.9392091648189211,1.9392091648189211,0.0,1.9392091648189211,7.685113036330222e-07
IND000000AFF,Darjeeling_Hillcard_DC (West Bengal),3.963013983098538e-07,1,1,1.9392091648189211,1.9392091648189211,0.0,1.9392091648189211,7.685113036330222e-07
IND177101AAA,DehraGopipur_Central_D_1 (Himachal Pradesh),3.963013983098538e-07,1,1,1.9392091648189211,1.9392091648189211,0.0,1.9392091648189211,7.685113036330222e-07
IND811105AAA,Sheikhpura_Bgwtichk_D (Bihar),3.963013983098538e-07,1,1,1.9392091648189211,1.9392091648189211,0.0,1.9392091648189211,7.685113036330222e-07
IND221303AAA,Gopiganj_Wardno13_D (Uttar Pradesh),3.963013983098538e-07,1,1,1.9392091648189211,1.9392091648189211,0.0,1.9392091648189211,7.685113036330222e-07
IND770001AAA,Sundargarh_DiyoDPP_D (Orissa),3.963013983098538e-07,1,1,1.9392091648189211,1.9392091648189211,0.0,1.9392091648189211,7.685113036330222e-07
IND586211AAA,Indi_SindgiRD_D (Karnataka),3.963013983098538e-07,2,2,3.81342062193126,3.988897700237906,0.0,1.90671031096563,7.556319624074954e-07
IND638001AAA,Erode (Tamil Nadu),3.963013983098538e-07,1,1,1.8529411764705876,1.9392091648189211,0.0,1.8529411764705876,7.343231792211995e-07
IND560083AAB,Bengaluru_Bnnrghta_L (Karnataka),3.963013983098538e-07,2,2,3.692307692307692,3.863148479427549,0.6666666666666666,1.846153846153846,7.316333507258839e-07
IND585222AAA,Sedam_DBRCmplx_D (Karnataka),3.963013983098538e-07,2,2,3.6538461538461537,3.6943866943866945,0.0,1.8269230769230769,7.24012169989156e-07
IND441912AAA,Bhandara_KaremDPP_D (Maharashtra),3.963013983098538e-07,1,1,1.7857142857142856,2.702702702702702,0.0,1.7857142857142856,7.076810684104532e-07
IND621112AAA,Tiruchi_Samyaprm_D (Tamil Nadu),3.963013983098538e-07,1,1,1.7596153846153844,2.1538461538461537,0.0,1.7596153846153844,6.973380374106081e-07
IND509124AAA,JoguGadwal_ColctrOf_D (Telangana),3.963013983098538e-07,2,3,3.4301182557280123,5.926174739894252,0.6666666666666666,1.7150591278640062,6.79680330556584e-07
IND473001AAA,Guna_HnumnDPP_D (Madhya Pradesh),3.963013983098538e-07,1,1,1.6904315196998123,1.7863247863247862,1.0,1.6904315196998123,6.699203750040869e-07
IND142026AAA,Jagraon_DC (Punjab),3.963013983098538e-07,1,2,1.6774193548387095,3.318971069580826,0.6666666666666666,1.6774193548387095,6.647636358745935e-07
IND495334AAB,Mungeli_Panderia_D (Chhattisgarh),3.963013983098538e-07,1,1,1.6363265306122448,1.599802371541502,0.0,1.6363265306122448,6.484784921731445e-07
IND134102AAA,Kalka_Pinjore_DC (Haryana),3.302511652582115e-07,2,1,3.8784183296378423,2.7857142857142856,0.0,1.9392091648189211,6.404260863608518e-07
IND625531AAA,Theni_Rathnam_D (Tamil Nadu),3.963013983098538e-07,1,1,1.5454545454545454,1.2826086956521738,0.0,1.5454545454545454,6.124657973879559e-07
IND246424AAA,Chamoli_CGRoad_D (Uttarakhand),3.963013983098538e-07,1,1,1.4090909090909092,1.2563086548488007,1.0,1.4090909090909092,5.584246976184304e-07
IND571401AAA,Mandya_Dc (Karnataka),3.963013983098538e-07,1,1,1.274193548387097,0.9891304347826086,0.0,1.274193548387097,5.049646849432009e-07
IND246174AAA,SrinagarUK_Srikot_D (Uttarakhand),3.963013983098538e-07,1,1,1.2563086548488007,1.1956521739130437,1.0,1.2563086548488007,4.978768766253512e-07
IND533308AAB,Mandapeta_Mainrd_D (Andhra Pradesh),1.981506991549269e-07,2,2,4.939209164818921,3.4821824516946474,1.0,2.4696045824094606,4.89353874640646e-07
IND246444AAB,Karnaprayag_Umalodge_D (Uttarakhand),3.963013983098538e-07,1,1,1.1956521739130437,1.4090909090909092,1.0,1.1956521739130437,4.7383862841395576e-07
IND173220AAA,Parwanoo_Central_D_1 (Himachal Pradesh),1.321004661032846e-07,1,2,3.3076923076923075,3.8784183296378423,0.0,3.3076923076923075,4.3694769557240285e-07
IND533401AAA,Tuni_Eaglvari_D (Andhra Pradesh),1.981506991549269e-07,1,2,1.9711246200607901,4.213181767558647,1.0,1.9711246200607901,3.9057972158653526e-07
IND845418AAB,Dhaka_PchpkrRD_D (Bihar),1.981506991549269e-07,2,2,3.926709164818921,4.112530398938703,1.0,1.9633545824094605,3.8904008319346416e-07
IND504296AAA,Kaghaznagar_Central_DPP_1 (Telangana),1.981506991549269e-07,1,2,1.9392091648189211,3.8784183296378423,1.0,1.9392091648189211,3.842556518165111e-07
IND504201AAA,Chinnur_AsnsdhRD_D (Telangana),1.981506991549269e-07,1,1,1.9392091648189211,1.9392091648189211,1.0,1.9392091648189211,3.842556518165111e-07
IND531163AAA,Bheemunipatnam_SaiTempl_D (Andhra Pradesh),1.981506991549269e-07,1,1,1.7272727272727273,2.3,0.0,1.7272727272727273,3.422602985403283e-07
IND735224AAA,Mainaguri_MilpaDPP_D (West Bengal),0.0,0,1,0.0,1.5091185410334347,0.0,0.0,0.0
IND791110AAA,Naharlagun_JmpuCntr_D (Arunachal Pradesh),0.0,0,1,0.0,1.9392091648189211,0.0,0.0,0.0
IND690537AAA,Kayamkulam_Bhrnikvu_D (Kerala),0.0,0,1,0.0,1.9392091648189211,0.0,0.0,0.0
IND470227AAB,Rehli_Ward7DPP_D (Madhya Pradesh),0.0,1,0,1.9392091648189211,0.0,0.0,1.9392091648189211,0.0
IND282001AAF,Agra_Central_D_3 (Uttar Pradesh),0.0,0,1,0.0,2.5482456140350878,0.0,0.0,0.0
IND768216AAA,Brajrajnagar_LamtiDPP_D (Orissa),0.0,0,1,0.0,1.9392091648189211,0.0,0.0,0.0
IND583121AAA,Siruguppa_Wrd12DPP_D (Karnataka),0.0,1,0,2.1538461538461537,0.0,0.0,2.1538461538461537,0.0
IND560002AAA,Bengaluru_KHRoad_I (Karnataka),0.0,3,2,5.6774475524475525,4.860294117647059,1.0,1.8924825174825175,0.0
IND341503AAB,Degana_BhukrdPP_D (Rajasthan),0.0,1,1,2.007459505541347,2.4545454545454546,1.0,2.007459505541347,0.0
IND741201AAC,Ranaghat_ArickDPP_D (West Bengal),0.0,0,1,0.0,1.9392091648189211,0.0,0.0,0.0
IND530018AAA,Vizag _NAD (Andhra Pradesh),0.0,0,0,0.0,0.0,0.0,0.0,0.0
IND736101AAA,CoochBehar_Psthrjhr_D (West Bengal),0.0,1,0,2.0890269151138714,0.0,0.0,2.0890269151138714,0.0
IND441904AAB,Bhandara_RjnaiDPP_D (Maharashtra),0.0,0,1,0.0,1.7857142857142856,0.0,0.0,0.0
IND110085AAA,North Delhi (Delhi),0.0,1,0,2.1538461538461537,0.0,0.0,2.1538461538461537,0.0
IND500008AAF,Hyderabad_South_D_4 (Telangana),0.0,0,1,0.0,3.357142857142857,0.0,0.0,0.0
IND410210AAA,Mumbai_Kharghar_D (Maharashtra),0.0,1,0,3.5999999999999996,0.0,0.0,3.5999999999999996,0.0
IND140603AAA,Zirakpur_DC (Punjab),0.0,1,0,1.2413793103448276,0.0,0.0,1.2413793103448276,0.0
IND000000AEL,Delhi_PunjabiB_L (Delhi),0.0,1,1,1.8253968253968251,1.8305084745762712,0.0,1.8253968253968251,0.0
IND752056AAA,Khurdha_MdhsnDPP_D (Orissa),0.0,2,1,4.3076923076923075,2.1538461538461537,1.0,2.1538461538461537,0.0
IND121001AAA,Faridabad (Haryana),0.0,1,1,1.8535353535353534,2.0,0.0,1.8535353535353534,0.0
IND461111AAA,Itarsi_DivrsnRd_D (Madhya Pradesh),0.0,0,1,0.0,1.8548387096774197,0.0,0.0,0.0
IND484224AAA,Anuppur_JthriDPP_DC (Madhya Pradesh),0.0,1,0,1.9392091648189211,0.0,0.0,1.9392091648189211,0.0
IND571432AAB,Nagamangala_MandyaRD_D (Karnataka),0.0,1,1,1.761904761904762,1.3125,1.0,1.761904761904762,0.0
IND636402AAA,Mettur_RTOroad_D (Tamil Nadu),0.0,2,0,3.629255989911728,0.0,1.0,1.814627994955864,0.0
IND363520AAC,Chotila_Central_D_2 (Gujarat),0.0,0,1,0.0,1.196003401360544,0.0,0.0,0.0
IND131028AAA,Sonipat_Kundli_P (Haryana),0.0,1,0,1.7525252525252526,0.0,0.0,1.7525252525252526,0.0
IND431112AAB,Sillod_ZebaTWR_D (Maharashtra),0.0,2,1,4.07051282051282,2.946428571428572,1.0,2.03525641025641,0.0
IND360050AAA,Jasdan_MotiDPP_D (Gujarat),0.0,1,0,2.1538461538461537,0.0,0.0,2.1538461538461537,0.0
IND784101AAA,Balipara_EragnDPP_D (Assam),0.0,1,1,2.1538461538461537,2.1538461538461537,1.0,2.1538461538461537,0.0
IND224001AAA,Faizabad_TrnspNgr_D (Uttar Pradesh),0.0,0,1,0.0,3.037962962962963,0.0,0.0,0.0
IND442001AAA,Wardha_RamaNgr_D (Maharashtra),0.0,0,1,0.0,1.9392091648189211,0.0,0.0,0.0
IND262122AAB,Puranpur_MdothdRD_D (Uttar Pradesh),0.0,1,1,2.1538461538461537,2.1538461538461537,1.0,2.1538461538461537,0.0
IND203001AAA,Bulndshahr_Ymunpurm_D (Uttar Pradesh),0.0,0,1,0.0,1.9392091648189211,0.0,0.0,0.0
IND160055AAA,Chandigarh_Mohali (Chandigarh),0.0,2,1,2.939368770764119,1.3510452961672474,1.0,1.4696843853820596,0.0
IND421302AAN,GreaterThane_Anjur_C (Maharashtra),0.0,0,1,0.0,2.5543478260869565,0.0,0.0,0.0
IND160102AAD,Chandigarh_Raiprkln_C (Chandigarh),0.0,0,2,0.0,3.8156108597285066,0.0,0.0,0.0
IND160003AAA,Chandigarh (Chandigarh),0.0,1,1,2.1538461538461537,2.1538461538461537,0.0,2.1538461538461537,0.0
IND802119AAA,Dumraon_Nishangr_D (Bihar),0.0,1,1,2.5384615384615383,1.864864864864865,1.0,2.5384615384615383,0.0
IND485771AAA,Maihar_MngalDPP_D (Madhya Pradesh),0.0,1,2,1.9392091648189211,3.8784183296378423,1.0,1.9392091648189211,0.0
IND600008AAC,Chennai_Egmore_DPC (Tamil Nadu),0.0,2,1,5.153846153846153,2.3947368421052637,1.0,2.5769230769230766,0.0
IND143001AAA,Amritsar_DPC (Punjab),0.0,3,1,5.425389525998263,2.032786885245902,1.0,1.8084631753327542,0.0
IND303301AAB,Bassi_DmodrNGR_D (Rajasthan),0.0,1,1,1.3125,1.4654761904761906,1.0,1.3125,0.0
IND501359AAF,Hyderabad_Shamshbd_P (Telangana),0.0,3,0,12.558059587471352,0.0,0.0,4.1860198624904505,0.0
IND201301AAM,Noida_Sector63_L (Uttar Pradesh),0.0,1,1,2.625,3.0526315789473686,0.0,2.625,0.0
IND141003AAB,Ludhiana_GillChwk_DC (Punjab),0.0,0,2,0.0,3.8312655086848633,1.0,0.0,0.0
IND689650AAA,Kozhenchery_Cherukole_D (Kerala),0.0,1,1,2.1538461538461537,2.1538461538461537,1.0,2.1538461538461537,0.0
IND462021AAA,Bhopal_Indrapri_DC (Madhya Pradesh),0.0,0,1,0.0,2.1538461538461537,0.0,0.0,0.0
IND495671AAA,Champa_Brplicwk_D (Chhattisgarh),0.0,1,0,1.9392091648189211,0.0,0.0,1.9392091648189211,0.0
IND523230AAA,Kanigiri_Tiglgndi_D (Andhra Pradesh),0.0,1,1,1.6125670041691484,1.4482029598308668,1.0,1.6125670041691484,0.0
IND250609AAA,Baghpat_Barout_D (Uttar Pradesh),0.0,1,0,1.9392091648189211,0.0,0.0,1.9392091648189211,0.0
IND454001AAA,Dhar_Trimurti_D (Madhya Pradesh),0.0,0,1,0.0,1.1555555555555554,0.0,0.0,0.0
IND764020AAC,Koraput_GhtimDPP_D (Orissa),0.0,1,1,2.1538461538461537,2.1538461538461537,1.0,2.1538461538461537,0.0
IND110083AAA,Delhi_Mangol_DC (Delhi),0.0,1,1,2.1538461538461537,2.1538461538461537,0.0,2.1538461538461537,0.0
IND560077AAA,Bengaluru_ Kothanur_L (Karnataka),0.0,0,1,0.0,2.1538461538461537,0.0,0.0,0.0
IND582209AAA,Rona_GadagRD_D (Karnataka),0.0,1,1,1.9016393442622952,2.111111111111111,1.0,1.9016393442622952,0.0
IND431103AAA,Kannad_KolheDPP_D (Maharashtra),0.0,1,0,2.1538461538461537,0.0,0.0,2.1538461538461537,0.0
IND360002AAB,Rajkot_PedakRd_P (Gujarat),0.0,3,0,6.246901472511229,0.0,0.3333333333333333,2.082300490837076,0.0
IND500035AAA,Hyd_LB-Nagar_Dc (Telangana),0.0,1,1,2.1538461538461537,2.1538461538461537,0.0,2.1538461538461537,0.0
IND591201AAA,Chikodi_IndraNgr_D (Karnataka),0.0,0,1,0.0,1.4344262295081966,0.0,0.0,0.0
IND301019AAA,Bhiwadi DC (Rajasthan),0.0,0,2,0.0,5.215804909499772,1.0,0.0,0.0
IND475661AAB,Datia_TownDPP_D (Madhya Pradesh),0.0,1,0,1.9392091648189211,0.0,0.0,1.9392091648189211,0.0
IND345001AAA,Jaisalmer_Gopa3PL_D (Rajasthan),0.0,1,2,0.7725949468511297,3.8784183296378423,1.0,0.7725949468511297,0.0
IND507111AAA,Bhadrachalam_ITDARd_D (Telangana),0.0,0,1,0.0,1.625,0.0,0.0,0.0
IND813102AAA,Banka_Wardno6_D (Bihar),0.0,0,2,0.0,4.0892091648189215,1.0,0.0,0.0
IND713103AAA,Bardhaman_Bankura_D (West Bengal),0.0,1,1,2.1633547632963177,1.9392091648189211,1.0,2.1633547632963177,0.0
IND843329AAB,Sheohar_Ward9DPP_D (Bihar),0.0,1,1,1.379310344827586,3.31578947368421,1.0,1.379310344827586,0.0
IND431717AAA,Degloor_Busstand_D (Maharashtra),0.0,1,1,2.1538461538461537,2.1538461538461537,1.0,2.1538461538461537,0.0
IND695012AAB,Trivandrum_Mnanthla_D (Kerala),0.0,0,0,0.0,0.0,0.0,0.0,0.0
IND382721AAA,Gandhinagar_Kalol_DC (Gujarat),0.0,2,1,3.4479638009049776,2.763157894736842,1.0,1.7239819004524888,0.0
IND411036AAA,Pune_Mundhawa_L (Maharashtra),0.0,1,1,1.75,2.032258064516129,0.0,1.75,0.0
IND700028AAB,CCU_DumDum_DPC (West Bengal),0.0,1,1,3.3421052631578947,3.7074303405572757,0.0,3.3421052631578947,0.0
IND400701AAA,Mumbai_Ghansoli_DC (Maharashtra),0.0,0,1,0.0,2.210526315789474,0.0,0.0,0.0
IND000000ADM,Cochin_Kdvantra_D (Kerala),0.0,1,0,1.6107692307692307,0.0,0.0,1.6107692307692307,0.0
IND134109AAA,Chandigarh_Panchkula (Chandigarh),0.0,0,1,0.0,12.305555555555555,0.0,0.0,0.0
IND401104AAB,Mumbai_MiraRoad_M (Maharashtra),0.0,1,2,2.1538461538461537,5.053846153846154,1.0,2.1538461538461537,0.0
IND602001AAA,Chennai_Thiruvlr_DC (Tamil Nadu),0.0,1,1,2.4545454545454546,2.1538461538461537,1.0,2.4545454545454546,0.0
IND261201AAB,Biswan_PatelNGR_D (Uttar Pradesh),0.0,0,1,0.0,2.636363636363636,0.0,0.0,0.0
IND000000AEM,Gurgaon_Bilaspur_RP (Haryana),0.0,0,2,0.0,6.51364522417154,0.0,0.0,0.0
IND110037AAK,Delhi_Kapshera_L (Delhi),0.0,1,1,1.8053306342780027,2.1578947368421053,0.0,1.8053306342780027,0.0
IND231208AAA,Duddhi_MChwkDPP_D (Uttar Pradesh),0.0,0,1,0.0,1.807065217391304,0.0,0.0,0.0
IND431401AAA,Parbhani_Rjndrngr_D (Maharashtra),0.0,1,0,2.1538461538461537,0.0,0.0,2.1538461538461537,0.0
IND581343AAC,Kumta_Central_DPP_2 (Karnataka),0.0,1,1,1.9392091648189211,1.7288306451612907,1.0,1.9392091648189211,0.0
IND201204AAA,Modinagar_SikriKla_DC (Uttar Pradesh),0.0,1,1,2.0,1.761904761904762,1.0,2.0,0.0
IND131021AAA,Sonipat_AmzonDev_V (Haryana),0.0,0,1,0.0,1.7525252525252526,0.0,0.0,0.0
IND562159AAA,Ramanagara_BMRd_DC (Karnataka),0.0,0,1,0.0,1.9259259259259258,0.0,0.0,0.0
IND757001AAA,Baripada_KalikDPP_D (Orissa),0.0,3,0,5.817627494456763,0.0,0.6666666666666666,1.9392091648189211,0.0
IND826001AAC,Dhanbad_Central_D_4 (Jharkhand),0.0,0,1,0.0,2.1538461538461537,0.0,0.0,0.0
IND462042AAA,Bhopal_Kolar Mandakni (Madhya Pradesh),0.0,1,1,2.1538461538461537,5.285714285714286,0.0,2.1538461538461537,0.0
IND638052AAA,Perundurai_Viveka_DC (Tamil Nadu),0.0,1,0,1.9392091648189211,0.0,0.0,1.9392091648189211,0.0
IND245101AAA,Hapur_Swargash_D (Uttar Pradesh),0.0,1,1,1.7104166666666667,2.333333333333333,0.0,1.7104166666666667,0.0
IND734214AAB,Mirik_WardNo3_D (West Bengal),0.0,0,1,0.0,1.9392091648189211,0.0,0.0,0.0
IND382345AAA,Amdavad_East (Gujarat),0.0,1,0,2.2509803921568627,0.0,0.0,2.2509803921568627,0.0
IND208019AAA,Kanpur_Rawatpur_D (Uttar Pradesh),0.0,1,1,4.8125,2.1538461538461537,0.0,4.8125,0.0
IND176001AAA,Kangra_Gurkhari_D (Himachal Pradesh),0.0,1,0,1.9392091648189211,0.0,0.0,1.9392091648189211,0.0
IND131028AAE,Sonipat_Central_D_2 (Haryana),0.0,1,0,1.9392091648189211,0.0,0.0,1.9392091648189211,0.0
IND492001AAB,Raipur_Katora_IP (Chhattisgarh),0.0,0,0,0.0,0.0,0.0,0.0,0.0
IND360003AAA,Rajkot_Kothriya_DC (Gujarat),0.0,0,1,0.0,2.1538461538461537,0.0,0.0,0.0
IND370615AAB,Nakhatrana_ClgRDDPP_D (Gujarat),0.0,2,1,3.7119364375461936,1.9392091648189211,1.0,1.8559682187730968,0.0
IND331022A1B,IND331022A1B,0.0,0,1,0.0,1.9392091648189211,0.0,0.0,0.0
IND242001AAA,Shahjhnpur_NavdaCln_D (Uttar Pradesh),0.0,1,0,1.9392091648189211,0.0,0.0,1.9392091648189211,0.0
IND635601AAB,Tiruppattur_KoilStrt_D (Tamil Nadu),0.0,1,1,1.853658536585366,4.617647058823529,0.0,1.853658536585366,0.0
IND306304AAB,Raipur_BypRDDPP_D (Rajasthan),0.0,1,1,1.9392091648189211,1.9392091648189211,1.0,1.9392091648189211,0.0
IND413307AAC,Sangola_Central_DPP_3 (Maharashtra),0.0,0,1,0.0,2.1538461538461537,0.0,0.0,0.0
IND505325AAA,Metpally_GunjRDPP_D (Telangana),0.0,1,1,1.1290322580645162,1.9392091648189211,1.0,1.1290322580645162,0.0
IND148024AAB,Dhuri_DMComDPP_D (Punjab),0.0,1,0,1.9392091648189211,0.0,0.0,1.9392091648189211,0.0
IND110030AAD,Delhi_Kishangarh_DPC (Delhi),0.0,2,1,3.329827315541601,3.106382978723404,1.0,1.6649136577708006,0.0
IND636016AAA,Salem (Tamil Nadu),0.0,0,2,0.0,3.664715719063545,1.0,0.0,0.0
IND505326AAA,Koratla_BhemuDPP_D (Telangana),0.0,0,1,0.0,1.9392091648189211,0.0,0.0,0.0
IND176215AAA,Dharamshala_GrudwrRd_D (Himachal Pradesh),0.0,0,1,0.0,1.9392091648189211,0.0,0.0,0.0
IND505001AAA,Karimnagar_DC (Telangana),0.0,0,1,0.0,1.3823529411764706,0.0,0.0,0.0
IND262501AAA,Pithorgarh_Kumud_D (Uttarakhand),0.0,1,1,1.9260940251998377,2.013953488372093,1.0,1.9260940251998377,0.0
IND363621AAB,Wankaner_JivanDPP_D (Gujarat),0.0,1,1,2.1538461538461537,2.1538461538461537,1.0,2.1538461538461537,0.0
IND284001AAA,Jhansi_LVMColge_D (Uttar Pradesh),0.0,0,1,0.0,1.5844155844155845,0.0,0.0,0.0
IND532440AAA,Palakonda_VadaiDPP_D (Andhra Pradesh),0.0,1,1,1.5,1.5405405405405406,1.0,1.5,0.0
IND000000ADV,Chennai_Mdhavram_C (Tamil Nadu),0.0,0,1,0.0,2.0526315789473686,0.0,0.0,0.0
IND752050AAA,Khurdha_JatniDPP_D (Orissa),0.0,1,2,2.1538461538461537,4.3076923076923075,1.0,2.1538461538461537,0.0
IND781014AAA,Guwahati_Jalukbari (Assam),0.0,0,2,0.0,4.19732441471572,0.0,0.0,0.0
IND122002AAD,Gurgaon_Central_D_15 (Haryana),0.0,0,1,0.0,2.1538461538461537,0.0,0.0,0.0
IND122015AAC,IND122015AAC,0.0,1,0,2.1538461538461537,0.0,0.0,2.1538461538461537,0.0
IND303503AAA,Lalsot_NWclyDPP_D (Rajasthan),0.0,1,1,1.7666666666666666,1.725705329153605,1.0,1.7666666666666666,0.0
IND465333AAA,Shujalpur_AstrdDPP_D (Madhya Pradesh),0.0,2,1,3.8784183296378423,1.9392091648189211,1.0,1.9392091648189211,0.0
IND571438AAB,Srirangapatna_Bburynkpl_D (Karnataka),0.0,0,1,0.0,1.274193548387097,0.0,0.0,0.0
IND121102AAA,Palwal (Haryana),0.0,1,1,1.9342672413793107,4.2,0.0,1.9342672413793107,0.0
IND181201AAB,Akhnoor_ThthiCwk_D (Jammu & Kashmir),0.0,1,1,2.1538461538461537,5.180602006688963,0.0,2.1538461538461537,0.0
IND625532AAA,Usilampatti_MrutiNGR_D (Tamil Nadu),0.0,0,2,0.0,3.4846637102734666,0.0,0.0,0.0
IND505326AAB,IND505326AAB,0.0,1,1,1.9392091648189211,1.9392091648189211,1.0,1.9392091648189211,0.0
IND144001AAA,Jalandhar_DC (Punjab),0.0,1,1,1.9392091648189211,1.85,1.0,1.9392091648189211,0.0
IND785634AAA,Mariani_Mainroad_D (Assam),0.0,1,1,2.1538461538461537,2.1538461538461537,1.0,2.1538461538461537,0.0
IND505425AAA,DhrmpuriTS_HanumDPP_D (Telangana),0.0,2,0,3.8784183296378423,0.0,0.0,1.9392091648189211,0.0
IND841424AAA,Chhapra_Prbhunth_D (Bihar),0.0,0,2,0.0,5.511997397568219,1.0,0.0,0.0
IND226004AAA,Lucknow_Hub (Uttar Pradesh),0.0,0,2,0.0,4.3076923076923075,0.0,0.0,0.0
IND226016AAA,Lucknow_Indira Nagar (Uttar Pradesh),0.0,1,0,2.1538461538461537,0.0,0.0,2.1538461538461537,0.0
IND742149AAA,Murshidabad_Sirjudol_D (West Bengal),0.0,0,2,0.0,4.987179487179487,1.0,0.0,0.0
IND176041AAA,Bhota_BpassDPP_D (Himachal Pradesh),0.0,2,0,3.1210273466371032,0.0,1.0,1.5605136733185516,0.0
IND804452AAA,Masaurhi_Blockrd_D (Bihar),0.0,0,1,0.0,2.9621212121212124,0.0,0.0,0.0
IND412210AAC,Shirur_Central_DPP_3 (Maharashtra),0.0,1,1,1.9392091648189211,1.9392091648189211,1.0,1.9392091648189211,0.0
IND281401AAA,Chhata_GvrdnDPP_D (Uttar Pradesh),0.0,0,2,0.0,3.7087703962703964,1.0,0.0,0.0
IND282005AAA,Agra (Uttar Pradesh),0.0,1,0,2.1538461538461537,0.0,0.0,2.1538461538461537,0.0
IND160002AAD,Chandigarh_Mehmdpur_P (Punjab),0.0,1,0,2.1538461538461537,0.0,0.0,2.1538461538461537,0.0
IND481001AAA,Balaghat_Kosmi_D (Madhya Pradesh),0.0,1,0,2.2962962962962963,0.0,0.0,2.2962962962962963,0.0
IND781018AAA,Guwahati_East (Assam),0.0,0,0,0.0,0.0,0.0,0.0,0.0
IND583119AAA,Sandur_WrdN1DPP_D (Karnataka),0.0,1,1,2.333333333333333,4.232558139534884,1.0,2.333333333333333,0.0
IND602105AAB,Chennai_Sriperumbudur_Dc (Tamil Nadu),0.0,1,0,2.1538461538461537,0.0,0.0,2.1538461538461537,0.0
IND411017AAA,PNQ Rahatani DPC (Maharashtra),0.0,1,1,2.333333333333333,2.1538461538461537,0.0,2.333333333333333,0.0
IND581119AAB,Ukkadagatri_Tuminkte_D (Karnataka),0.0,1,1,1.8636363636363635,1.7958656330749352,1.0,1.8636363636363635,0.0
IND110014AAA,Delhi_Bhogal (Delhi),0.0,1,1,2.723214285714286,3.4285714285714284,0.0,2.723214285714286,0.0
IND560067AAC,Bengaluru_Kadugodi_D (Karnataka),0.0,1,1,3.444444444444445,2.7777777777777777,0.0,3.444444444444445,0.0
IND144401AAB,Phagwara_Lovely_D (Punjab),0.0,1,1,1.6944444444444442,2.0,0.0,1.6944444444444442,0.0
IND756045AAB,Soro_UttarDPP_D (Orissa),0.0,1,0,1.9392091648189211,0.0,0.0,1.9392091648189211,0.0
IND174101AAB,Nalagarh_Central_DPP_2 (Himachal Pradesh),0.0,0,2,0.0,4.5576302174505,0.0,0.0,0.0
IND249201AAA,Rishikesh_DC (Uttarakhand),0.0,1,1,2.0384615384615383,8.166666666666668,0.0,2.0384615384615383,0.0
IND243503AAB,Faridpur_ShjnprRD_D (Uttar Pradesh),0.0,1,1,2.3846153846153846,2.772727272727273,1.0,2.3846153846153846,0.0
IND203205AAA,Sikandrabd_GTRoad_D (Uttar Pradesh),0.0,1,0,2.1777777777777776,0.0,0.0,2.1777777777777776,0.0
IND364710AAA,Botad_DC (Gujarat),0.0,1,0,1.897435897435897,0.0,0.0,1.897435897435897,0.0
IND629001AAA,Nagarcoil_AsrplmRd_DC (Tamil Nadu),0.0,2,0,3.876709164818921,0.0,1.0,1.9383545824094606,0.0
IND395001AAA,Surat_Central_D_9 (Gujarat),0.0,1,1,2.538461538461538,10.533333333333331,0.0,2.538461538461538,0.0
IND832109AAB,Jamshedpur_Central_I_3 (Jharkhand),0.0,1,1,2.4022988505747125,2.574712643678161,0.0,2.4022988505747125,0.0
IND683511AAB,Kerala_Cochin_L (Kerala),0.0,1,0,1.9392091648189211,0.0,0.0,1.9392091648189211,0.0
IND303002AAA,Achrol_BgwriDPP_D (Rajasthan),0.0,1,1,1.9392091648189211,1.7142857142857142,1.0,1.9392091648189211,0.0
IND401209AAB,Mumbai_Vasai_CP (Maharashtra),0.0,0,3,0.0,13.024644473173884,0.3333333333333333,0.0,0.0
IND333502AAA,Buhana_CourtDPP_D (Rajasthan),0.0,1,0,1.9392091648189211,0.0,0.0,1.9392091648189211,0.0
IND804401AAA,Arwal_Rozapar_D (Bihar),0.0,1,0,2.333091436865022,0.0,0.0,2.333091436865022,0.0
IND174307AAA,Bangana_Bhaleti_D (Himachal Pradesh),0.0,1,1,1.3555555555555556,1.181818181818182,1.0,1.3555555555555556,0.0
IND121002AAB,Faridabad_Mthurard_L (Haryana),0.0,1,1,1.9621212121212122,2.287878787878788,0.0,1.9621212121212122,0.0
IND792121AAB,Jairampur_Mdiclcly_D (Arunachal Pradesh),0.0,1,1,3.034482758620689,3.870967741935484,0.0,3.034482758620689,0.0
IND177203AAA,Amb_Adrshngr_D (Himachal Pradesh),0.0,0,1,0.0,1.9392091648189211,0.0,0.0,0.0
IND683572AAA,Angamaly_CivilStn_D (Kerala),0.0,0,1,0.0,1.8461538461538465,0.0,0.0,0.0
IND262405AAA,Sitarganj_SidculRd_D (Uttarakhand),0.0,0,1,0.0,1.9392091648189211,0.0,0.0,0.0
IND209801AAA,Unnao_VikasRam_D (Uttar Pradesh),0.0,1,1,2.363636363636364,2.1538461538461537,0.0,2.363636363636364,0.0
IND416606AAA,Malvan_BllvMarg_D (Maharashtra),0.0,1,1,2.098581560283688,2.1538461538461537,0.0,2.098581560283688,0.0
IND210501AAB,Bewar_BndhuTRH_D (Uttar Pradesh),0.0,0,1,0.0,2.667104634495939,0.0,0.0,0.0
IND395004AAB,Surat_Central_D_3 (Gujarat),0.0,1,1,2.3529411764705883,2.1538461538461537,0.0,2.3529411764705883,0.0
IND122050AAA,Gurgaon_Manesar (Haryana),0.0,1,0,2.113095238095238,0.0,0.0,2.113095238095238,0.0
IND231216AAA,Robertsganj_ArtoDPP_D (Uttar Pradesh),0.0,2,0,3.8784183296378423,0.0,1.0,1.9392091648189211,0.0
IND247667AAA,Roorkee_Dc (Uttarakhand),0.0,1,1,1.9392091648189211,2.1618421052631582,1.0,1.9392091648189211,0.0
IND395006AAA,Surat_Varachha_DC (Gujarat),0.0,1,1,1.8131868131868127,2.1538461538461537,0.0,1.8131868131868127,0.0
IND465333A1B,IND465333A1B,0.0,1,2,1.9392091648189211,3.8784183296378423,1.0,1.9392091648189211,0.0
IND751015AAA,Bhubaneshwar_Nayapalli (Orissa),0.0,0,4,0.0,8.615384615384615,0.6666666666666666,0.0,0.0
IND208012AAA,Kanpur_Central_D_7 (Uttar Pradesh),0.0,1,1,2.0,39.08333333333333,0.0,2.0,0.0
IND221313AAA,Varanasi_Central_H_4 (Uttar Pradesh),0.0,1,0,1.9392091648189211,0.0,0.0,1.9392091648189211,0.0
IND400072AAI,Mumbai_Chndivli_D (Maharashtra),0.0,0,0,0.0,0.0,0.0,0.0,0.0
IND380015AAB,AMD_Satellite (Gujarat),0.0,1,0,2.333333333333333,0.0,0.0,2.333333333333333,0.0
IND517325AAA,Madnapalle_PngnrRd_D (Andhra Pradesh),0.0,0,1,0.0,1.9392091648189211,0.0,0.0,0.0
IND509324AAA,Kalwakurthy_VidyaNGR_D (Telangana),0.0,1,1,1.7037037037037035,2.2058823529411766,1.0,1.7037037037037035,0.0
IND210301AAA,Hamirpur_KanpurRd_D (Uttar Pradesh),0.0,1,0,2.2,0.0,0.0,2.2,0.0
IND335524AAA,Rawatsar_ShivmDPP_D (Rajasthan),0.0,2,1,3.8784183296378423,1.9392091648189211,0.6666666666666666,1.9392091648189211,0.0
IND562125AAA,Bengaluru_Sarjapur_D (Karnataka),0.0,0,1,0.0,2.1538461538461537,0.0,0.0,0.0
IND401602AAA,Dahanu_KetyDPP_D (Maharashtra),0.0,1,1,2.12,7.384615384615385,0.0,2.12,0.0
IND733102AAA,Balurghat_AkhirDPP_D (West Bengal),0.0,2,0,4.029486942596698,0.0,1.0,2.014743471298349,0.0
IND577598AAC,Hiriyur_TahurDPP_D (Karnataka),0.0,1,1,1.6425467188179053,1.838709677419355,1.0,1.6425467188179053,0.0
IND302023AAA,Ambabadi_DC (Rajasthan),0.0,1,0,2.6945080091533185,0.0,0.0,2.6945080091533185,0.0
IND641654AAA,Avinashi_Valluvar_D (Tamil Nadu),0.0,1,1,2.0,1.6,1.0,2.0,0.0
IND509103AAC,IND509103AAC,0.0,1,1,1.9392091648189211,2.0847457627118646,1.0,1.9392091648189211,0.0
IND571602AAA,Krishnarajngr_JublieRD_D (Karnataka),0.0,1,0,2.4411764705882355,0.0,0.0,2.4411764705882355,0.0
IND207123AAA,Kasganj_BnkrGate_D (Uttar Pradesh),0.0,1,1,1.9392091648189211,1.9392091648189211,0.0,1.9392091648189211,0.0
IND122101AAC,Gurgaon_SohnaRd_D (Haryana),0.0,1,0,2.1538461538461537,0.0,0.0,2.1538461538461537,0.0
IND721636AAB,Tamluk_Central_DPP_2 (West Bengal),0.0,1,1,2.1538461538461537,2.1538461538461537,1.0,2.1538461538461537,0.0
IND843105AAB,Dholi_WardNo4_D (Bihar),0.0,1,1,3.029411764705882,1.975,1.0,3.029411764705882,0.0
IND121004AAA,Faridabad_Blbgarh_DC (Haryana),0.0,1,1,1.6923076923076923,2.2666666666666666,0.0,1.6923076923076923,0.0
IND761020AAA,Berhampur_Chatrpr_DC (Orissa),0.0,1,0,1.9392091648189211,0.0,0.0,1.9392091648189211,0.0
IND627117AAA,Vallior_Radhaprm_D (Tamil Nadu),0.0,1,1,1.6341463414634143,1.9375,1.0,1.6341463414634143,0.0
IND676306AAA,Tirurangadi_Kooriyad_D (Kerala),0.0,0,1,0.0,1.625,0.0,0.0,0.0
IND110093AAA,Delhi_Shahdara (Delhi),0.0,1,1,2.1538461538461537,2.1538461538461537,0.0,2.1538461538461537,0.0
IND394221AAA,Surat_Pandesra_Gateway (Gujarat),0.0,1,0,2.1538461538461537,0.0,0.0,2.1538461538461537,0.0
IND591115AAB,Kittur_ColageRD_D (Karnataka),0.0,1,1,1.9392091648189211,1.9392091648189211,1.0,1.9392091648189211,0.0
IND500084AAB,Hyderabad_Kondapur_D (Telangana),0.0,1,0,2.1538461538461537,0.0,0.0,2.1538461538461537,0.0
IND331001A1C,IND331001A1C,0.0,1,0,1.9392091648189211,0.0,0.0,1.9392091648189211,0.0
IND272155AAA,Harraiya_MahuGDPP_D (Uttar Pradesh),0.0,0,1,0.0,1.9392091648189211,0.0,0.0,0.0
IND785690AAB,Sonari_Central_DPP_1 (Assam),0.0,1,1,2.1538461538461537,4.327272727272727,0.0,2.1538461538461537,0.0
IND560027AAA,Blr_Domlur (Karnataka),0.0,0,1,0.0,2.1538461538461537,0.0,0.0,0.0
IND532421AAA,Narasnpeta_HudcoDPP_D (Andhra Pradesh),0.0,1,1,3.111111111111111,2.2,1.0,3.111111111111111,0.0
IND000000ABG,Hyderabad_Bownplly_C (Telangana),0.0,0,1,0.0,7.535714285714286,0.0,0.0,0.0
IND403507AAA,Panaji Goa (Goa),0.0,1,1,1.3333333333333333,2.1538461538461537,0.0,1.3333333333333333,0.0
IND828401AAB,Gomoh_KhsmiDPP_D (Jharkhand),0.0,0,1,0.0,2.678571428571429,0.0,0.0,0.0
IND712612AAA,Kamarpukur_ChatiDPP_D (West Bengal),0.0,0,1,0.0,1.9392091648189211,0.0,0.0,0.0
IND395009AAA,Surat_Central_D_12 (Gujarat),0.0,1,1,2.1538461538461537,9.88888888888889,0.0,2.1538461538461537,0.0
IND560099AAG,Bengaluru_Bomsndra_L (Karnataka),0.0,0,0,0.0,0.0,0.0,0.0,0.0
IND000000ACT,Delhi_Gateway_HB (Delhi),0.0,0,3,0.0,5.070388872074605,1.0,0.0,0.0
IND520011AAA,Vijayawada (Andhra Pradesh),0.0,1,1,2.1538461538461537,2.8181818181818183,0.0,2.1538461538461537,0.0
IND613104AAA,Thirukkatupli_Poondi_D (Tamil Nadu),0.0,1,0,2.0083333333333333,0.0,0.0,2.0083333333333333,0.0
IND486001AAA,Rewa_Dc (Madhya Pradesh),0.0,2,1,3.8784183296378423,1.9392091648189211,1.0,1.9392091648189211,0.0
IND591237AAB,Nipani_AkkolRD_D (Karnataka),0.0,1,0,2.3014705882352944,0.0,0.0,2.3014705882352944,0.0
IND304001AAA,Tonk_DC (Rajasthan),0.0,1,0,2.1538461538461537,0.0,0.0,2.1538461538461537,0.0
IND121004AAC,Faridabad_MohnVRTL_D (Haryana),0.0,1,1,1.8461538461538463,2.1538461538461537,0.0,1.8461538461538463,0.0
IND341030AAA,Tarnau_BsstdDPP_D (Rajasthan),0.0,1,1,1.9392091648189211,1.9392091648189211,1.0,1.9392091648189211,0.0
IND246149AAA,Kotdwara_Nzbadrd_D (Uttarakhand),0.0,1,1,2.3859649122807016,2.689655172413793,0.0,2.3859649122807016,0.0
IND563131AAA,Mulbagal_Sunku_D (Karnataka),0.0,1,1,1.565217391304348,1.8372093023255809,1.0,1.565217391304348,0.0
IND571105AAA,Hunsur_RatnaDPP_D (Karnataka),0.0,0,1,0.0,1.721794871794872,0.0,0.0,0.0
IND321408AAB,Weir_BsstdDPP_D (Rajasthan),0.0,0,1,0.0,1.9392091648189211,0.0,0.0,0.0
IND431131AAB,Majalgaon_SmbjiCwk_D (Maharashtra),0.0,0,1,0.0,2.1538461538461537,0.0,0.0,0.0
IND177001AAA,Hamirpur_GutmgrCl_D (Himachal Pradesh),0.0,0,1,0.0,1.809523809523809,0.0,0.0,0.0
IND335523AAB,Nohar_Central_DPP_2 (Rajasthan),0.0,3,0,5.817627494456763,0.0,0.6666666666666666,1.9392091648189211,0.0
IND201307AAA,Noida_Chukhndi_D (Uttar Pradesh),0.0,1,1,1.263157894736842,1.4931818181818182,0.0,1.263157894736842,0.0
IND636352AAA,Thoppur_HghsclRD_D (Tamil Nadu),0.0,0,1,0.0,1.6,0.0,0.0,0.0
IND152123AAA,Fazilka_GndhiChk_D (Punjab),0.0,1,0,1.9392091648189211,0.0,0.0,1.9392091648189211,0.0
IND403702AAA,Canacona_CharRsta_D (Goa),0.0,1,1,1.772340425531915,1.9968409617198892,1.0,1.772340425531915,0.0
IND792130AAB,Khonsa_Central_D_1 (Arunachal Pradesh),0.0,0,1,0.0,2.835443037974684,0.0,0.0,0.0
IND201306AAA,Noida_Surajpur_DC (Uttar Pradesh),0.0,0,2,0.0,5.106227106227107,1.0,0.0,0.0
IND493118AAC,Bhatpara_TrengaRD_D (Chhattisgarh),0.0,0,1,0.0,1.6363265306122448,0.0,0.0,0.0
IND781005AAA,Guwahati_North (Assam),0.0,1,1,1.804878048780488,1.4027777777777777,0.0,1.804878048780488,0.0
IND333504AAA,Khetri_NagarDPP_D (Rajasthan),0.0,0,1,0.0,1.9392091648189211,0.0,0.0,0.0
IND600044AAE,Chennai_Chrompet_L (Tamil Nadu),0.0,1,1,1.9003267973856208,2.042063492063492,0.0,1.9003267973856208,0.0
IND382421AAA,Gandhinagar_DC (Gujarat),0.0,1,2,2.1538461538461537,5.962968453510436,1.0,2.1538461538461537,0.0
IND600083AAA,Chennai_AshokNagar_DC (Tamil Nadu),0.0,0,0,0.0,0.0,0.0,0.0,0.0
IND751014AAA,Bhubaneswar_BjbNgr_DC (Orissa),0.0,0,1,0.0,2.1538461538461537,0.0,0.0,0.0
IND110043AAC,Delhi_Nangli_L (Delhi),0.0,1,1,1.9454545454545449,2.1538461538461537,0.0,1.9454545454545449,0.0
IND445001AAB,Yavatmal_JajuDPP_D (Maharashtra),0.0,1,0,2.210526315789474,0.0,0.0,2.210526315789474,0.0
IND262723AAB,Dhaurahara_TahsilRD_D (Uttar Pradesh),0.0,1,0,2.536231884057971,0.0,0.0,2.536231884057971,0.0
IND491995AAB,Kawardha_TrnsptNGR_D (Chhattisgarh),0.0,1,0,1.599802371541502,0.0,0.0,1.599802371541502,0.0
IND242221AAA,Jalalabad_farukngr_D (Uttar Pradesh),0.0,1,1,1.4634146341463414,3.10989010989011,1.0,1.4634146341463414,0.0
IND631003AAA,Arakkonam_HousngBd_D (Tamil Nadu),0.0,1,1,2.6538461538461537,2.717948717948718,1.0,2.6538461538461537,0.0
IND790001AAB,Bomdila_CTRoad_D (Arunachal Pradesh),0.0,0,1,0.0,2.1538461538461537,0.0,0.0,0.0
IND500032AAA,Hyd_Chandanagar_Dc (Telangana),0.0,0,1,0.0,2.1538461538461537,0.0,0.0,0.0
IND509216AAC,Shadnagar_Central_D_1 (Telangana),0.0,1,1,2.1538461538461537,1.5854700854700858,1.0,2.1538461538461537,0.0
IND534260AAC,Palakollu_CroadDPP_D (Andhra Pradesh),0.0,1,1,1.9392091648189211,1.9392091648189211,0.0,1.9392091648189211,0.0
IND201005AAA,Ghaziabad_RjndrNgr_DC (Uttar Pradesh),0.0,1,1,2.1538461538461537,2.1538461538461537,0.0,2.1538461538461537,0.0
IND636005AAA,Salem_Kadtmpty_H (Tamil Nadu),0.0,0,0,0.0,0.0,0.0,0.0,0.0
IND700136AAG,Kolkata_Narynpur_C (West Bengal),0.0,0,1,0.0,4.559941520467836,0.0,0.0,0.0
IND620020AAA,Tiruchi (Tamil Nadu),0.0,0,1,0.0,1.7596153846153844,0.0,0.0,0.0
IND636102AAA,Attur_KaaduRd_D (Tamil Nadu),0.0,1,1,1.6653558052434458,1.3523809523809525,0.0,1.6653558052434458,0.0
IND281004AAA,Mathura_DC (Uttar Pradesh),0.0,1,0,1.9392091648189211,0.0,0.0,1.9392091648189211,0.0
IND500035AAD,Hyderabad_South_D_12 (Telangana),0.0,1,0,3.142857142857143,0.0,0.0,3.142857142857143,0.0
IND110078AAA,Janakpuri (Delhi),0.0,1,1,1.6978260869565218,2.732919254658385,0.0,1.6978260869565218,0.0
IND736165AAA,Pundibari_StatonRD_D (West Bengal),0.0,1,0,2.5526315789473686,0.0,0.0,2.5526315789473686,0.0
IND174021AAA,Ghumarwin_Gndhichk_D (Himachal Pradesh),0.0,0,1,0.0,2.1333333333333333,0.0,0.0,0.0
IND792120AAB,Changlang_Central_D_1 (Arunachal Pradesh),0.0,1,1,5.0625,2.1538461538461537,0.0,5.0625,0.0
IND272153AAC,Bansi_GangDPP_D (Uttar Pradesh),0.0,1,0,2.1538461538461537,0.0,0.0,2.1538461538461537,0.0
IND421302AAF,Mumbai_Kalyan (Maharashtra),0.0,1,0,2.1538461538461537,0.0,0.0,2.1538461538461537,0.0
IND508206AAA,Kodad_VidyaNgr_D (Telangana),0.0,2,2,4.068241422883437,3.2905605161702725,1.0,2.0341207114417186,0.0
IND401209AAA,Mumbai_Virar_DC (Maharashtra),0.0,1,1,2.1538461538461537,6.333333333333333,0.0,2.1538461538461537,0.0
IND142401AAA,Khanna_DC (Punjab),0.0,2,1,4.289209164818921,1.75,1.0,2.1446045824094604,0.0
IND494334AAB,Kanker_KrisnKunj_D (Chhattisgarh),0.0,0,1,0.0,1.7099236641221374,0.0,0.0,0.0
IND495004AAA,Bilaspur_Torwa_DC (Chhattisgarh),0.0,0,1,0.0,1.9392091648189211,0.0,0.0,0.0
IND276128AAA,Azamgarh_ChtwrDPP_D (Uttar Pradesh),0.0,0,1,0.0,1.9392091648189211,0.0,0.0,0.0
IND141109AAA,Raikot_DC (Punjab),0.0,1,1,1.3797619047619047,1.375,1.0,1.3797619047619047,0.0
IND385320AAA,Bhabhar_TirupDPP_D (Gujarat),0.0,1,1,1.2933333333333332,0.9864864864864865,1.0,1.2933333333333332,0.0
IND224122AAA,Akbarpur_Auliyapr_D (Uttar Pradesh),0.0,1,0,3.0,0.0,0.0,3.0,0.0
IND332715AAB,Shrimadhopur_RLSTNDPP_D (Rajasthan),0.0,1,0,1.9392091648189211,0.0,0.0,1.9392091648189211,0.0
IND282001AAC,Agra_Idgah_L (Uttar Pradesh),0.0,1,1,1.9392091648189211,1.9392091648189211,1.0,1.9392091648189211,0.0
IND637408AAA,Rasipurm_Knrpati_D (Tamil Nadu),0.0,0,1,0.0,1.7586206896551726,0.0,0.0,0.0
IND380021AAA,AMD_Rakhial (Gujarat),0.0,0,1,0.0,3.3846153846153846,0.0,0.0,0.0
IND712310AAA,Kolkata_Dankuni_P (West Bengal),0.0,2,0,9.559941520467836,0.0,0.0,4.779970760233918,0.0
IND335501AAA,Bhadra_GMndiDPP_D (Rajasthan),0.0,0,1,0.0,1.9392091648189211,0.0,0.0,0.0
IND637301AAA,Sankari_Trchngrd_D (Tamil Nadu),0.0,0,1,0.0,1.8529411764705876,0.0,0.0,0.0
IND841428AAA,Gopalganj_GopalDPP_D (Bihar),0.0,2,0,5.6193158920818345,0.0,1.0,2.8096579460409172,0.0
IND600048AAA,Chennai_Vandalur_Dc (Tamil Nadu),0.0,2,1,6.553846153846154,2.1538461538461537,1.0,3.276923076923077,0.0
IND844101AAB,Hajipur_ThaneDPP_D (Bihar),0.0,0,1,0.0,1.9392091648189211,0.0,0.0,0.0
IND757041AAA,Udala_NagplDPP_D (Orissa),0.0,1,2,1.9392091648189211,3.8784183296378423,1.0,1.9392091648189211,0.0
IND711409AAA,Howrah_Salap_DC (West Bengal),0.0,1,0,2.1538461538461537,0.0,0.0,2.1538461538461537,0.0
IND122413AAE,Gurgaon_Bilaspur_P (Haryana),0.0,1,0,1.8,0.0,0.0,1.8,0.0
IND243002AAA,Bareilly (Uttar Pradesh),0.0,1,0,2.2888888888888888,0.0,0.0,2.2888888888888888,0.0
IND110064AAB,KN_RPC (Delhi),0.0,1,0,2.092592592592593,0.0,0.0,2.092592592592593,0.0
IND482002AAA,Jabalpur (Madhya Pradesh),0.0,1,0,2.1538461538461537,0.0,0.0,2.1538461538461537,0.0
IND141010AAA,Ludhiana_DC (Punjab),0.0,0,1,0.0,2.1538461538461537,0.0,0.0,0.0
IND331023AAA,Rajgarh_SadulDPP_D (Rajasthan),0.0,1,0,1.9392091648189211,0.0,0.0,1.9392091648189211,0.0
IND274402AAA,Kushinagar_JiswlDPP_D (Uttar Pradesh),0.0,0,2,0.0,3.8784183296378423,1.0,0.0,0.0
IND302022AAD,Jaipur_RIICO_L (Rajasthan),0.0,1,1,1.690254089801601,1.9090909090909087,0.0,1.690254089801601,0.0
IND208017AAA,Kanpur_Central_D_5 (Uttar Pradesh),0.0,0,1,0.0,17.083333333333332,0.0,0.0,0.0
IND531116AAA,Narsiptnm_Wardno8_D (Andhra Pradesh),0.0,1,1,2.1538461538461537,2.1538461538461537,0.0,2.1538461538461537,0.0
IND733124AAA,Gangarmpur_KhdimDPP_D (West Bengal),0.0,1,0,2.0823004908370764,0.0,0.0,2.0823004908370764,0.0
IND600016AAA,Airport (Tamil Nadu),0.0,0,1,0.0,2.1538461538461537,0.0,0.0,0.0
IND451666AAA,Sendhwa_VishnuVhr_D (Madhya Pradesh),0.0,0,2,0.0,4.548965262379897,1.0,0.0,0.0
IND464001AAA,Vidisha_ShrprDPP_D (Madhya Pradesh),0.0,0,1,0.0,1.9392091648189211,0.0,0.0,0.0
IND345021AAA,Pokhran_SttinDPP_D (Rajasthan),0.0,2,1,3.8784183296378423,1.4818840579710144,1.0,1.9392091648189211,0.0
IND621306AAA,Manapparai_BypassRd_D (Tamil Nadu),0.0,0,1,0.0,1.3373538011695907,0.0,0.0,0.0
IND781001AAA,Guwahati_UzanBazr_DC (Assam),0.0,0,1,0.0,2.1538461538461537,0.0,0.0,0.0
IND000000ACS,BLR_HSR_Layout_PC (Karnataka),0.0,4,0,8.238756203473946,0.0,0.5,2.0596890508684864,0.0
IND110037AAB,Del_B_RPC (Delhi),0.0,1,0,4.421052631578948,0.0,0.0,4.421052631578948,0.0
IND403507AAB,Goa_Mapusa (Goa),0.0,1,1,2.1538461538461537,2.1538461538461537,0.0,2.1538461538461537,0.0
IND732139AAA,Samsi_RatuaDPP_D (West Bengal),0.0,1,0,2.1538461538461537,0.0,0.0,2.1538461538461537,0.0
IND321022AAA,Kaman_BsstdDPP_D (Rajasthan),0.0,1,1,1.5549242424242424,3.180722891566265,1.0,1.5549242424242424,0.0
IND560066AAB,Bengaluru_Whitefld_L (Karnataka),0.0,1,0,2.1538461538461537,0.0,0.0,2.1538461538461537,0.0
IND441107AAB,Savner_Wagodha_D (Maharashtra),0.0,1,0,2.702702702702702,0.0,0.0,2.702702702702702,0.0
IND151103AAA,RampuraPhul_DC (Punjab),0.0,1,0,1.9392091648189211,0.0,0.0,1.9392091648189211,0.0
IND333001AAA,Jhunjhunu_DC (Rajasthan),0.0,1,1,1.9392091648189211,1.9392091648189211,1.0,1.9392091648189211,0.0
IND444303AAA,Khamgaon_WamanDPP_D (Maharashtra),0.0,1,1,1.9392091648189211,1.9392091648189211,1.0,1.9392091648189211,0.0
IND560064AAD,Bengaluru_Bagaluru_D (Karnataka),0.0,0,1,0.0,2.571428571428572,0.0,0.0,0.0
IND302006AAA,Jaipur (Rajasthan),0.0,1,1,1.9393382352941178,4.583333333333333,0.0,1.9393382352941178,0.0
IND591126AAA,Saundatti_ShanthiS_D (Karnataka),0.0,0,1,0.0,1.9392091648189211,0.0,0.0,0.0
IND637211AAA,Tirchngode_Mhdhvpur_D (Tamil Nadu),0.0,1,1,1.5108695652173911,1.475409836065574,1.0,1.5108695652173911,0.0
IND396105AAA,Bhilad_Umargaon_DC (Gujarat),0.0,1,1,2.1538461538461537,2.1538461538461537,0.0,2.1538461538461537,0.0
IND843126AAA,Saraiya_Wardno4_D (Bihar),0.0,2,2,3.223110223110223,4.653846153846153,1.0,1.6115551115551114,0.0
IND431001AAA,Aurangabad (Maharashtra),0.0,1,0,3.0,0.0,0.0,3.0,0.0
IND401208AAA,Nalasopara (Maharashtra),0.0,1,0,2.555555555555556,0.0,0.0,2.555555555555556,0.0
IND126112AAA,Safidon_HatRDDPP_D (Haryana),0.0,0,1,0.0,2.376807511737089,0.0,0.0,0.0
IND781022AAA,Guwahati_Sixmile (Assam),0.0,1,1,1.135135135135135,1.1294117647058823,0.0,1.135135135135135,0.0
IND841207AAB,Dighwara_SadarHPL_D (Bihar),0.0,2,0,3.8784183296378423,0.0,0.0,1.9392091648189211,0.0
IND411043AAA,Pune Balaji Nagar (Maharashtra),0.0,1,1,2.1538461538461537,2.1538461538461537,0.0,2.1538461538461537,0.0
IND600044AAC,Chennai_Chrompet_PC (Tamil Nadu),0.0,3,0,6.298705192668041,0.0,0.0,2.099568397556013,0.0
IND751021AAA,Bhubaneswar_Patia (Orissa),0.0,0,0,0.0,0.0,0.0,0.0,0.0
IND621211AAA,Musiri_ThryrRD_D (Tamil Nadu),0.0,0,1,0.0,1.7727272727272727,0.0,0.0,0.0
IND332709AAA,Khandela_PlsrdDPP_D (Rajasthan),0.0,1,0,1.9392091648189211,0.0,0.0,1.9392091648189211,0.0
IND263139AAA,Haldwani_PiliKoti_D (Uttarakhand),0.0,1,1,2.261904761904762,1.361788617886179,0.0,2.261904761904762,0.0
IND000000AAL,Pune_PC (Maharashtra),0.0,1,1,2.6980056980056983,2.5708333333333333,0.0,2.6980056980056983,0.0
IND133004AAA,Ambala (Haryana),0.0,0,1,0.0,1.6363636363636362,0.0,0.0,0.0
IND695121AAA,Neyatinkra_Arlumodu_D (Kerala),0.0,1,1,1.0740740740740742,1.8461538461538465,1.0,1.0740740740740742,0.0
IND500039AAD,Hyderabad_Uppal_L (Telangana),0.0,1,1,2.727011494252873,2.717013888888889,0.0,2.727011494252873,0.0
IND148102AAA,Bhadaur_BChwkDPP_D (Punjab),0.0,0,1,0.0,1.9392091648189211,0.0,0.0,0.0
IND758035AAA,Barbil_PunjbiPd_D (Orissa),0.0,1,1,1.9392091648189211,1.9392091648189211,0.0,1.9392091648189211,0.0
IND500010AAB,Hyderabad_Alwal_L (Telangana),0.0,1,1,2.8375000000000004,3.513513513513513,0.0,2.8375000000000004,0.0
IND688524AAA,Cherthala_Mulapali_D (Kerala),0.0,0,1,0.0,2.269230769230769,0.0,0.0,0.0
IND457661AAA,Jhabua_Ward11_D (Madhya Pradesh),0.0,1,0,2.7162298387096775,0.0,0.0,2.7162298387096775,0.0
IND395010AAB,Surat_Brpc (Gujarat),0.0,0,1,0.0,2.1538461538461537,0.0,0.0,0.0
IND147101AAA,Samana_PODPP_D (Punjab),0.0,2,2,4.115679753054215,3.8784183296378423,1.0,2.0578398765271073,0.0
IND492007AAA,Raipur_Central_D_5 (Chhattisgarh),0.0,0,0,0.0,0.0,0.0,0.0,0.0
IND400016AAB,Mumbai_MhimWest_C (Maharashtra),0.0,0,2,0.0,5.299450549450549,0.0,0.0,0.0
IND444602AAA,Amravati_DC (Maharashtra),0.0,0,1,0.0,2.0529824561403505,0.0,0.0,0.0
IND803212AAB,Bakhtiarpur_BypassRD_D (Bihar),0.0,1,0,1.9392091648189211,0.0,0.0,1.9392091648189211,0.0
IND768028AAB,Bargarh_GurpdDPP_D (Orissa),0.0,0,1,0.0,1.9392091648189211,0.0,0.0,0.0
IND758034AAA,Joda_Central_D_1 (Orissa),0.0,1,2,2.2945228684359122,3.8784183296378423,1.0,2.2945228684359122,0.0
IND400072AAC,BOM_Sakinaka_RP (Maharashtra),0.0,0,1,0.0,3.2132352941176467,0.0,0.0,0.0
IND251201AAA,Khatauli_TilakNgr_D (Uttar Pradesh),0.0,0,1,0.0,1.9392091648189211,0.0,0.0,0.0
IND790114AAA,Bhalukpong_Khenewa_D (Arunachal Pradesh),0.0,2,0,4.3076923076923075,0.0,1.0,2.1538461538461537,0.0
IND580002AAA,Dharwad_Dc (Karnataka),0.0,2,1,5.36778059339035,1.9392091648189211,1.0,2.683890296695175,0.0
IND401501AAA,Boisar_OstwlEmp_D (Maharashtra),0.0,1,1,7.384615384615385,2.12,0.0,7.384615384615385,0.0
IND530012AAC,Vizag_Gajuwaka_L (Andhra Pradesh),0.0,0,2,0.0,3.8784183296378423,1.0,0.0,0.0
IND124112AAA,Meham_GModDPP_D (Haryana),0.0,1,2,2.065934065934066,3.8784183296378423,1.0,2.065934065934066,0.0
IND148101AAA,Barnala_DC (Punjab),0.0,1,0,1.9392091648189211,0.0,0.0,1.9392091648189211,0.0
IND643231AAA,Coonoor_Fairybnk_D (Tamil Nadu),0.0,1,1,2.459016393442623,1.2352941176470589,1.0,2.459016393442623,0.0
IND764073AAA,Umerkote_Central_DPP_1 (Orissa),0.0,1,0,2.1538461538461537,0.0,0.0,2.1538461538461537,0.0
IND517408AAA,Palamaner_Lakshmi_D (Andhra Pradesh),0.0,1,0,1.9392091648189211,0.0,0.0,1.9392091648189211,0.0
IND722101AAC,Bankura_BhowmDPP_D (West Bengal),0.0,2,0,4.3076923076923075,0.0,1.0,2.1538461538461537,0.0
IND202001AAC,Aligarh_Central_D_2 (Uttar Pradesh),0.0,0,1,0.0,2.1538461538461537,0.0,0.0,0.0
IND122004AAA,Gurgaon_Begumpur_CP (Haryana),0.0,0,2,0.0,3.953846153846154,0.0,0.0,0.0
IND147105AAA,Patran_MheshNGR_D (Punjab),0.0,2,2,3.8784183296378423,10.956856223642449,1.0,1.9392091648189211,0.0
IND600076AAB,Chennai_Madhavaram_DPC (Tamil Nadu),0.0,2,2,4.226618065433855,4.680161943319838,1.0,2.1133090327169275,0.0
IND752055AAA,Khurdha_MunplDPP_D (Orissa),0.0,1,1,2.1538461538461537,2.1538461538461537,1.0,2.1538461538461537,0.0
IND160102AAC,Chandigarh_Raiprvlg_L (Chandigarh),0.0,1,1,1.7680672268907562,2.014705882352941,0.0,1.7680672268907562,0.0
IND201304AAA,Noida_Sec-83_DC (Uttar Pradesh),0.0,2,1,3.9489850427350426,2.230769230769231,1.0,1.9744925213675213,0.0
IND411021AAA,PNQ Pashan DPC (Maharashtra),0.0,1,1,2.833333333333333,2.033333333333333,0.0,2.833333333333333,0.0
IND423301AAB,Satana_ThrbadRD_D (Maharashtra),0.0,1,0,1.6470588235294117,0.0,0.0,1.6470588235294117,0.0
IND560099AAA,Bengaluru_Bomsndra_PC (Karnataka),0.0,1,0,2.1538461538461537,0.0,0.0,2.1538461538461537,0.0
IND821307AAA,DehriSone_Dilliyan_D (Bihar),0.0,1,1,1.9392091648189211,2.095238095238096,0.0,1.9392091648189211,0.0
IND791111AAC,Itanagar_WageDPP_D (Arunachal Pradesh),0.0,2,0,3.8784183296378423,0.0,1.0,1.9392091648189211,0.0
IND132103AAB,Panipat_PC (Haryana),0.0,1,1,1.9392091648189211,4.119047619047619,1.0,1.9392091648189211,0.0
IND400016AAA,Mumbai Mahim (Maharashtra),0.0,0,1,0.0,2.1538461538461537,0.0,0.0,0.0
IND500018AAA,Hyderabad_PndrgNgr_DC (Telangana),0.0,0,1,0.0,2.1538461538461537,0.0,0.0,0.0
IND400701AAB,Mumbai_Pawane_L (Maharashtra),0.0,2,1,4.691941391941391,2.45,1.0,2.3459706959706956,0.0
IND533242AAA,Razole_Shanthi_D (Andhra Pradesh),0.0,2,1,3.8784183296378423,1.9392091648189211,1.0,1.9392091648189211,0.0
IND335703AAA,Srivijaynagar_BhwanDPP_D (Rajasthan),0.0,1,1,2.1538461538461537,2.1538461538461537,1.0,2.1538461538461537,0.0
IND501218AAC,Shamshabad_Lngrguda_D (Telangana),0.0,1,0,2.1538461538461537,0.0,0.0,2.1538461538461537,0.0
IND248197AAA,Dehradun_Selakui_D (Uttarakhand),0.0,0,1,0.0,2.677419354838709,0.0,0.0,0.0
IND641011AAA,Cjb_West_Dc (Tamil Nadu),0.0,0,1,0.0,3.8571428571428568,0.0,0.0,0.0
IND600004AAA,Chennai_Mylapore (Tamil Nadu),0.0,0,0,0.0,0.0,0.0,0.0,0.0
IND412105AAC,Pune_North_D_3 (Maharashtra),0.0,1,1,2.1538461538461537,2.333333333333333,0.0,2.1538461538461537,0.0
IND421004AAA,Mumbai_Ulhasngr_DC (Maharashtra),0.0,1,0,4.0,0.0,0.0,4.0,0.0
IND622001AAA,Pudukkotti_Mrthndpr_D (Tamil Nadu),0.0,1,0,1.4848484848484849,0.0,0.0,1.4848484848484849,0.0
IND342601AAA,Piparcity_BsstdDPP_D (Rajasthan),0.0,1,2,2.1734693877551017,3.8784183296378423,0.6666666666666666,2.1734693877551017,0.0
IND457226AAA,Jaora_RtlamNka_D (Madhya Pradesh),0.0,1,1,1.075,1.829931972789116,1.0,1.075,0.0
IND506001AAC,Warangal_Central_D_2 (Telangana),0.0,0,2,0.0,3.5594472600570164,1.0,0.0,0.0
IND686141AAA,Vaikom_KotyamRD_D (Kerala),0.0,1,0,1.9392091648189211,0.0,0.0,1.9392091648189211,0.0
IND231001AAA,Mirzapur_JangiRd_D (Uttar Pradesh),0.0,1,0,1.9392091648189211,0.0,0.0,1.9392091648189211,0.0
IND625218AAA,Vadipatti_lalaNGR_D (Tamil Nadu),0.0,1,0,1.5217391304347827,0.0,0.0,1.5217391304347827,0.0
IND803108AAB,Chandi_SH78_D (Bihar),0.0,1,0,2.2285714285714286,0.0,0.0,2.2285714285714286,0.0
IND201001AAC,Ghaziabad_Central_L_8 (Uttar Pradesh),0.0,1,0,2.1538461538461537,0.0,0.0,2.1538461538461537,0.0
IND641006AAD,Coimbatore_ElngoNgr_C (Tamil Nadu),0.0,0,1,0.0,2.1538461538461537,0.0,0.0,0.0
IND400064AAB,Mumbai_MaladWest_CP (Maharashtra),0.0,0,2,0.0,5.434798534798534,0.0,0.0,0.0
IND505467AAA,Husnabad_Greenmkt_D (Telangana),0.0,1,1,1.6202380952380953,1.6304347826086956,1.0,1.6202380952380953,0.0
IND801103AAA,Bihta_ShivNgar_D (Bihar),0.0,0,1,0.0,2.6666666666666665,0.0,0.0,0.0
IND700026AAC,CCU_Lake Avenue_DPC (West Bengal),0.0,1,2,2.5,4.3076923076923075,1.0,2.5,0.0
IND110046AAA,Delhi_Lajwanti (Delhi),0.0,0,0,0.0,0.0,0.0,0.0,0.0
IND232327AAA,Gahmar_Wardnor4_D (Uttar Pradesh),0.0,1,0,2.1538461538461537,0.0,0.0,2.1538461538461537,0.0
IND721507AAA,Jhargram_UBamdDPP_D (West Bengal),0.0,1,0,2.045454545454545,0.0,0.0,2.045454545454545,0.0
IND670643AAA,Kuthuparamba_IdstrlAr_D (Kerala),0.0,1,0,1.4900362318840579,0.0,0.0,1.4900362318840579,0.0
IND560060AAB,Bengaluru_Kengeri_IP (Karnataka),0.0,3,2,4.201463343958273,3.0207614942528735,1.0,1.4004877813194243,0.0
IND799008AAA,Agartala_Chmpmura_I (Tripura),0.0,1,0,1.9392091648189211,0.0,0.0,1.9392091648189211,0.0
IND403002AAA,Central Goa (Goa),0.0,1,0,2.1538461538461537,0.0,0.0,2.1538461538461537,0.0
IND421502AAA,Mumbai_Ambernath_Dc (Maharashtra),0.0,0,1,0.0,3.125,0.0,0.0,0.0
IND500039AAB,Hyd_Uppal_Dc (Telangana),0.0,0,1,0.0,2.1538461538461537,0.0,0.0,0.0
IND483225AAA,Sihora_KtnRdDPP_D (Madhya Pradesh),0.0,1,1,1.9392091648189211,1.9392091648189211,1.0,1.9392091648189211,0.0
IND700136AAB,CCU_Hub (West Bengal),0.0,0,0,0.0,0.0,0.0,0.0,0.0
IND271201AAA,Balrampur_PBRDDPP_D (Uttar Pradesh),0.0,1,1,3.5,2.3666666666666663,1.0,3.5,0.0
IND534001AAA,Eluru_Agraharm_DC (Andhra Pradesh),0.0,1,1,1.9392091648189211,1.807692307692308,1.0,1.9392091648189211,0.0
IND000000ACO,Kasaragod_Nullipad_D (Kerala),0.0,1,0,1.9392091648189211,0.0,0.0,1.9392091648189211,0.0
IND144001AAC,Jalandhar_Sodal Road (Punjab),0.0,0,2,0.0,4.478111684278387,1.0,0.0,0.0
IND306902AAA,Sumerpur_BazarDPP_D (Rajasthan),0.0,1,0,1.9392091648189211,0.0,0.0,1.9392091648189211,0.0
IND791125AAB,Likabali_ZoomCDPP_D (Arunachal Pradesh),0.0,0,1,0.0,1.9392091648189211,0.0,0.0,0.0
IND495677AAA,Korba_Tilknagr_DC (Chhattisgarh),0.0,0,1,0.0,2.18018018018018,0.0,0.0,0.0
IND110035AAC,Delhi_North_R_8 (Delhi),0.0,1,1,2.238095238095238,2.1538461538461537,0.0,2.238095238095238,0.0
IND144527AAA,Garhshnker_Jagrata_D (Punjab),0.0,0,1,0.0,1.9392091648189211,0.0,0.0,0.0
IND110005AAA,Delhi_Todapur_DC (Delhi),0.0,1,0,2.1538461538461537,0.0,0.0,2.1538461538461537,0.0
IND742148AAA,Lalgola_KrsprDPP_D (West Bengal),0.0,1,1,2.833333333333333,4.25,1.0,2.833333333333333,0.0
IND148001AAA,Sangrur_DC (Punjab),0.0,1,0,1.9392091648189211,0.0,0.0,1.9392091648189211,0.0
IND679576AAA,Edappal_PonaniRD_D (Kerala),0.0,1,0,1.4705882352941178,0.0,0.0,1.4705882352941178,0.0
IND441603AAA,Chamorshi_Central_DPP_1 (Maharashtra),0.0,1,0,2.1538461538461537,0.0,0.0,2.1538461538461537,0.0
IND560085AAA,Bengaluru_Banshkri_DC (Karnataka),0.0,3,1,5.852736109315056,2.1538461538461537,1.0,1.9509120364383519,0.0
IND733134AAA,Raiganj_SubrtDPP_D (West Bengal),0.0,1,1,2.1538461538461537,2.1538461538461537,1.0,2.1538461538461537,0.0
IND209721AAB,Chhibramau_Bhainpura_D (Uttar Pradesh),0.0,1,1,1.9392091648189211,1.9392091648189211,1.0,1.9392091648189211,0.0
IND637001AAA,Namakkal_Rkcomplx_DC (Tamil Nadu),0.0,1,0,1.7586206896551726,0.0,0.0,1.7586206896551726,0.0
IND500008AAD,Hyderabad_Tolichwk_L (Telangana),0.0,0,1,0.0,2.909090909090909,0.0,0.0,0.0
IND413401AAA,Barshi_Kurduwdi_D (Maharashtra),0.0,1,1,1.3857142857142857,2.04,1.0,1.3857142857142857,0.0
IND680712AAA,Irinjlkuda_Greens_D (Kerala),0.0,1,1,2.1538461538461537,1.6842105263157894,1.0,2.1538461538461537,0.0
IND560078AAC,BLR_JPNagar_Pc (Karnataka),0.0,3,2,6.591666666666667,5.051904761904762,1.0,2.1972222222222224,0.0
IND761200AAA,Paralakhemundi_Ward14_D (Orissa),0.0,1,1,2.129032258064516,2.1153846153846154,1.0,2.129032258064516,0.0
IND211013AAA,Allahabad_Phaphamu_DC (Uttar Pradesh),0.0,1,0,5.071428571428571,0.0,0.0,5.071428571428571,0.0
IND786602AAA,Duliajan_StatonRd_D (Assam),0.0,1,0,1.5647058823529412,0.0,0.0,1.5647058823529412,0.0
IND792110AAA,Roing_DibngVly_D (Arunachal Pradesh),0.0,1,1,2.1538461538461537,2.1538461538461537,1.0,2.1538461538461537,0.0
IND211008AAA,Allahabad_Central_D_3 (Uttar Pradesh),0.0,0,1,0.0,9.28125,0.0,0.0,0.0
IND521301AAA,Gudivada_GvrCompx_D (Andhra Pradesh),0.0,1,1,1.8666666666666667,1.9200000000000002,1.0,1.8666666666666667,0.0
IND686507AAA,Parakkdavu_KeRoad_D (Kerala),0.0,1,2,2.1538461538461537,4.5635683760683765,1.0,2.1538461538461537,0.0
IND560058AAD,Bengaluru_Peenya_L (Karnataka),0.0,2,1,3.959798534798535,1.7083333333333333,1.0,1.9798992673992675,0.0
IND783370AAB,Kokrajhar_HplrdDPP_D (Assam),0.0,0,1,0.0,1.9392091648189211,0.0,0.0,0.0
IND721212AAA,Ghatal_KrshDPP_D (West Bengal),0.0,0,1,0.0,2.326666666666666,0.0,0.0,0.0
IND695582AAA,Kazhakkoottam_Rdiosttn_D (Kerala),0.0,0,2,0.0,3.2872453633323198,1.0,0.0,0.0
IND110039AAA,Delhi_Barwala (Delhi),0.0,1,1,2.1538461538461537,2.1538461538461537,0.0,2.1538461538461537,0.0
IND496001AAA,Raigarh_MithmdRd_D (Chhattisgarh),0.0,1,0,2.18018018018018,0.0,0.0,2.18018018018018,0.0
IND673639AAA,Areacode_Puthalam_D (Kerala),0.0,2,0,4.3076923076923075,0.0,0.0,2.1538461538461537,0.0
IND302020AAA,Jaipur_VarunCly_DC (Rajasthan),0.0,1,1,2.083333333333333,2.888888888888889,0.0,2.083333333333333,0.0
IND370110AAA,Anjar_DC (Gujarat),0.0,1,2,1.9392091648189211,3.9731458164026314,1.0,1.9392091648189211,0.0
IND222125AAB,Badlapur_Bhaluahi_D (Uttar Pradesh),0.0,1,0,1.9392091648189211,0.0,0.0,1.9392091648189211,0.0
IND400052AAA,Mumbai_Khar West _Dc (Maharashtra),0.0,1,0,2.1538461538461537,0.0,0.0,2.1538461538461537,0.0
IND380006AAB,Ahmedabad_Mithakal_D (Gujarat),0.0,0,1,0.0,3.583333333333333,0.0,0.0,0.0
IND770017AAB,Rajgangpur_Central_D_2 (Orissa),0.0,1,0,1.9392091648189211,0.0,0.0,1.9392091648189211,0.0
IND700065AAB,CCU_Beleghta_CP (West Bengal),0.0,0,1,0.0,5.0,0.0,0.0,0.0
IND201001AAA,Ghaziabad_Patel Nagar (Uttar Pradesh),0.0,1,1,2.1538461538461537,2.1538461538461537,0.0,2.1538461538461537,0.0
IND505172AAA,Peddapalli_UdaynDPP_D (Telangana),0.0,1,0,1.9392091648189211,0.0,0.0,1.9392091648189211,0.0
IND361001AAA,Jamnagar_Dc (Gujarat),0.0,0,1,0.0,1.6666666666666667,0.0,0.0,0.0
IND331304AAA,Taranagar_RajRdDPP_D (Rajasthan),0.0,0,1,0.0,1.9392091648189211,0.0,0.0,0.0
IND400102AAB,Mumbai_Jogeshwri_L (Maharashtra),0.0,1,1,2.2745358090185674,2.793103448275862,0.0,2.2745358090185674,0.0
IND673121AAA,Kalpetta_Ward19_D (Kerala),0.0,1,1,2.0,2.207157258064516,1.0,2.0,0.0
IND690573AAA,Karungaply_Mrtrklgr_D (Kerala),0.0,1,0,1.9392091648189211,0.0,0.0,1.9392091648189211,0.0
IND741316AAA,Nabadwip_Srirmpur_D (West Bengal),0.0,1,0,1.9392091648189211,0.0,0.0,1.9392091648189211,0.0
IND581115AAC,Ranebennur_SriRmNGR_D (Karnataka),0.0,1,1,2.836021505376344,1.7307692307692308,1.0,2.836021505376344,0.0
IND396232AAA,Silvassa_Samrvrni_D (Dadra and Nagar Haveli),0.0,1,1,2.5,3.7115384615384612,0.0,2.5,0.0
IND226024AAA,Lucknow_Aliganj (Uttar Pradesh),0.0,1,0,2.1538461538461537,0.0,0.0,2.1538461538461537,0.0
IND562160AAB,Chanapatna_Central_D_2 (Karnataka),0.0,1,0,0.9891304347826086,0.0,0.0,0.9891304347826086,0.0
IND700088AAA,Kolkata_TrtllaRD_L (West Bengal),0.0,1,1,3.766666666666666,2.5,0.0,3.766666666666666,0.0
IND461001AAA,Hoshangabad_MnRDDPP_D (Madhya Pradesh),0.0,1,0,1.9392091648189211,0.0,0.0,1.9392091648189211,0.0
IND305901AAA,Beawar_DC (Rajasthan),0.0,1,1,2.1136363636363633,1.9392091648189211,1.0,2.1136363636363633,0.0
IND410401AAA,Lonavala_NngrgnRd_D (Maharashtra),0.0,1,1,2.462686567164179,2.4776119402985075,0.0,2.462686567164179,0.0
IND852118A1B,IND852118A1B,0.0,2,0,3.8784183296378423,0.0,0.0,1.9392091648189211,0.0
IND400705AAA,Mumbai_Sanpada_CP (Maharashtra),0.0,0,1,0.0,3.5150862068965525,0.0,0.0,0.0
IND400706AAA,Mumbai_Nerul_D (Maharashtra),0.0,1,1,2.1538461538461537,2.1538461538461537,0.0,2.1538461538461537,0.0
IND798601AAA,Mokokchung_Central_D_1 (Nagaland),0.0,1,1,2.1538461538461537,2.1538461538461537,0.0,2.1538461538461537,0.0
IND281121AAB,Vrindavan_MathuraRD_D (Uttar Pradesh),0.0,0,1,0.0,2.0756302521008405,0.0,0.0,0.0
IND335803AAA,Pilibanga_BsstdDPP_D (Rajasthan),0.0,1,1,2.1538461538461537,2.1538461538461537,1.0,2.1538461538461537,0.0
IND000000AFR,Cochin_PanditRd_D (Kerala),0.0,0,1,0.0,2.171875,0.0,0.0,0.0
IND686513AAA,Mundakayam_Central_D_1 (Kerala),0.0,1,2,2.4097222222222223,4.3076923076923075,1.0,2.4097222222222223,0.0
IND410206AAB,Mumbai_Panvel_D (Maharashtra),0.0,1,1,2.1538461538461537,2.4375,0.0,2.1538461538461537,0.0
IND400072AAA,Mumbai_Tejpal_M (Maharashtra),0.0,1,1,2.434782608695652,2.1538461538461537,0.0,2.434782608695652,0.0
IND679329AAA,Nilambur_StteHW28_D (Kerala),0.0,0,1,0.0,2.1538461538461537,0.0,0.0,0.0
IND331507AAA,Sujangarh_JngidDPP_D (Rajasthan),0.0,0,1,0.0,1.9392091648189211,0.0,0.0,0.0
IND521165AAA,Vuyyuru_BhogdDPP_D (Andhra Pradesh),0.0,2,1,3.8784183296378423,1.9392091648189211,1.0,1.9392091648189211,0.0
IND364290AAA,Bhavnagar_Mahuva_DC (Gujarat),0.0,1,0,2.4827586206896552,0.0,0.0,2.4827586206896552,0.0
IND123106AAB,Dharuhera_Central_DPP_2 (Haryana),0.0,1,0,1.9600000000000002,0.0,0.0,1.9600000000000002,0.0
IND852118AAA,Forbesganj_JhumanCk_D (Bihar),0.0,1,2,1.9392091648189211,3.8784183296378423,1.0,1.9392091648189211,0.0
IND396580AAB,Vansda_CikhliRD_D (Gujarat),0.0,1,1,1.8125,2.1538461538461537,0.0,1.8125,0.0
IND620012AAA,Tiruchi_Manikndm_H (Tamil Nadu),0.0,2,0,4.093055318665074,0.0,0.0,2.046527659332537,0.0
IND488001AAA,Panna_Mohnprwa_D (Madhya Pradesh),0.0,1,1,1.9392091648189211,1.9392091648189211,1.0,1.9392091648189211,0.0
IND504215AAA,Luxettipet_ShivaDPP_D (Telangana),0.0,0,2,0.0,3.956158317361294,1.0,0.0,0.0
IND311301AAA,Asind_BsStdDPP_D (Rajasthan),0.0,0,1,0.0,1.9392091648189211,0.0,0.0,0.0
IND523226AAA,Chimkurthy_MSRClgRd_D (Andhra Pradesh),0.0,1,1,1.9392091648189211,1.9660714285714285,1.0,1.9392091648189211,0.0
IND734203AAA,Kurseong_ABPath_D (West Bengal),0.0,1,0,1.9392091648189211,0.0,0.0,1.9392091648189211,0.0
IND403601AAA,Goa_Margao_Dc (Goa),0.0,1,1,1.4285714285714286,2.1538461538461537,0.0,1.4285714285714286,0.0
IND396191AAB,Vapi_IndEstat_L (Gujarat),0.0,0,1,0.0,1.9392091648189211,0.0,0.0,0.0
IND125050AAA,Fatehabad_SirsaDPP_D (Haryana),0.0,1,1,1.9392091648189211,1.9392091648189211,1.0,1.9392091648189211,0.0
IND851204AAA,Khagaria_GodamDPP_D (Bihar),0.0,2,0,3.9826874256884865,0.0,1.0,1.9913437128442433,0.0
IND796009AAA,Aizawl_HunthrVg_I (Mizoram),0.0,1,1,1.9392091648189211,1.9392091648189211,0.0,1.9392091648189211,0.0
IND813203AAA,Kahalgaon_NdiaTola_D (Bihar),0.0,2,0,6.417470034384138,0.0,1.0,3.208735017192069,0.0
IND000000AFS,Mumbai_Skynet_INT (Maharashtra),0.0,0,0,0.0,0.0,0.0,0.0,0.0
IND431001AAB,Aurangabad_Pratpngr_D (Maharashtra),0.0,0,1,0.0,3.090909090909091,0.0,0.0,0.0
IND222136AAA,Jalalpur_Mhimapur_D (Uttar Pradesh),0.0,1,0,1.9392091648189211,0.0,0.0,1.9392091648189211,0.0
IND700065AAA,CCU_Beliaghata_DPC (West Bengal),0.0,2,1,5.631118881118882,3.75,1.0,2.815559440559441,0.0
IND851112AAB,Barauni_Wardno10_D (Bihar),0.0,1,0,1.9392091648189211,0.0,0.0,1.9392091648189211,0.0
IND363330AAB,Halvad_CrossRD_D (Gujarat),0.0,1,1,1.4285714285714286,1.5555555555555556,1.0,1.4285714285714286,0.0
IND507159AAA,Kusumnchi_SKRoad_D (Telangana),0.0,2,2,3.2905605161702725,7.105875831485588,1.0,1.6452802580851362,0.0
IND841405AAA,Barauli_SiwanRd_D (Bihar),0.0,0,1,0.0,2.1538461538461537,0.0,0.0,0.0
IND507167AAA,Tallada_PtrlBunk_D (Telangana),0.0,1,0,1.9392091648189211,0.0,0.0,1.9392091648189211,0.0
IND302006AAC,Jaipur_Central_D_10 (Rajasthan),0.0,1,0,2.6875,0.0,0.0,2.6875,0.0
IND110087AAA,Delhi_Paschim_DC (Delhi),0.0,1,0,2.1538461538461537,0.0,0.0,2.1538461538461537,0.0
IND515865AAB,Rayadurgam_RailGate_D (Andhra Pradesh),0.0,1,1,1.5842696629213484,1.696969696969697,1.0,1.5842696629213484,0.0
IND411048AAA,Pune_East_D_8 (Maharashtra),0.0,1,1,2.1538461538461537,2.1538461538461537,0.0,2.1538461538461537,0.0
IND272207AAB,Naugarh_Central_D_1 (Uttar Pradesh),0.0,0,1,0.0,2.1538461538461537,0.0,0.0,0.0
IND400612AAA,Mumbai_Mumbra_DC (Maharashtra),0.0,1,1,2.3901515151515156,2.0416666666666665,0.0,2.3901515151515156,0.0
IND781003AAA,Guwahati_Chandmari (Assam),0.0,1,1,2.1538461538461537,2.1538461538461537,0.0,2.1538461538461537,0.0
IND841101AAA,Sonepur_Sabalpur_D (Bihar),0.0,0,1,0.0,1.9392091648189211,0.0,0.0,0.0
IND473443AAA,Mungaoli_AshkngRd_D (Madhya Pradesh),0.0,0,1,0.0,1.9392091648189211,0.0,0.0,0.0
IND476001AAA,Morena_Prjapati_D (Madhya Pradesh),0.0,1,0,1.9392091648189211,0.0,0.0,1.9392091648189211,0.0
IND803213AAA,Barh_Malahi_D (Bihar),0.0,0,1,0.0,1.9392091648189211,0.0,0.0,0.0
IND462011AAA,Bhopal MP Nagar (Madhya Pradesh),0.0,1,1,2.833333333333333,2.306818181818182,0.0,2.833333333333333,0.0
IND380054AAA,AMD_Memnagar (Gujarat),0.0,1,1,2.235294117647059,2.470588235294118,0.0,2.235294117647059,0.0
IND506164AAA,Parkal_AmbedDPP_D (Telangana),0.0,1,0,1.9392091648189211,0.0,0.0,1.9392091648189211,0.0
IND500055AAC,Hyderabad_North_D_2 (Telangana),0.0,0,1,0.0,2.090909090909091,0.0,0.0,0.0
IND302004AAA,Jaipur_NgrNigam_DC (Rajasthan),0.0,1,1,2.2481617647058822,2.758928571428571,0.0,2.2481617647058822,0.0
IND221401AAA,Bhadohi_Rajpura_D (Uttar Pradesh),0.0,0,1,0.0,1.9392091648189211,0.0,0.0,0.0
IND480106AAA,Sausar_Central_DPP_1 (Madhya Pradesh),0.0,1,0,1.4444444444444444,0.0,0.0,1.4444444444444444,0.0
IND671315AAA,Kanhangad_Arangadi_D (Kerala),0.0,0,1,0.0,1.9392091648189211,0.0,0.0,0.0
IND400015AAB,Mumbai_CotnGren_M (Maharashtra),0.0,1,2,2.270665322580645,7.924442190669371,1.0,2.270665322580645,0.0
IND733210AAA,Lodhan_GoalpDPP_D (West Bengal),0.0,1,0,1.9392091648189211,0.0,0.0,1.9392091648189211,0.0
IND226004AAC,Lucknow_Pandriba_L (Uttar Pradesh),0.0,1,0,1.9392091648189211,0.0,0.0,1.9392091648189211,0.0
IND282001AAA,Agra_Idgah_P (Uttar Pradesh),0.0,2,1,3.8784183296378423,1.6882681564245812,1.0,1.9392091648189211,0.0
IND493445AAB,Mahasamund_RajpurRD_D (Chhattisgarh),0.0,1,0,1.7099236641221374,0.0,0.0,1.7099236641221374,0.0
IND508213AAB,Suryapet_Krishna_D (Telangana),0.0,1,1,1.818181818181818,1.8441295546558707,1.0,1.818181818181818,0.0
IND757025AAA,Betnoti_MhliaDPP_D (Orissa),0.0,1,1,1.9392091648189211,1.9392091648189211,1.0,1.9392091648189211,0.0
IND333042AAA,Nawalgarh_NavldiDPP_D (Rajasthan),0.0,1,1,1.3658536585365857,1.608187134502924,1.0,1.3658536585365857,0.0
IND176201AAA,Jassur_AadiDPP_D (Himachal Pradesh),0.0,1,1,1.6577380952380951,1.6027397260273972,1.0,1.6577380952380951,0.0
IND110095AAB,Delhi_Jhilmil_L (Delhi),0.0,1,1,1.9802631578947367,2.1538461538461537,0.0,1.9802631578947367,0.0
IND275101AAA,Mau_BaliaMod_D (Uttar Pradesh),0.0,1,1,1.9392091648189211,1.9392091648189211,1.0,1.9392091648189211,0.0
IND302026AAA,Jaipur_Bhankrot_DC (Rajasthan),0.0,1,1,3.8333333333333335,2.1538461538461537,0.0,3.8333333333333335,0.0
IND600016AAB,Chennai_Alandur_C (Tamil Nadu),0.0,0,1,0.0,2.0298573975044563,0.0,0.0,0.0
IND208006AAA,Kanpur_GovndNgr_DC (Uttar Pradesh),0.0,1,0,1.44,0.0,0.0,1.44,0.0
IND441614AAA,Gondia_RamNgr_D (Maharashtra),0.0,0,1,0.0,2.2962962962962963,0.0,0.0,0.0
IND722101AAB,Bankura_NapitDPP_D (West Bengal),0.0,1,0,2.1538461538461537,0.0,0.0,2.1538461538461537,0.0
IND473551AAA,Shivpuri_BypassRD_D (Madhya Pradesh),0.0,1,0,1.9392091648189211,0.0,0.0,1.9392091648189211,0.0
IND000000AFG,Tirur_PmthuKlm_D (Kerala),0.0,0,1,0.0,1.9392091648189211,0.0,0.0,0.0
IND391110AAD,Dabhoi_Central_DPP_3 (Gujarat),0.0,1,1,2.1538461538461537,2.1538461538461537,1.0,2.1538461538461537,0.0
IND639001AAA,Karur (Tamil Nadu),0.0,0,1,0.0,1.709090909090909,0.0,0.0,0.0
IND423106AAA,Manmad_Malegaon_D (Maharashtra),0.0,2,1,3.8784183296378423,1.5276497695852536,1.0,1.9392091648189211,0.0
IND421302AAS,Mumbai_East_L_23 (Maharashtra),0.0,1,0,2.1538461538461537,0.0,0.0,2.1538461538461537,0.0
IND247667AAB,Roorkee_IOTCEncl_L (Uttarakhand),0.0,1,0,1.879078014184397,0.0,0.0,1.879078014184397,0.0
IND421302AAH,Bhiwandi_Mankoli_GW (Maharashtra),0.0,2,0,6.24302738336714,0.0,0.0,3.12151369168357,0.0
IND721501AAC,AmaDubi_Bulabeda_D (West Bengal),0.0,0,1,0.0,1.8586956521739133,0.0,0.0,0.0
IND560064AAA,Bengaluru_NwYlhnka_DC (Karnataka),0.0,1,0,1.6111111111111112,0.0,0.0,1.6111111111111112,0.0
IND332404AAA,Reengus_Shop2DPP_D (Rajasthan),0.0,1,1,1.5416666666666667,1.4054054054054057,1.0,1.5416666666666667,0.0
IND400037AAA,Mumbai Antop Hill (Maharashtra),0.0,1,1,2.1538461538461537,3.333333333333333,0.0,2.1538461538461537,0.0
IND410209AAA,Mumbai_Khandeshwar_Dc (Maharashtra),0.0,1,0,2.2583333333333333,0.0,0.0,2.2583333333333333,0.0
IND441206AAB,Brahmapuri_DhnliRth_D (Maharashtra),0.0,0,1,0.0,2.7333333333333334,0.0,0.0,0.0
IND600056AAD,Chennai_Poonamallee_L (Tamil Nadu),0.0,1,0,2.1538461538461537,0.0,0.0,2.1538461538461537,0.0
IND403401AAA,Goa_Ponda_Dc (Goa),0.0,1,1,2.083333333333333,2.1538461538461537,0.0,2.083333333333333,0.0
IND673305AAA,Koyilandy_Pshrikvu_D (Kerala),0.0,1,1,2.1538461538461537,1.266798418972332,1.0,2.1538461538461537,0.0
IND124103AAA,Jhajjar_DC (Haryana),0.0,1,1,1.8043478260869565,1.9230769230769234,1.0,1.8043478260869565,0.0
IND380006AAA,Ahmedabad_Paldi_D (Gujarat),0.0,0,1,0.0,2.6,0.0,0.0,0.0
IND203396AAB,Pahasu_Kanongyn_D (Uttar Pradesh),0.0,1,1,1.5517241379310345,1.358974358974359,1.0,1.5517241379310345,0.0
IND602001AAB,Kumbakonam_Mettu_DC (Tamil Nadu),0.0,0,1,0.0,2.2962962962962963,0.0,0.0,0.0
IND845412AAB,Chakia_Wardno10_D (Bihar),0.0,1,1,2.342857142857143,1.851851851851852,1.0,2.342857142857143,0.0
IND306001AAA,MarwarJn_SndbrDPP_D (Rajasthan),0.0,1,0,1.9392091648189211,0.0,0.0,1.9392091648189211,0.0
IND132039AAA,Assandh_MhrjaDPP_D (Haryana),0.0,1,0,1.926470588235294,0.0,0.0,1.926470588235294,0.0
IND321401AAB,Bayana_LalBagh_D (Rajasthan),0.0,2,0,3.198695088931528,0.0,1.0,1.599347544465764,0.0
IND793150AAA,Jowai_Ldthlabh_D (Meghalaya),0.0,1,1,1.9392091648189211,1.9392091648189211,1.0,1.9392091648189211,0.0
IND731204AAB,Bolpur_WebelDPP_D (West Bengal),0.0,1,1,2.8,2.4285714285714284,1.0,2.8,0.0
IND000000ACK,Hyderabad_Chikdply_C (Telangana),0.0,0,1,0.0,3.0811688311688314,0.0,0.0,0.0
IND843109AAB,Kanti_Central_DPP_2 (Bihar),0.0,2,2,5.753846153846154,3.223110223110223,1.0,2.876923076923077,0.0
IND244901AAC,Rampur_ThanaDPP_D (Uttar Pradesh),0.0,1,0,1.9392091648189211,0.0,0.0,1.9392091648189211,0.0
IND791109AAA,Nirjuli_BageDPP_D (Arunachal Pradesh),0.0,0,1,0.0,1.9392091648189211,0.0,0.0,0.0
IND421301AAA,Mumbai_Kalyan West _Dc (Maharashtra),0.0,1,1,4.331818181818182,3.8,0.0,4.331818181818182,0.0
IND431203AAA,Jalna_BhgyaNgr_D (Maharashtra),0.0,1,2,2.4727272727272727,4.07051282051282,1.0,2.4727272727272727,0.0
IND414203AAB,Ashti_SavtaHTL_D (Maharashtra),0.0,1,1,1.9392091648189211,1.9392091648189211,1.0,1.9392091648189211,0.0
IND754211AAA,Kendrpara_Kapleswr_D (Orissa),0.0,1,0,1.9392091648189211,0.0,0.0,1.9392091648189211,0.0
IND306116AAA,Falna_SbhRDDPP_D (Rajasthan),0.0,0,1,0.0,1.9392091648189211,0.0,0.0,0.0
IND524003AAA,Nellore_DC (Andhra Pradesh),0.0,1,1,1.61,1.6933701657458564,1.0,1.61,0.0
IND722202AAA,Barjora_Central_DPP_1 (West Bengal),0.0,1,2,2.1538461538461537,4.3076923076923075,1.0,2.1538461538461537,0.0
IND531162AAA,Vishakhapatnam (Andhra Pradesh),0.0,1,0,1.75,0.0,0.0,1.75,0.0
IND303108AAB,Kotputli_LXngrDPP_D (Rajasthan),0.0,0,1,0.0,1.5408602150537636,0.0,0.0,0.0
IND600008AAA,Chennai_Egmore_C (Tamil Nadu),0.0,0,1,0.0,2.216216216216216,0.0,0.0,0.0
IND363641AAA,Morbi_DC (Gujarat),0.0,0,2,0.0,4.3076923076923075,1.0,0.0,0.0
IND636005AAC,Salem_Kadtmpty_D (Tamil Nadu),0.0,0,0,0.0,0.0,0.0,0.0,0.0
IND722143AAB,Mejia_Central_D_1 (West Bengal),0.0,1,1,3.7800000000000002,1.411764705882353,1.0,3.7800000000000002,0.0
IND796321AAB,Champhai_AwmpiVng_D (Mizoram),0.0,1,1,1.9392091648189211,1.9392091648189211,0.0,1.9392091648189211,0.0
IND768028AAA,Bargarh_JJCpxDPP_D (Orissa),0.0,1,0,1.9392091648189211,0.0,0.0,1.9392091648189211,0.0
IND243001AAA,Bareilly_Central_D_2 (Uttar Pradesh),0.0,0,2,0.0,4.323824549434306,1.0,0.0,0.0
IND629179AAA,Marthandam_Nallur_D (Tamil Nadu),0.0,0,1,0.0,2.0416666666666665,0.0,0.0,0.0
IND614602AAA,Pattukotai_anthniyr_D (Tamil Nadu),0.0,0,1,0.0,1.5,0.0,0.0,0.0
IND501359AAG,Hyderabad_South_R_11 (Telangana),0.0,0,1,0.0,2.822368421052632,0.0,0.0,0.0
IND110020AAB,OK_RPC (Delhi),0.0,1,1,3.880740740740741,2.1538461538461537,0.0,3.880740740740741,0.0
IND201301AAD,NOI_RPC (Delhi),0.0,1,1,2.1538461538461537,2.1538461538461537,0.0,2.1538461538461537,0.0
IND733201AAA,Dalkhola_DltprDPP_D (West Bengal),0.0,0,1,0.0,1.9392091648189211,0.0,0.0,0.0
IND530026AAA,Vizag_Gajuwaka (Andhra Pradesh),0.0,0,1,0.0,2.1538461538461537,0.0,0.0,0.0
IND413531AAA,Latur_Srnwsngr_D (Maharashtra),0.0,1,1,2.1538461538461537,2.1538461538461537,1.0,2.1538461538461537,0.0
IND110052AAA,Delhi_Wazirpur_L (Delhi),0.0,1,1,2.1538461538461537,1.6617866004962778,0.0,2.1538461538461537,0.0
IND484551AAA,PaliBirsighpr_CtyLgDPP_D (Madhya Pradesh),0.0,1,1,1.9392091648189211,1.9392091648189211,1.0,1.9392091648189211,0.0
IND673573AAA,Thamarassery_Chungam_D (Kerala),0.0,0,1,0.0,1.6019301956636702,0.0,0.0,0.0
IND508277AAB,Mothkur_Mainroad_D (Telangana),0.0,1,1,1.068181818181818,1.3846153846153846,1.0,1.068181818181818,0.0
IND603203AAA,Chennai_Potheri (Tamil Nadu),0.0,1,2,2.1538461538461537,6.353846153846154,1.0,2.1538461538461537,0.0
IND384355AAB,Vadnagar_BsstdDPP_D (Gujarat),0.0,1,2,1.5882352941176472,3.4557671830718544,1.0,1.5882352941176472,0.0
IND242307AAB,Tilhar_SingCLNY_D (Uttar Pradesh),0.0,0,2,0.0,3.4026237989652626,1.0,0.0,0.0
IND812002AAA,Bhagalpur_Pbroad_DC (Bihar),0.0,1,1,2.15,4.478260869565217,1.0,2.15,0.0
IND148028AAA,Sunam_DC (Punjab),0.0,0,2,0.0,3.788265768592506,0.0,0.0,0.0
IND231205AAA,Chopan_PreetDPP_D (Uttar Pradesh),0.0,1,1,1.9392091648189211,1.9392091648189211,1.0,1.9392091648189211,0.0
